Label,optsne_1,optsne_2
1,30.608,-19.762
2,80.903,-0.73042
3,-2.6518,-35.555
4,-20.699,-88.668
5,-9.0701,-35.741
6,-14.099,-55.019
7,-75.604,-73.233
8,68.133,-15.814
9,-72.948,63.15
10,-46.707,-18.275
11,-5.648,3.2497
12,74.733,1.159
13,-15.438,-63.474
14,81.016,-34.604
15,40.54,-70.782
16,12.297,-66.101
17,-50.813,-88.317
18,12.506,-14.124
19,-78.124,-70.497
20,-97.192,54.665
21,-51.707,-55.564
22,-40.872,-4.9984
23,-46.336,88.082
24,-52.892,-1.3805
25,-18.463,-35.598
26,-61.466,17.955
27,57.007,-40.332
28,43.918,-59.873
29,-42.261,65.531
30,57.711,-29.569
31,-19.99,38.276
32,35.174,93.579
33,-59.289,65.624
34,-35.375,19.629
35,-93.897,-32.812
36,-38.81,27.396
37,28.099,75.629
38,7.9234,22.989
39,-45.247,83.511
40,-32.104,10.145
41,46.98,41.428
42,-32.94,68.458
43,-13.141,-79.004
44,-3.7048,-88.187
45,45.962,88.193
46,-69.009,-32.688
47,53.267,31.885
48,35.1,-36.031
49,68.322,-23.626
50,47.586,-80.362
51,-76.766,-64.665
52,-34.425,-7.8276
53,-0.547,49.808
54,8.9495,38.446
55,12.81,-19.034
56,11.607,-25.488
57,9.0772,-16.913
58,32.402,-60.784
59,74.926,-43.884
60,-67.634,11.374
61,-66.515,0.32914
62,6.0769,-7.5502
63,-14.517,32.193
64,-20.85,-17.485
65,-67.828,-57.052
66,-10.009,-71.368
67,4.091,-0.17841
68,57.125,-53.778
69,84.749,-36.832
70,20.078,-68.353
71,-69.258,-61.338
72,-22.602,-70.174
73,65.636,-29.823
74,3.9425,32.471
75,17.788,-5.6698
76,86.115,-13.935
77,33.772,-29.302
78,-51.898,4.0674
79,-99.96,-30.337
80,8.1633,-3.1258
81,50.959,26.811
82,-65.862,-1.1188
83,12.402,70.045
84,-46.276,-66.057
85,2.7488,-40.868
86,48.34,-47.887
87,50.307,3.9344
88,63.529,53.858
89,-69.052,-54.95
90,41.835,86.472
91,32.917,-43.727
92,53.092,-14.135
93,59.016,72.796
94,-57.181,-87.415
95,-87.086,-41.754
96,5.8736,-62.68
97,36.857,-93.058
98,40.733,-3.3741
99,8.6635,30.079
100,29.685,31.131
101,89.421,-30.674
102,-58.867,-41.692
103,20.23,22.436
104,6.4349,-25.894
105,36.209,14.704
106,37.659,-30.098
107,-33.368,57.405
108,10.524,84.971
109,9.1364,-23.777
110,15.961,80.093
111,17.601,-11.628
112,-12.551,1.128
113,-70.321,-10.654
114,42.904,-57.882
115,34.902,-34.008
116,3.9722,-85.142
117,-103.53,-9.527
118,-53.014,-39.025
119,33.783,-20.613
120,39.737,15.076
121,95.045,-15.927
122,-31.175,-72.394
123,36.585,-23.368
124,-11.725,-30.487
125,3.4058,-26.511
126,-25.285,94.778
127,33.846,-42.603
128,-7.3577,-75.937
129,31.131,4.3905
130,-57.665,-89.706
131,-47.771,-13.287
132,9.5201,-20.585
133,49.95,-29.882
134,29.679,87.826
135,21.144,-11.689
136,-64.628,-43.343
137,24.2,-16.916
138,38.553,52.554
139,74.486,-8.1738
140,-6.3475,-4.1252
141,2.3623,-67.044
142,-12.49,69.242
143,35.082,-34.165
144,68.663,-23.464
145,26.466,49.137
146,11.737,31.125
147,-19.635,78.901
148,14.112,-20.42
149,86.679,-37.735
150,13.786,-21.623
151,-29.146,-77.445
152,-51.923,-83.671
153,-71.036,-78.001
154,-96.384,-15.765
155,-2.6608,-89.727
156,6.6178,44.021
157,-32.599,72.779
158,-97.565,-15.017
159,-38.083,-4.5786
160,-60.953,-34.301
161,3.8674,-85.473
162,-33.257,-2.9503
163,-30.927,-70.607
164,73.768,-5.6808
165,77.244,-56.452
166,47.519,-44.231
167,-24.413,-40.791
168,-13.682,97.418
169,33.092,-63.09
170,0.98489,-44.102
171,38.008,-61.428
172,-7.2065,-67.815
173,-50.173,-28.374
174,17.677,-8.6209
175,17.982,77.379
176,70.32,-13.651
177,12.398,54.13
178,35.885,-84.124
179,54.163,-81.334
180,0.31796,41.068
181,9.8847,-19.532
182,38.453,-50.694
183,-56.961,-87.579
184,48.432,19.78
185,24.522,-41.673
186,46.772,-41.252
187,25.228,-61.206
188,51.55,-59.221
189,-55.306,13.714
190,-37.605,-57.872
191,65.096,-21.043
192,45.683,56.561
193,-14.595,-42.644
194,51.865,13.197
195,-82.831,26.8
196,-4.3335,17.433
197,78.059,48.318
198,-74.353,11.368
199,-19.124,-23.191
200,-77.576,-59.385
201,-33.248,-19.468
202,-22.512,94.436
203,48.451,-31.096
204,-2.9565,28.735
205,-38.52,-42.362
206,34.182,63.337
207,-29.17,-21.014
208,41.26,20.789
209,-35.257,20.501
210,-64.991,-3.9645
211,-56.518,-85.737
212,-84.118,-27.655
213,-100.73,-30.472
214,-29.583,54.982
215,44.75,56.789
216,39.485,-50.603
217,38.454,-30.212
218,-69.051,-55.923
219,5.0994,-32.429
220,13.612,52.544
221,70.241,-39.57
222,-73.396,15.193
223,76.787,53.072
224,37.21,26.982
225,-61.783,23.746
226,55.868,-39.513
227,-6.2792,-79.24
228,15.389,-5.1038
229,-21.198,-24.938
230,10.066,74.072
231,-74.965,14.216
232,38.079,-31.722
233,-5.3604,-15.325
234,1.9997,12.701
235,0.33061,28.016
236,-52.39,-45.467
237,37.631,16.444
238,38.258,-21.685
239,3.0058,13.966
240,-5.7535,-22.584
241,14.046,45.348
242,-9.9031,-45.738
243,25.362,-50.611
244,9.2547,67.406
245,50.373,-26.64
246,24.878,-42.169
247,39.3,5.1556
248,18.803,-25.466
249,89.217,-14.376
250,-33.478,-28.712
251,50.64,57.968
252,-26.364,94.284
253,63.733,40.752
254,-61.871,25.352
255,59.518,-24.093
256,69.519,-38.893
257,-96.542,-15.685
258,-11.773,-90.748
259,82.543,26.799
260,9.9329,1.7277
261,-71.204,6.8713
262,84.005,-30.401
263,42.553,13.21
264,46.911,-23.707
265,53.158,-9.7686
266,49.807,70.295
267,-4.1514,46.715
268,-97.311,54.676
269,3.6755,37.568
270,45.897,42.147
271,47.978,104.55
272,1.484,-64.659
273,35.827,14.856
274,58.576,-75.68
275,-76.775,56.415
276,-25.964,11.548
277,2.4015,-36.269
278,71.728,-14.115
279,-16.275,-22.725
280,-100.8,-30.487
281,64.426,-27.34
282,-35.431,77.633
283,-96.46,-15.572
284,-4.5357,-15.862
285,-25.162,-31.873
286,-18.881,-40.206
287,-64.922,-35.018
288,-58.916,-24.363
289,-40.883,-15.165
290,-35.263,-8.32
291,-35.07,67.316
292,5.8222,60.579
293,34.501,15.375
294,86.274,11.906
295,-72.606,13.175
296,-40.138,76.719
297,7.8993,-56.787
298,20.364,6.6294
299,20.827,-7.2579
300,-22.954,-7.1606
301,-74.129,13.674
302,-10.36,-88.629
303,-103.32,-1.965
304,32.391,-57.878
305,20.126,22.678
306,-61.805,25.336
307,91.189,-30.846
308,-18.033,-47.56
309,59.782,-63.912
310,-71.806,-55.475
311,-5.5879,62.046
312,65.305,-21.252
313,46.016,46.276
314,-22.291,-72.436
315,-10.115,100.75
316,-59.58,1.6113
317,90.491,-15.971
318,80.16,-42.935
319,60.041,-52.909
320,30.195,56.47
321,57.86,-26.767
322,1.4962,26.745
323,39.281,84.989
324,-12.514,16.217
325,-64.855,-3.0773
326,-71.972,7.8431
327,-46.509,-89.394
328,1.5704,-7.8868
329,56.425,-63.592
330,18.639,57.451
331,40.08,-11.706
332,-32.66,30.883
333,-9.3823,64.927
334,21.828,-39.469
335,-70.117,5.3982
336,-23.968,-37.184
337,50.034,-22.786
338,42.769,-48.899
339,-6.1322,-22.586
340,-90.731,45.709
341,-60.756,-32.696
342,-32.622,-52.277
343,6.9322,5.4032
344,56.993,-19.705
345,-20.259,-23.547
346,-19.337,11.85
347,-10.397,101.22
348,-73.707,16.013
349,-71.927,7.8182
350,-44.728,39.642
351,-64.745,62.856
352,-37.457,-5.9877
353,-51.289,-21.008
354,-2.3777,30.492
355,74.609,-43.369
356,17.204,10.373
357,91.618,-42.199
358,43.804,-55.911
359,-55.408,49.939
360,-47.043,-41.659
361,-33.398,3.0106
362,2.7012,42.033
363,-20.351,-22.682
364,65.906,-12.065
365,64.026,-15.517
366,-67.488,-0.44636
367,-37.436,-37.062
368,-16.053,-28.373
369,46.101,-3.0915
370,46.792,-73.396
371,27.574,-20.976
372,3.6371,67.513
373,42.78,25.599
374,-48.69,-20.71
375,-20.419,-24.109
376,7.5631,63.186
377,-39.176,-52.305
378,-81.487,-28.313
379,-42.457,-3.0329
380,-41.565,-3.4274
381,-3.5962,0.014491
382,-4.5255,38.705
383,-38.913,38.923
384,-64.963,8.7715
385,-96.496,-15.654
386,-32.683,-28.062
387,84.836,-40.513
388,59.467,-53.22
389,71.465,-13.268
390,15.366,-7.518
391,17.716,45.31
392,38.267,-40.105
393,-20.897,-86.064
394,49.665,-51.573
395,51.139,74.172
396,67.619,-51.652
397,-36.831,-8.3892
398,75.783,51.509
399,22.662,19.489
400,-84.235,-25.757
401,44.518,18.891
402,75.731,-2.0642
403,4.6174,-30.019
404,-26.674,2.5428
405,-23.352,-91.095
406,85.783,-5.1727
407,-75.953,-1.8732
408,41.904,-38.943
409,2.4826,12.882
410,73.166,-45.785
411,36.869,8.258
412,-7.6317,55.78
413,-95.719,54.132
414,-30.641,-57.336
415,-12.381,-2.833
416,-60.165,36.252
417,-68.449,39.506
418,60.549,-68.562
419,35.901,13.966
420,55.445,-12.327
421,-41.385,-5.1745
422,-37.72,-8.473
423,-1.2606,-56.117
424,-14.002,101.26
425,5.0713,14.448
426,17.21,11.546
427,65.484,46.823
428,-25.495,-49.171
429,90.632,-11.176
430,-45.454,-38.982
431,-62.625,-0.63095
432,20.147,41.31
433,48.84,77.181
434,24.043,-63.647
435,80.36,-42.447
436,39.147,-22.517
437,16.913,12.051
438,44.819,1.3135
439,-51.938,26.925
440,31.79,20.039
441,6.8278,73.412
442,84.809,-3.4119
443,32.059,-29.021
444,39.679,-2.7981
445,-9.5739,-89.203
446,41.96,32.18
447,16.903,3.1283
448,-21.715,32.399
449,-40.939,-26.157
450,-58.01,-40.646
451,-47.262,-13.213
452,-54.208,0.61841
453,15.743,30.279
454,-76.25,7.4388
455,84.408,-35.674
456,-1.1335,-53.971
457,-17.143,-70.551
458,49.683,-32.389
459,65.003,-27.138
460,40.321,-16.943
461,35.975,-83.285
462,38.785,-29.386
463,-54.086,-1.1103
464,-99.59,20.178
465,-63.177,16.311
466,41.655,4.6116
467,32.501,-29.259
468,57.396,16.38
469,-30.426,-0.61836
470,-31.124,-1.1159
471,15.444,60.172
472,77.622,-39.324
473,50.704,-72.006
474,38.964,-56.648
475,2.2514,-29.034
476,30.314,17.012
477,-9.1187,28.599
478,47.824,-32.629
479,59.383,41.837
480,-34.167,-7.4922
481,6.7082,30.575
482,-0.56496,21.901
483,-79.704,-50.679
484,-54.127,-45.049
485,65.075,-18.676
486,25.811,40.818
487,12.571,-54.506
488,-44.405,-34.245
489,-42.354,-32.469
490,38.457,-64.997
491,-34.595,-2.1821
492,47.607,-32.84
493,58.296,-22.904
494,68.984,-38.441
495,38.427,-21.371
496,7.2699,6.8104
497,-72.463,9.4211
498,-35.988,-10.671
499,-66.066,24.286
500,-45.557,-1.2883
501,32.376,-24.35
502,-80.25,35.94
503,-25.973,-35.181
504,-70.376,57.02
505,-48.485,30.315
506,63.822,-65.146
507,32.541,-56.801
508,-11.339,-57.886
509,-24.074,-37.21
510,-28.123,-97.743
511,56.258,44.533
512,-7.4487,-93.329
513,34.753,-20.094
514,53.255,-50.529
515,72.479,88.304
516,39.003,5.9648
517,-2.802,-75.207
518,3.977,-13.264
519,7.591,-3.3443
520,-54.11,-0.53271
521,-26.728,-95.481
522,32.511,-29.332
523,30.087,-21.649
524,-2.7614,-47.26
525,74.525,-3.8858
526,-19.739,-22.769
527,34.609,11.747
528,53.67,-20.422
529,-61.038,-31.63
530,-79.72,-7.5688
531,-22.994,-109.84
532,78.264,-31.081
533,43.719,-35.677
534,80.561,-7.7055
535,91.092,-19.312
536,-82.276,-25.761
537,39.311,4.6299
538,-86.47,-3.4028
539,-66.501,15.25
540,-58.898,2.0068
541,13.765,19.169
542,48.613,-88.766
543,72.008,-17.25
544,14.533,12.329
545,-82.05,-28.498
546,95.008,15.11
547,1.3414,19.769
548,70.889,-38.111
549,89.428,-28.989
550,-1.7749,-45.987
551,82.791,-47.476
552,-70.14,-78.495
553,-78.593,-54.95
554,-42.013,-43.212
555,-0.23007,26.216
556,25.683,-44.272
557,39.772,12.101
558,31.494,-59.164
559,-27.028,-68.96
560,-58.023,-39.949
561,-79.234,-38.685
562,13.863,-14.446
563,33.641,-34.385
564,30.242,-21.666
565,54.699,-54.188
566,6.4277,30.84
567,-57.688,-60.735
568,0.56281,35.754
569,89.336,-13.781
570,-16.945,82.574
571,29.962,7.6534
572,-84.254,-17.374
573,-78.204,-54.124
574,4.6758,-57.41
575,4.6739,-63.185
576,-97.904,-3.5623
577,-82.53,-26.075
578,-64.781,76.845
579,45.391,70.618
580,-43.14,-25.02
581,-25.767,79.382
582,43.742,-43.497
583,50.338,-50.732
584,-71.836,8.2672
585,-34.457,13.182
586,15.812,59.672
587,68.237,-16.751
588,-32.066,-76.756
589,42.565,-29.144
590,83.008,-22.571
591,-15.389,-27.32
592,-25.759,-20.168
593,-36.696,-33.445
594,-98.596,-3.3587
595,30.02,42.41
596,23.581,31.507
597,-1.9845,22.958
598,-73.258,-24.207
599,-75.696,9.8382
600,-61.037,-66.582
601,7.4269,6.2784
602,-38.539,80.591
603,-40.288,-19.003
604,66.959,88.294
605,45.284,62.252
606,44.822,-43.951
607,36.46,-65.888
608,72.138,-36.929
609,84.969,7.7996
610,74.326,-43.163
611,31.258,-20.617
612,-35.851,-13.085
613,71.726,85.591
614,-54.643,-38.997
615,13.727,-19.119
616,27.006,37.136
617,-93.217,52.402
618,-1.5594,-60.029
619,28.234,-15.214
620,77.012,-75.536
621,-50.375,55.591
622,35.512,-27.392
623,-18.746,-38.021
624,89.199,-21.26
625,72.007,-16.828
626,36.414,-10.693
627,-34.615,6.265
628,2.274,20.587
629,-2.0875,-45.443
630,16.607,9.9015
631,3.2659,23.522
632,-23.605,-91.725
633,-59.631,-0.6197
634,-27.726,-3.379
635,83.182,29.667
636,-34.242,-8.5006
637,60.195,-53.709
638,-11.552,-35.963
639,77.854,-38.696
640,38.289,39.213
641,-88.288,-23.227
642,52.389,-31.967
643,-40.848,2.4579
644,-18.165,-34.269
645,-19.873,-86.38
646,3.5846,-65.666
647,41.633,-63.67
648,34.669,19.612
649,-68.846,-32.857
650,16.076,8.1295
651,-78.377,4.5217
652,-61.12,-34.382
653,4.4897,-4.5875
654,-98.161,-3.6971
655,28.376,48.698
656,-21.235,-40.823
657,-24.411,-32.353
658,-60,-1.2479
659,-22.222,-42.427
660,-12.321,-38.605
661,-77.211,-51.387
662,-66.385,-76.86
663,46.777,-77.994
664,12.37,14.219
665,45.435,-33.328
666,55.165,-54.104
667,-28.258,-48.04
668,-42.57,5.5601
669,-53.109,-84.315
670,-31.107,-5.2539
671,-17.019,-3.3822
672,-11.66,64.45
673,9.3046,-47.643
674,26.667,0.72016
675,41.212,20.464
676,-68.184,13.069
677,-12.072,-41.678
678,-40.219,-10.29
679,41.38,61.547
680,4.4778,34.404
681,49.72,-33.871
682,-13.964,62.947
683,80.265,-42.781
684,96.53,-56.576
685,-72.742,10.05
686,63.597,-19.836
687,91.117,-27.594
688,60.655,-29.217
689,-59.531,-39.649
690,26.349,2.013
691,27.486,-42.288
692,32.57,-16.596
693,-1.2795,71.528
694,-93.726,-48.087
695,-42.795,-14.21
696,15.554,45.656
697,41.172,-68.448
698,75.756,-43.858
699,-64.297,-39.09
700,-13.389,-64.256
701,42.625,-58.14
702,78.167,-2.0107
703,0.70522,28.767
704,-41.766,91.912
705,-63.524,-1.6074
706,-54.823,-39.081
707,11.2,-5.6531
708,-53.864,-34.96
709,-3.1019,-44.994
710,-26.57,-97.94
711,-57.816,-64.903
712,89.046,-11.847
713,32.613,-26.254
714,-30.253,78.627
715,61.153,-28.069
716,-69.849,-3.9162
717,42.664,19.307
718,-74.255,-33.127
719,-57.859,-40.431
720,55.256,-22.175
721,-17.133,26.96
722,-23.499,-69.127
723,-25.212,-95.214
724,22,-64.861
725,73.361,-43.322
726,-2.4598,-29.386
727,88.907,-11.163
728,48.147,-26.49
729,-97.177,-13.794
730,-39.391,25.033
731,5.3031,84.802
732,18.441,-20.853
733,-29.311,-76.069
734,43.747,61.221
735,-62.291,-85.721
736,-77.532,5.4443
737,81.48,-24.532
738,-8.6305,-37.225
739,76.463,-48.094
740,-57.067,30.886
741,14.314,-6.1282
742,26.121,-17.907
743,2.6242,-40.873
744,78.926,-43.181
745,-68.481,-31.077
746,-42.345,-11.7
747,25.265,28.775
748,-41.555,11.163
749,74.313,46.798
750,-81.59,21.913
751,-24.057,-37.264
752,-7.3475,-24.603
753,-71.147,-77.823
754,-14.561,-38.86
755,-35.653,9.8208
756,-39.562,-12.27
757,-52.635,-39.876
758,-17.722,-42.127
759,-33.476,69.601
760,9.6703,5.7171
761,20.528,13.587
762,-10.829,-76.072
763,4.4038,27.992
764,65.359,-26.782
765,79.836,-15.175
766,-6.6166,-40.972
767,-41.265,-25.09
768,-89.476,-51.08
769,-9.2816,84.067
770,8.0273,32.953
771,35.031,-33.852
772,80.422,-7.9653
773,-8.798,-36.906
774,-29.317,2.4699
775,-38.778,-8.9123
776,55.527,79.318
777,4.8287,-63.053
778,2.113,-7.2445
779,24.895,19.145
780,-84.003,-5.6821
781,77.281,-30.859
782,-106.24,0.44332
783,-42.133,-33.611
784,44.646,-30.415
785,-6.6836,-87.61
786,51.879,51.568
787,-63.747,27.578
788,-83.677,-13.851
789,-24.803,-99.833
790,-3.1042,35.718
791,44.234,62.52
792,-9.0361,5.1274
793,-30.288,-4.1455
794,-38.679,-12.177
795,-42.337,-7.1711
796,28.561,-11.488
797,15.342,50.001
798,-12.744,-39.778
799,43.004,-38.599
800,-1.9729,-29.236
801,64.717,-25.879
802,47.78,-25.911
803,-79.35,38.535
804,-29.666,-19.02
805,-65.083,-82.977
806,-50.062,-48.684
807,-9.5956,8.0381
808,-13.67,-34.112
809,-22.441,69.715
810,-74.234,-61.663
811,-30.375,-8.1314
812,-48.877,-19.532
813,-17.791,-71.667
814,-72.236,3.1002
815,-1.9207,40.725
816,-38.168,-11.376
817,-63.071,-62.886
818,10.972,1.1703
819,71.334,-13.033
820,54.464,-88.664
821,3.4033,15.238
822,-25.324,-97.436
823,-16.377,-35.15
824,87.065,-31.142
825,49.826,-84.301
826,2.9071,-57.862
827,34.129,-63.566
828,33.686,15.323
829,-50.338,-16.826
830,-55.842,-26.067
831,42.723,-47.536
832,-15.033,-33.455
833,-75.558,-66.703
834,-85.381,-16.482
835,5.8396,42.602
836,11.903,-16.754
837,25.846,-60.031
838,-0.5401,-52.119
839,26.07,-15.758
840,77.67,-4.4472
841,83.115,-22.4
842,31.745,-19.18
843,8.2238,27.021
844,-79.777,-49.733
845,49.705,-25.739
846,-36.751,67.919
847,21.444,-89.997
848,81.964,-22.649
849,-96.396,52.322
850,33.035,-17.365
851,-17.409,-47.355
852,0.012501,-80.366
853,26.151,-81.371
854,-83.586,-28.035
855,-34.127,-42.766
856,-0.55371,98.973
857,-94.428,53.269
858,53.427,-80.799
859,4.3608,32.765
860,82.793,-45.06
861,0.89211,-7.4117
862,44.905,34.573
863,-4.6502,26.131
864,-40.582,-12.921
865,-38.818,-6.7491
866,50.372,-31.542
867,89.679,7.7034
868,-40.08,-15.11
869,61.276,53.46
870,-0.052251,-78.109
871,43.451,-55.962
872,76.084,-51.59
873,-68.901,-55.909
874,-30.712,-57.751
875,41.269,-49.472
876,-35.529,10.034
877,31.162,-69.127
878,44.362,74.966
879,-97.781,2.567
880,4.7245,77.43
881,-8.0325,-67.229
882,51.114,-48.152
883,-75.718,17.259
884,77.196,-30.642
885,33.193,14.802
886,67.138,38.324
887,-58.17,1.1805
888,-18.959,17.73
889,-15.915,-4.6639
890,30.469,-57.501
891,14.187,74.816
892,3.5059,-41.272
893,22.802,-64.406
894,-21.389,-86.889
895,30.733,43.462
896,-41.308,-6.6522
897,2.1637,33.417
898,48.568,-10.904
899,53.769,10.167
900,63.735,-20.08
901,32.667,-89.75
902,-18.06,-29.113
903,-54.903,3.1079
904,55.9,50.771
905,45.662,-22.921
906,-75.504,-64.052
907,-8.3021,27.1
908,-4.5105,28.546
909,-0.42792,-45.201
910,-17.568,-42.255
911,21.891,-65.264
912,51.613,14.164
913,-42.902,-70.872
914,17.645,-20.343
915,-76.327,55.067
916,-55.275,-28.417
917,25.567,-50.402
918,38.039,-21.641
919,80.977,-24.844
920,30.691,-71.941
921,75.318,-43.218
922,19.335,7.6447
923,-104.74,-12.548
924,65.274,89.996
925,-33.975,30.462
926,-88.569,-22.69
927,-66.408,75.591
928,19.129,2.3839
929,81.748,-16.543
930,32.888,-17.792
931,46.647,-1.6794
932,32.62,-16.75
933,15.601,6.7761
934,7.0255,25.539
935,-37.302,-73.215
936,15.919,14.494
937,21.506,11.614
938,-53.132,-28.655
939,-11.447,-9.3745
940,40.361,89.258
941,76.153,-39.769
942,33.068,13.257
943,-46.157,59.408
944,36.538,-21.512
945,40.927,-72.044
946,35.782,-32.932
947,24.585,4.6016
948,-1.6399,22.514
949,-67.095,-15.278
950,-40.929,-30.633
951,-5.0019,-35.17
952,88.496,-6.0904
953,26.567,-18.613
954,-89.059,20.408
955,15.982,-89.074
956,55.197,-59.335
957,58.02,-52.244
958,-0.89948,13.026
959,-16.626,-29.231
960,-73.521,35.106
961,34.181,48.351
962,-13.108,-89.652
963,79.674,-30.108
964,37.277,-30.678
965,-88.302,-23.221
966,-16.237,-22.711
967,41.115,-68.489
968,-4.8887,-45.423
969,58.551,-4.7958
970,-43.28,-8.2258
971,5.437,-9.8819
972,-5.7762,-30.388
973,12.069,49.043
974,12.981,94.984
975,-24.368,92.656
976,-68.006,-53.257
977,70.33,41.469
978,59.728,-26.413
979,11.673,-1.6116
980,14.542,78.256
981,34.699,90.941
982,-73.847,11.691
983,56.873,-67.692
984,19.372,-92.342
985,50.198,-24.503
986,57.284,46.407
987,11.651,10.186
988,5.4378,14.385
989,0.083889,61.882
990,3.1886,-76.408
991,33.689,-21.137
992,-103.58,-1.987
993,39.038,-31.169
994,34.406,-84.717
995,-12.116,55.499
996,-20.611,-22.12
997,37.563,58.361
998,11.568,72.961
999,60.333,-63.339
1000,-8.0891,-40.255
1001,-104.33,-6.1428
1002,3.8926,-56.494
1003,-75.08,17.286
1004,-39.584,74.181
1005,-90.24,45.398
1006,-24.104,53.277
1007,-35.032,-30.408
1008,40.623,-57.136
1009,-67.583,-68.248
1010,-1.3914,-50.266
1011,78.566,-47.938
1012,-35.724,63.628
1013,-35.673,-66.176
1014,68.996,-24.666
1015,77.044,-75.461
1016,-45.834,82.646
1017,27.141,-63.331
1018,83.441,-13.432
1019,-59.777,69.934
1020,53.26,-52.159
1021,-30.458,-8.0233
1022,25.279,30.05
1023,-26.03,36.978
1024,-58.824,-10.915
1025,-0.32565,19.644
1026,-29.997,96.117
1027,42.671,-4.6526
1028,42.286,-9.1828
1029,-93.532,23.302
1030,32.497,-65.05
1031,-42.419,2.043
1032,-52.612,65.236
1033,43.758,-55.967
1034,46.5,-0.58853
1035,85.887,-31.008
1036,1.3516,80.749
1037,-32.571,-11.196
1038,-13.841,13.945
1039,13.921,11.955
1040,47.734,-25.908
1041,54.903,-58.017
1042,33.1,-25.718
1043,-12.239,-3.3138
1044,-14.166,-93.902
1045,-10.661,-90.497
1046,1.6672,9.1206
1047,45.419,-79.376
1048,42.602,-77.055
1049,53.569,-57.578
1050,57.196,-67.741
1051,-67.751,-53.522
1052,-80.479,-34.834
1053,-64.304,-29.447
1054,-12.366,-76.831
1055,42.698,-75.849
1056,-45.37,-66.943
1057,35.506,-80.487
1058,24.621,97.62
1059,-30.706,-4.1624
1060,71.295,-54.508
1061,-24.286,-52.481
1062,-4.1783,25.606
1063,33.283,41.854
1064,-9.7535,-39.401
1065,-20.948,11.897
1066,16.162,-0.46253
1067,-6.2793,60.639
1068,32.783,-26.15
1069,-31.697,-80.003
1070,44.414,-59.866
1071,-25.549,-48.973
1072,-26.287,-90.702
1073,10.945,-17.64
1074,65.008,-10.34
1075,-9.799,-5.4183
1076,-24.321,51.953
1077,2.441,-85.923
1078,85.095,-41.39
1079,-63.407,-2.5995
1080,13.383,-81.194
1081,-47.063,-70.247
1082,11.561,-82.186
1083,-77.868,-70.927
1084,-71.327,62.233
1085,-16.189,-40.654
1086,-33.679,-46.041
1087,58.853,-25.546
1088,-3.9084,80.456
1089,-1.572,-57.529
1090,-26.577,-92.352
1091,80.468,-42.896
1092,55.027,-55.723
1093,-31.39,-51.271
1094,84.589,-14.203
1095,88.617,-11.106
1096,-71.765,7.7334
1097,-116.93,9.289
1098,-10.69,-80.086
1099,64.673,-21.578
1100,-72.234,7.6318
1101,-30.942,-5.1394
1102,18.84,-35.876
1103,17.665,-7.7994
1104,10.027,61.066
1105,47.3,-76.37
1106,39.053,-78.334
1107,32.129,-24.58
1108,5.1284,-67.154
1109,2.665,-41.314
1110,-40.161,-44.844
1111,-62.324,50.094
1112,-42.818,87.118
1113,-52.765,-32.989
1114,-6.7549,-83.35
1115,10.019,8.4563
1116,6.9194,-76.339
1117,6.8013,-55.346
1118,60.347,2.9368
1119,-41.449,77.934
1120,44.563,56.916
1121,14.723,54.365
1122,76.231,-57.574
1123,55.441,-61.726
1124,91.677,-24.847
1125,37.529,-62.343
1126,-30.068,-20.961
1127,44.523,-42.601
1128,-67.712,-68.132
1129,-13.369,-5.5382
1130,-19.823,63.841
1131,-41.958,65.273
1132,-10.911,-37.554
1133,25.109,-18.032
1134,-63.678,-84.097
1135,25.532,-71.585
1136,60.134,5.828
1137,-14.267,23.79
1138,-21.415,19.544
1139,-62.15,49.947
1140,21.48,75.397
1141,-6.8345,19.084
1142,82.512,-23.094
1143,-38.512,-22.836
1144,45.268,-56.009
1145,91.101,-12.771
1146,70.186,-13.173
1147,-1.2861,60.177
1148,20.987,-63.562
1149,6.4472,-8.3788
1150,-72.086,-53.766
1151,-68.258,-35.713
1152,35.421,24.181
1153,-22.891,-7.2321
1154,-30.97,-71.012
1155,-46.042,-59.131
1156,71.847,-14.231
1157,47.62,-31.855
1158,-2.0916,49.121
1159,19.327,32.687
1160,-26.604,35.121
1161,-21.439,17.683
1162,-66.737,-1.4222
1163,36.462,-20.456
1164,27.768,4.6478
1165,-14.521,101.66
1166,-10.879,3.1828
1167,-45.295,-41.68
1168,-8.5987,-35.439
1169,-99.803,2.8123
1170,-4.4141,-35.606
1171,85.883,-1.1562
1172,-88.935,-18.817
1173,-58.486,-1.182
1174,-44.69,-37.976
1175,-5.6061,62.31
1176,-103.16,-43.496
1177,33.888,63.388
1178,-53.153,-29.02
1179,-51.019,-87.618
1180,53.527,-84.022
1181,-72.34,-6.6273
1182,7.5371,5.309
1183,-69.372,-55.621
1184,61.839,-11.242
1185,12.867,-25.833
1186,10.125,45.328
1187,36.371,93.502
1188,-14.212,-81.109
1189,69.902,-40.857
1190,-2.37,-40.577
1191,-56.496,-87.361
1192,-60.696,-74.004
1193,64.333,-20.613
1194,1.4691,-44.534
1195,49.879,-72.01
1196,-60.052,29.766
1197,22.38,-39.621
1198,88.356,-43.237
1199,-24.403,-32.13
1200,89.372,-13.239
1201,-15.905,-40.327
1202,-20.999,-39.164
1203,-3.3833,-48.424
1204,41.751,32.604
1205,-95.741,-47.336
1206,48.694,-24.704
1207,72.339,-14.288
1208,-5.2311,-26.647
1209,24.865,-42.212
1210,-5.2957,-88.441
1211,-1.965,24.385
1212,-51.107,40.392
1213,-19.404,15.693
1214,54.357,-54.484
1215,18.912,-24.253
1216,-94.276,16.191
1217,71.141,-40.088
1218,-36.034,31.91
1219,-19.893,19.141
1220,44.98,88.875
1221,28.792,-68.879
1222,-17.202,66.511
1223,74.157,-43.35
1224,-61.673,-75.218
1225,51.044,-12.08
1226,30.469,-34.159
1227,-16.967,15.806
1228,-25.523,-8.7191
1229,-4.7582,18.307
1230,36.472,-33.721
1231,-1.0347,-45.439
1232,70.165,-43.441
1233,-72.054,-6.3736
1234,44.23,-75.295
1235,-56.368,-32.942
1236,-16.38,-27.073
1237,72.353,-49.312
1238,35.313,-33.482
1239,70.934,-38.258
1240,-40.843,-42.035
1241,68.127,-49.811
1242,-3.6113,54.806
1243,87.69,-21.329
1244,57.288,4.9102
1245,-13.063,-38.602
1246,40.741,-17.621
1247,34.251,63.319
1248,-18.535,-35.868
1249,35.059,-20.246
1250,-66.009,9.9136
1251,-19.358,3.6582
1252,-21.291,-85.983
1253,-8.4704,-85.018
1254,66.021,-12.498
1255,32.708,-26.032
1256,-85.277,-24.223
1257,-104.96,-10.721
1258,44.553,62.246
1259,-19.388,4.2939
1260,-21.731,-69.745
1261,80.671,-7.6325
1262,50.251,-79.649
1263,34.737,-19.601
1264,59.132,-76.039
1265,1.5547,39.794
1266,-34.581,0.012207
1267,-3.8646,-41.106
1268,-56.278,-1.7235
1269,-57.42,36.002
1270,-42.946,64.802
1271,-24.118,7.1027
1272,-13.008,-6.142
1273,-1.4637,12.388
1274,-63.823,-82.611
1275,36.414,-59.918
1276,70.37,-7.8549
1277,24.29,-16.708
1278,64.515,-17.366
1279,35.173,17.689
1280,-77.728,9.7441
1281,-80.023,-39.861
1282,39.174,-33.837
1283,68.76,67.996
1284,-15.51,-40.138
1285,-25.119,-20.838
1286,-27.276,-47.141
1287,42.144,-28.709
1288,-5.4726,-22.827
1289,-19.267,3.5471
1290,26.895,99.546
1291,-34.125,15.064
1292,-66.491,75.524
1293,-81.148,-26.752
1294,7.2565,4.9316
1295,-18.1,61.582
1296,-85.999,32.691
1297,-23.256,6.6454
1298,-90.182,-50.495
1299,1.1718,1.5004
1300,-7.1847,-90.859
1301,22.087,60.319
1302,4.0184,-26.138
1303,-64.907,8.4322
1304,31.937,-2.3758
1305,-29.463,-89.825
1306,-80.714,-35.52
1307,-63.823,78.349
1308,11.698,-58.975
1309,-80.218,-33.317
1310,-93.06,52.287
1311,-12.991,26.407
1312,35.874,40.281
1313,41.684,-49.921
1314,76.075,0.25194
1315,-44.505,-89.753
1316,-60.784,-65.947
1317,63.266,-2.6271
1318,-97.571,31.748
1319,-40.926,-38.581
1320,-23.795,-75.579
1321,3.0123,-49.035
1322,46.706,-14.71
1323,-12.267,-3.1777
1324,-29.542,95.702
1325,-8.1288,102.71
1326,42.042,-71.562
1327,-72.554,-7.6071
1328,75.636,12.779
1329,-4.2101,46.74
1330,-1.6505,99.008
1331,-70.311,-61.386
1332,68.341,-48.431
1333,-6.6611,-92.144
1334,18.436,77.508
1335,2.9668,-58.681
1336,23.941,-88.196
1337,50.762,-54.333
1338,-15.262,-27.283
1339,44.133,-33.972
1340,61.033,-53.497
1341,-90.523,16.548
1342,54.181,-39.608
1343,-4.6322,-43.542
1344,-67.18,-80.918
1345,-58.008,15.706
1346,2.4162,-53.949
1347,-9.153,57.677
1348,17.491,60.512
1349,89.115,-28.801
1350,-26.912,-92.493
1351,56.873,-58.786
1352,2.0581,-63.633
1353,7.2814,71.914
1354,-8.9749,-46.258
1355,33.052,91.268
1356,-12.894,-84.881
1357,0.98494,-77.639
1358,60.441,-64.026
1359,-19.967,76.342
1360,38.237,39.233
1361,53.051,-81.502
1362,-21.801,-14.84
1363,-27.081,-33.931
1364,-61.581,-74.134
1365,34.834,-76.331
1366,34.67,2.0557
1367,83.318,-25.941
1368,47.993,-85.764
1369,-41.686,44.279
1370,28.73,-66.729
1371,-0.55931,-48.049
1372,-13.035,-39.809
1373,68.872,-23.8
1374,44.297,-34.014
1375,-53.254,2.4189
1376,-37.53,21.205
1377,-14.291,-11.313
1378,45.244,-35.284
1379,88.081,-24.402
1380,48.173,-44.676
1381,36.131,-8.4465
1382,-103.16,-43.496
1383,74.451,-80.863
1384,23.736,-62.813
1385,5.7389,-57.65
1386,60.161,-62.863
1387,91.801,-19.65
1388,-15.93,-20.369
1389,88.924,-28.184
1390,33.941,-43.189
1391,-76.202,-56.823
1392,-32.182,-32.63
1393,-2.1188,-0.92745
1394,18.748,35.316
1395,55.618,73.005
1396,-12.609,1.31
1397,-35.9,-33.11
1398,42.859,-71.667
1399,-70.854,0.70886
1400,54.643,-59.664
1401,-89.107,12.705
1402,-53.124,-37.732
1403,-11.366,-3.9596
1404,-3.706,61.11
1405,-16.52,40.08
1406,-8.5525,83.286
1407,-22.596,-86.346
1408,70.673,-50.326
1409,68.046,-25.393
1410,85.997,-6.5155
1411,20.804,-63.515
1412,30.701,-42.903
1413,8.7339,60.509
1414,57.845,-86.771
1415,82.876,-30.861
1416,57.22,-84.397
1417,-67.528,-53.301
1418,-8.6083,-56.109
1419,-61.827,-28.965
1420,-90.818,-50.037
1421,-90.971,45.832
1422,-10.733,-1.4967
1423,-53.57,-40.519
1424,-28.84,-42.272
1425,63.8,-5.1498
1426,42.787,13.336
1427,-78.001,-53.928
1428,12.01,13.225
1429,76.614,-6.1381
1430,55.665,-41.678
1431,-45.622,27.446
1432,-44.783,56.251
1433,-78.248,-50.705
1434,54.292,-51.412
1435,-90.357,-3.5587
1436,-77.29,31.732
1437,-44.791,82.624
1438,-16.597,76.926
1439,51.984,-65.699
1440,28.796,-52.3
1441,50.404,-35.208
1442,64.727,-26.07
1443,-12.444,-8.1502
1444,43.946,-30.432
1445,-19.083,-42.302
1446,38.65,-31.503
1447,-14.195,-44.069
1448,42.568,-58.804
1449,-35.484,-41.788
1450,48.928,-53.916
1451,-11.068,-69.91
1452,-71.648,-55.085
1453,-40.198,-2.8512
1454,87.895,-39.172
1455,82.935,-5.8712
1456,-17.959,-44.1
1457,29.119,-20.534
1458,10.271,37.744
1459,-31.632,79.03
1460,-25.79,-87.507
1461,-84.595,-25.966
1462,-45.547,88.277
1463,23.649,65.632
1464,-69.63,-55.427
1465,-59.221,-60.523
1466,68.82,-11.648
1467,52.868,-15.046
1468,86.554,8.7207
1469,-59.234,-40.344
1470,48.854,50.545
1471,-84.196,-24.298
1472,72.981,-46.093
1473,-67.715,-69.401
1474,47.533,-46.282
1475,54.812,-65.869
1476,75.993,-2.3198
1477,-7.8906,14.124
1478,72.674,0.0095988
1479,-35.867,-56.878
1480,48.643,-77.164
1481,9.5369,5.1809
1482,88.334,-20.608
1483,-5.4891,-2.8734
1484,-63.226,-63.673
1485,-4.651,-44.139
1486,75.812,-58.417
1487,70.913,-17.057
1488,-88.442,-42.023
1489,46.708,51.947
1490,-6.8218,-5.337
1491,-80.96,-27.143
1492,35.92,93.016
1493,-4.2959,-41.048
1494,-3.7655,36.099
1495,52.378,-85.82
1496,-56.373,-1.7675
1497,-8.1186,-89.991
1498,-8.559,-89.735
1499,22.62,21.745
1500,-33.203,-39.811
1501,-44.019,73.526
1502,29.347,-45.413
1503,9.8213,14.922
1504,40.651,-55.684
1505,7.3878,-31.02
1506,-30.163,-18.035
1507,-86.193,-27.242
1508,-10.138,-0.93111
1509,0.12013,101.17
1510,-18.388,-69.83
1511,-4.5939,57.298
1512,-2.3603,1.7777
1513,68.483,-52.579
1514,-67.945,-16.508
1515,26.299,12
1516,-36.118,6.8288
1517,-84.64,-11.248
1518,38.372,4.5593
1519,34.42,-18.776
1520,-19.374,3.7027
1521,-47.629,-13.193
1522,-72.119,-53.635
1523,-16.206,-33.662
1524,77.999,-1.369
1525,-19.304,3.5806
1526,-1.6625,-3.0667
1527,-13.203,101.86
1528,49.786,81.215
1529,-64.242,-55.128
1530,-16.396,61.986
1531,48.453,-76.622
1532,54.337,-66.362
1533,-32.317,-43.229
1534,48.526,-71.756
1535,65.925,86.924
1536,-40.697,-3.0504
1537,55.838,-3.2533
1538,67.194,-64.028
1539,-45.761,86.937
1540,-10.58,-1.5402
1541,-12.739,99.578
1542,-5.344,-3.7022
1543,23.871,-16.147
1544,82.466,-1.5857
1545,22.708,-43.547
1546,-1.8101,37.759
1547,-33.802,-19.429
1548,-44.61,-34.438
1549,-74.406,-22.556
1550,7.9289,-79.787
1551,-30.888,-57.547
1552,31.386,-17.741
1553,64.059,-65.026
1554,-6.7492,-40.966
1555,43.924,-31.943
1556,65.316,70.137
1557,25.59,29.225
1558,-34.224,5.3036
1559,-2.4739,-78.294
1560,88.949,-18.916
1561,-7.7036,-94.832
1562,-24.263,89.514
1563,-21.714,-17.377
1564,-99.276,2.1258
1565,-18.042,25.717
1566,77.684,-33.342
1567,77.442,-4.9662
1568,-4.254,-88.4
1569,24.785,-41.065
1570,-52.019,4.0976
1571,-19.237,3.5206
1572,-7.8261,77.429
1573,-70.332,-78.969
1574,18.612,-25.678
1575,-8.121,-93.619
1576,52.915,-58.539
1577,11.429,-66.975
1578,-33.446,-17.487
1579,-53.55,-38.969
1580,-6.5039,-91.399
1581,64.887,-64.928
1582,23.163,13.904
1583,2.58,-10.92
1584,59.415,-10.979
1585,-76.2,-56.464
1586,19.453,-61.755
1587,51.236,-12.307
1588,-96.498,-15.538
1589,1.3635,-59.904
1590,-102.59,-13.317
1591,-50.04,79.002
1592,-18.794,20.117
1593,-44.476,-6.7114
1594,62.277,-59.285
1595,23.208,-23.526
1596,83.444,-8.9315
1597,-22.658,71.594
1598,-57.086,-36.506
1599,-97.719,8.4448
1600,32.422,-25.949
1601,72.337,-35.395
1602,45.01,5.5453
1603,4.3626,93.346
1604,-78.512,-50.077
1605,-9.2191,36.549
1606,16.259,10.628
1607,87.52,-38.69
1608,97.999,-62.209
1609,80.459,0.52083
1610,8.7219,12.47
1611,-73.839,72.678
1612,-3.2559,41.97
1613,3.0485,61.731
1614,57.622,46.695
1615,-7.2658,-24.466
1616,-4.6524,1.9116
1617,-20.458,16.905
1618,-85.494,-23.548
1619,27.503,-5.1638
1620,78.946,-4.6963
1621,3.0366,-83.069
1622,79.799,-15.427
1623,30.202,-21.624
1624,-14.11,-44.283
1625,85.858,-7.1786
1626,64.258,-15.419
1627,75.253,-36.639
1628,-27.624,17.341
1629,-62.134,58.781
1630,-68.547,-61.849
1631,28.686,93.03
1632,-68.996,-54.388
1633,63.656,51.768
1634,-55.07,5.7599
1635,70.251,-16.884
1636,32.722,-13.627
1637,65.211,-21.16
1638,29.616,-48.556
1639,-47.846,35.444
1640,-32.109,12.589
1641,-37.891,41.469
1642,-20.853,19.276
1643,-84.881,-24.638
1644,6.7788,-47.358
1645,11.343,37.369
1646,85.646,-4.5776
1647,68.542,-14.967
1648,66.166,-58.46
1649,-14.243,-42.647
1650,-9.738,57.933
1651,6.2396,34.516
1652,59.74,-11.865
1653,-67.643,-58.504
1654,-82.858,59.45
1655,29.6,16.22
1656,-41.859,79.628
1657,35.067,5.214
1658,5.9095,5.0924
1659,42.295,-29.156
1660,36.899,-3.7564
1661,-36.625,-14.248
1662,62.362,-23.198
1663,-48.206,-30.263
1664,-2.111,-2.337
1665,2.7729,33.399
1666,-56.731,-26.51
1667,-53.972,59.17
1668,-82.924,59.456
1669,-11.182,-40.486
1670,31.655,-30.06
1671,52.879,14.375
1672,90.931,-13.024
1673,-85.402,14.476
1674,-8.5774,79.599
1675,-6.2824,19.406
1676,34.505,-20.277
1677,-18.662,20.362
1678,-78.081,16.324
1679,-9.3924,85.853
1680,-50.337,-79.597
1681,85.896,-37.259
1682,-59.559,-1.2486
1683,-80.379,-29.831
1684,-53.596,-77.957
1685,19.819,-38.241
1686,58.781,-23.294
1687,-31.155,-76.753
1688,-83.177,-1.2092
1689,-100.43,-2.4216
1690,18.896,34.568
1691,-7.0248,-3.7401
1692,0.88119,100.41
1693,-14.086,65.408
1694,45.146,21.556
1695,-23.895,-71.356
1696,52.567,-65.471
1697,34.809,-19.913
1698,-42.722,0.39169
1699,-0.99642,32.785
1700,88.057,-14.839
1701,90.604,-19.614
1702,-48.622,7.9354
1703,51.027,-80.95
1704,-40.411,-21.375
1705,-35.828,-9.5665
1706,48.002,23.789
1707,75.392,-4.0562
1708,-95.303,25.225
1709,74.429,-0.85733
1710,-39.495,-39.266
1711,-49.159,55.579
1712,-18.436,18.234
1713,-53.272,-29.193
1714,-20.485,-67.247
1715,42.303,-70.253
1716,52.414,-31.882
1717,36.267,-87.809
1718,44.832,-55.351
1719,-15.461,25.331
1720,-81.841,64.791
1721,25.385,-20.713
1722,38.345,-30.987
1723,36.075,-15.526
1724,20.896,14.005
1725,32.466,76.343
1726,13.803,-19.429
1727,9.9976,-52.611
1728,-7.2138,-24.563
1729,36.253,-18.063
1730,-52.12,-17.415
1731,-57.381,28.618
1732,-1.3269,-36.959
1733,-13.242,76.471
1734,-23.333,-74.312
1735,-10.543,102.51
1736,-48.181,7.302
1737,-31.692,-55.937
1738,-8.6776,-94.482
1739,-32.523,-52.117
1740,-17.7,-34.644
1741,50.675,-47.095
1742,4.7111,29.525
1743,66.289,6.1183
1744,43.48,-32.248
1745,-73.609,72.694
1746,48.743,-11.825
1747,-58.967,-40.663
1748,85.934,-40.872
1749,-40.161,-19.392
1750,-44.147,85.026
1751,34.485,-33.957
1752,-9.7334,-91.787
1753,68.159,-61.383
1754,-80.466,-29.916
1755,-10.286,-7.5443
1756,15.959,60.219
1757,83.082,-44.487
1758,27.876,-45.206
1759,27.474,-27.353
1760,76.012,0.57038
1761,-40.71,-60.971
1762,97.2,-57.038
1763,7.9614,22.809
1764,-35.553,-8.3297
1765,-51.958,26.892
1766,0.3075,-48.513
1767,44.452,-79.688
1768,-26.091,-101.71
1769,-8.1247,-35.165
1770,-71.353,-53.67
1771,68.094,-29.655
1772,75.977,0.076118
1773,-62.539,-90.125
1774,93.331,-27.954
1775,80.298,-30.577
1776,-58.665,-60.311
1777,-54.371,-84.585
1778,-63.512,-82.996
1779,-14.651,-4.9956
1780,-31.869,1.1333
1781,-29.477,59.195
1782,-27.994,-17.731
1783,-41.95,-21.309
1784,-67.761,-53.042
1785,-100.05,11.121
1786,82.699,-2.1492
1787,72.092,-56.681
1788,-71.609,-42.271
1789,-35.863,-34.055
1790,-8.1568,71.246
1791,-15.321,-3.8302
1792,-12.889,12.789
1793,14.009,-57.497
1794,51.924,-86.057
1795,-22.875,80.404
1796,-42.323,75.97
1797,-11.217,64.687
1798,54.209,-60.281
1799,21.219,14.403
1800,-6.4494,-42.595
1801,38.527,-21.145
1802,32.586,-23.528
1803,-25.862,-19.566
1804,-45.857,-34.37
1805,-69.811,-65.235
1806,-83.593,-37.967
1807,-94.716,53.407
1808,29.714,87.865
1809,-0.46501,-51.61
1810,58.272,-6.1168
1811,106.78,10.297
1812,-4.8637,-7.8006
1813,67.347,69.607
1814,38.557,-20.944
1815,-15.454,65.096
1816,-74.934,-47.921
1817,-70.344,-54.182
1818,69.26,-37.81
1819,13.791,-58.065
1820,-92.565,-6.9329
1821,24.044,-8.9205
1822,-48.544,-24.857
1823,33.233,14.641
1824,47.318,-74.434
1825,-30.034,-70.257
1826,-0.87147,-51.766
1827,13.593,34.648
1828,-55.463,-78.033
1829,-55.535,-32.796
1830,6.6169,0.95612
1831,-7.9027,-91.303
1832,-45.657,3.2396
1833,24.804,29.158
1834,3.2283,-57.048
1835,89.486,-14.028
1836,-35.502,10.074
1837,-55.37,40.676
1838,-21.582,92.205
1839,-67.393,-52.845
1840,-20.941,-40.827
1841,-14.338,-93.883
1842,90.431,-30.953
1843,89.721,-21.024
1844,-69.082,-56.232
1845,-65.359,-34.259
1846,-65.476,-0.68928
1847,55.695,-58.511
1848,4.3862,-42.228
1849,20.049,-23.929
1850,70.374,-14.398
1851,27.825,-27.584
1852,-15.991,-53.711
1853,47.053,-49.67
1854,48.314,-60.583
1855,23.563,65.216
1856,-20.389,-22.952
1857,-64.866,-58.341
1858,29.758,75.407
1859,17.733,-41.541
1860,-38.928,40.772
1861,-54.544,-38.663
1862,24.833,97.955
1863,-29.324,39.887
1864,30.488,9.5359
1865,46.587,-2.467
1866,87.73,-7.0323
1867,76.121,-59.423
1868,-8.3642,-92.166
1869,56.114,-57.087
1870,39.916,-30.945
1871,-19.725,-35.295
1872,-15.191,45.042
1873,-67.191,-56.424
1874,-5.0958,-7.9892
1875,-28.223,95.518
1876,38.647,-6.2258
1877,-3.6514,-88.166
1878,-5.6441,-46.76
1879,9.4318,-81.69
1880,-81.821,-28.509
1881,-40.037,1.5794
1882,-75.687,-64.148
1883,17.535,75.796
1884,48.517,-25.515
1885,84.416,-43.383
1886,73.734,-14.194
1887,88.925,-27.056
1888,36.377,-17.271
1889,-94.599,16.65
1890,-35.472,-28.956
1891,-14.26,-44.124
1892,-68.681,-53.652
1893,-69.698,-62.604
1894,-38.879,-12.322
1895,74.374,2.3721
1896,50.369,61.664
1897,-25.592,-45.496
1898,-4.0982,-94.774
1899,15.342,2.213
1900,-67.321,-57.273
1901,36.193,82.326
1902,-78.538,-61.447
1903,-76.335,-63.398
1904,-88.988,21.573
1905,-59.71,61.909
1906,-9.9841,-73.326
1907,-99.428,-29.384
1908,19.143,5.5773
1909,-19.121,18.071
1910,-87.472,-55.386
1911,66.667,-60.073
1912,-67.143,8.2604
1913,82.883,-2.344
1914,75.594,-33.387
1915,19.27,-54.285
1916,-70.536,-54.246
1917,-13.034,-29.572
1918,42.424,-47.251
1919,34.046,-69.975
1920,15.209,9.7754
1921,5.2989,67.299
1922,74.262,-55.315
1923,48.765,17.968
1924,-57.028,-31.576
1925,-70.14,19.066
1926,-13.539,-86.849
1927,65.026,-12.128
1928,70.282,2.3219
1929,52.705,-31.745
1930,-17.937,12.348
1931,-79.532,-51.546
1932,17.641,-62.034
1933,78.838,-29.899
1934,-6.4679,76.135
1935,-66.47,-60.973
1936,63.584,88.174
1937,-77.691,-67.788
1938,-14.648,-94.084
1939,-94.323,16.326
1940,-7.7627,-50.034
1941,-56.478,-32.702
1942,59.808,-62.303
1943,30.777,-52.107
1944,-84.936,-20.084
1945,84.644,13.106
1946,-33.13,-39.944
1947,70.785,-55.174
1948,79.091,-6.8985
1949,-63.244,-89.788
1950,41.23,-7.3909
1951,35.255,-89.751
1952,54.666,-57.968
1953,6.5652,34.649
1954,-73.646,18.906
1955,-9.8116,-87.459
1956,57.944,-9.667
1957,45.787,-30.069
1958,42.301,-49.437
1959,91.55,-12.067
1960,34.139,-47.225
1961,-95.717,54.132
1962,-4.0073,-5.3093
1963,-48.707,-39.812
1964,38.044,-30.403
1965,-0.74516,-37.526
1966,90.042,-16.236
1967,-36.33,-5.4374
1968,12.158,29.2
1969,-34.973,-4.6056
1970,77.358,-57.836
1971,15.513,7.0329
1972,-25.586,-80.385
1973,82.932,-41.134
1974,-62.248,49.95
1975,27.087,-88.874
1976,76.458,-51.107
1977,90.304,-16.482
1978,40.994,-57.868
1979,70.256,-13.424
1980,65.441,-27.617
1981,-25.044,-22.391
1982,-22.684,38.67
1983,-84.328,-26.786
1984,-42.126,-7.7469
1985,63.629,-64.86
1986,77.35,-4.9895
1987,39.74,-67.273
1988,43.498,62.326
1989,-51.626,43.89
1990,-66.999,-77.363
1991,-74.738,-66.059
1992,-28.613,-20.07
1993,78.735,-38.275
1994,-32.902,-53.129
1995,25.034,23.265
1996,37.092,-52.213
1997,-68.079,-17.32
1998,13.314,71.402
1999,36.432,-60.298
2000,60.662,-70.287
2001,85.838,-4.3251
2002,43.932,-46.188
2003,27.621,-46.509
2004,-101.43,3.8614
2005,-55.053,-33.06
2006,0.23105,87.939
2007,50.375,-35.181
2008,32.743,-26.293
2009,-21.78,-94.561
2010,62.026,4.5129
2011,-70.617,-78.222
2012,-76.291,-64.92
2013,61.354,-55.767
2014,36.111,-18.478
2015,69.991,-58.209
2016,21.9,-67.324
2017,51.273,-12.45
2018,-37.836,55.616
2019,-42.767,89.167
2020,-24.461,-94.205
2021,70.946,-10.578
2022,50.459,-5.2429
2023,-69.399,-55.887
2024,3.148,92.351
2025,-18.269,26.985
2026,-5.193,-46.596
2027,31.799,-21.527
2028,29.68,-19.236
2029,59.253,-54.58
2030,-73.568,18.877
2031,-67.833,-67.982
2032,-16.543,28.272
2033,-74.184,-74.704
2034,-71.908,-55.837
2035,40.681,-3.2182
2036,19.493,-65.517
2037,-6.637,-91.303
2038,-23.75,-110.28
2039,50.427,81.422
2040,-29.049,-22.289
2041,-77.845,-61.016
2042,-33.426,-18.669
2043,29.538,-19.229
2044,72.2,-57.702
2045,-15.24,12.73
2046,67.34,-60.428
2047,2.2112,6.7544
2048,37.587,-30.935
2049,37.684,38.804
2050,-7.4505,-35.411
2051,-43.233,-0.36878
2052,-39.07,-92.594
2053,-69.707,50.932
2054,-21.595,40.534
2055,-34.73,-7.8325
2056,-38.02,-83.322
2057,34.903,-62.919
2058,30.847,92.598
2059,28.811,-43.531
2060,-73.848,-53.456
2061,-47.162,-13.254
2062,4.7247,-85.141
2063,-74.627,-63.864
2064,-18.065,15.534
2065,-41.849,0.060094
2066,90.703,-10.591
2067,54.739,-8.4965
2068,50.947,-61.437
2069,46.324,2.843
2070,-3.0175,57.563
2071,70.66,-39.387
2072,58.223,-58.093
2073,69.094,-41.774
2074,32.003,-42.583
2075,33.892,25.598
2076,2.0975,-36.896
2077,-12.338,77.791
2078,30.913,-17.412
2079,-15.86,-34.617
2080,76.821,-1.1754
2081,21.978,10.39
2082,-94.489,-13.747
2083,42.437,-28.899
2084,-74.551,14.246
2085,-59.191,-0.25452
2086,-50.282,-10.584
2087,-27.584,-16.61
2088,-25.084,47.26
2089,-27.62,-8.0952
2090,31.63,-23.763
2091,47.752,-65.485
2092,35.094,-22.962
2093,65.75,-21.586
2094,54.402,33.605
2095,-102.84,-2.4377
2096,-74.729,9.441
2097,-4.0931,-54.473
2098,12.826,-56.023
2099,32.06,-15.653
2100,80.558,-43.991
2101,-68.86,-32.403
2102,-28.218,16.414
2103,-7.5673,-0.090409
2104,-74.452,-63.914
2105,-78.107,-51.012
2106,-64.548,13.787
2107,-26.794,-95.86
2108,63.763,-66.269
2109,-65.151,11.941
2110,5.6776,18.651
2111,-38.779,83.486
2112,-78.382,-54.785
2113,17.906,1.7558
2114,39.688,-6.813
2115,62.959,-64.59
2116,-34.537,-39.569
2117,-31.823,-63.535
2118,59.446,-57.952
2119,85.669,-6.2596
2120,-22.2,-14.546
2121,49.857,3.5258
2122,-18.108,-81.006
2123,-86.593,28.843
2124,-52.457,73.026
2125,0.41606,-50.981
2126,-65.303,2.6436
2127,23.082,-95.461
2128,-0.19025,-56.366
2129,29.447,-38.482
2130,62.56,-30.175
2131,-55.166,62.697
2132,-61.085,-66.314
2133,-38.576,89.838
2134,46.869,-47.517
2135,32.088,-67.825
2136,-52.796,-1.4372
2137,38.378,4.727
2138,32.924,79.465
2139,-96.635,-15.593
2140,-69.538,-57.111
2141,77.576,-51.022
2142,61.804,-23.419
2143,-7.5843,56.894
2144,-97.863,-13.722
2145,4.235,85.139
2146,-74.589,-63.552
2147,-74.423,-63.64
2148,-70.692,30.897
2149,-34.325,-54.576
2150,89.683,7.7043
2151,-7.2401,35.413
2152,-58.085,23.805
2153,-61.981,-76.145
2154,83.207,-1.7816
2155,55.054,-8.5807
2156,38.394,-9.8628
2157,41.728,12.025
2158,-8.9855,49.921
2159,-15.652,28.369
2160,6.1905,-79.46
2161,-29.41,-16.306
2162,-68.122,-58.98
2163,-52.633,-86.045
2164,-31.812,14.06
2165,72.918,-83.587
2166,-14.343,95.409
2167,-100.02,-12.073
2168,-55.203,-89.157
2169,87.304,-4.9861
2170,-4.5697,55.123
2171,-38.912,27.879
2172,42.02,-28.87
2173,68.262,-24.033
2174,51.729,83.737
2175,26.248,-63.245
2176,-44.238,-1.9252
2177,-63.319,-58.098
2178,-79.876,-49.773
2179,-55.637,39.514
2180,-2.4345,-49.706
2181,89.223,-30.904
2182,88.035,-6.6311
2183,4.8414,-9.023
2184,77.043,-6.8076
2185,-57.963,-87.832
2186,-58.378,15.981
2187,31.167,-23.265
2188,40.992,-52.127
2189,-0.57608,36.499
2190,37.558,16.472
2191,-32.511,2.8391
2192,-47.35,-11.258
2193,-7.9771,14.774
2194,10.959,-20.963
2195,36.784,-88.394
2196,-24.288,-56.765
2197,41.637,-28.825
2198,-5.7184,-46.4
2199,-83.162,-38.453
2200,63.295,17.401
2201,-54.491,-84.662
2202,1.7506,64.604
2203,-27.455,-22.407
2204,68.884,62.633
2205,-62.625,65.538
2206,-33.812,16.96
2207,51.694,-57.411
2208,81.652,-38.828
2209,44.481,-74.892
2210,2.2565,24.846
2211,46.92,-71.609
2212,-88.942,22.784
2213,-16.302,25.467
2214,44.588,80.335
2215,-67.359,-52.53
2216,11.689,-18.906
2217,58.13,-67.01
2218,55.577,-57.628
2219,32.569,-42.519
2220,-2.1727,28.855
2221,24.344,23.204
2222,39.091,27.981
2223,1.3196,87.974
2224,-62.821,28.434
2225,24.577,-9.0018
2226,64.699,-54.627
2227,-85.054,-5.2555
2228,53.536,-58.337
2229,-58.947,29.45
2230,-30.335,-70.407
2231,-35.354,-14.996
2232,25.411,-95.367
2233,5.8648,55.85
2234,-14.862,54.553
2235,-65.574,-61.593
2236,-72.326,-63.432
2237,-58.209,-88.852
2238,48.484,-72.833
2239,86.127,-5.1707
2240,44.343,-31.724
2241,-41.133,-91.031
2242,-39.98,-63.782
2243,-8.3624,-93.617
2244,55.534,-59.387
2245,10.833,-31.777
2246,46.663,39.582
2247,2.775,42.139
2248,38.463,-67.284
2249,-76.56,56.078
2250,-79.868,-27.398
2251,58.516,-26.007
2252,38.614,16.933
2253,-69.827,-11.193
2254,7.2772,-78.089
2255,5.7504,62.332
2256,26.443,38.507
2257,64.153,-54.319
2258,-57.005,-31.886
2259,-28.772,87.217
2260,-28.139,-19.031
2261,-46.279,-88.044
2262,1.2368,-49.489
2263,56.104,-60.928
2264,-52.129,-83.672
2265,10.852,85.022
2266,78.093,-53.974
2267,55.618,-59.971
2268,68.666,-3.2234
2269,-68.432,-16.485
2270,-57.757,32.855
2271,-7.1096,-52.905
2272,35.403,-71.407
2273,43.609,-78.738
2274,-20.626,-25.383
2275,91.034,-12.71
2276,82.012,-40.877
2277,47.479,-56.08
2278,50.446,-60.544
2279,-68.54,-1.5757
2280,-82.381,-22.801
2281,-70.329,69.521
2282,-68.821,-55.852
2283,59.246,-65.366
2284,-14.849,-28.727
2285,-70.873,-53.26
2286,17.397,45.211
2287,53.756,12.3
2288,-40.772,-9.8979
2289,4.317,-49.521
2290,52.168,-65.497
2291,45.372,-35.45
2292,-46.27,-89.339
2293,-24.703,-69.434
2294,-31.608,-80.092
2295,-2.1348,-35.04
2296,-13.728,16.188
2297,36.608,-63.916
2298,-27.98,-20.842
2299,-53.463,-37.249
2300,-53.564,-34.182
2301,-72.392,3.3509
2302,44.075,-52.198
2303,32.098,41.768
2304,9.398,8.2015
2305,69.704,-40.1
2306,55.55,-59.658
2307,39.452,3.2947
2308,-7.3873,-89.241
2309,17.09,55.926
2310,-38.788,-4.7745
2311,66.544,-59.381
2312,13.827,-56.21
2313,79.684,-15.221
2314,33.647,-20.719
2315,44.649,-58.824
2316,49.124,-74.596
2317,53.425,-65.564
2318,79.246,-50.16
2319,7.7494,32.58
2320,-12.16,-94.526
2321,38.841,-66.845
2322,56.767,-72.216
2323,19.31,-69.968
2324,31.265,-23.806
2325,66.531,-58.475
2326,-23.368,-91.121
2327,7.2502,-61.395
2328,50.425,-4.0149
2329,37.15,58.303
2330,53.423,77.354
2331,49.648,39.951
2332,19.839,-57.617
2333,47.254,-75.687
2334,0.33247,8.2417
2335,-36.104,-9.2366
2336,-77.413,-67.925
2337,-68.697,-61.667
2338,31.664,-81.851
2339,64.968,-64.722
2340,-18.448,-28.484
2341,-21.821,-65.209
2342,70.049,-39.888
2343,86.599,-5.7935
2344,23.786,-88.614
2345,48.382,87.259
2346,15.552,45.578
2347,42.091,-66.335
2348,-36.877,82.889
2349,-30.872,12.757
2350,78.26,48.39
2351,5.8447,8.5574
2352,72.773,-38.071
2353,76.561,-2.2009
2354,71.53,-57.24
2355,-27.924,-104.53
2356,-99.685,-14.243
2357,67.169,-21.418
2358,-7.8138,12.998
2359,0.056303,88.775
2360,-14.721,-54.943
2361,-12.936,-85.299
2362,70.236,-2.2845
2363,-77.555,-71.384
2364,66.961,48.482
2365,-28.063,-18.606
2366,1.6622,-80.428
2367,50.428,-52.394
2368,-65.57,-76.598
2369,-93.737,16.516
2370,-67.468,-52.931
2371,-15.719,25.48
2372,-5.3764,97.655
2373,-39.402,-14.269
2374,-30.063,-69.57
2375,-19.006,-70.816
2376,89.554,-15.221
2377,28.263,-39.157
2378,-11.229,-83.047
2379,35.947,14.64
2380,26.452,-50.818
2381,38.792,-31.344
2382,75.294,1.2805
2383,-55.225,-84.709
2384,25.806,-55.611
2385,43.063,-5.1678
2386,-9.5237,65.674
2387,-8.0128,26.447
2388,-42.562,89.442
2389,-80.615,-29.595
2390,11.564,-18.131
2391,-12.811,-42.136
2392,90.614,-11.543
2393,89.359,-19.802
2394,45.245,15.906
2395,35.805,42.142
2396,37.384,35.488
2397,-5.3368,58.961
2398,-35.474,-8.4384
2399,17.566,58.343
2400,82.771,-16.523
2401,43.53,51.513
2402,54.042,-56.93
2403,-16.199,-28.509
2404,88.78,-10.951
2405,-43.911,-36.7
2406,-79.125,-32.288
2407,-69.324,-61.409
2408,10.583,-91.259
2409,59.205,-3.3136
2410,53.604,-13.775
2411,34.943,-19.434
2412,31.432,-41.064
2413,-2.7692,-90.756
2414,3.7742,-83.274
2415,51.701,-81.206
2416,15.867,70.344
2417,41.81,11.478
2418,-1.0907,-48.438
2419,18.089,53.761
2420,17.67,9.7007
2421,50.823,-46.762
2422,21.79,-65.433
2423,39.167,-31.577
2424,33.892,-22.661
2425,-6.663,-34.268
2426,-9.087,-38.49
2427,-25.636,-67.018
2428,51.014,-75.753
2429,18.499,-80.674
2430,37.36,13.92
2431,57.841,-67.465
2432,-42.749,82.13
2433,47.145,-30.485
2434,0.73,87.883
2435,60.141,50.512
2436,2.4842,35.724
2437,40.732,4.3806
2438,-50.121,1.9145
2439,4.9251,59.277
2440,-3.8971,54.605
2441,53.032,-64.847
2442,43.609,-59.853
2443,-45.437,-50.901
2444,-99.625,-13.47
2445,-74.273,-6.7197
2446,-62.993,-84.183
2447,-88.115,43.094
2448,29.376,36.276
2449,46.208,-45.466
2450,-27.898,39.636
2451,5.5659,83.385
2452,66.222,-50.755
2453,-15.376,-37.018
2454,50.638,-63.331
2455,-21.035,-86.156
2456,-1.1669,42.145
2457,67.453,-8.5492
2458,-70.461,-54.059
2459,-18.659,50.031
2460,-54.595,-35.094
2461,60.05,-55.067
2462,46.918,22.49
2463,-10.099,-67.561
2464,51.849,24.49
2465,-31.633,95.004
2466,-34.419,74.096
2467,43.848,-9.0093
2468,45.109,-43.17
2469,32.913,-26.333
2470,30.867,42.771
2471,-16.73,-27.461
2472,41.426,6.3584
2473,36.774,-27.654
2474,18.415,-96.943
2475,25.446,90.641
2476,-19.046,-67.99
2477,43.328,14.106
2478,70.039,-2.332
2479,-1.5323,18.515
2480,-33.55,-11.672
2481,-69.914,-62.015
2482,-72.196,-63.736
2483,-3.332,-87.869
2484,-1.9474,-45.619
2485,21.251,22.908
2486,-30.23,-73.058
2487,-33.879,-8.9073
2488,-74.642,14.454
2489,-35.99,-9.2904
2490,-29.526,-21.122
2491,-15.296,63.198
2492,44.289,54.827
2493,-6.7237,-85.65
2494,32.7,-27.384
2495,74.202,-4.616
2496,-34.376,-94.257
2497,16.814,83.973
2498,-51.98,53.202
2499,0.24702,-76.753
2500,-13.246,-76.598
2501,32.255,-69.895
2502,78.37,-52.468
2503,55.101,-55.911
2504,50.952,-8.1449
2505,64.832,-60.464
2506,49.801,9.0881
2507,5.9542,61.325
2508,36.629,23.875
2509,-42.158,-46.262
2510,-64.613,78.26
2511,35.23,-14.769
2512,88.707,-43.459
2513,43.463,-82.904
2514,-7.5949,-11.859
2515,-67.502,-25.066
2516,-58.922,1.8027
2517,56.651,-49.559
2518,-50.355,-88.943
2519,27.111,-86.956
2520,44.242,-56.312
2521,86.307,-10.069
2522,-27.34,-90.577
2523,-61.138,-85.834
2524,-2.5811,-83.939
2525,-10.691,61.431
2526,-71.762,-63.327
2527,7.5011,19.991
2528,-53.05,-89.323
2529,29.878,-21.759
2530,79.947,-43.73
2531,29.562,20.691
2532,21.844,20.38
2533,-68.051,71.505
2534,-62.942,0.024009
2535,0.97463,100.33
2536,19.507,48.763
2537,-24.44,-108.57
2538,-30.65,-57.292
2539,38.109,86.454
2540,48.794,-45.623
2541,-14.041,63.114
2542,7.6399,-44.566
2543,-72.4,-76.478
2544,35.294,3.5297
2545,-3.4445,-38.649
2546,32.021,8.7834
2547,-15.824,56.586
2548,-21.668,-14.693
2549,3.2051,-61.464
2550,57.748,9.7687
2551,70.953,-19.82
2552,10.668,73.972
2553,30.164,-33.625
2554,26.418,-55.049
2555,12.911,-17.897
2556,30.873,15.459
2557,-72.521,-28.335
2558,52.065,-80.948
2559,88.086,-25.057
2560,-8.9471,-94.188
2561,7.2606,7.7679
2562,38.67,-18.853
2563,13.77,-71.642
2564,47.242,-46.415
2565,-0.69149,-46.858
2566,43.802,-43.446
2567,-23.347,-70.395
2568,-102.13,-5.9404
2569,-35.472,-8.5169
2570,-74.99,-63.308
2571,-46.886,21.985
2572,69.141,38.707
2573,79.834,-15.587
2574,34.49,-19.834
2575,-15.516,-42.511
2576,51.976,-23.543
2577,-76.535,-30.978
2578,-12.633,66.858
2579,-14.675,60.872
2580,66.958,25.794
2581,-39.292,-64.946
2582,25.616,-20.874
2583,-51.35,-38.877
2584,-18.933,78.817
2585,-53.898,-34.309
2586,0.55442,54.289
2587,32.61,10.071
2588,57.732,-66.878
2589,15.086,7.1099
2590,-65.699,-61.618
2591,64.136,-15.359
2592,-17.271,-28.302
2593,29.572,-21.618
2594,25.916,-60.456
2595,-5.0555,-91.322
2596,-26.465,-45.582
2597,-64.444,-2.7005
2598,-10.333,-72.715
2599,34.071,-28.384
2600,-14.101,-33.939
2601,71.485,-36.509
2602,41.45,6.5377
2603,14.09,18.796
2604,-24.117,-33.698
2605,-45.236,1.0095
2606,-80.193,-28.363
2607,50.501,-3.6478
2608,49.618,-33.464
2609,16.574,49.068
2610,-33.209,-55.958
2611,-11.66,-95.581
2612,75.914,-5.1112
2613,7.7543,-83.832
2614,45.866,-30.129
2615,-42.897,-87.62
2616,42.779,59.069
2617,-71.271,-20.698
2618,-17.088,-19.767
2619,34.579,5.8143
2620,-66.811,-62.964
2621,60.313,-52.992
2622,26.402,-80.175
2623,14.275,16.942
2624,-38.24,-7.9512
2625,30.703,-17.421
2626,-5.5117,66.449
2627,24.837,17.155
2628,89.97,-18.359
2629,55.186,-53.9
2630,55.068,-1.6284
2631,82.967,-47.518
2632,10.934,48.74
2633,-16.364,28.26
2634,-45.988,84.409
2635,-22.597,-39.428
2636,36.184,-62.591
2637,64.881,-16.283
2638,43.064,33.236
2639,-71.923,-53.802
2640,-12.415,77.828
2641,-61.628,-31.986
2642,49.253,-45.75
2643,10.863,34.085
2644,-15.523,-82.356
2645,-98.891,-14.88
2646,-70.379,16.298
2647,-35.386,-2.7495
2648,-14.77,26.495
2649,-20.444,-35.826
2650,-19.063,63.74
2651,51.446,-59.049
2652,79.939,-3.2654
2653,8.5826,-80.607
2654,17.9,31.955
2655,21.696,23.367
2656,-48.161,-20.255
2657,-59.055,9.0715
2658,-36.853,-73.031
2659,44.699,-77.632
2660,-13.039,53.575
2661,26.725,-97.174
2662,46.979,-14.9
2663,53.535,-18.101
2664,35.317,-62.663
2665,49.465,-50.569
2666,11.108,-19.631
2667,-43.615,-88.338
2668,-74.037,-67.509
2669,36.924,-93.528
2670,27.153,28.198
2671,39.406,-31.025
2672,83.512,-15.747
2673,89.015,-10.469
2674,11.63,-66.833
2675,28.854,-39.061
2676,33.56,-23.992
2677,69.664,-39.315
2678,34.772,-17.743
2679,17.513,-20.245
2680,56.275,-49.723
2681,4.7688,13.842
2682,17.286,-78.044
2683,-4.6558,81.389
2684,69.825,-60.986
2685,-15.061,-40.194
2686,37.058,-22.299
2687,30.737,-43.126
2688,-30.692,-20.541
2689,-82.198,-21.648
2690,92.295,-52.713
2691,-74.269,14.562
2692,53.778,53.608
2693,54.26,-65.529
2694,32.939,-77.143
2695,11.096,37.412
2696,2.6279,72.051
2697,24.044,-39.068
2698,-61.466,-63.853
2699,45.19,74.576
2700,-27.998,-16.108
2701,-5.2693,-91.404
2702,78.321,-37.669
2703,67.272,-9.8199
2704,45.342,-11.018
2705,-13.399,-43.501
2706,-11.432,-83.553
2707,37.907,-0.39407
2708,-46.016,2.5145
2709,40.521,-18.153
2710,54.015,6.1851
2711,40.117,-48.542
2712,54.626,-11.671
2713,14.478,-46.18
2714,4.5608,-16.005
2715,10.248,30.406
2716,10.893,14.608
2717,0.47168,89.896
2718,23.007,-17.792
2719,-41.152,20.55
2720,-19.599,27.186
2721,36.453,93.441
2722,51.806,-21.713
2723,23.295,-63.072
2724,11.831,-7.3299
2725,26.328,-94.945
2726,-88.792,21.73
2727,-9.1343,72.048
2728,-68.203,-52.89
2729,-31.587,-6.45
2730,27.141,41.447
2731,-55.644,-77.347
2732,-37.138,-4.5932
2733,-28.118,-17.744
2734,-66.906,-68.724
2735,-33.76,49.779
2736,-61.039,6.6324
2737,42.97,-48.231
2738,48.462,-57.73
2739,53.36,-40.918
2740,76.998,-56.632
2741,37.299,27.273
2742,37.094,-69.041
2743,-11.5,-35.053
2744,-28.341,0.89362
2745,-19.273,-29.655
2746,21.635,-67.296
2747,81.55,-8.4482
2748,-59.84,12.172
2749,36.935,9.6253
2750,-68.625,-31.134
2751,91.021,-28.058
2752,10.208,-19.244
2753,-26.526,-23.678
2754,52.802,-57.607
2755,84.921,-10.079
2756,69.759,-2.7172
2757,49.034,-24.921
2758,-56.459,-2.1432
2759,25.739,37.934
2760,-72.616,33.234
2761,-17.699,-75.168
2762,64.935,-8.9913
2763,76.838,-0.9587
2764,-4.6755,58.063
2765,73.91,-44.913
2766,46.452,-4.6245
2767,-64.13,-75.726
2768,-55.095,21
2769,37.304,2.4918
2770,16.817,49.376
2771,-1.0664,-47.504
2772,67.933,-56.84
2773,48.599,-76.753
2774,-57.973,-64.857
2775,-74.499,-64.059
2776,78.492,-18.842
2777,18.209,2.0853
2778,-10.32,-89.241
2779,-20.131,-83.152
2780,73.606,78.626
2781,-1.6573,102.36
2782,2.9833,-31.844
2783,58.409,-9.778
2784,29.584,-36.401
2785,33.702,12.702
2786,27.679,-20.504
2787,-34.784,65.938
2788,-17.223,-2.7375
2789,-68.962,-56.617
2790,-103.02,-9.9033
2791,40.796,-16.481
2792,-60.513,25.043
2793,-68.707,-56.04
2794,-54.742,-8.1775
2795,39.334,-67.059
2796,-5.7447,-89.856
2797,-4.6306,-54.763
2798,-0.15575,22.489
2799,41.83,-71.333
2800,8.6459,-16.5
2801,51.024,-61.248
2802,52.531,-85.647
2803,14.793,-11.846
2804,-28.327,-67.235
2805,-14.741,25.315
2806,-22.755,36.795
2807,-45.341,-10.544
2808,-65.201,-33.042
2809,-40.028,-90.891
2810,-16.044,-29.135
2811,90.626,-20.349
2812,36.298,-60.675
2813,69.293,30.178
2814,-19.08,-71.699
2815,-37.031,-33.281
2816,-2.6176,102.25
2817,-16.76,24.97
2818,-46.751,-32.98
2819,4.6495,63.478
2820,27.787,-89.517
2821,37.798,17.826
2822,-34.309,-94.263
2823,59.813,-53.028
2824,40.408,-57.753
2825,12.607,-46.877
2826,-59.497,25.808
2827,53.522,53.438
2828,-94.663,7.9588
2829,73.477,89.146
2830,-56.37,-1.8493
2831,-34.773,-59.09
2832,-73.157,68.336
2833,-10.185,62.272
2834,16.161,-25.745
2835,73.279,-49.581
2836,84.44,-29.739
2837,-3.3627,74.737
2838,-51.609,-38.632
2839,-5.3512,-74.429
2840,89.746,-27.353
2841,-76.057,33.688
2842,23.917,-16.648
2843,-54.668,-27.435
2844,-19.437,-35.634
2845,-6.7873,75.01
2846,39.378,13.549
2847,-18.629,-36.076
2848,75.067,-29.505
2849,53.895,10.116
2850,77.377,-29.176
2851,35.294,-13.958
2852,-3.9462,-73.437
2853,86.685,-24.706
2854,70.625,-3.1849
2855,36.324,-87.923
2856,-5.1354,65.248
2857,39.974,-49.387
2858,0.37113,87.908
2859,-9.9829,-82.382
2860,37.114,-61.79
2861,34.852,19.509
2862,-44.937,-39.77
2863,27.419,100.01
2864,33.018,-18.437
2865,54.067,-51.357
2866,38.537,-28.129
2867,49.143,3.2456
2868,42.934,-69.418
2869,34.85,-61.488
2870,43.105,61.92
2871,16.705,-97.173
2872,36.784,-60.875
2873,76.7,-50.066
2874,48.901,-47.22
2875,11.033,0.31472
2876,-1.9334,40.602
2877,-112.7,14.703
2878,-11.74,-1.5322
2879,-19.102,7.4462
2880,-54.59,-21.68
2881,71.271,-40.403
2882,-6.8795,-88.468
2883,-42.267,35.4
2884,41.137,-7.2873
2885,-6.8307,-85.682
2886,13.828,57.763
2887,90.115,-16.71
2888,63.723,-4.2186
2889,-51.087,52.798
2890,16.579,-9.1152
2891,65.681,-42.383
2892,61.044,54.277
2893,-9.8287,-67.104
2894,44.495,-55.955
2895,-3.3,-34.693
2896,-79.77,5.3404
2897,90.837,-16.653
2898,-9.7068,-71.525
2899,60.044,-27.821
2900,0.58891,-64.866
2901,19.962,8.0098
2902,13.005,-26.908
2903,14.077,-2.3699
2904,-59.943,-31.458
2905,-59.36,-0.73153
2906,-81.599,-27.537
2907,-19.924,8.5103
2908,-74.288,-33.594
2909,47.651,-75.506
2910,14.49,-46.115
2911,3.9722,-0.29
2912,-1.011,29.02
2913,-14.836,-28.183
2914,-55.054,19.328
2915,-72.981,11.834
2916,-66.24,63.297
2917,-73.365,-59.834
2918,-57.53,53.24
2919,41.864,-28.432
2920,39.858,14.803
2921,53.019,-65.221
2922,-15.285,-20.588
2923,-78.708,-28.423
2924,-119.56,14.951
2925,93.073,-17.528
2926,-7.265,56.953
2927,34.001,79.449
2928,48.31,19.463
2929,-73.7,18.909
2930,-77.196,-67.938
2931,-35.798,6.5829
2932,80.253,-18.835
2933,-70.376,-53.696
2934,-10.055,-90.071
2935,78.255,-6.0909
2936,61.332,-54.415
2937,87.487,-39.405
2938,-64.392,27.827
2939,10.749,-20.048
2940,40.971,-58.695
2941,-22.07,9.9724
2942,-58.528,0.69524
2943,-9.3409,-87.428
2944,82.332,-17.033
2945,31.96,-5.604
2946,47.239,-15.164
2947,-28.049,-94.537
2948,4.9571,-82.164
2949,-47.291,-86.817
2950,57.883,-28.339
2951,85.181,12.76
2952,37.357,-15.42
2953,46.014,14.99
2954,-0.62514,-45.42
2955,72.513,-54.881
2956,51.453,-84.377
2957,-30.676,-21.459
2958,-38.178,-11.168
2959,35.283,-54.897
2960,34.799,-23.618
2961,65.689,-22.166
2962,61.768,-60.967
2963,9.5536,-20.062
2964,-54.95,-36.379
2965,-70.845,65.553
2966,35.264,-89.934
2967,6.0851,32.561
2968,31.659,-64.764
2969,-57.092,24.881
2970,29.21,-34.332
2971,35.551,23.446
2972,57.726,49.378
2973,-35.58,-31.445
2974,25.05,-45.824
2975,35.277,-6.6527
2976,35.144,-34.473
2977,-15.532,-7.0787
2978,31.703,81.246
2979,78.183,36.46
2980,11.022,50.952
2981,70.56,-19.468
2982,45.511,-37.383
2983,-45.521,-8.3017
2984,44.266,59.846
2985,40.882,-3.4313
2986,34.914,-63.372
2987,-21.003,-39.185
2988,67.175,-11.853
2989,8.391,30.735
2990,0.48519,68.506
2991,-28.397,-21.398
2992,-28.185,-5.7461
2993,-73.32,-23.956
2994,-1.1914,71.622
2995,-74.045,14.605
2996,-1.7385,73.293
2997,37.83,-17.842
2998,45.315,-56.563
2999,45.621,-82.619
3000,71.602,-37.234
3001,-20.874,-85.806
3002,30.877,-16.066
3003,64.616,-41.341
3004,88.164,-38.584
3005,74.396,47.174
3006,-1.9155,-57.613
3007,-8.3841,0.074614
3008,-46.866,12.904
3009,47.837,-57.478
3010,81.95,-38.96
3011,49.996,-57.534
3012,-25.025,-99.813
3013,-13.367,67.938
3014,-70.016,-66.314
3015,-29.923,-62.842
3016,34.122,63.322
3017,-41.208,68.475
3018,42.377,-56.069
3019,41.176,-52.299
3020,-30.365,0.1212
3021,71.582,-52.081
3022,-45.002,-21.047
3023,-37.245,46.89
3024,-51.956,42.926
3025,99.794,-59.583
3026,-71.605,62.083
3027,50.021,-46.572
3028,-16.416,62.99
3029,30.51,6.8149
3030,-69.666,-56.872
3031,25.219,10.997
3032,-38.979,76.804
3033,-80.731,-32.369
3034,-75.371,-73.402
3035,18.37,32.658
3036,12.405,-55.722
3037,49.802,-63.696
3038,-1.7209,-82.81
3039,-99.942,-12.621
3040,-40.405,-19.546
3041,47.234,-67.199
3042,-21.967,-15.237
3043,53.623,-63.876
3044,7.6389,-79.061
3045,-60.623,67.814
3046,-29.507,77.942
3047,37.742,-2.0037
3048,-83.41,-11.637
3049,-37.184,-67.357
3050,-7.135,102.34
3051,7.6066,49.565
3052,52.097,48.69
3053,54.443,-66.403
3054,72.375,-39.341
3055,-29.808,-71.581
3056,45.136,-33.983
3057,31.528,-66.42
3058,-21.134,-74.766
3059,53.979,-57.856
3060,-21.682,-86.369
3061,35.898,-22.756
3062,-17.822,87.051
3063,-2.4674,21.91
3064,-20.967,83.066
3065,-72.248,61.908
3066,-45.963,-41.836
3067,-71.24,13.964
3068,54.058,-83.311
3069,34.737,-63.206
3070,58.587,-67.265
3071,14.032,8.2293
3072,24.343,-37.959
3073,-79.093,-54.251
3074,-38.12,-11.959
3075,-64.53,-36.236
3076,-14.622,-4.6113
3077,-33.677,92.192
3078,-53.138,53.4
3079,-17.882,18.688
3080,-32.951,-8.3082
3081,37.351,-1.6577
3082,-89.727,31.361
3083,3.0665,-81.269
3084,-35.827,63.539
3085,52.397,-50.096
3086,44.31,42.23
3087,7.6734,40.476
3088,-0.67532,-43.065
3089,-31.221,-51.904
3090,-34.785,-57.302
3091,47.54,-50.94
3092,52.091,-20.278
3093,-92.887,23.892
3094,-52.091,-35.144
3095,-12.29,-3.1358
3096,80.22,-43.407
3097,9.5668,-52.923
3098,1.7603,70.691
3099,47.603,40.619
3100,-29.569,-57.326
3101,28.615,-36.79
3102,-25.549,-89.095
3103,-31.057,71.37
3104,-14.152,59.591
3105,90.119,-28.959
3106,-77.852,58.554
3107,-75.575,-12.637
3108,4.104,87.669
3109,-29.61,66.334
3110,72.919,-57.77
3111,40.046,-56.429
3112,30.729,-45.879
3113,5.1787,-16.026
3114,46.541,23.976
3115,-14.389,42.77
3116,-15.361,-21.775
3117,-7.6287,13.381
3118,-50.019,-51.302
3119,-33.989,74.457
3120,32.233,-70.012
3121,-94.165,15.559
3122,38.534,-66.983
3123,-8.2733,27.118
3124,-45.331,-1.5214
3125,0.56266,96.819
3126,81.215,-46.947
3127,52.054,-32.558
3128,33.91,40.316
3129,-78.738,-19.312
3130,-66.845,-68.727
3131,73.998,-35.582
3132,53.757,-19.927
3133,52.168,-20.174
3134,-8.4783,0.77822
3135,16.393,-30.772
3136,-21.579,-69.787
3137,-28.197,-19.153
3138,16.037,-99.493
3139,-7.2964,66.949
3140,13.235,1.2256
3141,89.344,-14.092
3142,84.215,-14.008
3143,1.6181,-44.195
3144,42.343,50.305
3145,31.047,42.408
3146,-74.879,-30.52
3147,-6.7644,-52.992
3148,-77.356,-59.59
3149,-16.019,25.256
3150,60.584,-63.823
3151,-37.828,-8.4583
3152,40.404,4.0438
3153,91.197,-24.133
3154,47.202,-14.994
3155,31.973,29.588
3156,-43.264,-14.639
3157,-0.308,92.253
3158,21.384,-90.098
3159,21.207,7.7234
3160,13.81,6.7123
3161,11.022,32.468
3162,-53.541,-36.86
3163,-77.586,-52.176
3164,-49.569,-16.011
3165,2.1061,6.9342
3166,86.584,-3.4893
3167,7.5005,-20.185
3168,53.505,51.154
3169,47.676,-20.406
3170,-29.531,-20.934
3171,-42.702,74.953
3172,-16.612,-28.378
3173,3.4284,-16.553
3174,43.552,-33.573
3175,39.022,-2.2586
3176,54.331,-64.914
3177,50.831,26.606
3178,4.6426,-6.2077
3179,-39.737,-12.233
3180,-6.0414,-3.1739
3181,-100.95,-42.968
3182,-44.057,-1.3221
3183,-20.035,-65.357
3184,43.902,45.558
3185,59.437,-56.613
3186,40.12,-79.361
3187,40.023,-44.641
3188,30.674,-38.158
3189,-9.1266,-35.948
3190,-74.363,31.964
3191,51.547,-80.612
3192,33.868,-34.374
3193,-4.9574,66.61
3194,31.649,-48.697
3195,-5.5008,75.551
3196,-10.811,-3.9324
3197,84.581,-14.919
3198,2.7992,71.294
3199,-2.7238,30.632
3200,-69.978,-54.263
3201,19.512,37.456
3202,60.86,-22.7
3203,46.887,-46.272
3204,19.409,1.4949
3205,-31.58,16.581
3206,-45.572,88.083
3207,-13.973,-71.749
3208,54.645,-61.977
3209,0.30692,-57.268
3210,50.03,-76.79
3211,53.872,-13.819
3212,42.828,-48.576
3213,-78.849,-68.978
3214,-62.54,-0.11784
3215,29.329,28.239
3216,4.5385,83.987
3217,40.11,64.298
3218,-69.988,-25.317
3219,73.469,-61.847
3220,10.111,77.354
3221,-4.7768,-56.01
3222,2.0956,38.375
3223,34.559,51.78
3224,-33.843,-6.5463
3225,-51.51,-84.877
3226,-66.277,-61.406
3227,-88.614,21.709
3228,20.278,42.326
3229,79.913,-43.717
3230,15.629,-47.786
3231,90.604,-15.46
3232,-9.363,-76.311
3233,49.518,75.452
3234,-61.734,67.863
3235,55.132,43.016
3236,37.959,15.307
3237,6.1152,-62.099
3238,5.8407,0.33193
3239,21.384,-8.1429
3240,-28.282,0.56405
3241,-65.66,18.169
3242,-33.672,-58.681
3243,-2.67,98.416
3244,2.4759,55.485
3245,-14.953,-85.78
3246,32.753,-43.533
3247,-42.383,-12.827
3248,-3.9436,-5.8947
3249,-27.967,-20.357
3250,52.076,-17.51
3251,16.275,59.522
3252,47.945,-31.69
3253,64.381,-21.902
3254,50.825,-15.4
3255,93.295,-27.68
3256,40.749,-77.484
3257,-7.8442,-75.762
3258,55.642,23.532
3259,55.67,42.508
3260,-10.635,-91.66
3261,-1.3719,19.093
3262,-51.884,43.75
3263,-23.292,6.6471
3264,30.918,-59.457
3265,76.424,-49.413
3266,12.015,7.6376
3267,84.643,-28.157
3268,-43.872,10.326
3269,-10.321,-91.756
3270,-55.783,34.903
3271,2.4195,5.5295
3272,54.696,-86.284
3273,-50.037,1.1348
3274,-85.704,-23.447
3275,-75.494,-63.797
3276,-25.419,-49.244
3277,35.989,-91.329
3278,4.9227,-81.8
3279,6.0616,-15.255
3280,-54.976,-57.981
3281,-10.854,86.621
3282,-16.253,-3.1897
3283,-7.5033,81.044
3284,-57.731,0.93047
3285,-14.96,-83.799
3286,15.275,41.051
3287,18.802,-6.8058
3288,-12.877,-57.174
3289,-11.524,61.154
3290,-20.497,-22.75
3291,7.14,5.897
3292,-46.024,86.757
3293,-3.7967,-88.327
3294,-13.383,16.175
3295,-54.569,-13.851
3296,-55.018,8.0519
3297,64.9,-54.358
3298,80.288,-3.4057
3299,-43.27,5.4935
3300,-10.109,-89.608
3301,39.148,-58.362
3302,-1.9471,18.6
3303,44.097,18.562
3304,-9.2442,102.42
3305,-62.437,58.989
3306,-61.883,18.019
3307,51.445,-57.922
3308,85.511,-7.1206
3309,22.362,-48.864
3310,92.455,-58.116
3311,-64.062,-36.848
3312,-31.067,91.097
3313,-16.091,-41.209
3314,54.872,-59.953
3315,24.424,22.28
3316,-6.6562,-76.843
3317,41.281,36.089
3318,-29.16,71.926
3319,21.105,49.354
3320,-94.11,20.174
3321,-59.851,-12.858
3322,-14.316,23.831
3323,90.227,-29.205
3324,55.025,-56.274
3325,55.048,-17.262
3326,0.59158,33.173
3327,1.9895,35.469
3328,-55.028,-34.438
3329,-31.117,12.345
3330,30.895,76.125
3331,-51.436,61.756
3332,-41.733,-4.7829
3333,59.32,-62.045
3334,-16.081,-93.084
3335,35.665,12.881
3336,42.064,-69.375
3337,-22.806,-32.388
3338,-69.215,-56.004
3339,-72.861,28.55
3340,59.884,38.47
3341,-79.705,-64.813
3342,-15.461,-45.756
3343,60.411,52.311
3344,19.424,-84.543
3345,-1.2918,-46.461
3346,-91.19,13.266
3347,0.47604,21.569
3348,16.144,79.89
3349,-55.862,31.054
3350,22.044,20.449
3351,-13.597,-74.627
3352,2.0223,101.93
3353,-30.165,35.94
3354,-9.2941,-1.4188
3355,31.53,-71.923
3356,77.374,-55.723
3357,-2.1132,35.854
3358,105.68,-54.992
3359,-16.234,-28.984
3360,56.341,75.013
3361,-55.841,-28.311
3362,61.172,38.106
3363,-30.707,-65.42
3364,-55.02,62.515
3365,48.402,-60.302
3366,13.698,-3.3115
3367,-29.207,66.361
3368,-102.48,-0.93228
3369,4.0895,64.295
3370,-3.6183,-38.821
3371,49.042,-55.846
3372,4.8859,42.831
3373,69.104,39.471
3374,-52.546,-35.488
3375,58.006,-12.261
3376,34.222,9.1932
3377,44.185,-63.1
3378,56.158,-68.647
3379,48.695,-66.748
3380,55.28,6.9581
3381,69.714,-12.646
3382,34.602,-63.114
3383,-7.251,42.121
3384,-77.893,-61.069
3385,-66.276,-61.101
3386,-29.3,94.837
3387,-74.506,-54.673
3388,-73.935,-52.421
3389,58.707,-45.861
3390,54.52,-53.739
3391,85.481,-22.121
3392,78.433,-19.001
3393,31.004,-16.257
3394,54.133,-56.409
3395,15.819,47.998
3396,-10.157,65.385
3397,18.926,79.148
3398,-4.5701,-37.046
3399,-32.387,24.613
3400,-17.307,29.381
3401,-55.326,1.9873
3402,-16.019,19.564
3403,39.285,14.273
3404,37.469,0.64736
3405,-9.4014,-76.121
3406,-24.823,-70.623
3407,-41.59,-40.737
3408,-10.137,-45.529
3409,-52.501,-57.934
3410,-67.223,10.593
3411,95.014,-16.024
3412,-31.202,-80.997
3413,27.171,6.1477
3414,1.5831,99.59
3415,-27.5,7.8528
3416,65.972,87.211
3417,-6.2282,-50.375
3418,47.7,0.95304
3419,-15.643,97.447
3420,68.423,39.712
3421,-49.305,-17.793
3422,-28.641,-65.387
3423,-32.369,-81.979
3424,28.494,-90.756
3425,4.2671,39.914
3426,-34.362,79.382
3427,-12.398,-39.511
3428,-32.927,-1.1063
3429,60.918,-72.538
3430,-58.977,29.363
3431,-106.44,16.826
3432,81.67,-50.754
3433,42.249,-69.66
3434,21.239,-44.933
3435,3.9956,17
3436,14.68,74.703
3437,41.258,35.935
3438,70.418,-13.711
3439,-18.561,-40.209
3440,-44.811,6.7923
3441,15.684,-4.7251
3442,-5.2461,-3.8035
3443,28.54,42.003
3444,9.2861,-2.4073
3445,36.384,12.644
3446,59.414,-57.223
3447,79.641,-50.113
3448,39.312,-31.007
3449,-59.324,67.574
3450,-9.213,-65.407
3451,46.033,54.884
3452,-72.635,-63.292
3453,-58.888,-15.688
3454,-3.2563,23.8
3455,64.673,-18.898
3456,-18.434,63.471
3457,42.137,-29.011
3458,56.475,-11.341
3459,-25.226,93.95
3460,3.0991,-59.799
3461,0.17848,-48.307
3462,52.265,-50.27
3463,13.5,8.9713
3464,9.4702,33.301
3465,-51.531,81.267
3466,-36.538,13.046
3467,40.975,-4.0235
3468,-64.998,-59.54
3469,-53.287,7.862
3470,-16.85,60.536
3471,-52.339,1.0025
3472,1.9041,8.1353
3473,58.338,-32.987
3474,-8.3563,12.555
3475,-36.875,-8.4351
3476,-53.749,-55.963
3477,24.867,-16.044
3478,-65.872,2.3749
3479,50.345,-56.031
3480,31.991,75.093
3481,-80.127,-1.6374
3482,-35.846,18.114
3483,-28.546,-77.295
3484,52.616,-64.358
3485,14.359,74.224
3486,34.242,-55.288
3487,10.412,49.13
3488,3.3891,84.19
3489,-59.858,2.1185
3490,-36.05,-70.061
3491,-64.297,3.7539
3492,63.304,-67.798
3493,-1.3891,-60.319
3494,58.807,-75.896
3495,65.987,67.6
3496,-13.212,67.708
3497,-36.454,-3.031
3498,-81.308,-30.172
3499,-31.914,9.6623
3500,-71.211,31.309
3501,-1.8149,11.169
3502,34.6,5.2238
3503,-4.1151,19.103
3504,6.2012,59.291
3505,-70.915,5.6092
3506,41.559,-72.209
3507,-17.82,-86.965
3508,-43.81,5.1513
3509,37.612,87.092
3510,-32.658,-0.89427
3511,18.837,-54.336
3512,-37.297,31.765
3513,-70.216,-54.346
3514,68.563,-15.157
3515,-102.5,1.9996
3516,82.657,-48.522
3517,-93.735,16.41
3518,42.857,-45.37
3519,36.465,39.273
3520,4.3956,1.7816
3521,-17.117,29.829
3522,-60.727,-74.05
3523,-16.327,63.278
3524,-28.966,-52.073
3525,77.791,-34.076
3526,11.569,-20.04
3527,15.817,-70.701
3528,48.106,-25.787
3529,13.369,31.8
3530,-44.115,68.557
3531,-80.558,-1.9534
3532,60.94,38.577
3533,31.309,-16.916
3534,51.437,-50.555
3535,19.106,-70.138
3536,16.564,9.5801
3537,61.592,39.145
3538,-44.146,5.6832
3539,-31.014,5.5004
3540,-31.036,27.334
3541,-65.202,-61.597
3542,70.612,-4.5946
3543,22.058,-64.455
3544,21.674,26.224
3545,-11.634,-69.756
3546,61.732,-19.148
3547,-34.833,13.802
3548,-10.357,101.2
3549,32.193,-22.465
3550,73.923,-57.637
3551,41.604,23.417
3552,-54.897,-41.252
3553,-67.297,-52.52
3554,-22.297,-70.699
3555,21.934,-78.903
3556,-14.621,89.875
3557,35.674,65.715
3558,-75.728,-65.318
3559,-69.303,71.204
3560,-46.699,-10.95
3561,-12.501,-83.298
3562,46.543,-16.136
3563,-82.996,33.721
3564,-69.031,-56.187
3565,-96.405,-15.588
3566,38.104,-61.484
3567,46.32,-80.613
3568,43.791,-70.914
3569,39.932,12.37
3570,47.793,-44.046
3571,7.994,81.78
3572,-52.556,-37.872
3573,54.821,-13.512
3574,-32.171,-32.488
3575,-26.809,-8.5693
3576,-74.755,-1.9064
3577,28.109,-67.148
3578,-3.8053,-88.708
3579,7.4052,-20.172
3580,5.289,-6.723
3581,38.117,33.71
3582,11.883,34.329
3583,107.25,-52.814
3584,-72.156,-63.19
3585,-81.078,-30.143
3586,-66.806,-79.385
3587,48.275,-27.192
3588,36.78,-62.401
3589,13.644,-19.69
3590,38.228,82.78
3591,14.718,-67.892
3592,-51.892,52.001
3593,-42.117,-12.82
3594,-45.275,-82.638
3595,-25.56,-6.5039
3596,-60.929,64.278
3597,44.42,-49.099
3598,-15.218,-92.11
3599,1.9667,42.639
3600,57.908,-12.886
3601,-58.188,43.037
3602,16.151,83.035
3603,-39.216,-92.081
3604,-75.599,-73.3
3605,-8.1828,-38.161
3606,0.37992,23.555
3607,58.352,-11.78
3608,37.488,27.328
3609,20.892,-5.5138
3610,9.3289,-12.655
3611,51.583,47.59
3612,44.98,105.32
3613,-22.579,87.079
3614,33.597,-86.77
3615,58.681,-10.475
3616,36.722,-90.623
3617,-84.892,-18.608
3618,3.3553,-26.465
3619,-5.7307,-22.903
3620,-0.30837,59.454
3621,59.282,75.118
3622,-11.006,30.407
3623,-26.213,-18.756
3624,62.959,-43.166
3625,75.884,-46.227
3626,50.822,-26.111
3627,28.008,77.559
3628,12.936,72.609
3629,-0.096257,79.145
3630,-23.308,-69.872
3631,-72.348,-63.523
3632,44.333,60.468
3633,85.174,-12.158
3634,54.742,-11.791
3635,-9.1573,-84.992
3636,13.716,-26.727
3637,30.199,97.384
3638,39.299,39.435
3639,-94.769,25.831
3640,-60.808,24.285
3641,14.016,-80.732
3642,-33.562,90.602
3643,-47.712,-19.227
3644,66.819,48.444
3645,-67.299,74.997
3646,-4.2513,-57.314
3647,-68.675,-77.533
3648,-4.1687,-88.61
3649,35.022,-48.868
3650,-67.993,-50.832
3651,-28.469,0.83101
3652,-25.417,93.065
3653,-55.118,-36.019
3654,-39.857,-90.381
3655,22.616,-89.215
3656,1.4656,6.2739
3657,36.659,-87.818
3658,-18.529,-81.167
3659,47.842,-85.898
3660,50.917,-29.11
3661,-0.71919,17.877
3662,53.456,-30.814
3663,2.961,-18.003
3664,49.141,-84.958
3665,15.973,-8.4983
3666,57.685,72.398
3667,-45.015,-1.6591
3668,108.33,-44.546
3669,-9.4506,-46.6
3670,-70.445,-69.283
3671,28.833,38.601
3672,33.84,-29.398
3673,-76.528,17.105
3674,8.1322,-57.056
3675,-14.313,-28.629
3676,-55.93,-38.776
3677,-34.686,-85.193
3678,28.353,-52.224
3679,41.763,-68.75
3680,22.959,42.855
3681,-58.453,33.789
3682,56.552,22.836
3683,19.835,47.006
3684,6.801,-76.946
3685,35.009,-35.898
3686,1.1501,68.661
3687,-16.612,-77.611
3688,49.033,81.647
3689,-80.76,-27.608
3690,75.091,-5.2692
3691,16.322,52.321
3692,57.439,48.725
3693,55.858,50.511
3694,34.117,8.9336
3695,2.2715,-51.612
3696,31.418,41.74
3697,-8.6501,-69.505
3698,70.287,41.733
3699,28.939,97.126
3700,-61.699,59.221
3701,-68.822,-62.366
3702,68.727,67.995
3703,-37.552,22.019
3704,24.056,-30.509
3705,21.72,-42.199
3706,67.598,-60.533
3707,4.7043,32.727
3708,-21.161,-86.048
3709,60.396,42.502
3710,13.927,47.792
3711,42.51,45.65
3712,-67.387,-63.019
3713,-35.704,-56.858
3714,-59.674,-0.58718
3715,62.933,31.858
3716,55.887,25.881
3717,79.526,-36.624
3718,50.296,-29.535
3719,-72.637,-63.501
3720,35.926,-44.861
3721,21.151,-11.514
3722,-33.801,68.713
3723,-13.32,35.539
3724,-51.426,9.7782
3725,-41.988,74.075
3726,-15.769,-70.004
3727,50.232,-15.752
3728,-72.799,52.038
3729,-18.719,77.923
3730,-41.148,67.86
3731,43.305,-57.021
3732,36.183,-56.741
3733,-22.705,-90.72
3734,54.891,44.213
3735,-11.396,-70.979
3736,-14.226,-70.514
3737,8.6888,84.778
3738,-74.326,-33.832
3739,-43.884,4.0724
3740,-3.0914,-39.303
3741,0.37436,-23.041
3742,19.931,12.253
3743,11.224,-51.285
3744,68.459,-59.619
3745,-64.093,-63.424
3746,-37.034,25.93
3747,12.198,-57.349
3748,-0.38391,-50.332
3749,-10.218,-70.433
3750,-14.098,66.045
3751,33.312,64.747
3752,12.196,-23.965
3753,3.5673,82.918
3754,-18.925,-79.151
3755,-67.5,-56.88
3756,-73.893,-63.773
3757,-59.037,77.96
3758,49.398,-59.343
3759,38.968,22.609
3760,27.285,-40.211
3761,11.611,51.172
3762,72.765,-38.178
3763,5.1209,-17.558
3764,-25.109,76.642
3765,-5.4582,-4.1632
3766,-15.84,-44.618
3767,74.507,-34.882
3768,1.7521,29.147
3769,-10.377,-88.559
3770,12.265,72.209
3771,-50.896,41.315
3772,-74.525,-61.642
3773,-58.331,79.905
3774,-69.598,16.596
3775,25.136,-8.9206
3776,-42.139,73.974
3777,88.63,-25.63
3778,14.85,-13.431
3779,-20.288,-85.336
3780,0.29648,74.157
3781,-60.052,20.381
3782,-34.411,71.768
3783,14.608,13.031
3784,53.402,-45.438
3785,2.0303,-64.486
3786,37.953,-78.636
3787,18.456,-79.816
3788,31.726,65.969
3789,-13.483,67.863
3790,-14.533,-81.036
3791,-15.439,-40.887
3792,-17.038,-19.377
3793,37.275,3.0316
3794,-38.324,-10.243
3795,16.424,84.196
3796,-105.84,-2.9953
3797,-83.473,-10.531
3798,-18.449,77.01
3799,21.217,14.457
3800,37.513,-30.812
3801,2.1069,39.353
3802,34.147,24.49
3803,37.906,33.841
3804,-58.856,-87.434
3805,-47.237,-17.924
3806,-68.355,-32.729
3807,47.412,-30.248
3808,65.21,-22.235
3809,11.456,-26.271
3810,-12.376,-70.266
3811,3.3254,96.895
3812,-69.887,-75.7
3813,-3.395,30.205
3814,-22.204,-72.392
3815,42.015,-49.658
3816,-34.021,5.3999
3817,106.87,-53.353
3818,17.546,-64.407
3819,-44.992,-21.426
3820,81.609,-32.974
3821,-12.526,61.411
3822,28.01,-39.176
3823,-77.891,-70.925
3824,21.227,-11.296
3825,14.954,60.119
3826,-18.42,78.159
3827,-71.198,13.987
3828,-62.678,-0.48924
3829,95.954,44.425
3830,-20.034,-74.877
3831,66.732,-27.209
3832,28.212,-27.271
3833,41.332,34.994
3834,-19.845,88.559
3835,30.432,42.383
3836,-19.531,4.7351
3837,-10.694,67.251
3838,4.3491,-1.1783
3839,66.999,-48.78
3840,41.352,1.9612
3841,68.785,-38.56
3842,25.016,-17.253
3843,24.635,97.559
3844,59.825,-59.554
3845,0.28974,-50.944
3846,31.891,-67.476
3847,-64.658,78.084
3848,-34.031,-31.324
3849,42.582,58.969
3850,60.734,55.063
3851,-20.3,-73.956
3852,18.383,2.3793
3853,-11.672,-17.495
3854,-17.176,-26.929
3855,-4.1688,-35.01
3856,71.922,47.094
3857,9.1381,-12.777
3858,-14.878,25.742
3859,-80.554,-36.301
3860,51.219,-61.722
3861,59.883,-59.564
3862,1.4097,19.772
3863,3.2287,77.887
3864,5.385,-17.941
3865,-10.773,66.995
3866,-34.096,-1.0246
3867,42.038,2.7559
3868,4.5257,85.427
3869,59.973,49.92
3870,-16.935,28.986
3871,-36.788,-44.454
3872,52.373,-64.383
3873,38.911,0.94143
3874,32.77,11.932
3875,33.115,-46.396
3876,-49.46,63.441
3877,-19.719,-68.43
3878,-24.518,89.724
3879,-2.7877,88.933
3880,31.419,24.9
3881,-65.264,18.389
3882,22.822,13.298
3883,67.782,46.155
3884,6.4868,29.837
3885,-40.367,73.482
3886,1.4684,-8.0075
3887,-78.795,-19.282
3888,-20.994,81.695
3889,2.0139,-36.689
3890,-52.639,-35.211
3891,-2.6433,-35.854
3892,13.714,-26.333
3893,4.8889,-8.6588
3894,3.5885,39.185
3895,18.081,50.331
3896,53.903,61.606
3897,17.98,30.075
3898,-17.762,17.152
3899,4.1158,27.74
3900,-19.773,76.566
3901,32.591,-85.308
3902,-77.304,-51.447
3903,17.678,48.153
3904,65.37,45.078
3905,56.213,-58.863
3906,-14.324,25.37
3907,33.293,15.004
3908,15.185,8.9016
3909,29.995,21.513
3910,-40.756,71.985
3911,-68.145,50.912
3912,13.778,-10.655
3913,58.463,47.691
3914,0.13366,75.479
3915,-19.813,-35.791
3916,-16.267,-22.513
3917,10.544,40.618
3918,-72.122,15.972
3919,59.545,-24.027
3920,-14.853,-92.127
3921,2.5197,71.412
3922,-72.86,-64.224
3923,58.573,50.626
3924,-37.196,-83.866
3925,10.649,-44.966
3926,-0.65179,30.023
3927,-31.044,69.841
3928,39.744,34.657
3929,-57.639,71.66
3930,38.078,-62.203
3931,-20.124,87.893
3932,33.858,39.541
3933,7.8192,-55.123
3934,84.121,-26.994
3935,-39.763,77.165
3936,19.817,84.932
3937,-42.673,-87.779
3938,33.02,-46.095
3939,1.0956,36.69
3940,1.0107,-5.592
3941,-14.342,-25.453
3942,-26.531,4.6994
3943,-17.088,28.727
3944,-43.854,-1.5372
3945,-53.861,-38.994
3946,-49.929,22.673
3947,78.452,-38.765
3948,10.698,30.424
3949,37.626,47.763
3950,20.787,-7.3632
3951,60.188,38.517
3952,-72.628,-27.735
3953,-24.295,-33.629
3954,4.5169,28.889
3955,55.195,-12.474
3956,47.726,-26.279
3957,22.215,87.784
3958,-34.846,7.2644
3959,-33.168,57.074
3960,-22.897,79.92
3961,-13.854,-40.253
3962,-45.623,9.5917
3963,6.3668,34.503
3964,-13.264,-77.418
3965,38.894,-29.416
3966,-12.178,17.657
3967,3.5308,68.778
3968,-10.123,76.138
3969,20.151,7.7124
3970,51.874,-64.418
3971,35.278,-76.976
3972,-12.574,45.77
3973,27.671,39.167
3974,3.729,37.016
3975,-10.765,-43.906
3976,26.833,99.736
3977,-46.107,-64.52
3978,59.525,-70.438
3979,13.371,-1.8609
3980,21.12,-7.1525
3981,5.4259,85.489
3982,-58.386,67.363
3983,46.633,29.36
3984,-2.3988,28.329
3985,9.4199,31.411
3986,-35.085,66.54
3987,-17.413,77.226
3988,2.1126,36.749
3989,46.995,0.54283
3990,-11.453,-18.358
3991,46.819,-29.903
3992,-38.423,74.214
3993,-8.1693,-75.932
3994,-2.9829,-76.778
3995,17.216,-28.655
3996,32.561,6.0378
3997,16.651,59.449
3998,3.126,16.657
3999,22.491,-77.377
4000,-28.834,4.5974
4001,-55.317,-36.54
4002,-36.257,-5.4523
4003,64.658,64.444
4004,0.28232,40.882
4005,-42.442,77.597
4006,27.265,92.651
4007,-9.4539,1.8222
4008,5.125,85.916
4009,36.44,-65.49
4010,34.359,-68.085
4011,19.55,66.657
4012,17.38,-9.6826
4013,-8.9846,97.765
4014,-9.9797,-5.2877
4015,31.123,41.881
4016,40.184,1.4005
4017,-2.8161,68.053
4018,1.2655,61.2
4019,-47.797,35.683
4020,-55.388,40.504
4021,7.3848,5.799
4022,36.093,89.951
4023,-62.668,66.943
4024,56.97,58.816
4025,4.0628,21.355
4026,-17.863,-34.203
4027,-8.2462,5.1384
4028,-72.679,14.68
4029,59.623,-65.613
4030,57.051,-32.818
4031,44.713,-42.456
4032,53.391,-9.6205
4033,-2.2669,55.033
4034,33.754,82.627
4035,-77.876,11.984
4036,-12.675,51.985
4037,46.739,-3.0469
4038,31.886,23.028
4039,-76.907,-59.55
4040,46.994,104.35
4041,-31.849,5.1844
4042,37.293,-53.594
4043,38.68,-18.914
4044,71.016,-54.608
4045,4.7897,77.239
4046,47.195,-15.007
4047,7.0445,36.243
4048,59.063,49.237
4049,-16.519,-28.438
4050,-2.791,-75.636
4051,34.869,-76.867
4052,2.9085,34.475
4053,11.433,-17.944
4054,41.627,-57.355
4055,-14.335,-81.497
4056,22.832,19.864
4057,-47.293,-13.155
4058,2.1728,29.202
4059,27.141,81.547
4060,27.501,28.502
4061,14.889,71.424
4062,18.102,34.558
4063,14.451,-65.904
4064,-18.991,55.212
4065,-79.163,-52.577
4066,-38.391,-3.9932
4067,-61.559,72.28
4068,12.042,-3.8856
4069,53.525,-69.002
4070,9.4875,35.76
4071,33.792,40.232
4072,3.5766,78.53
4073,37.834,-73.549
4074,10.376,97.956
4075,-85.194,-24.913
4076,0.7291,100.97
4077,13.402,-5.8722
4078,77.285,-51.056
4079,79.164,-37.438
4080,-1.4594,-83.195
4081,21.177,-8.1431
4082,-10.78,66.83
4083,42.743,59.223
4084,36.372,9.3375
4085,-10.136,2.2609
4086,-34.434,88.845
4087,-27.37,-15.389
4088,-38.324,-4.9514
4089,-23.85,-90.98
4090,26.488,-54.721
4091,-9.2575,-76.045
4092,52.166,-31.868
4093,70.37,-58.189
4094,29.996,76.071
4095,34.697,-47.282
4096,36.628,91.016
4097,-4.0725,89.499
4098,-7.3665,72.666
4099,-0.65057,88.557
4100,-82.667,-25.085
4101,-48.668,-15.678
4102,19.823,-11.155
4103,19.423,-40.451
4104,23.558,-62.915
4105,31.932,-14.647
4106,92.415,-42.878
4107,28.375,74.244
4108,-17.116,30.491
4109,38.524,7.416
4110,-21.415,18.257
4111,12.204,-19.613
4112,-42.417,90.241
4113,-11.078,-85.561
4114,13.734,-11.782
4115,16.058,83.452
4116,60.461,50.37
4117,16.211,41.609
4118,-4.2926,67.758
4119,-3.6986,21.895
4120,-16.757,-72.759
4121,-74.773,-61.362
4122,64.724,-17.072
4123,45.57,-43.749
4124,36.918,-1.4268
4125,17.714,-9.1656
4126,46.163,-41.702
4127,-9.4467,-65.584
4128,25.593,27.68
4129,-14.324,95.613
4130,57.959,63.071
4131,52.271,55.017
4132,-16.189,87.062
4133,-12.82,-2.3319
4134,-63.12,69.359
4135,29.731,-4.4002
4136,-68.327,-4.8675
4137,22.115,-65.417
4138,-3.1981,68.02
4139,2.8276,62.8
4140,-13.215,99.111
4141,13.933,83.507
4142,45.609,2.1775
4143,-4.061,17.524
4144,52.437,-18.328
4145,41.584,19.44
4146,-0.59717,56.764
4147,37.03,16.898
4148,40.635,-56.174
4149,7.0511,0.72759
4150,-18.109,89.825
4151,58.598,-27.515
4152,-17.19,30.316
4153,27.962,39.878
4154,29.616,-77.054
4155,59.314,-11.994
4156,46.706,-15.788
4157,-8.1419,-67.682
4158,13.435,1.2141
4159,45.327,61.279
4160,98.513,-60.094
4161,-59.516,-40.018
4162,-28.054,-52.618
4163,48.416,-45.043
4164,-0.68776,35.476
4165,52.175,-23.446
4166,-35.328,71.676
4167,38.432,35.255
4168,42.996,36.203
4169,-12.82,-2.3318
4170,33.884,15.924
4171,-14.375,54.766
4172,7.9786,-60.693
4173,31.647,74.799
4174,-9.2953,-1.4215
4175,1.4031,88.69
4176,1.7399,88.089
4177,-27.443,7.6432
4178,44.63,-58.974
4179,-16.173,88.536
4180,4.7798,76.351
4181,25.969,-50.792
4182,14.25,80.567
4183,30.714,-51.335
4184,40.336,84.154
4185,1.6812,99.188
4186,6.0726,53.352
4187,17.171,58.849
4188,6.4478,25.834
4189,-7.9705,-65.768
4190,62.675,55.294
4191,-1.393,-37.874
4192,-11.983,-72.931
4193,24.012,-91.582
4194,58.375,40.561
4195,16.364,58.551
4196,2.8216,16.747
4197,15.158,-12.515
4198,31.983,-56.977
4199,47.522,81.09
4200,-0.27379,20.968
4201,30.068,-21.121
4202,-11.54,90.038
4203,-0.29153,19.034
4204,-30.551,49.017
4205,36.997,87.708
4206,-54.348,-38.671
4207,-7.343,-40.97
4208,28.731,-23.267
4209,9.0101,-12.952
4210,-1.6072,-57.865
4211,3.261,84.436
4212,40.775,0.46423
4213,37.202,4.9586
4214,-25.441,76.944
4215,18.143,9.0847
4216,-48.084,6.6841
4217,8.148,80.607
4218,52.545,-29.829
4219,-29.165,93.418
4220,32.843,-77.391
4221,30.607,83.947
4222,-60.253,75.475
4223,-21.539,2.4884
4224,68.486,39.826
4225,-0.28751,-81.73
4226,-27.801,-47.524
4227,-38.667,76.593
4228,1.2319,-6.9258
4229,35.878,20.802
4230,53.767,-49.775
4231,-4.5208,-35.865
4232,21.247,25.23
4233,45.437,-79.545
4234,-83.262,-25.266
4235,-22.209,8.6049
4236,-84.222,-21.757
4237,59.966,-55.416
4238,37.964,23.098
4239,-55.746,76.342
4240,59.825,40.893
4241,30.094,-3.0154
4242,-74.509,-63.736
4243,-41.247,4.3045
4244,-0.68484,102.17
4245,-19.801,-81.379
4246,-23.108,69.336
4247,12.622,-22.065
4248,-63.965,65.803
4249,-42.428,65.961
4250,-19.741,-24.884
4251,7.898,-0.017833
4252,56.263,49.307
4253,-16.642,28.43
4254,17.305,47.737
4255,74.958,-57.954
4256,26.246,26.391
4257,31.107,7.9929
4258,38.341,38.958
4259,52.984,55.418
4260,-34.221,17.16
4261,-54.39,53.937
4262,1.1083,87.108
4263,-17.287,-41.302
4264,-38.035,85.039
4265,-10.753,-68.319
4266,63.46,51.409
4267,12.754,11.485
4268,34.432,-18.614
4269,-9.9217,-68.797
4270,68.691,-23.741
4271,1.7655,71.569
4272,-43.749,68.388
4273,17.494,8.7694
4274,77.137,-38.812
4275,45.637,21.982
4276,12.639,51.594
4277,-42.138,8.6789
4278,-16.238,-26.791
4279,28.082,78.238
4280,12.032,-0.35877
4281,55.492,55.638
4282,-13.571,-51.324
4283,-15.019,-24.115
4284,51.092,-72.714
4285,-16.429,-79.598
4286,64.53,51.468
4287,64.087,50.916
4288,61.905,42.49
4289,41.3,25.882
4290,-16.989,-26.922
4291,-52.001,-55.435
4292,-21.6,-15.795
4293,7.218,-20.219
4294,12.745,-8.7531
4295,4.2122,84.437
4296,9.4376,41.881
4297,-69.704,-61.697
4298,16.981,52.184
4299,-0.18926,52.931
4300,-14.504,89.453
4301,50.914,73.464
4302,13.738,83.226
4303,-62.583,68.493
4304,-1.0572,32.549
4305,-55.673,-0.65768
4306,8.0613,83.705
4307,-33.753,-19.401
4308,-22.576,18.176
4309,-81.815,21.149
4310,9.8321,70.483
4311,24.397,19.557
4312,33.171,94.416
4313,-31.718,69.301
4314,56.664,49.876
4315,-75.976,-52.68
4316,1.8218,89.148
4317,74.122,54.077
4318,27.71,78.346
4319,-39.535,77.756
4320,-73.449,-65.442
4321,-11.181,-71.993
4322,-37.027,68.115
4323,46.114,15.008
4324,73.41,47.819
4325,49.386,26.347
4326,20.15,-8.5413
4327,-61.24,55.319
4328,-56.376,-26.22
4329,-6.5798,60.417
4330,23.094,-68.091
4331,22.959,19.926
4332,22.005,3.4548
4333,43.657,28.173
4334,42.553,50.505
4335,-59.463,67.155
4336,2.6888,-5.5614
4337,8.9677,37.657
4338,10.743,-14.957
4339,40.13,12.752
4340,-38.457,76.499
4341,-22.648,-88.413
4342,30.197,97.357
4343,44.656,-86.826
4344,7.9129,-79.181
4345,18.141,23.67
4346,11.397,68.107
4347,-57.153,31.126
4348,-33.321,-1.5722
4349,28.965,79.621
4350,-51.742,42.544
4351,-35.015,71.759
4352,36.455,-88.483
4353,8.9212,66.766
4354,9.7306,40.47
4355,-18.348,16.314
4356,-3.4177,69.874
4357,8.4421,-12.518
4358,34.682,-32.271
4359,43.035,-8.7689
4360,-3.3588,98.02
4361,-12.371,-76.803
4362,-15.906,-76.198
4363,-14.148,-80.056
4364,64.356,51.817
4365,34.963,81.93
4366,1.6403,88.265
4367,55.351,23.406
4368,39.587,4.2529
4369,25.357,-72.573
4370,7.1005,-76.642
4371,29.579,-36.608
4372,-7.2207,-86.037
4373,12.782,-12.143
4374,-20.666,-88.595
4375,17.499,47.332
4376,-26.082,66.224
4377,1.1876,38.81
4378,11.369,-67.236
4379,-10.717,85.243
4380,21.905,21.183
4381,15.831,80.931
4382,48.976,-89.583
4383,13.588,0.11637
4384,24.374,89.122
4385,-52.932,-31.526
4386,26.863,-51.128
4387,2.5018,8.3387
4388,1.4318,-81.27
4389,49.246,81.635
4390,68.158,-21.508
4391,-13.978,3.8009
4392,-55.901,39.55
4393,7.4811,85.175
4394,53.681,54.101
4395,4.3398,69.694
4396,59.143,39.966
4397,23.282,25.581
4398,-7.0889,57.192
4399,60.613,51.853
4400,81.274,31.136
4401,5.7745,77.629
4402,6.067,84.42
4403,20.586,44.438
4404,-49.747,24.003
4405,48.17,41.936
4406,-97.928,-12.241
4407,52.705,-17.837
4408,24.462,-93.788
4409,56.763,73.834
4410,5.7845,72.246
4411,-18.891,-71.706
4412,-55.402,-35.982
4413,-34.783,29.357
4414,2.7222,102.11
4415,14.577,14.037
4416,66.415,-23.703
4417,65.772,66.67
4418,37.569,80.714
4419,4.1963,75.96
4420,3.7312,-14.699
4421,-17.164,-79.912
4422,4.3853,-18.071
4423,-33.854,74.595
4424,-3.0482,40.461
4425,101.78,-48.433
4426,-66.977,-62.843
4427,9.0229,70.161
4428,31.083,1.1549
4429,37.104,22.655
4430,5.2279,-0.1327
4431,-53.824,-17.297
4432,-17.278,30.031
4433,-60.329,-66.463
4434,-55.354,40.211
4435,34.131,82.224
4436,29.203,-47.646
4437,41.305,-51.059
4438,37.716,-73.247
4439,12.85,-21.97
4440,14.757,-43.903
4441,-13.159,53.854
4442,36.77,7.4424
4443,35.021,3.8157
4444,3.4804,-16.363
4445,4.4938,-15.355
4446,-52.466,66.459
4447,43.073,24.783
4448,-3.4376,54.04
4449,38.856,91.299
4450,-44.868,-35.106
4451,58.827,-46.701
4452,48.6,2.9988
4453,20.79,-12.32
4454,60.079,42.845
4455,-33.318,72.663
4456,56.984,47.953
4457,21.664,-10.489
4458,40.805,4.7762
4459,75.418,-3.8151
4460,65.675,-21.36
4461,32.396,6.0967
4462,83.813,-48.716
4463,50.976,25.886
4464,-32.53,68.244
4465,17.677,-64.502
4466,-37.113,-7.0324
4467,0.54325,88.353
4468,-52.954,61.249
4469,9.8553,70.267
4470,-48.884,87.457
4471,61.506,-12.52
4472,45.126,-56.023
4473,2.6892,71.794
4474,18.754,90.032
4475,38.479,-67.023
4476,-32.443,72.595
4477,63.426,39.828
4478,-14.975,-24.365
4479,-96.39,-15.752
4480,-5.7714,40.732
4481,43.429,-59.657
4482,-10.128,-75.82
4483,-70.605,10.987
4484,-9.8832,-87.704
4485,87.905,-27.139
4486,-11.145,-73.01
4487,-51.852,80.845
4488,64.989,49.724
4489,58.869,50.956
4490,50.661,-84.469
4491,-11.256,61.224
4492,38.224,-39.767
4493,41.896,-66.315
4494,21.153,-84.487
4495,-63.3,75.407
4496,27.384,-52.021
4497,20.657,-9.933
4498,26.787,96.463
4499,-13.586,-67.032
4500,-5.0944,31.816
4501,22.155,87.587
4502,-18.365,25.468
4503,19.754,0.80607
4504,7.6305,17.52
4505,27.495,-53.135
4506,18.848,-85.52
4507,-74.883,-64.191
4508,-40.342,74.466
4509,-67.273,70.674
4510,-25.315,-95.376
4511,56.511,43.721
4512,-41.111,73.081
4513,86.819,45
4514,-60.101,-66.397
4515,44.432,-56.203
4516,-92.497,16.846
4517,12.98,32.421
4518,-10.215,65.046
4519,8.4266,-17.187
4520,52.425,-20.177
4521,46.374,-30.055
4522,78.599,-39.47
4523,18.616,10.511
4524,54.566,-30.46
4525,107.25,-52.845
4526,1.5954,55.262
4527,42.584,5.0121
4528,40.147,74.344
4529,21.42,27.383
4530,63.615,43.729
4531,-3.4745,98.048
4532,-75.347,33.163
4533,-34.364,-2.9007
4534,9.4296,39.513
4535,-17.174,15.446
4536,60.993,-55.633
4537,-18.967,65.464
4538,50.138,77.768
4539,-25.394,94.135
4540,16.283,32.75
4541,10.471,-0.76632
4542,-51.428,-85.02
4543,29.297,-44.547
4544,-25.701,-55.012
4545,64.637,51.746
4546,2.5074,85.097
4547,-76.599,36.034
4548,55.758,-84.345
4549,29.78,73.864
4550,-81.84,64.79
4551,-16.862,54.654
4552,19.607,-52.63
4553,37.455,80.326
4554,13.476,-14.101
4555,-43.36,-89.685
4556,-6.9325,-76.291
4557,-18.93,-83.521
4558,-18.064,68.72
4559,33.564,82.496
4560,-63.409,67.797
4561,-3.3688,98.028
4562,-17.784,-80.779
4563,-47.697,28.608
4564,-17.833,29.09
4565,-12.085,-32.566
4566,38.298,34.619
4567,8.0413,70.655
4568,10.573,77.125
4569,22.332,79.776
4570,12.722,-71.896
4571,-16.704,3.3304
4572,35.647,-45.046
4573,5.8306,93.124
4574,43.601,-60.501
4575,36.876,-32.81
4576,63.252,-25.046
4577,-62.899,24.616
4578,-83.64,61.625
4579,-90.312,45.437
4580,-8.3364,36.17
4581,44.429,-0.12548
4582,32.464,23.662
4583,35.473,-76.298
4584,29.182,-45.012
4585,20.542,23.53
4586,-14.998,63.78
4587,22.443,28.343
4588,28.23,79.234
4589,-10.676,-72.254
4590,1.962,29.4
4591,36.006,24.622
4592,55.17,43.211
4593,44.562,-45.099
4594,7.7163,80.444
4595,6.2394,0.87634
4596,-25.578,-0.71168
4597,46.187,-41.226
4598,35.956,66.324
4599,1.6596,-3.5786
4600,19.566,1.8572
4601,-17.734,-59.104
4602,8.4983,-7.8352
4603,7.5987,85.716
4604,23.15,-62.638
4605,37.478,9.7077
4606,-24.749,-99.4
4607,55.381,55.546
4608,31.43,41.192
4609,-15.545,29.58
4610,25.509,99.976
4611,50.909,26.356
4612,-10.28,-88.853
4613,42.181,35.411
4614,-7.9895,-87.902
4615,5.5127,68.658
4616,11.531,-22.953
4617,37.722,34.609
4618,11.23,50.86
4619,-53.897,-57.868
4620,41.22,-45.232
4621,24.279,96.321
4622,-62.469,30.987
4623,2.9671,-20.268
4624,-34.819,65.225
4625,-19.992,8.6205
4626,-79.094,-56.585
4627,31.855,75.081
4628,-17.135,62.581
4629,9.9944,70.51
4630,36.96,-87.605
4631,6.5693,77.083
4632,3.3265,-16.319
4633,-24.962,28.909
4634,-36.59,-3.1151
4635,-67.132,20.37
4636,-13.786,6.8433
4637,19.674,22.192
4638,19.194,1.2808
4639,61.095,-12.581
4640,3.9649,77.151
4641,17.07,59.701
4642,-24.596,92.617
4643,-9.5744,-69.372
4644,14.527,75.189
4645,-59.542,67.627
4646,21.258,-77.124
4647,-18.431,-47.94
4648,63.799,42.578
4649,93.336,-56.853
4650,18.094,-6.8848
4651,11.277,74.293
4652,-41.694,75.949
4653,7.4316,-8.5969
4654,107.26,-52.808
4655,-53.216,-31.535
4656,23.649,24.869
4657,26.314,5.2985
4658,-71.941,69.335
4659,27.285,38.9
4660,10.61,70.742
4661,-29.452,66.234
4662,28.195,39.033
4663,57.192,-25.123
4664,-19.532,-83.046
4665,18.37,-20.943
4666,35.163,81.866
4667,20.432,22.228
4668,6.4561,49.266
4669,-10.706,87.017
4670,35.834,38.093
4671,4.6251,27.595
4672,16.84,3.3337
4673,-45.848,86.992
4674,40.057,84.064
4675,22.562,22.74
4676,25.851,-44.672
4677,-58.044,-64.891
4678,8.1039,0.077044
4679,52.252,-49.942
4680,10.292,76.249
4681,7.4462,68.586
4682,-47.15,4.8937
4683,51.06,80.041
4684,38.803,31.494
4685,-75.503,-52.578
4686,39.205,23.635
4687,-31.079,-72.829
4688,38.429,86.397
4689,21.453,26.98
4690,-76.582,-58.317
4691,33.45,83.786
4692,53.819,-72.634
4693,16.714,-43.158
4694,52.405,-64.986
4695,9.7407,60.267
4696,14.167,63.978
4697,60.862,-20.24
4698,55.616,7.3009
4699,-2.0105,-75.103
4700,41.522,6.6575
4701,-31.08,5.8861
4702,-69.001,-61.74
4703,107.23,-52.808
4704,97.417,-59.276
4705,-16.534,-80.51
4706,21.965,6.1514
4707,19.862,-85.055
4708,28.149,-46.311
4709,14.016,-80.651
4710,-53.029,73.743
4711,-4.7453,54.227
4712,20.088,22.896
4713,24.214,4.5192
4714,13.512,73.428
4715,3.1741,-31.569
4716,75.639,-38.861
4717,-41.282,72.754
4718,84.721,13.058
4719,-9.472,-78.678
4720,39.182,39.336
4721,-12.82,-77.407
4722,-21.662,-86.632
4723,-4.539,20.174
4724,-67.267,20.075
4725,-20.581,-85.409
4726,27.967,-47.123
4727,-9.8003,23.26
4728,21.363,26.44
4729,30.621,24.733
4730,26.646,99.42
4731,28.628,40.405
4732,-16.558,68.129
4733,13.12,-6.1067
4734,-12.379,5.3476
4735,-1.8982,12.191
4736,21.399,26.834
4737,18.01,66.915
4738,12.798,-18.016
4739,42.573,19.044
4740,61.906,-9.0874
4741,-16.187,-71.243
4742,-51.857,79.109
4743,12.031,-5.3323
4744,-62.149,75.691
4745,35.109,82.507
4746,-88.135,-22.64
4747,-88.225,44.486
4748,52.565,-10.128
4749,5.2115,56.843
4750,-33.193,74.502
4751,41.604,34.686
4752,33.558,-48.949
4753,3.3213,33.753
4754,21.015,25.115
4755,-59.296,-40.731
4756,10.914,-9.9527
4757,-68.907,51.702
4758,-49.94,-27.85
4759,31.722,75.546
4760,34.647,76.511
4761,29.812,16.889
4762,12.52,-5.4513
4763,10.337,-51.37
4764,-46.171,82.311
4765,-51.921,79.343
4766,20.228,-11.294
4767,36.242,4.819
4768,58.055,-13.3
4769,2.3723,20.373
4770,40.216,25.561
4771,27.412,-51.999
4772,-10.694,-72.154
4773,-19.017,-68.207
4774,-25.666,4.9026
4775,-33.149,-8.0765
4776,-72.178,10.843
4777,-101.99,-2.3342
4778,69.048,50.863
4779,-11.357,-0.16726
4780,34.752,-46.851
4781,13.415,-38.83
4782,16.622,54.178
4783,38.42,35.508
4784,29.286,81.844
4785,-16.299,28.257
4786,-31.334,71.75
4787,4.6432,17.2
4788,47.295,-29.985
4789,-24.928,-101.74
4790,86.049,-22.95
4791,7.6642,-14.452
4792,-25.258,65.094
4793,29.726,-0.55522
4794,63.536,-52.81
4795,-42.973,86.749
4796,74.617,-46.262
4797,4.2753,83.242
4798,-42.696,81.24
4799,46.149,73.367
4800,-12.768,-76.794
4801,25.26,15.238
4802,84.002,-49.031
4803,-31.348,73.986
4804,-13.171,98.634
4805,46.36,79.96
4806,30.677,-48.105
4807,50.312,-61.209
4808,2.3818,24.938
4809,41.313,35.965
4810,-95.718,54.133
4811,66.551,-21.005
4812,-49.298,78.697
4813,32.548,-77.198
4814,-14.24,-82.445
4815,14.915,79.762
4816,40.588,-57.627
4817,-49.572,67.574
4818,33.52,0.28779
4819,56.945,51.495
4820,-11.202,102.67
4821,23.543,-58.118
4822,-25.406,68.02
4823,-16.482,86.885
4824,16.332,80.683
4825,10.293,-84.021
4826,29.801,-0.49253
4827,32.606,9.0889
4828,-7.8933,66.824
4829,-7.1687,2.0093
4830,35.476,-76.265
4831,-10.064,65.329
4832,47.873,-60.97
4833,15.908,80.765
4834,-18.226,-84.232
4835,-43.135,-0.75977
4836,88.758,-21.638
4837,-13.401,92.181
4838,44.607,-42.794
4839,-8.1694,-76.944
4840,52.684,-29.521
4841,36.087,-22.624
4842,27.581,1.7193
4843,-63.631,74.639
4844,12.949,-12.046
4845,63.663,45.018
4846,-1.3633,33.43
4847,19.954,22.656
4848,-37.14,-4.5859
4849,-39.843,-40.13
4850,-59.456,30.067
4851,34.607,-66.808
4852,63.441,-0.72106
4853,28.303,-68.78
4854,28.146,4.409
4855,-6.3353,-36.363
4856,4.9213,41.413
4857,-51.675,54.074
4858,58.921,51.892
4859,13.486,-18.787
4860,-8.3328,37.871
4861,-30.432,3.3605
4862,56.341,42.764
4863,-53.975,-58.382
4864,13.394,7.9207
4865,47.533,87.791
4866,27.457,4.2094
4867,-60.69,24.332
4868,4.4323,-13.2
4869,33.276,37.192
4870,0.10996,21.756
4871,-8.5209,-66.831
4872,-50.496,52.371
4873,30.174,24.435
4874,2.3828,36.203
4875,37.93,80.275
4876,-17.842,65.593
4877,10.397,-0.41461
4878,58.371,46.597
4879,12.26,9.7635
4880,-4.5135,20.078
4881,21.256,21.279
4882,33.923,-60.16
4883,-54.355,-58.303
4884,65.701,-64.341
4885,-40.069,83.738
4886,-52.716,65.26
4887,-53.075,-31.588
4888,-18.153,1.5537
4889,68.889,-37.871
4890,19.904,-84.572
4891,17.644,-11.321
4892,13.648,0.48174
4893,-44.705,1.3591
4894,4.3293,28.675
4895,5.2953,85.611
4896,-15.93,0.22838
4897,-3.2682,54.551
4898,-60.122,67.607
4899,-51.908,66.855
4900,20.875,-82.346
4901,30.894,24.578
4902,-40.856,-4.3996
4903,99.761,-59.581
4904,20.343,42.24
4905,-9.2411,-64.735
4906,89.41,-25.654
4907,-6.6544,19.339
4908,-7.8037,36.004
4909,-13.359,9.5679
4910,-69.614,68.556
4911,17.247,-9.0688
4912,-32.935,74.591
4913,-0.30017,-78.142
4914,14.965,-26.838
4915,20.712,-55.638
4916,-13.416,14.752
4917,22.489,23.974
4918,23.725,20.571
4919,7.3368,77.535
4920,-4.7371,19.834
4921,10.195,-39.088
4922,-6.0114,101.04
4923,-1.8743,59.986
4924,-51.061,64.041
4925,14.238,-4.5218
4926,-35.964,21.452
4927,-35.014,13.92
4928,86.347,-5.924
4929,-20.915,-38.446
4930,-11.213,-16.971
4931,75.775,-38.437
4932,3.7135,-15.459
4933,6.5002,0.73978
4934,16.353,59.346
4935,9.7133,14.974
4936,56.957,3.8065
4937,10.04,86.915
4938,13.968,-19.937
4939,-5.7473,-91.27
4940,-55.88,74.195
4941,-45.111,-39.372
4942,-13.802,14.959
4943,-22.689,-89.025
4944,7.3146,5.8723
4945,-1.9089,25.704
4946,22.2,55.087
4947,-5.886,100.32
4948,6.4342,0.027293
4949,5.638,-16.031
4950,27.209,-48.613
4951,15.869,79.874
4952,-102.95,19.87
4953,13.745,-41.722
4954,-58.696,32.729
4955,53.068,-20.359
4956,3.6302,18.45
4957,21.232,24.744
4958,50.853,73.483
4959,-60.098,-0.42528
4960,41.029,37.384
4961,79.273,-7.0815
4962,-20.003,93.073
4963,34.811,-64.804
4964,10.129,50.858
4965,-18.033,56.974
4966,18.594,52.587
4967,2.5688,-16.717
4968,-3.8797,18.157
4969,4.2157,-12.339
4970,3.0255,68.928
4971,96.446,44.67
4972,4.1625,-15.038
4973,30.123,-45.003
4974,-25.534,-97.945
4975,21.592,-42.603
4976,-8.2751,13.69
4977,5.1864,55.142
4978,-13.063,75.493
4979,32.589,66.251
4980,-36.394,-5.5273
4981,-25.382,-98.743
4982,26.246,-37.576
4983,-102.69,30.694
4984,-65.075,-84.315
4985,44.47,-44.053
4986,99.66,-59.617
4987,13.374,-15.415
4988,75.073,-58.504
4989,-53.174,57.052
4990,-10.172,-72.431
4991,-32.772,13.678
4992,-12.793,-77.009
4993,-10.496,-73.256
4994,5.3136,-0.64272
4995,-16.036,-71.094
4996,28.367,37.13
4997,-21.555,2.8647
4998,-20.301,-39.105
4999,3.4813,57.975
5000,-32.031,74.541
5001,54.045,-79.848
5002,-58.813,75.701
5003,-17.395,-24.482
5004,-11.158,32.9
5005,32.908,78.995
5006,100.1,-59.423
5007,-22.791,-74.613
5008,-90.921,17.226
5009,-82.607,23.251
5010,-30.696,67.306
5011,11.485,73.221
5012,63.111,47.781
5013,87.136,-36.919
5014,-42.447,73.539
5015,27.273,74.336
5016,-5.0453,19.522
5017,-34.294,0.38467
5018,12.234,-2.167
5019,58.049,46.752
5020,30.643,4.7274
5021,36.057,38.004
5022,10.028,46.314
5023,-30.988,38.632
5024,-22.315,-61.544
5025,-74.972,-47.993
5026,-19.543,79.053
5027,-1.8935,-74.966
5028,3.6781,85.737
5029,16.131,32.481
5030,2.9877,41.698
5031,-19.375,-80.057
5032,-17.548,-82.008
5033,22.499,-39.578
5034,41.451,-56.986
5035,47.33,-4.8119
5036,-31.577,-80.079
5037,2.543,-6.571
5038,-45.63,35.43
5039,55.734,55
5040,-15.355,-78.328
5041,-49.497,84.53
5042,9.4191,67.366
5043,17.399,-11.467
5044,44.622,85.817
5045,-16.748,3.7638
5046,74.357,56.489
5047,-16.6,-78.482
5048,-15.299,-85.465
5049,-48.625,-42.876
5050,-18.615,18.316
5051,-11.132,33.774
5052,2.7306,-7.9801
5053,-21.116,-71.232
5054,52.614,-50.974
5055,-41.315,72.66
5056,-59.185,68.905
5057,-16.402,4.2149
5058,20.868,-77.311
5059,-21.264,83.846
5060,30.921,-86.858
5061,12.557,-11.364
5062,18.599,-9.935
5063,58.483,43.676
5064,-80.382,62.536
5065,-24.477,92.541
5066,-65.467,21.691
5067,35.898,-78.946
5068,-55.559,80.108
5069,-63.678,72.545
5070,-8.1431,29.167
5071,40.835,-57.42
5072,64.457,-27.196
5073,-10.988,93.087
5074,-48.272,78.957
5075,-62.596,1.2782
5076,-58.338,1.0506
5077,-14.766,-38.372
5078,10.905,-56.587
5079,49.865,-33.806
5080,26.064,-94.526
5081,-38.957,75.477
5082,-68.225,60.778
5083,-52.094,-40.022
5084,13.969,-28.47
5085,-9.4386,-17.603
5086,26.307,-47.634
5087,-24.157,72.754
5088,-24.619,92.583
5089,-10.163,-66.36
5090,12.635,-11.309
5091,68.212,27.299
5092,102.88,-57.467
5093,-1.6447,98.554
5094,-5.4501,66.685
5095,-7.7374,30.338
5096,32.583,-68.709
5097,-63.119,-89.799
5098,32.412,-77.383
5099,-73.552,52.915
5100,-18.595,-82.299
5101,-0.86694,41.813
5102,8.473,-14.67
5103,14.956,71.969
5104,-50.949,52.805
5105,72.341,33.478
5106,-15.396,26.087
5107,7.8544,-13.239
5108,-27.514,86.909
5109,-19.644,-83.656
5110,51.493,74.78
5111,-68.84,69.79
5112,53.043,-58.512
5113,-31.952,-4.6097
5114,-34.389,-22.033
5115,-12.361,-85.035
5116,3.4087,70.479
5117,-38.03,75.391
5118,-82.271,23.023
5119,-16.042,64.877
5120,51.809,-16.076
5121,53.182,-8.7904
5122,14.964,-4.3731
5123,-8.6889,-66.422
5124,49.297,-32.147
5125,31.481,36.825
5126,66.976,68.091
5127,50.842,-71.961
5128,20.027,-10.857
5129,-1.1092,101.34
5130,-25.521,67.954
5131,18.584,-74.829
5132,43.69,-57.98
5133,28.928,27.877
5134,31.066,-67.422
5135,-58.066,53.459
5136,47.602,-8.7099
5137,-46.661,70.152
5138,-83.079,19.923
5139,-7.118,-24.367
5140,-24.402,-21.168
5141,-59.705,0.56808
5142,46.385,27.283
5143,5.8544,43.068
5144,-71.943,69.48
5145,29.588,-47.32
5146,-11.712,70.391
5147,37.299,-91.578
5148,20.025,-10.936
5149,65.182,89.636
5150,16.999,84.415
5151,30.563,-71.27
5152,15.168,89.957
5153,-36.712,68.443
5154,-48.333,-85.858
5155,-14.284,2.4317
5156,26.857,81.239
5157,26.625,0.46359
5158,-61.07,-21.929
5159,39.104,67.816
5160,-20.511,89.589
5161,-102.95,-11.778
5162,40.88,61.729
5163,-32.975,44.943
5164,-80.08,-65.414
5165,25.827,-52.41
5166,-10.787,93.443
5167,-19.878,76.011
5168,-38.293,74.098
5169,10.71,73.093
5170,21.492,-6.2404
5171,-32.82,13.31
5172,2.9564,70.173
5173,67.82,-23.427
5174,0.25978,3.496
5175,26.512,-53.018
5176,0.28578,81.247
5177,-1.2016,60.97
5178,-47.587,69.098
5179,42.887,20.25
5180,-67.519,-69.234
5181,4.3128,70.095
5182,17.713,-5.9653
5183,8.8702,57.732
5184,-34.374,74.604
5185,-0.87449,31.883
5186,-51.536,59.574
5187,32.613,-79.792
5188,-43.929,81.941
5189,-42.774,-19.196
5190,-29.001,76.406
5191,-0.26473,41.551
5192,3.2821,-85.951
5193,14.248,-5.5105
5194,59.253,-12.19
5195,52.373,-56.319
5196,20.057,-84.754
5197,32.131,-86.604
5198,23.224,76.517
5199,16.795,-28.642
5200,-3.236,28.439
5201,56.789,43.636
5202,42.04,-56.743
5203,-8.3142,25.85
5204,-11.369,22.451
5205,-51.832,51.911
5206,3.219,41.507
5207,-48.749,79.023
5208,58.598,62.319
5209,-11.384,-93.341
5210,33.233,64.728
5211,45.77,-41.028
5212,23.043,-87.117
5213,-10.339,86.456
5214,-17.96,-85.424
5215,0.64652,35.023
5216,6.08,78.611
5217,-8.5999,-73.555
5218,10.244,70.49
5219,1.0212,30.189
5220,-25.246,67.265
5221,-6.2686,-66.517
5222,27.074,0.35781
5223,-40.451,87.052
5224,32.152,-86.978
5225,75.783,-48.18
5226,-56.786,24.428
5227,0.99334,-5.5829
5228,-69.412,-62.162
5229,-60.774,6.9548
5230,21.225,-10.184
5231,64.084,-15.457
5232,8.5563,73.507
5233,20.505,57.227
5234,19.017,-80.216
5235,-32.58,90.484
5236,-84.845,27.243
5237,-17.001,82.624
5238,19.452,-6.7356
5239,-83.038,18.057
5240,33.281,-41.237
5241,45.554,-47.508
5242,-14.025,-81.098
5243,51.162,39.58
5244,-70.62,-78.463
5245,16.877,59.127
5246,-23.837,57.172
5247,31.713,-87.222
5248,-63.954,75.403
5249,15.297,-4.9124
5250,64.234,57.512
5251,3.3997,80.905
5252,41.07,81.937
5253,-30.868,57.516
5254,26.278,-94.466
5255,-57.819,77.155
5256,0.66172,96.704
5257,2.5527,67.58
5258,35.403,82.549
5259,5.3694,39.635
5260,-39.793,-11.907
5261,-18.666,-69.511
5262,57.14,-23.625
5263,-28.376,59.166
5264,-12.577,3.0066
5265,-20.759,-87.703
5266,-0.32055,-76.269
5267,37.121,-48.649
5268,35.482,-54.806
5269,-27.818,64.188
5270,32.881,-51.584
5271,-55.983,-0.27608
5272,-16.029,-80.121
5273,41.118,23.884
5274,-14.491,-67.243
5275,20.234,-84.775
5276,-62.426,27.375
5277,-81.582,21.543
5278,-43.729,87.775
5279,38.495,73.595
5280,12.203,96.981
5281,-4.5719,92.48
5282,-30.105,73.487
5283,-4.3846,-74.407
5284,-55.48,65.69
5285,30.262,-0.073021
5286,-25.942,57.084
5287,-11.659,-71.528
5288,15.283,98.189
5289,82.6,-9.5417
5290,35.272,66.471
5291,-41.624,75.512
5292,-70.308,61.711
5293,34.429,-66.719
5294,-63.467,74.115
5295,26.751,-49.82
5296,60.064,53.638
5297,-15.703,2.0403
5298,-15.351,-21.794
5299,-20.079,-35.803
5300,15.742,84.817
5301,-61.114,79.31
5302,-9.0421,36.214
5303,-45.987,69.587
5304,-72.158,69.276
5305,-5.5028,92.125
5306,-43.557,10.292
5307,-10.34,-84.368
5308,-3.7645,-34.371
5309,-23.157,-78.509
5310,-70.644,65.529
5311,10.699,63.501
5312,-10.828,86.812
5313,-18.665,16.233
5314,-20.68,-93.809
5315,10.676,-15.012
5316,-7.2459,27.094
5317,21.897,-81.998
5318,-44.633,5.5948
5319,-11.156,102.46
5320,-27.859,90.809
5321,-53.492,80.428
5322,-11.379,-66.879
5323,-53.418,-39.867
5324,-70.208,-62.02
5325,29.7,75.808
5326,-7.7995,31.149
5327,-4.4052,101.25
5328,6.0174,-83.762
5329,34.085,91.008
5330,15.76,-71.272
5331,14.6,79.455
5332,-53.843,-38.284
5333,11.801,-12.829
5334,-34.39,-59.554
5335,15.26,-12.186
5336,63.702,43.044
5337,-42.961,76.8
5338,-51.938,72.65
5339,21.098,-77.235
5340,-23.328,89.8
5341,-66.467,72.968
5342,1.7761,93.555
5343,-18.807,-83.288
5344,-10.201,101.96
5345,-60.043,69.999
5346,39.461,85.166
5347,42.806,-48.615
5348,-6.3619,25.591
5349,41.775,-59.751
5350,-22.146,52.347
5351,6.1932,77.98
5352,31.993,80.944
5353,8.1879,68.152
5354,-33.465,88.035
5355,-7.0309,93.249
5356,45.58,76.161
5357,17.033,56.027
5358,-1.6236,67.769
5359,14.961,71.2
5360,49.743,24.575
5361,30.504,26.485
5362,56.873,-79.771
5363,11.951,-7.3216
5364,3.713,71.771
5365,-6.0097,33.891
5366,32.639,-66.948
5367,-15.629,54.84
5368,3.1292,57.797
5369,-12.49,63.464
5370,-33.487,0.092524
5371,-0.25685,40.432
5372,60.98,43.126
5373,3.2835,79.31
5374,18.202,-36.562
5375,14.022,-40.794
5376,-53.039,77.181
5377,17.639,51.089
5378,-51.297,83.125
5379,-31.837,86.478
5380,-43.71,5.419
5381,-33.708,-33.82
5382,-84.169,-22.898
5383,-11.427,33.263
5384,-0.088509,52.776
5385,1.8626,93.326
5386,39.781,37.556
5387,13.609,-1.5411
5388,64.778,88.534
5389,17.685,-11.427
5390,-23.683,-92.453
5391,-59.952,68.835
5392,-60.57,77.152
5393,17.202,58.479
5394,1.9098,99.18
5395,35.945,92.933
5396,35.451,3.7026
5397,52.252,48.786
5398,15.038,57.538
5399,-15.95,63.612
5400,-64.149,71.674
5401,32.347,-80.411
5402,51.243,-56.01
5403,67.347,56.816
5404,70.513,87.503
5405,-22.204,-24.702
5406,17.812,76.407
5407,-6.371,61.439
5408,-6.3916,19.921
5409,-1.4794,14.478
5410,-11.866,66.432
5411,-9.9026,65.686
5412,-24.744,65.073
5413,15.828,57.759
5414,-39.879,41.773
5415,-24.564,92.324
5416,-62.025,-76.198
5417,-32.303,24.374
5418,28.625,74.646
5419,64.261,45.418
5420,13.645,-41.553
5421,-47.361,60.638
5422,9.4804,69.968
5423,29.751,2.2188
5424,-20.694,92.499
5425,21.503,-7.9501
5426,25.723,95.183
5427,-61.841,-75.552
5428,21.723,-23.779
5429,3.1294,97.028
5430,63.333,51.538
5431,7.8456,68.163
5432,14.704,96.297
5433,20.405,-83.909
5434,-51.627,61.524
5435,25.754,-50.694
5436,-33.99,15.183
5437,-30.616,80.68
5438,2.3908,18.232
5439,-1.738,54.713
5440,-25.38,92.657
5441,-42.199,73.947
5442,7.4041,-8.5351
5443,37.856,35.422
5444,-9.1226,-68.673
5445,-64.427,75.663
5446,-24.717,70.747
5447,-54.633,2.0559
5448,50.871,0.14444
5449,-47.128,-18.813
5450,-45.144,-6.321
5451,-50.136,81.969
5452,-59.603,77.86
5453,-14.036,66.349
5454,39.915,34.512
5455,33.464,-42.288
5456,-70.096,70.956
5457,-2.2402,51.695
5458,-58.525,-67.633
5459,-89.142,21.324
5460,-41.552,8.0563
5461,-58.382,60.693
5462,33.592,5.2953
5463,-33.036,71.133
5464,18.051,-5.5814
5465,-16.352,-24.152
5466,-41.498,84.729
5467,15.512,-40.089
5468,-55.877,77.074
5469,20.579,82.367
5470,-16.071,-70.995
5471,12.917,-13.218
5472,24.27,89.163
5473,54.777,43.846
5474,-13.321,-79.013
5475,-59.511,76.878
5476,-17.335,94.238
5477,-73.862,-63.534
5478,26.702,0.17967
5479,-31.623,95.448
5480,-62.715,68.581
5481,29.49,1.8952
5482,-10.575,-38.316
5483,-61.838,76.476
5484,3.5373,-6.6644
5485,-64.782,73.629
5486,-16.24,-83.346
5487,14.472,74.294
5488,34.148,38.999
5489,29.72,94.335
5490,-68.168,39.171
5491,-21.117,68.221
5492,-55.96,33.804
5493,31.728,2.1752
5494,-27.307,32.768
5495,53.71,-17.905
5496,-50.602,84.506
5497,-42.947,76.582
5498,13.495,-6.1839
5499,6.4615,0.027439
5500,29.575,97.451
5501,-69.554,70.655
5502,-19.833,19.18
5503,-74.038,35.595
5504,-5.9462,21.74
5505,-8.3761,66.205
5506,0.070606,14.343
5507,-15.952,26.429
5508,96.062,-59.291
5509,54.755,44.178
5510,10.948,-41.249
5511,-78.09,-54.235
5512,-51.447,43.62
5513,13.785,78.223
5514,1.0295,102.27
5515,-3.8633,68.216
5516,-83.317,18.933
5517,-103.02,27.637
5518,-17.418,25.583
5519,-65.157,62.896
5520,-69.046,38.614
5521,-1.5901,98.544
5522,-10.013,95.125
5523,-69.413,68.846
5524,-51.691,-86.471
5525,-9.6428,-92.666
5526,20.273,-6.8845
5527,5.2427,84.856
5528,65.898,46.874
5529,68.983,50.495
5530,-19.713,61.087
5531,-22.929,90.056
5532,17.414,83.873
5533,25.908,-72.294
5534,2.6038,22.691
5535,26.71,87.873
5536,24.168,84.239
5537,52.511,-18.465
5538,44.18,35.204
5539,-84.583,-21.255
5540,20.795,-7.1376
5541,5.0726,69.657
5542,27.497,51.592
5543,37.91,-2.0429
5544,51.405,79.199
5545,56.466,43.794
5546,-1.6872,22.779
5547,-42.224,-30.287
5548,21.383,54.164
5549,13.814,73.389
5550,-61.55,62.904
5551,-2.2393,49.792
5552,55.999,49.612
5553,-19.428,-23.203
5554,-20.715,-68.115
5555,-32.453,-28.061
5556,-15.954,64.238
5557,17.121,-9.5536
5558,14.003,-10.719
5559,-44.367,55.94
5560,-23.801,81.751
5561,58.435,-10.305
5562,-87.869,-5.2568
5563,-69.123,-62.691
5564,6.2455,91.053
5565,64.222,45.466
5566,18.634,51.993
5567,11.752,99.303
5568,5.2296,70.857
5569,-23.814,72.898
5570,-3.2195,98.143
5571,-59.882,32.56
5572,0.46361,57.781
5573,20.4,-9.0937
5574,-2.2849,100.7
5575,-25.057,27.644
5576,-38.859,60.83
5577,20.627,-80.172
5578,-12.671,-4.5282
5579,-49.321,77.418
5580,-4.6665,92.517
5581,-32.58,-7.8814
5582,-37.506,69.625
5583,-17.417,68.072
5584,-52.825,60.968
5585,-77.109,60.353
5586,-43.575,84.633
5587,16.257,-39.681
5588,98.028,-60.19
5589,20.12,-6.1704
5590,15.996,80.213
5591,57.684,43.642
5592,-77.855,59.606
5593,38.516,35.048
5594,-53.171,22.937
5595,-10.08,64.085
5596,-83.519,20.332
5597,17.06,13.366
5598,-4.6092,51.953
5599,-68.016,68.527
5600,-66.026,72.655
5601,-32.429,13.703
5602,-16.589,-26.801
5603,-69.517,71.755
5604,17.267,56.713
5605,27.583,6.0357
5606,-61.667,70.774
5607,-39.043,85.275
5608,-102.89,20.442
5609,16.214,-43.478
5610,-62.524,79.139
5611,-38.372,86.328
5612,54.617,42.826
5613,33.919,37.503
5614,-11.474,51.591
5615,16.386,-5.0238
5616,17.901,-3.8646
5617,-52.156,64.967
5618,-24.694,80.778
5619,-19.23,52.213
5620,-69.459,-32.002
5621,-0.39932,-63.375
5622,-25.392,28.44
5623,15.615,-7.7211
5624,12.874,72.355
5625,28.69,43.508
5626,-17.915,75.238
5627,-1.8195,33.617
5628,-22.108,-88.716
5629,16.768,59.236
5630,-50.737,83.742
5631,57.166,46.692
5632,-23.572,89.357
5633,31.474,3.8666
5634,32.935,40.845
5635,-16.171,87.257
5636,7.557,-0.14233
5637,-78.544,-54.837
5638,6.4164,-0.46178
5639,-56.133,74.144
5640,-47.645,67.357
5641,-50.643,54.697
5642,-11.278,-76.571
5643,55.185,55.346
5644,-15.593,-0.29356
5645,-64.038,77.744
5646,-59.025,67.31
5647,30.832,85.889
5648,57.496,47.456
5649,-22.784,62.952
5650,-62.948,74.468
5651,75.607,-36.095
5652,73.068,49.021
5653,40.839,84.389
5654,29.705,21.734
5655,-20.421,92.21
5656,5.7645,11.768
5657,-64.766,68.285
5658,48.783,-76.309
5659,11.408,74.366
5660,95.158,-59.928
5661,-10.078,2.433
5662,32.398,41.247
5663,82.622,26.481
5664,13.628,37.878
5665,-103.91,35.374
5666,-31.309,-0.9921
5667,24.237,97.738
5668,-51.985,70.435
5669,-24.104,69.935
5670,5.3585,39.72
5671,-9.7204,93.71
5672,27.236,41.652
5673,-71.642,51.468
5674,38.015,-68.41
5675,-40.216,83.542
5676,-34.053,-33.667
5677,-7.2981,3.589
5678,-37.514,21.322
5679,-84.565,-10.534
5680,-22.885,-89.884
5681,-95.573,27.404
5682,-87.74,28.552
5683,10.842,73.17
5684,-29.311,66.816
5685,37.372,80.385
5686,0.89963,66.555
5687,32.254,-42.763
5688,-14.488,44.766
5689,41.745,-49.207
5690,8.2522,41.689
5691,53.806,-26.086
5692,-38.373,4.462
5693,-27.762,66.766
5694,-21.654,92.225
5695,-85.576,25.617
5696,-41.796,52.933
5697,-43.581,82.694
5698,37.73,83.127
5699,-39.469,-7.8141
5700,-22.457,-87.018
5701,26.649,7.1913
5702,11.477,52.623
5703,70.48,48.602
5704,25.026,81.816
5705,-41.261,5.3622
5706,31.185,42.882
5707,64.857,56.892
5708,20.181,22.94
5709,-0.62239,53.848
5710,-10.449,-52.126
5711,-37.114,56.076
5712,0.14015,58.094
5713,-8.5146,65.544
5714,9.7547,-2.6096
5715,28.567,78.279
5716,-15.896,-24.814
5717,31.571,-44.982
5718,-28.096,59.383
5719,-63.796,75.433
5720,-101.36,23.184
5721,-44.236,-1.8487
5722,57.289,41.615
5723,-41.695,49.962
5724,-60.215,76.805
5725,-17.095,-39.625
5726,7.8038,85.787
5727,-42.1,87.526
5728,5.5722,83.428
5729,-43.142,67.786
5730,-38.928,76.665
5731,2.2155,24.978
5732,-15.138,-0.15593
5733,32.341,42.229
5734,-48.365,66.257
5735,-63.02,72.416
5736,-0.54083,88.754
5737,60.899,43.422
5738,-25.053,93.813
5739,-8.9711,97.707
5740,-12.937,46.554
5741,-8.7253,-66.713
5742,17.819,62.834
5743,-53.201,-46.543
5744,-73.192,68.282
5745,-60.664,22.489
5746,-24.622,89.59
5747,-9.3828,63.659
5748,52.742,60.931
5749,-68.691,39.069
5750,-35.773,70.942
5751,-55.623,40.069
5752,101.09,-58.838
5753,101.39,-58.621
5754,-17.06,-79.699
5755,41.885,78.862
5756,60.757,42.847
5757,62.853,51.784
5758,14.291,0.34897
5759,-9.4217,82.848
5760,-60.022,77.287
5761,15.612,-86.079
5762,-97.143,26.89
5763,9.8538,72.043
5764,40.104,37.789
5765,66.06,88.021
5766,-83.023,59.184
5767,-5.0126,66.731
5768,-39.667,55.719
5769,-16.623,-5.2468
5770,-47.634,75.004
5771,56.149,49.557
5772,32.05,-52.737
5773,-42.402,89.715
5774,-43.577,57.356
5775,37.572,80.143
5776,19.074,48.193
5777,-58.481,1.4544
5778,-82.459,20.924
5779,26.718,-95.044
5780,10.233,-40.077
5781,-37.067,81.353
5782,-14.914,-79.717
5783,37.129,88.149
5784,16.018,59.321
5785,-90.813,17.707
5786,-63.405,-64.244
5787,3.9866,-5.6459
5788,-10.931,67.071
5789,-48.55,74.869
5790,-63.349,67.993
5791,8.3726,14.616
5792,-14.839,47.62
5793,-19.563,-83.067
5794,-24.79,28.597
5795,-7.8747,3.6145
5796,1.7853,-82.148
5797,-1.1023,101.25
5798,44.651,22.975
5799,24.248,73.522
5800,-39.999,44.968
5801,-41.702,76.223
5802,4.4637,-12.432
5803,1.8703,58.424
5804,-15.685,56.247
5805,38.773,48.788
5806,41.874,20.262
5807,10.284,-14.837
5808,14.719,71.445
5809,13.415,73.62
5810,-47.467,-20.747
5811,-45.809,66.566
5812,2.9139,83.992
5813,-46.656,86.685
5814,-55.115,78.014
5815,39.497,37.094
5816,-16.62,-81.098
5817,-10.246,-74.718
5818,-71.842,-27.851
5819,-18.446,22.369
5820,39.017,86.782
5821,-14.458,89.495
5822,-11.545,4.2953
5823,-15.66,-52.366
5824,-42.117,-3.0585
5825,7.5622,76.874
5826,-55.106,74.685
5827,-51.129,80.469
5828,-48.169,68.329
5829,70.219,-55.771
5830,69.595,67.548
5831,11.134,-9.5583
5832,-78.553,59.938
5833,30.49,42.153
5834,46.39,-20.481
5835,33.576,25.744
5836,-17.391,85.155
5837,-52.177,81.741
5838,-38.514,72.809
5839,-20.492,-22.806
5840,-58.31,79.942
5841,54.151,-16.374
5842,-13.281,-77.236
5843,31.909,42.587
5844,-8.0575,25.698
5845,-1.4704,49.811
5846,-63.662,67.414
5847,0.12547,53.699
5848,3.4444,18.972
5849,-60.984,-66.18
5850,50.117,81.216
5851,-3.0655,66.852
5852,29.03,-66.653
5853,-50.427,59.688
5854,-46.723,59.816
5855,43.399,43.613
5856,-43.337,5.4039
5857,-12.485,51.947
5858,64.163,57.563
5859,81.45,32.092
5860,-46.661,87.67
5861,32.51,0.69789
5862,39.279,-70.644
5863,30.769,42.564
5864,-27.098,-33.835
5865,-62.844,67.866
5866,-62.088,78.599
5867,-42.815,10.68
5868,10.486,73.487
5869,-12.074,-37.506
5870,-42.382,10.55
5871,-62.047,67.569
5872,-61.06,78.433
5873,-40.225,82.761
5874,-19.461,89.32
5875,-27.862,-3.7577
5876,-12.34,34.3
5877,24.985,97.712
5878,15.686,60.196
5879,-9.7494,-64.966
5880,-40.895,75.246
5881,26.37,-0.86941
5882,-64.341,75.118
5883,12.087,72.602
5884,-28.274,-21.209
5885,-33.481,24.021
5886,14.691,-0.61094
5887,39.68,47.986
5888,37.455,49.139
5889,-86.707,22.372
5890,42.234,86.397
5891,-37.967,76.747
5892,-52.232,72.441
5893,-56.327,72.76
5894,-7.2491,21.724
5895,22.056,-60.59
5896,-10.354,-76.396
5897,6.4031,-15.132
5898,2.6426,13.733
5899,14.724,-11.085
5900,-63.584,73.517
5901,-7.6079,30.418
5902,72.285,88.005
5903,11.45,68.43
5904,19.461,-91.483
5905,31.342,65.454
5906,22.416,-85.991
5907,-4.1681,-51.848
5908,-10.339,-70.846
5909,17.017,59.744
5910,7.3049,68.258
5911,-38.166,73.061
5912,-104.36,35.292
5913,-69.833,71.49
5914,-1.6685,49.981
5915,15.97,-6.3843
5916,55.061,44.199
5917,16.687,83.657
5918,-33.617,90.452
5919,43.887,88.569
5920,22.171,-10.398
5921,-63.59,4.0883
5922,35.587,-44.916
5923,-64.19,71.771
5924,58.325,47.629
5925,16.126,73.148
5926,-18.146,69.675
5927,-43.56,56.693
5928,-55.265,71.86
5929,16.282,84.513
5930,-47.926,71.585
5931,19.27,10.831
5932,-69.574,-78.264
5933,-66.147,-40.121
5934,-15.508,44.33
5935,56.851,-51.318
5936,-8.5811,92.402
5937,13.987,47.442
5938,10.505,-41.065
5939,-1.1195,50.264
5940,28.458,78.391
5941,-35.021,83.592
5942,14.005,-35.815
5943,-64.346,58.8
5944,65.98,67.397
5945,9.5461,70.081
5946,-41.585,-6.84
5947,10.657,-9.3827
5948,-38.653,80.656
5949,38.083,16.477
5950,-58.774,61.216
5951,-32.162,-7.1766
5952,-13.036,3.0553
5953,-15.17,-66.259
5954,18.449,76.242
5955,15.521,57.683
5956,-13.594,36.951
5957,41.116,-48.477
5958,-60.761,74.029
5959,-11.943,64.316
5960,4.7677,-13.463
5961,29.862,73.898
5962,31.211,5.3297
5963,14.112,-40.874
5964,-17.065,-23.228
5965,-15.981,62.76
5966,-3.9543,67.656
5967,-63.323,-37.917
5968,14.369,-54.65
5969,-87.435,-22.913
5970,12.188,-1.7929
5971,-9.8102,-64.343
5972,-53.061,-31.432
5973,-25.166,84.248
5974,-62.777,68.026
5975,-45.081,19.4
5976,-87.055,32.501
5977,19.471,-84.428
5978,-44.39,-87.917
5979,-34.398,-90.632
5980,-70.622,65.568
5981,19.399,0.17574
5982,-63.21,76.115
5983,-19.355,61.454
5984,-63.635,74.761
5985,-43.063,9.4956
5986,-35.466,40.366
5987,-13.314,92.211
5988,-27.055,-6.5228
5989,-73.832,-54.587
5990,-11.073,4.7605
5991,-35.194,4.1707
5992,58.695,44.646
5993,30.538,-50.608
5994,18.9,-47.442
5995,26.592,-48.303
5996,-64.905,72.922
5997,-68.238,68
5998,-40.592,82.469
5999,-13.981,3.3773
6000,-16.145,27.465
6001,-19.107,-79.117
6002,-40.669,79.954
6003,3.4543,60.206
6004,-6.7154,36.324
6005,-41.086,-2.6631
6006,23.667,82.201
6007,35.726,90.005
6008,-14.765,61.028
6009,1.3023,18.616
6010,29.626,-60.918
6011,-16.459,-70.946
6012,-60.465,67.725
6013,27.892,37.634
6014,58.105,47.262
6015,8.778,-57.79
6016,10.337,85.321
6017,2.9134,34.524
6018,-64.505,-36.258
6019,26.57,-48.627
6020,-17.407,85.295
6021,-60.482,43.849
6022,-10.616,67.24
6023,8.5696,68.458
6024,-14.389,2.8565
6025,26.914,38.032
6026,8.4521,-0.47236
6027,-53.014,54.228
6028,30.774,43.266
6029,8.8798,56.546
6030,-36.68,69.364
6031,40.671,35.856
6032,-58.667,49.394
6033,-5.5808,72.899
6034,-56.043,27.946
6035,-51.859,52.085
6036,-70.61,66.198
6037,-16.342,53.267
6038,-2.0423,54.812
6039,-7.0747,-34.273
6040,7.6559,84.609
6041,32.518,79.629
6042,-57.442,75.17
6043,-71.862,-54.763
6044,49.005,-56.505
6045,-56.655,28.75
6046,-55.27,72.657
6047,-14.921,-51.541
6048,-7.7867,101.74
6049,-46.386,-89.15
6050,83.104,31.322
6051,-9.1471,-64.957
6052,14.174,-71.621
6053,-6.5969,2.1072
6054,-72.787,35.846
6055,-39.372,77.858
6056,15.217,85.389
6057,-42.131,12.398
6058,7.0445,0.72097
6059,13.66,-0.1913
6060,-74.004,52.992
6061,38.146,8.7323
6062,-71.004,37.41
6063,15.108,-39.691
6064,20.458,23.093
6065,64.344,45.553
6066,-32.55,14.024
6067,-40.744,72.382
6068,-70.644,63.135
6069,23.213,-41.998
6070,1.2506,59.664
6071,10.421,-41.146
6072,6.7623,57.496
6073,-62.564,67.98
6074,-39.472,-10.101
6075,-10.233,-65.182
6076,-4.2408,101.29
6077,-21.589,90.299
6078,17.864,-48.037
6079,-62.405,20.496
6080,-41.799,51.505
6081,20.13,-31.327
6082,60.901,52.372
6083,-41.059,84.571
6084,23.04,95.784
6085,-43.54,88.202
6086,-61.781,76.125
6087,-1.4032,41.687
6088,-94.924,52.965
6089,50.474,-24.429
6090,66.617,68.604
6091,24.483,-16.99
6092,3.6597,78.563
6093,34.462,9.4435
6094,20.503,23.592
6095,8.5654,-1.2522
6096,-71.918,62.68
6097,11.835,-0.86671
6098,16.332,-43.584
6099,33.043,62.692
6100,-47.605,67.077
6101,-27.263,92.142
6102,20,-85.035
6103,-64.72,72.167
6104,75.736,-36.361
6105,-55.884,-87.62
6106,99.715,-59.625
6107,-37.272,-10.564
6108,-40.402,84.243
6109,-84.076,17.816
6110,-15.01,64.491
6111,3.2075,84.647
6112,11.617,10.29
6113,-35.53,-8.9423
6114,9.8098,-3.1801
6115,18.272,51.219
6116,-20.247,-35.821
6117,75.152,-38.64
6118,-2.5359,-34.172
6119,9.6852,70.36
6120,12.431,51.8
6121,-48.339,-11.909
6122,-94.386,24.573
6123,16.28,80.716
6124,-26.862,-4.9106
6125,-60.455,-74.312
6126,17.062,47.962
6127,-5.3983,68.506
6128,-31.137,5.2638
6129,-14.149,56.913
6130,-21.967,68.745
6131,-5.1759,102.9
6132,9.7294,-2.7902
6133,11.154,-12.64
6134,35.565,68.546
6135,-62.59,64.949
6136,-13.056,-39.227
6137,-44.049,85.186
6138,-16.522,88.229
6139,54.554,-78.942
6140,-25.572,81.269
6141,-69.519,68.869
6142,-51.547,81.905
6143,42.958,-74.723
6144,-4.2206,-56.762
6145,29.829,75.429
6146,4.02,87.107
6147,-41.057,75.296
6148,-62.148,64.472
6149,-20.289,-35.755
6150,-67.547,57.963
6151,-51.124,62.053
6152,74.375,56.805
6153,-54.932,74.73
6154,17.189,55.693
6155,15.122,86.269
6156,21.291,25.109
6157,46.226,30.247
6158,30.996,-56.992
6159,-31.151,71.329
6160,-65.273,65.559
6161,-58.609,72.648
6162,11.679,-41.094
6163,-4.0706,50.255
6164,7.6464,52.105
6165,20.467,23.361
6166,-22.32,-44.298
6167,-3.971,59.639
6168,34.939,60.665
6169,-7.3203,56.473
6170,37.566,-1.5134
6171,33.816,39.507
6172,-101.61,23.272
6173,21.007,-7.3204
6174,-39.118,85.671
6175,-20.897,83.058
6176,6.0666,-44.953
6177,-95.905,25.504
6178,31.846,-62.153
6179,-36.701,68.995
6180,11.756,-14.173
6181,31.882,74.646
6182,14.984,-3.5005
6183,41.456,-46.609
6184,2.6976,30.942
6185,-8.247,94.643
6186,21.047,84.391
6187,22.476,93.191
6188,-70.155,65.813
6189,32.906,62.631
6190,34.917,-52.899
6191,-3.2323,78.73
6192,14.371,75.276
6193,-67.668,-67.394
6194,1.7681,70.429
6195,37.983,24.451
6196,-13.339,66.841
6197,-82.985,25.487
6198,-83.012,18.191
6199,1.9277,-10.412
6200,-9.9995,102.39
6201,35.822,-51.039
6202,4.5573,92.64
6203,-16.349,65.337
6204,-8.8378,32.056
6205,-90.129,21.508
6206,73.56,49.263
6207,6.1618,78.569
6208,-6.1744,88.501
6209,-14.71,64.809
6210,-42,13.099
6211,-13.983,1.4381
6212,98.153,-60.46
6213,-84.527,-14.211
6214,15.916,60.799
6215,32.351,-81.95
6216,76.05,11.374
6217,-1.0378,-82.66
6218,-11.246,-73.843
6219,66.262,7.9434
6220,0.23507,8.9857
6221,25.092,89.524
6222,-57.068,27.064
6223,24.314,-85.361
6224,-46.854,46.578
6225,30.726,43.315
6226,14.651,58.425
6227,-51.178,-36.737
6228,30.774,43.735
6229,-12.446,-25.561
6230,35.832,-81.206
6231,-8.3656,56.74
6232,-23.137,81.853
6233,3.5714,20.225
6234,4.2287,84.858
6235,-29.911,-31.638
6236,100.26,-59.343
6237,14.657,58.601
6238,34.015,-80.365
6239,-58.394,73.309
6240,27.02,17.405
6241,-43.977,87.683
6242,-14.577,53.603
6243,14.429,74.673
6244,-27.625,90.856
6245,-38.693,75.883
6246,27.298,-82.96
6247,-64.624,69.849
6248,-12.957,-53.362
6249,-54.768,68.556
6250,20.858,-10.571
6251,-26.716,-95.771
6252,3.1341,-84.579
6253,-24.503,-103.06
6254,-59.239,68.119
6255,-29.223,62.228
6256,-69.241,64.922
6257,-7.5978,-32.981
6258,-24.893,-12.636
6259,30.332,76.27
6260,7.0125,59.096
6261,-11.685,0.39074
6262,33.518,78.039
6263,-0.44032,40.954
6264,-9.9952,-78.52
6265,8.0477,84.956
6266,-60.61,-0.64151
6267,-58.762,52.574
6268,-80.117,62.114
6269,-19.306,34.582
6270,-59.26,8.803
6271,58.249,46.848
6272,40.159,13.857
6273,10.117,77.273
6274,22.076,-4.959
6275,73.403,47.719
6276,-64.398,72.937
6277,-45.373,67.459
6278,-17.096,1.1556
6279,3.7701,92.524
6280,-20.306,22.415
6281,-53.197,69.197
6282,-70.617,60.243
6283,-41.525,-0.19557
6284,-39.556,52.239
6285,-73.821,35.015
6286,42.93,88.513
6287,-14.264,81.161
6288,-77.647,-59.795
6289,45.932,38.988
6290,-56.396,73.396
6291,2.3906,85.084
6292,-59.958,-10.391
6293,-13.369,3.625
6294,-28.551,93.882
6295,62.856,-43.848
6296,-21.064,20.479
6297,-72.466,-62.526
6298,8.2074,-0.27813
6299,14.573,74.96
6300,26.622,99.352
6301,-42.035,54.053
6302,30.665,6.6387
6303,-70.756,-42.498
6304,-39.109,-11.393
6305,-46.736,85.704
6306,-46.951,63.287
6307,-89.678,27.052
6308,-58.591,45.944
6309,9.0672,-2.4899
6310,38.242,68.585
6311,2.0515,93.239
6312,31.536,42.957
6313,10.608,-41.249
6314,-97.509,27.344
6315,14.742,55.962
6316,38.562,87.391
6317,13.539,-2.3239
6318,27.653,-44.93
6319,-44.23,64.198
6320,9.8889,-35.976
6321,-11.157,34.145
6322,59.685,51.243
6323,32.075,5.0671
6324,-53.435,37.27
6325,10.691,-46.371
6326,-1.7146,14.247
6327,-67.398,58.434
6328,51.638,-76.861
6329,-90.441,16.992
6330,75.25,13.229
6331,-68.252,39.93
6332,33.896,-46.579
6333,48.299,-84.849
6334,30.098,-71.714
6335,-41.537,-5.6617
6336,-31.618,71.803
6337,-75.885,55.178
6338,-44.829,87.733
6339,-83.024,18.366
6340,-45.863,85.414
6341,11.59,94.279
6342,-5.9485,-36.779
6343,-33.988,-69.054
6344,3.4002,17.123
6345,4.0602,33.806
6346,-63.802,74.043
6347,-58.238,73.423
6348,-42.551,42.296
6349,-25.761,81.163
6350,-42.961,63.226
6351,-62.975,47.12
6352,32.746,44.045
6353,2.0462,69.164
6354,-13.599,96.948
6355,30.368,78.008
6356,-33.848,74.334
6357,68.465,63.17
6358,-52.622,61.469
6359,-30.058,95.182
6360,-36.814,42.683
6361,-40.388,53.932
6362,-71.533,51.484
6363,-59.173,65.188
6364,-0.32957,68.67
6365,-9.4524,-74.342
6366,78.652,-53.621
6367,-54.177,71.917
6368,-40.375,52.411
6369,44.225,-88.921
6370,-49.953,78.65
6371,-29.23,66.137
6372,-14.708,90.369
6373,-50.632,-31.374
6374,-106.08,17.516
6375,9.3528,71.936
6376,-0.51422,87.629
6377,-23.051,91.294
6378,-48.063,8.0891
6379,-14.49,3.2099
6380,35.838,75.936
6381,-45.568,55.935
6382,-60.011,-7.5691
6383,-77.656,-59.994
6384,20.097,-10.438
6385,-42.112,64.923
6386,33.19,-58.052
6387,32.984,-82.072
6388,-65.237,59.145
6389,-36.851,78.458
6390,-6.3978,51.178
6391,58.888,44.111
6392,44.942,-44.098
6393,26.672,38.39
6394,-41.503,72.122
6395,33.985,-79.251
6396,28.353,80.016
6397,-24.945,64.923
6398,-40.698,-60.336
6399,36.959,-89.567
6400,-58.13,-8.1116
6401,9.3194,46.218
6402,-16.574,52.714
6403,5.8565,90.255
6404,44.677,27.016
6405,-21.313,-84.029
6406,-2.7491,-39.872
6407,-73.277,-19.267
6408,-72.617,-64.821
6409,67.327,-8.7221
6410,-47.113,86.532
6411,59.33,59.697
6412,-58.695,-38.132
6413,-101.35,23.344
6414,33.077,3.6832
6415,53.356,36.285
6416,-12.076,-76.626
6417,-19.234,89.539
6418,54.977,43.449
6419,-67.345,29.135
6420,20.564,-77.237
6421,-48.672,62.748
6422,-61.028,-14.252
6423,-52.16,35.12
6424,-61.417,59.176
6425,-62.448,27.895
6426,-6.409,-79.275
6427,-24.609,94.201
6428,-30.565,73.185
6429,-45.92,69.228
6430,-6.7974,90.411
6431,-18.39,62.065
6432,-66.058,66.408
6433,-14.347,2.303
6434,38.844,33.512
6435,4.4288,55.962
6436,-37.183,56.864
6437,-45.504,35.457
6438,-47.682,7.6159
6439,29.972,6.4944
6440,-18.005,-86.596
6441,-25.385,-32.592
6442,12.871,-14.175
6443,32.426,74.336
6444,5.8721,91.875
6445,29.785,76.011
6446,-23.401,-40.5
6447,-54.312,-9.6868
6448,-59.28,33.422
6449,30.572,6.2411
6450,-18.427,-60.308
6451,3.1654,37.504
6452,49.566,53.942
6453,-41.466,73.414
6454,-2.6307,54.619
6455,-36.551,42.864
6456,-44.33,-1.9694
6457,-62.493,75.095
6458,-28.363,86.101
6459,18.327,-50.344
6460,-59.123,33.878
6461,5.9008,-35.979
6462,-28.652,29.698
6463,-91.65,13.294
6464,-44.467,68.155
6465,79.95,38.066
6466,-10.421,66.848
6467,-29.007,46.495
6468,0.96974,-54.753
6469,38.661,-75.738
6470,57.193,50.911
6471,3.5095,37.315
6472,-59.687,68.422
6473,-65.707,18.658
6474,-29.967,88.052
6475,-49.23,39.878
6476,-42.321,76.78
6477,-5.1716,66.7
6478,-20.141,-22.717
6479,-43.183,88.895
6480,-41.163,72.943
6481,32.344,1.2264
6482,45.545,-23.175
6483,-74.515,-65.831
6484,-18.582,70.55
6485,-34.994,87.124
6486,-37.583,42.548
6487,-59.047,44.676
6488,2.535,92.319
6489,-0.11369,28.692
6490,-8.8555,-68.687
6491,10.814,-13.451
6492,-54.176,-3.0347
6493,-43.889,53.386
6494,-17.872,65.825
6495,60.877,-66.189
6496,-73.693,-65.876
6497,49.368,-58.988
6498,87.978,45.961
6499,44.223,85.831
6500,40.02,84.333
6501,-37.243,79.7
6502,52.79,-65.757
6503,10.922,-41.397
6504,-37.455,22.014
6505,-3.7042,78.808
6506,-27.213,91.351
6507,23.115,-39.65
6508,5.0245,76.242
6509,9.6377,77.86
6510,-10.446,-69.058
6511,48.873,-39.275
6512,-10.422,93.798
6513,-12.233,88.629
6514,-20.864,71.223
6515,-59.742,45.592
6516,-72.846,68.404
6517,5.8579,90.685
6518,50.159,81.152
6519,22.043,74.475
6520,-62.057,75.845
6521,-61.066,72.606
6522,-8.837,75.845
6523,51.872,-77.331
6524,-14.065,100.83
6525,-33.568,87.688
6526,21.495,-32.702
6527,32.691,-52.4
6528,35.17,40.261
6529,-14.643,-21.058
6530,-28.844,86.545
6531,-28.688,69.881
6532,-66.607,72.544
6533,-68.05,71.994
6534,-78.88,-55.338
6535,-61.604,27.721
6536,-55.77,-9.6451
6537,-33.861,79.518
6538,-39.651,77.404
6539,5.063,80.292
6540,-28.841,79.677
6541,-11.346,98.395
6542,-11.506,41.471
6543,-22.903,-107.4
6544,-55.72,-39.393
6545,-44.996,-65.819
6546,11.419,93.66
6547,-47.334,26.878
6548,7.3357,11.803
6549,-42.019,12.764
6550,-69.53,68.806
6551,27.133,92.69
6552,41.492,-67.923
6553,-46.798,-39.862
6554,39.694,87.444
6555,-67.247,65.961
6556,17.223,84.173
6557,-63.876,73.659
6558,-29.366,81.697
6559,-48.632,-42.209
6560,-57.879,50.95
6561,-34.452,6.1553
6562,29.377,-84.148
6563,-46.508,42.108
6564,39.491,24.942
6565,39.551,84.772
6566,26.882,4.9402
6567,10.612,83.049
6568,-65.892,24.113
6569,41.932,-72.815
6570,-68.175,-32.095
6571,-42.177,76.736
6572,-20.971,-86.11
6573,6.0197,84.036
6574,-7.3308,91.723
6575,67.353,70.266
6576,-59.894,50.823
6577,-9.9962,65.302
6578,-3.5222,-77.25
6579,-26.136,-0.94011
6580,3.5893,-18.127
6581,1.0203,92.423
6582,-31.782,52.026
6583,6.6482,79.251
6584,48.731,76.387
6585,-47.235,61.83
6586,39.053,1.286
6587,-91.1,17.539
6588,-44.624,9.2085
6589,-62.451,0.83005
6590,-51.535,55.757
6591,58.023,48.03
6592,6.8492,-12.982
6593,20.639,-68.096
6594,-62.373,78.767
6595,20.532,-42.891
6596,4.2448,60.617
6597,100.61,-59.127
6598,-48.14,-20.022
6599,21.982,-40.77
6600,-8.4143,93.598
6601,-67.244,69.44
6602,-62.286,-12.284
6603,-41.426,79.429
6604,7.7734,76.165
6605,28.176,78.185
6606,-26.056,-97.287
6607,6.8849,0.84145
6608,-57.146,35.913
6609,-67.74,59.865
6610,31.942,2.6147
6611,-38.271,-61.156
6612,-19.534,90.587
6613,15.693,59.976
6614,-20.117,88.32
6615,-43.133,-34.032
6616,2.7428,96.904
6617,-21.823,-68.82
6618,-14.393,-38.462
6619,-3.3355,19.147
6620,-52.231,-7.0788
6621,-53.973,64.692
6622,12.819,-8.8362
6623,5.8705,-8.3031
6624,-60.394,-14.066
6625,-28.407,12.823
6626,17.236,47.578
6627,-56.976,73.682
6628,-15.906,56.428
6629,-43.235,72.187
6630,40.87,-40.231
6631,-60.5,32.371
6632,55.12,48.016
6633,18.722,49.33
6634,61.986,-25.759
6635,-25.372,43.989
6636,16.074,-4.619
6637,-4.6007,57.208
6638,34.744,41.131
6639,-5.1498,66.638
6640,-62.403,55.135
6641,24.348,1.4204
6642,2.9942,-20.257
6643,-16.289,52.45
6644,-21.208,60.416
6645,-42.338,89.415
6646,-58.105,53.468
6647,-39.181,3.362
6648,-27.234,53.56
6649,-65.29,66.244
6650,-71.012,60.232
6651,10.5,-41.452
6652,21.598,-7.8744
6653,99.555,-59.701
6654,6.0971,91.929
6655,20.1,48.118
6656,-46.77,64.41
6657,-68.05,58.175
6658,-59.034,0.7889
6659,-0.24892,9.7245
6660,-45.058,85.794
6661,-7.4579,-24.594
6662,-24.842,80.874
6663,-48.418,-21.288
6664,-60.491,-0.77131
6665,-40.284,-40.218
6666,16.724,-40.806
6667,-5.327,20.437
6668,5.3494,11.658
6669,97.901,54.091
6670,-56.741,28.09
6671,-0.60975,101.21
6672,73.694,-9.8659
6673,4.567,85.593
6674,54.818,80.433
6675,-51.307,66.683
6676,-18.258,-40.042
6677,30.803,1.6257
6678,-58.402,-12.695
6679,-19.765,42.752
6680,-36.764,22.035
6681,-36.925,56.002
6682,-3.1842,85.421
6683,-62.52,-38.713
6684,15.852,51.352
6685,32.006,65.366
6686,24.723,-93.672
6687,33.719,59.585
6688,54.521,-79.701
6689,-40.421,82.486
6690,-0.35165,92.119
6691,-26.536,48.574
6692,-48.637,53.536
6693,23.123,-80.792
6694,-63.954,58.924
6695,25.023,-47.884
6696,-0.36745,77.916
6697,33.556,43.357
6698,5.2123,73.76
6699,-18.322,70.645
6700,-51.98,35.009
6701,-55.359,-24.455
6702,-32.851,88.091
6703,4.8645,38.722
6704,4.3027,85.285
6705,13.26,0.50641
6706,8.9744,73.542
6707,52.126,22.106
6708,27.105,-92.843
6709,10.303,-82.692
6710,21.398,27.513
6711,-10.455,-76.006
6712,-69.257,9.634
6713,-24.272,-32.13
6714,-4.1432,61.343
6715,39.262,84.457
6716,0.53831,92.059
6717,-87.717,28.499
6718,-100.6,-42.946
6719,-12.091,-37.513
6720,-0.10438,-82.643
6721,64.343,45.649
6722,-88.353,-4.8589
6723,-48.312,63.109
6724,-18.725,50.203
6725,21.826,-82.049
6726,37.132,37.977
6727,-95.717,54.132
6728,-25.138,-95.124
6729,8.0643,-13.412
6730,22.492,-79.903
6731,-10.584,67.178
6732,-50.471,-11.439
6733,-58.642,71.803
6734,8.6828,-40.265
6735,-19.872,88.878
6736,-46.465,-20.348
6737,-25.311,28.527
6738,1.8654,93.947
6739,-61.259,38.24
6740,31.893,65.405
6741,19.655,-86.384
6742,-12.751,92.303
6743,6.183,70.01
6744,69.244,40.733
6745,10.119,-51.734
6746,-63.063,71.969
6747,-63.708,65.414
6748,-76.572,-23.978
6749,7.3171,-45.52
6750,-42.545,72.887
6751,-49.851,66.145
6752,-13.693,-51.979
6753,30.211,22.477
6754,8.8853,-40.748
6755,-52.297,35.153
6756,-62.271,67.694
6757,73.594,32.12
6758,-102.88,20.668
6759,58.52,-9.658
6760,-53.755,72.043
6761,-50.444,-11.03
6762,-46.212,-29.344
6763,-43.184,10.305
6764,-16.112,-52.95
6765,-67.902,60.459
6766,39.207,-50.445
6767,-63.995,73.888
6768,-10.633,50.701
6769,-63.284,-57.913
6770,-20.173,-36.397
6771,-41.972,73.421
6772,-61.814,67.679
6773,-4.1095,53.362
6774,-62.626,65.87
6775,-71.496,60.007
6776,-71.908,36.532
6777,10.513,-67.214
6778,41.152,-51.568
6779,-48.135,34.89
6780,-11.826,-25.604
6781,-69.369,65.824
6782,12.804,-42.336
6783,31.419,12.737
6784,69.06,50.603
6785,-33.757,-58.275
6786,5.4019,79.066
6787,30.509,-47.766
6788,-48.565,49.657
6789,12.561,67.352
6790,-14.77,-50.241
6791,-30.258,-1.4602
6792,-42.012,78.072
6793,-28.997,84.694
6794,-15.766,56.678
6795,-26.955,58.338
6796,10.953,-40.545
6797,-88.381,-15.769
6798,-31.577,37.168
6799,40.233,-39.555
6800,-51.339,53.974
6801,9.3816,-5.0497
6802,47.653,-46.488
6803,-59.35,-40.68
6804,60.201,-25.941
6805,1.9255,93.249
6806,-67.392,57.746
6807,13.178,-39.329
6808,-15.169,-51.85
6809,17.274,84.752
6810,72.066,20.176
6811,-46.378,14.932
6812,-58.427,-9.315
6813,-53.366,71.999
6814,-33.63,87.752
6815,-16.452,24.152
6816,-17.874,69.588
6817,-11.908,100.78
6818,-9.6309,-89.04
6819,-20.805,72.939
6820,-59.399,47.706
6821,24.094,-0.19027
6822,15.498,-11.243
6823,10.136,73.673
6824,-46.273,68.037
6825,56.762,49.435
6826,-18.131,89.831
6827,1.2888,66.956
6828,-14.944,64.325
6829,-16.622,78.478
6830,4.2209,-49.205
6831,42.667,31.807
6832,0.12494,29.775
6833,-38.438,80.51
6834,-66.142,22.329
6835,-33.625,16.03
6836,-103,20.868
6837,12.312,-41.523
6838,36.974,42.552
6839,13.601,19.902
6840,-65.956,23.679
6841,-62.35,71.121
6842,-34.867,59.738
6843,15.348,-26.346
6844,-5.7137,88.972
6845,35.438,76.625
6846,33.599,79.689
6847,-55.317,78.072
6848,3.4197,-76.94
6849,-8.4521,4.3603
6850,11.671,-10.204
6851,14.84,57.761
6852,16.295,-10.239
6853,-61.355,72.466
6854,-21.363,-28.952
6855,-40.532,80.822
6856,40.699,60.465
6857,-12.155,-7.532
6858,-2.3798,49.809
6859,-58.267,43.211
6860,-66.18,54.748
6861,-40.375,24.867
6862,-39.657,82.595
6863,13.536,-41.467
6864,60.797,4.8074
6865,-13.716,-51.943
6866,21.476,27.434
6867,-14.83,100.27
6868,-81.943,-22.514
6869,-12.46,-54.381
6870,-55.596,-13.847
6871,-64.173,-27.683
6872,-53.72,65.332
6873,31.762,-89.707
6874,-0.24817,52.266
6875,-4.5943,90.986
6876,32.131,-86.513
6877,-71.229,36.772
6878,-50.856,13.255
6879,-2.5454,89.922
6880,-9.8788,65.464
6881,12.604,-2.7043
6882,-46.993,68.868
6883,-21.867,68.283
6884,-26.529,58.132
6885,-72.208,-21.583
6886,-62.8,58.868
6887,14.113,-36.401
6888,28.647,-82.465
6889,-53.575,74.513
6890,25.568,70.383
6891,18.013,-43.888
6892,-15.541,-1.2158
6893,-57.238,-40.342
6894,-15.725,55.713
6895,-27.466,62.674
6896,-62.579,58.409
6897,-45.67,86.509
6898,37.138,67.069
6899,-25.736,71.215
6900,32.934,-50.731
6901,-60.77,-27.811
6902,-60.654,-7.2901
6903,-37.677,54.495
6904,46.924,49.301
6905,6.0106,-44.857
6906,21.699,-78.943
6907,104.55,-55.557
6908,0.91296,102.35
6909,12.616,54.251
6910,-62.445,0.64509
6911,19.07,-46.037
6912,6.3407,56.21
6913,-62.276,64.1
6914,14.422,33.718
6915,-60.554,36.073
6916,-17.827,38.842
6917,-21.702,92.173
6918,12.69,98.877
6919,27.485,52.377
6920,-32.886,-69.207
6921,-54.39,-22.042
6922,-61.171,38.312
6923,-62.172,78.778
6924,-70.583,37.341
6925,-27.508,7.7739
6926,10.388,96.289
6927,-35.2,65.91
6928,-23.81,-8.7786
6929,-34.03,16.621
6930,28.931,3.1249
6931,-44.281,87.171
6932,-24.07,57.121
6933,-47.735,48.391
6934,6.733,-12.944
6935,55.487,-57.1
6936,-38.851,26.284
6937,-19.319,77.125
6938,8.1871,51.96
6939,27.974,78.598
6940,-11.362,99.328
6941,-67.141,59.914
6942,31.936,41.809
6943,-1.2153,13.86
6944,-34.653,-8.5333
6945,13.844,-11.073
6946,-15.173,-71.085
6947,-13.123,-29.305
6948,-67.37,57.732
6949,-8.4011,-6.7869
6950,-55.362,-24.981
6951,20.757,-93.234
6952,48.505,-52.994
6953,-75.484,54.717
6954,22.877,94.684
6955,-36.479,-83.92
6956,-35.905,87.49
6957,21.313,-81.978
6958,-83.278,18.658
6959,-0.76193,39.37
6960,-37.748,-28.59
6961,25.983,39.98
6962,-9.249,0.71588
6963,-2.6598,101.19
6964,-38.567,80.701
6965,-87.852,28.278
6966,-1.7034,53.341
6967,16.062,-43.113
6968,-17.301,-5.332
6969,-57.875,54
6970,25.139,-95.314
6971,-51.354,64.908
6972,-78.738,60.258
6973,-63.203,75.068
6974,41.78,13.81
6975,-25.089,-95.262
6976,-3.0613,66.822
6977,10.113,-1.4863
6978,-56.33,45.077
6979,-21.267,54.143
6980,-50.306,-19.979
6981,4.8575,35.202
6982,-33.768,87.666
6983,-7.7033,27.205
6984,5.5538,79.78
6985,-62.487,76.237
6986,32.151,42.269
6987,-66.415,68.151
6988,-42.44,42.047
6989,-60,-10.732
6990,14.594,-33.29
6991,-14.04,-79.705
6992,36.308,79.386
6993,-65.385,-29.271
6994,-61.917,-76.137
6995,-27.744,54.37
6996,-59.26,57.02
6997,-47.754,62.641
6998,-51.129,-36.716
6999,-39.764,77.597
7000,-13.874,59.417
7001,-19.047,-21.513
7002,-52.114,-7.2121
7003,-37.534,21.559
7004,-44.969,53.928
7005,37.36,35.927
7006,-12.34,88.63
7007,-29.847,-74.903
7008,-19.945,-35.709
7009,-8.9947,-36.073
7010,44.77,18.482
7011,-57.442,47.813
7012,12.708,-41.565
7013,2.3059,74.424
7014,-0.63429,35.626
7015,16.466,46.717
7016,-23.044,90.024
7017,-13.892,75.254
7018,-41.256,48.377
7019,-52.61,-10.705
7020,-67.713,-32.048
7021,23.851,77.134
7022,-69.483,69.085
7023,-30.045,51.591
7024,3.18,35.956
7025,7.9422,-0.19616
7026,-51.515,-19.863
7027,-58.651,-10.197
7028,-38.511,80.531
7029,35.794,91.882
7030,-30.033,-62.459
7031,-37.783,-77.322
7032,25.941,40.131
7033,-52.411,-16.498
7034,-24.604,68.45
7035,-42.347,-5.4364
7036,-38.319,-6.7871
7037,36.873,92.037
7038,13.082,72.026
7039,-60.243,76.401
7040,-5.6083,-10.416
7041,-59.059,-40.697
7042,-10.803,102.57
7043,-15.112,96.831
7044,65.694,-59.171
7045,-13.256,76.267
7046,-69.342,-32.133
7047,-52.17,44.184
7048,67.645,24.842
7049,-67.383,67.888
7050,10.851,72.652
7051,46.297,85.126
7052,15.966,80.591
7053,-74.282,-15.467
7054,-59.086,-7.4851
7055,-15.37,97.04
7056,15.763,32.54
7057,-15.003,65.058
7058,-90.572,17.14
7059,29.93,-56.983
7060,-29.612,62.317
7061,21.824,27.491
7062,-25.546,-87.713
7063,13.122,0.71851
7064,7.1292,-82.729
7065,-58.636,55.406
7066,-55.197,-57.958
7067,30.588,20.113
7068,-67.904,56.259
7069,15.432,59.267
7070,-15.521,96.579
7071,42.32,84.495
7072,-16.323,-25.501
7073,-33.683,13.17
7074,-13.76,-4.4895
7075,-69.391,-27.564
7076,6.1654,-14.996
7077,-12.743,-46.38
7078,-93.269,-48.255
7079,22.778,54.694
7080,-59.697,56.221
7081,-40.41,74.413
7082,-47.03,26.955
7083,-12.462,-54.671
7084,14.221,53.979
7085,-19.152,92.582
7086,-61.579,63.308
7087,3.6896,-60.029
7088,-30.297,-69.447
7089,-65.762,-36.398
7090,38.137,-30.499
7091,7.9507,0.53768
7092,5.718,-64.558
7093,-94.597,27.757
7094,-51.714,41.848
7095,-62.529,1.1933
7096,-67.449,59.381
7097,13.416,-9.1255
7098,4.7261,69.189
7099,-59.797,75.234
7100,-32.344,45.115
7101,16.197,-38.928
7102,32.715,79.091
7103,-29.314,91.703
7104,-19.081,-71.797
7105,3.2404,37.895
7106,-71.803,-63.272
7107,-40.965,72.538
7108,56.795,75.191
7109,-16.282,-21.515
7110,-9.9334,70.938
7111,-62.798,59.018
7112,-50.921,67.002
7113,40.882,52.179
7114,-16.34,90.673
7115,7.8738,-59.791
7116,45.541,49.605
7117,11.474,-90.103
7118,39.628,-1.8096
7119,-32.704,0.85584
7120,56.102,49.679
7121,14.93,71.248
7122,-45.48,-82.55
7123,-38.564,44.794
7124,-23.943,78.282
7125,12.844,0.39232
7126,25.551,27.916
7127,-37.384,79.741
7128,-60.496,30.355
7129,-90.748,27.859
7130,30.639,-71.654
7131,27.834,-50.916
7132,-3.5787,-46.901
7133,-49.398,39.936
7134,10.64,-0.87018
7135,-63.238,66.812
7136,-58.884,1.7662
7137,-61.375,58.279
7138,-57.767,2.8378
7139,28.428,95.096
7140,-53.478,-57.684
7141,-69.092,39.135
7142,6.3775,0.86324
7143,56.447,42.752
7144,-45.104,-15.321
7145,-86.613,44.859
7146,-35.692,57.21
7147,-57.663,75.269
7148,21.534,-77.915
7149,37.655,-62.833
7150,-41.559,-5.3367
7151,-8.9076,-3.8304
7152,-15.03,55.067
7153,13.412,-13.825
7154,4.5382,76.258
7155,31.545,-62.166
7156,-74.717,-61.811
7157,-36.511,78.771
7158,-21.681,-66.908
7159,15.91,50.209
7160,-12.376,-82.629
7161,-24.71,92.776
7162,-68.832,70.364
7163,-68.543,-13.815
7164,-58.977,49.312
7165,-60.283,-9.8424
7166,-39.747,51.107
7167,-14.988,75.645
7168,-11.6,67.635
7169,-16.521,90.748
7170,15.189,-3.633
7171,-80.88,-39.211
7172,-62.926,29.552
7173,-51.285,-12.042
7174,7.5655,29.836
7175,47.171,-14.959
7176,49.636,-18.074
7177,-44.395,-30.259
7178,-50.231,-12.111
7179,12.763,-38.999
7180,-0.63654,50.338
7181,-57.67,-40.649
7182,-46.102,59.523
7183,-68.161,38.861
7184,7.7433,60.329
7185,34.067,10.816
7186,19.925,9.975
7187,20.585,43.474
7188,-23.387,-44.688
7189,55.847,-79.914
7190,-63.198,-1.9107
7191,71.902,48.409
7192,-26.663,67.317
7193,-42.388,35.583
7194,-47.043,65.087
7195,-72.475,-53.533
7196,-14.291,-3.2066
7197,-52.646,-38.983
7198,13.317,-3.0216
7199,49.186,-85.955
7200,42.88,-48.463
7201,-49.663,-12.175
7202,-53.441,-57.63
7203,33.974,40.663
7204,-17.124,30.082
7205,59.853,38.974
7206,-32.048,74.091
7207,4.1109,-13.196
7208,-24.902,93.917
7209,4.0177,80.218
7210,28.756,6.2055
7211,-33.536,-70.837
7212,73.593,32.109
7213,13.281,46.418
7214,-33.708,-22.534
7215,-62.459,0.47109
7216,-28.429,24.315
7217,44.427,-42.792
7218,-32.567,-6.159
7219,57.274,43.964
7220,-63.941,69.11
7221,-54.443,-12.151
7222,19.572,-85.191
7223,-52.544,51.002
7224,-7.5683,26.618
7225,-63.976,65.787
7226,-13.092,46.283
7227,17.381,-11.579
7228,-41.849,41.351
7229,-8.2728,-6.2246
7230,-14.4,80.876
7231,34.298,-81.186
7232,-16.117,52.772
7233,-70.344,37.172
7234,-34.206,-32.333
7235,-60.53,-9.0009
7236,-21.578,45.046
7237,-14.753,38.089
7238,15.406,-28.313
7239,-60.056,32.294
7240,-10.96,-42.096
7241,14.374,-12.921
7242,44.433,-86.673
7243,-5.8895,91.57
7244,28.379,4.7962
7245,-87.679,-13.406
7246,84.439,-46.516
7247,-55.842,-12.12
7248,-33.438,88.908
7249,35.026,-48.223
7250,-2.971,50.931
7251,13.238,-31.268
7252,22.736,21.177
7253,54.266,79.737
7254,-48.529,-43.411
7255,-0.35192,22.053
7256,-58.373,-21.37
7257,-38.678,79.375
7258,-62.021,21.46
7259,58.998,73.401
7260,-64.451,68.917
7261,-53.848,64.534
7262,-14.04,-54.695
7263,9.4634,80.384
7264,-53.698,32.761
7265,-60.263,-18.445
7266,-59.311,-7.9021
7267,9.9103,-39.108
7268,12.092,10.631
7269,-14.754,-23.502
7270,-46.953,27.154
7271,28.298,78.825
7272,-59.454,35.905
7273,62.994,-45.649
7274,-59.993,-74.254
7275,-65.792,-80.509
7276,-56.744,27.495
7277,-81.66,21.048
7278,-4.1534,78.991
7279,17.325,-50.203
7280,-51.536,62.518
7281,-8.5946,-77.569
7282,4.2468,-13.001
7283,-23.27,-84.784
7284,-16.617,60.561
7285,-62.246,-32.217
7286,-63.181,26.964
7287,33.802,90.772
7288,19.481,48.456
7289,-57.886,2.6847
7290,-42.342,74.6
7291,6.2809,78.466
7292,56.926,51.377
7293,-19.507,-20.327
7294,-69.925,-24.573
7295,31.995,63.456
7296,-33.784,13.074
7297,-45.539,-23.664
7298,-13.432,69.908
7299,-8.0986,21.968
7300,-39.689,74.133
7301,-49.21,-19.174
7302,-52.814,22.783
7303,1.0738,-13.891
7304,-46.407,87.384
7305,-42.456,74.404
7306,-64.653,-34.947
7307,-61.469,63.579
7308,-47.206,61.299
7309,-44.684,-86.564
7310,-54.151,-57.899
7311,68.725,50.727
7312,-41.569,72.901
7313,30.429,77.22
7314,13.561,-41.626
7315,-58.504,-88.51
7316,5.4559,78.708
7317,-42.328,52.096
7318,13.257,-69.019
7319,-31.853,70.526
7320,45.499,60.623
7321,-85.941,-19.283
7322,5.7911,47.634
7323,1.3524,93.62
7324,-70.897,36.277
7325,-13.266,-52.611
7326,-26.751,58.306
7327,-26.577,-19.599
7328,28.468,18.47
7329,21.22,24.826
7330,40.132,36.322
7331,-79.05,-69.14
7332,-62.532,1.0749
7333,-56.903,-23.24
7334,-56.112,1.2833
7335,-38.829,55.108
7336,-52.142,64.538
7337,-3.4707,15.875
7338,-18.837,-70.767
7339,40.315,81.788
7340,2.8552,-4.891
7341,-19.987,87.309
7342,-25.677,28.797
7343,41.176,52.756
7344,18.203,-46.319
7345,-53.957,65.093
7346,7.7114,-45.883
7347,-1.3074,56.237
7348,26.889,99.49
7349,-24.868,28.24
7350,33.236,-72.956
7351,-36.952,-8.2158
7352,-9.6147,91.157
7353,-42.127,85.058
7354,-50.837,30.519
7355,-33.042,-70.231
7356,-25.623,-77.538
7357,-52.348,-12.274
7358,33.019,-42.769
7359,-39.457,15.236
7360,-8.6014,-65.76
7361,20.494,23.173
7362,-65.352,66.187
7363,-53.097,7.773
7364,55.095,47.953
7365,-20.552,-28.219
7366,12.044,-6.5935
7367,-26.456,-87.466
7368,22.445,-83.235
7369,-58.505,53.491
7370,-44.225,56.018
7371,-48.632,30.584
7372,-12.421,64.788
7373,99.606,-60.237
7374,-7.8042,-65.17
7375,43.972,-77.943
7376,-3.0806,68.01
7377,10.522,-72.855
7378,-37.403,56.155
7379,32.92,59.609
7380,23.861,-42.727
7381,-37.863,78.035
7382,99.901,-59.525
7383,99.778,-59.564
7384,-55.429,-32.968
7385,18.738,-51.668
7386,-69.325,63.806
7387,-60.516,47.33
7388,-23.482,38.753
7389,-90.731,27.764
7390,4.0917,-7.4407
7391,12.875,-26.367
7392,-8.7078,-63.798
7393,-54.125,22.097
7394,-50.735,66.284
7395,74.725,-80.387
7396,-36.229,-30.859
7397,28.965,42.802
7398,40.125,-49.607
7399,9.1037,79.214
7400,2.5524,22.17
7401,33.248,25.469
7402,-62.645,-1.164
7403,-15.38,50.493
7404,-66.284,61.605
7405,-76.567,30.623
7406,-27.627,36.046
7407,-60.856,58.588
7408,32.08,43.092
7409,58.597,46.543
7410,5.2501,-13.484
7411,-61.218,-63.965
7412,-37.685,-33.293
7413,-39.875,78.577
7414,-3.1362,-63.204
7415,-62.856,-32.046
7416,-39.291,75.287
7417,-32.192,81.631
7418,-18.608,-36.81
7419,49.698,-33.825
7420,3.2791,29.939
7421,44.223,59.661
7422,-51.524,-17.242
7423,-45.069,19.431
7424,-52.868,66.789
7425,-25.166,94.07
7426,43.94,35.867
7427,-10.782,102.67
7428,-12.269,-40.111
7429,-65.994,15.511
7430,-35.929,55.469
7431,-53.911,-23.715
7432,-53.381,-28.89
7433,-50.411,54.357
7434,16.961,35.109
7435,59.582,43.297
7436,-44.288,84.814
7437,32.089,75.064
7438,-16.114,64.832
7439,63.086,43.334
7440,-65.768,18.262
7441,-42.644,53.957
7442,69.939,30.45
7443,-12.789,-74.812
7444,-35.426,-63.564
7445,-18.064,-59.175
7446,-70.734,37.047
7447,-62.667,56.493
7448,-32.495,-27.424
7449,-62.527,-32.864
7450,-12.152,79.25
7451,-67.177,75.025
7452,-53.251,56.907
7453,4.3027,57.466
7454,54.654,-54.624
7455,-66.271,61.893
7456,-11.85,-74.666
7457,-6.7916,1.9273
7458,34.592,-60.427
7459,1.0133,-13.652
7460,2.2643,-13.326
7461,-59.614,37.733
7462,79.704,-54.715
7463,12.723,-39.521
7464,-61.854,58.367
7465,29.535,73.593
7466,2.9383,55.605
7467,-12.904,-63.305
7468,-11.918,-69.102
7469,-27.255,33.115
7470,47.89,-65.259
7471,28.092,-7.3085
7472,-72.271,69.091
7473,12.656,98.476
7474,-50.059,86.122
7475,7.5792,-1.8418
7476,79.462,-49.893
7477,9.4263,-19.18
7478,-91.112,-8.6949
7479,44.102,-44.232
7480,-40.355,26.404
7481,-56.228,45.892
7482,9.1156,4.4451
7483,-24.975,-81.682
7484,-45.51,40.543
7485,31.014,-60.907
7486,19.881,-8.7895
7487,99.373,41.396
7488,23.286,4.146
7489,15.096,-6.855
7490,31.196,1.73
7491,29.111,53.874
7492,21.964,-77.74
7493,-47.997,-32.509
7494,-59.586,37.762
7495,-40.59,71.72
7496,6.0996,30.136
7497,62.538,36.115
7498,11.588,-0.58378
7499,-24.864,-69.209
7500,-49.501,61.641
7501,21.405,-53.315
7502,29.256,49.189
7503,44.111,-65.042
7504,-42.038,3.7894
7505,7.2339,-16.884
7506,-33.093,51.399
7507,-65.502,75.707
7508,-39.553,37.608
7509,-38.974,22.798
7510,-44.904,-24.037
7511,27.666,-47.656
7512,0.021052,77.402
7513,-25.871,-19.624
7514,-81.823,-26.122
7515,32.123,-29.337
7516,63.367,52.66
7517,-58.595,78.404
7518,43.598,77.03
7519,-97.254,-5.0756
7520,-22.132,55.382
7521,61.725,42.688
7522,21.251,93.959
7523,63.756,51.934
7524,-49.608,-7.5933
7525,-38.827,76.377
7526,42.694,-81.723
7527,-15.7,-78.798
7528,56.179,-19.903
7529,14.18,0.10672
7530,13.786,60.979
7531,-65.893,69.293
7532,-63.675,71.562
7533,-10.464,86.231
7534,40.105,84.38
7535,-19.915,82.591
7536,5.8193,83.847
7537,11.508,-7.5574
7538,-103.16,-43.497
7539,7.493,14.018
7540,27.213,-91.448
7541,-36.089,68.234
7542,-29.433,67.336
7543,-30.676,13.505
7544,-55.455,-10.946
7545,-41.474,37.712
7546,-42.559,47.718
7547,29.499,49.825
7548,-20.122,92.171
7549,4.8112,21.049
7550,-3.4289,65.778
7551,-22.912,-71.673
7552,-59.361,-85.2
7553,-67.586,29.042
7554,-12.191,-54.356
7555,-56.103,46.153
7556,-2.1019,64.02
7557,28.437,-48.673
7558,4.1903,94.156
7559,9.4057,-20.747
7560,8.9343,51.435
7561,-63.616,58.944
7562,41.021,72.678
7563,-59.47,7.0184
7564,32.77,24.427
7565,-18.497,66.793
7566,31.59,-66.352
7567,-63.098,58.716
7568,-11.791,-52.242
7569,-7.9716,48.306
7570,13.299,-60.515
7571,26.975,6.4581
7572,37.758,38.581
7573,11.485,-26.255
7574,44.426,-71.399
7575,18.531,75.896
7576,-61.361,56.209
7577,8.8899,-37.139
7578,-42.551,42.514
7579,-54.085,71.787
7580,-62.174,76.565
7581,28.097,-36.655
7582,16.288,84.97
7583,-26.04,-30.355
7584,-58.595,78.268
7585,15.795,51.582
7586,33.561,77.776
7587,-25.154,-54.383
7588,-29.294,64.589
7589,-64.879,-33.851
7590,-61.597,50.244
7591,-59.992,44.548
7592,-42.443,22.852
7593,13.766,-41.421
7594,-72.311,-23.501
7595,17.756,1.6949
7596,37.137,24.895
7597,-60.113,-18.023
7598,-29.356,62.405
7599,20.417,23.327
7600,-14.553,-50.843
7601,1.668,-61.182
7602,28.469,36.418
7603,38.782,-67.36
7604,-56.199,-89.808
7605,-67.672,20.823
7606,-60.636,58.235
7607,-55.854,60.298
7608,-51.96,-45.328
7609,-77.62,28.199
7610,1.7591,98.317
7611,-20.973,-105.4
7612,-106.21,18.376
7613,21.401,27.605
7614,-9.3538,-1.068
7615,-4.7325,66.985
7616,-59.797,64.52
7617,-68.229,74.245
7618,-37.183,46.564
7619,-61.348,-10.432
7620,22.39,55.692
7621,32.175,23.434
7622,0.30685,19.065
7623,-46.748,14.904
7624,23.647,-87.225
7625,-26.118,-18.707
7626,-88.679,30.811
7627,23.093,54.628
7628,76.521,47.978
7629,35.29,-88.785
7630,-16.248,55.929
7631,38.641,-50.657
7632,43.012,31.967
7633,-29.006,70.992
7634,-12.88,-86.963
7635,32.026,-62.753
7636,-67.767,68.145
7637,-32.483,49.088
7638,44.291,-47.795
7639,10.389,60.733
7640,52.958,-78.071
7641,3.2225,-84.837
7642,-52.279,65.128
7643,6.8082,0.64072
7644,-51.275,-10.069
7645,-71.189,31.51
7646,27.39,18.046
7647,-11.269,-77.167
7648,-3.3965,21.625
7649,47.692,-47.79
7650,98.62,-59.889
7651,-34.334,70.945
7652,-60.298,37.211
7653,69.867,-1.266
7654,6.3344,-2.2482
7655,-28.469,-66.207
7656,-31.865,-27.697
7657,-6.9227,-85.046
7658,41.395,26.27
7659,4.2332,84.598
7660,-57.465,-7.0021
7661,-50.487,71.474
7662,1.4481,56.168
7663,-12.623,-10.308
7664,36.252,-66.057
7665,-61.199,55.872
7666,-62.578,56.951
7667,-75.836,29.347
7668,-50.459,66.38
7669,-41.222,62.23
7670,-42.816,81.56
7671,64.22,8.0697
7672,17.87,-8.2491
7673,32.11,43.656
7674,-83.142,18.816
7675,-67.619,58.608
7676,-19.666,37.401
7677,-44.724,56.163
7678,21.348,-8.3406
7679,34.379,41.606
7680,-69.916,11.671
7681,68.755,-27.1
7682,41.798,-39.142
7683,-52.196,-19.233
7684,-35.137,14.432
7685,-84.59,25.84
7686,-23.913,80.486
7687,39.103,85.519
7688,-41.429,4.1063
7689,-57.627,45.419
7690,-19.525,61.401
7691,41.829,78.91
7692,-32.492,67.443
7693,-12.692,97.975
7694,-63.013,28.161
7695,-24.652,77.403
7696,7.5571,-11.478
7697,-4.281,60.293
7698,41.623,-16.747
7699,47.445,23.545
7700,-63.325,57.41
7701,-66.693,-22.014
7702,-4.1497,-74.769
7703,-67.362,-60.337
7704,-28.877,-93.219
7705,13.235,-26.957
7706,-104.09,34.938
7707,-55.399,-24.392
7708,40.803,45.454
7709,-22.614,41.04
7710,-34.506,-32.832
7711,40.345,23.569
7712,9.4535,78.846
7713,44.996,-56.924
7714,-42.266,-2.6127
7715,-39.423,-6.8121
7716,1.8154,41.308
7717,-1.5235,61.248
7718,73.054,48.85
7719,-29.243,-0.54768
7720,-96.442,6.5142
7721,44.356,82.546
7722,-41.044,-9.661
7723,-68.198,70.534
7724,16.129,-43.415
7725,-51.694,52.973
7726,13.258,-31.079
7727,62.442,38.837
7728,35.27,6.0861
7729,-33.87,-28.177
7730,-6.8015,-86.721
7731,34.459,-46.447
7732,-38.422,68.447
7733,-44.411,38.135
7734,-60.489,-31.407
7735,-4.1458,88.999
7736,0.32985,23.971
7737,-4.0277,-74.521
7738,3.0335,29.602
7739,-35.118,0.84632
7740,15.719,-15.808
7741,-58.931,19.909
7742,-50.292,-18.155
7743,-6.8466,73.581
7744,-2.945,3.105
7745,-34.465,70.434
7746,54.227,53.171
7747,-15.422,64.195
7748,-41.365,28.178
7749,-65.894,69.258
7750,17.433,-7.2627
7751,39.923,33.587
7752,44.367,19.121
7753,26.876,38.375
7754,28.589,79.626
7755,17.913,-74.552
7756,-57.961,75.187
7757,-42.048,33.683
7758,-61.055,-10.859
7759,-61.551,58.182
7760,-49.917,-9.9577
7761,-77.835,-57.945
7762,-14.57,68.243
7763,-46.447,66.723
7764,12.654,-6.8909
7765,12.606,-14.1
7766,107.3,-46.694
7767,-43.949,-23.904
7768,-5.8537,60.92
7769,-9.1747,30.224
7770,-21.31,-70.841
7771,-101.79,27.989
7772,-49.773,62.176
7773,-50.821,64.54
7774,-25.186,64.811
7775,19.064,2.3632
7776,10.128,50.408
7777,-40.472,75.164
7778,-7.0936,-67.908
7779,-44.305,36.606
7780,-76.778,29.328
7781,62.004,42.775
7782,52.545,50.738
7783,-24.967,93.828
7784,5.2991,79.367
7785,33.988,-89.285
7786,-19.239,54.885
7787,9.0002,-36.614
7788,-18.863,49.391
7789,-35.57,4.1718
7790,23.796,-81.806
7791,-95.97,25.501
7792,33.026,-46.571
7793,-38.303,72.971
7794,27.143,50.114
7795,-32.719,90.901
7796,23.964,92.655
7797,-28.692,-71.611
7798,20.883,-90.929
7799,-5.0702,-55.14
7800,-36.283,86.097
7801,-51.92,-7.3176
7802,-40.911,84.611
7803,19.625,-81.628
7804,99.648,41.431
7805,14.205,-10.601
7806,7.0528,-83.8
7807,-65.612,18.269
7808,-46.715,45.385
7809,23.079,-98.052
7810,-102.83,28.726
7811,-1.4916,73.407
7812,16.707,43.894
7813,-69.465,-20.674
7814,-17.587,-0.71434
7815,-70.33,69.19
7816,-14.365,65.04
7817,-63.338,58.967
7818,32.183,42.469
7819,-23.756,6.914
7820,29.079,78.624
7821,11.811,-10.557
7822,28.735,-46.131
7823,-32.045,22.968
7824,-8.0395,89.449
7825,-26.743,-33.687
7826,10.089,-28.75
7827,-88.793,21.998
7828,-7.7869,-35.924
7829,-7.7575,102.84
7830,-10.636,-71.428
7831,26.84,-90.543
7832,40.115,-48.587
7833,-102.93,27.941
7834,-62.754,66.068
7835,39.632,-90.399
7836,-7.4645,72.64
7837,78.933,-52.786
7838,-11.219,-69.261
7839,-58.962,-24.696
7840,-63.662,-36.618
7841,51.84,-19.627
7842,-45.535,3.8331
7843,-14.997,-3.2191
7844,-1.8194,61.892
7845,32.857,47.321
7846,-61.445,-9.9375
7847,-32.432,-31.718
7848,-47.355,43.793
7849,37.473,80.481
7850,39.559,84.586
7851,-69.503,40.563
7852,-10.85,-79.324
7853,-18.928,-72.332
7854,-58.246,-6.4549
7855,29.461,21.905
7856,-36.988,81.351
7857,-42.497,89.881
7858,-12.304,-3.1009
7859,31.799,-65.223
7860,-59.602,27.416
7861,-33.352,52.089
7862,-101.47,11.198
7863,-59.766,49.082
7864,-45.201,19.44
7865,19.312,82.61
7866,-20.189,-85.422
7867,64.492,45.359
7868,20.012,-5.9418
7869,-62.778,74.098
7870,36.598,80.693
7871,59.376,-24.777
7872,27.359,75.74
7873,30.685,-60.863
7874,-85.229,-25.278
7875,-48.668,-12.439
7876,-54.899,3.0499
7877,-48.067,63.01
7878,11.087,30.166
7879,-37.251,53.443
7880,-10.735,-52.124
7881,-50.857,41.264
7882,-61.462,50.599
7883,33.025,95.167
7884,-49.939,87.14
7885,-36.078,66.924
7886,63.659,-19.766
7887,-104.46,17.72
7888,-40.237,26.47
7889,38.341,52.773
7890,-103.97,27.909
7891,31.742,1.8614
7892,-50.752,-17.618
7893,-14.888,-24.594
7894,-75.726,33.042
7895,-29.565,80.171
7896,29.393,-60.892
7897,42.495,76.217
7898,43.71,18.062
7899,4.1258,0.17744
7900,40.389,-52.317
7901,-55.305,0.48127
7902,-42.251,53.727
7903,-119.56,14.951
7904,-14.935,-80.433
7905,-10.469,-92.797
7906,-85.189,-15.719
7907,-37.84,22.155
7908,-31.025,51.81
7909,30.194,-45.56
7910,2.9326,-20.313
7911,-60.735,20.296
7912,64.889,44.341
7913,-37.493,69.618
7914,18.376,76.55
7915,-69.308,64.539
7916,-62.676,-33.337
7917,-69.692,69.291
7918,-9.9223,-77.518
7919,48.735,-25.871
7920,-46.89,69.999
7921,-14.116,-81.503
7922,-57.201,-14.449
7923,18.951,35.819
7924,-36.902,20.257
7925,99.724,-59.615
7926,-24.706,44.98
7927,-22.832,-89.116
7928,10.488,-33.144
7929,-12.84,63.445
7930,-34.729,56.483
7931,-52.865,-79.539
7932,11.022,-35.582
7933,-5.6206,26.682
7934,-52.575,54.319
7935,-14.934,89.332
7936,-40.249,2.3136
7937,-34.688,-8.3689
7938,-86.719,-23.093
7939,-31.397,72.21
7940,-64.261,-82.988
7941,46.904,-71.824
7942,-25.925,62.164
7943,12.976,-2.3373
7944,34.987,-81.383
7945,-46.494,40.782
7946,-14.614,-54.749
7947,-62.855,75.878
7948,30.703,-61.98
7949,-8.9304,99.499
7950,10.413,86.633
7951,-18.785,92.557
7952,13.981,83.388
7953,27.886,79.142
7954,-43.177,66.529
7955,-62.622,56.902
7956,-71.56,-28.213
7957,28.107,-81.989
7958,19.277,35.797
7959,-103.71,17.222
7960,-13.998,-3.1693
7961,-39.3,46.648
7962,-40.448,-40.373
7963,-33.077,49.465
7964,-39.245,77.125
7965,61.097,39.243
7966,-9.2465,-69.315
7967,21.635,-60.443
7968,-16.422,-28.342
7969,5.0416,40.779
7970,17.657,-46.878
7971,-45.6,40.013
7972,-67.397,31.928
7973,-16.971,62.528
7974,-24.47,89.695
7975,39.532,36.544
7976,1.4711,19.642
7977,-19.139,-62.893
7978,-46.607,42.921
7979,-62.867,58.829
7980,-102.7,19.488
7981,-46.418,87.542
7982,-33.779,71.665
7983,82.469,27.325
7984,-62.365,0.24173
7985,-65.025,-33.119
7986,3.223,56.007
7987,4.3353,62.512
7988,-3.9012,66.94
7989,-64.754,-78.837
7990,-16.265,70.927
7991,-16.201,-26.94
7992,8.0711,-30.573
7993,-17.455,77.468
7994,-24.884,83.791
7995,-6.1699,32.117
7996,10.899,-5.3826
7997,-41.12,68.933
7998,-22.905,79.45
7999,-74.1,-47.142
8000,6.4117,84.388
8001,-25.061,93.766
8002,17.338,8.021
8003,-39.589,77.674
8004,1.5494,69.069
8005,-63.242,16.206
8006,32.521,-2.4374
8007,-7.4797,27.16
8008,32.418,-51.228
8009,-51.503,-52.931
8010,28.226,74.878
8011,6.4347,-83.954
8012,-63.286,32.783
8013,-8.9676,-64.502
8014,12.66,-12.847
8015,-64.911,-1.5616
8016,-39.092,54.969
8017,-82.481,21.537
8018,11.092,72.538
8019,15.111,57.936
8020,-11.108,91.597
8021,7.7949,84.954
8022,-51.806,42.572
8023,-76.075,-24.864
8024,-26.16,12.593
8025,13.671,54.427
8026,5.0786,-7.6276
8027,5.7177,-0.047307
8028,19.964,1.7515
8029,6.5735,-45.402
8030,-21.484,-29.222
8031,-58.283,53.466
8032,37.147,18.991
8033,16.744,52.127
8034,-18.47,37.377
8035,-46.432,-41.755
8036,99.715,-59.623
8037,6.3938,22.173
8038,-9.7405,-76.894
8039,-44.54,-41.453
8040,-32.13,90.625
8041,33.562,13.338
8042,-1.3657,29.015
8043,-53.859,7.9688
8044,-9.9706,-2.1384
8045,55.89,-44.684
8046,-6.4051,25.886
8047,-47.561,66.658
8048,25.224,-49.941
8049,-32.353,-31.689
8050,-68.569,-24.22
8051,88.166,45.811
8052,-37.126,12.993
8053,26.591,-48.05
8054,-53.517,25.389
8055,-64.701,70.105
8056,-47.272,6.6259
8057,-34.376,15.027
8058,-64.678,57.615
8059,-39.092,-6.5891
8060,-53.677,54.807
8061,21.395,-82.067
8062,16.103,83.135
8063,-16.194,64.381
8064,-100.74,11.675
8065,-54.184,73.573
8066,39.119,1.0609
8067,-39.503,55.122
8068,-56.766,-9.8235
8069,26.747,96.543
8070,-46.52,27.717
8071,-34.126,22.833
8072,-47.542,-32.89
8073,3.0721,90.698
8074,-21.749,-69.785
8075,-21.783,69.092
8076,-36.338,74.443
8077,-101.61,28.265
8078,-10.152,-16.726
8079,-77.564,-52.783
8080,11.74,-40.451
8081,-48.937,78.682
8082,20.212,-82.658
8083,11.973,-39.476
8084,67.812,38.218
8085,32.119,55.372
8086,107.36,-46.515
8087,-34.209,14.256
8088,-35.093,64.955
8089,74.925,50.786
8090,-58.724,-24.238
8091,-56.872,-10.179
8092,-49.397,65.288
8093,60.057,49.748
8094,-6.685,61.932
8095,-48.35,-39.846
8096,-14.742,60.926
8097,0.018034,79.257
8098,76.914,-47.936
8099,-57.325,61.87
8100,-19.361,41.103
8101,33.604,-8.7989
8102,-5.762,92.553
8103,14.497,55.628
8104,18.696,49.422
8105,-102.87,18.878
8106,-57.115,36.053
8107,-46.437,8.4566
8108,-28.467,91.588
8109,19.765,69.448
8110,1.1128,-5.7139
8111,20.162,2.394
8112,3.6739,-16.565
8113,-63.994,-29.96
8114,-24.919,94.502
8115,10.745,49.56
8116,33.592,94.455
8117,-86.979,22.569
8118,17.324,67.159
8119,-47.095,25.873
8120,10.604,-4.7111
8121,27.416,39.817
8122,-61.836,57.014
8123,10.234,-35.257
8124,-9.9093,69.577
8125,-58.522,76.325
8126,17.569,55.219
8127,-9.3836,-76.897
8128,33.703,88.904
8129,50.492,-52.426
8130,-42.149,-12.925
8131,-13.408,-81.525
8132,-13.382,-77.569
8133,31.244,75.395
8134,-51.122,23.054
8135,-85.435,21.714
8136,12.262,-29.15
8137,17.382,-46.732
8138,-39.661,-33.385
8139,-60.874,-66.38
8140,-2.1973,54.692
8141,-3.3558,51.538
8142,-0.2054,52.751
8143,25.876,15.523
8144,6.4884,5.2247
8145,-38.117,76.781
8146,21.149,-53.715
8147,-58.801,-24.616
8148,-88.208,-22.1
8149,-22.176,10.107
8150,-72.847,-25.532
8151,-59.558,6.4395
8152,-7.0492,80.183
8153,-39.59,46.869
8154,-34.381,16.969
8155,-56.088,-8.5442
8156,19.848,-55.772
8157,37.632,49.435
8158,38.753,83.679
8159,27.809,-1.3353
8160,-6.1081,47.249
8161,-55.026,5.8853
8162,-61.126,72.539
8163,30.008,-77.149
8164,20.188,84.997
8165,-64.497,66.604
8166,-20.715,67.985
8167,7.9244,76.374
8168,-34.646,5.5428
8169,-48.627,30.73
8170,-7.694,72.405
8171,-9.7025,-1.2653
8172,5.0399,-84.32
8173,-72.384,-53.418
8174,-65.267,-32.133
8175,-27.649,-63.312
8176,-7.921,76.4
8177,-66.415,-60.01
8178,-41.114,-13.961
8179,21.504,2.4693
8180,-58.569,6.2144
8181,-29.97,40.379
8182,42.811,-70.789
8183,3.3217,-0.46795
8184,2.4122,-17.044
8185,-60.374,34.972
8186,-35.884,81.022
8187,-34.116,87.366
8188,50.32,41.995
8189,-38.887,43.056
8190,-3.0634,-63.417
8191,-43.1,66.431
8192,16.967,-28.999
8193,-52.026,52.875
8194,-26.958,92.294
8195,4.3473,-83.018
8196,-33.842,-58.589
8197,1.7757,35.747
8198,13.697,79.524
8199,41.258,36.172
8200,40.346,32.535
8201,-2.1996,-82.92
8202,-20.302,42.734
8203,3.473,37.64
8204,-13.181,-75.239
8205,7.2942,84.975
8206,17.343,-9.9407
8207,-39.44,77.515
8208,-54.509,-8.3351
8209,33.477,66.905
8210,-4.8053,81.558
8211,19.032,20.605
8212,-32.118,74.517
8213,-7.5945,78.325
8214,-58.01,3.272
8215,-86.207,-27.219
8216,-26.469,27.683
8217,-95.946,25.321
8218,-10.894,-76.149
8219,-71.599,-28.385
8220,75.178,-79.538
8221,-48.899,-19.416
8222,-48.472,12.257
8223,-70.41,14.087
8224,-42.891,62.886
8225,-14.086,18.763
8226,-14.799,-24.676
8227,48.378,-85.947
8228,-106.31,17.315
8229,-89.279,-51.654
8230,-37.99,14.219
8231,1.829,93.641
8232,-49.123,50.3
8233,-33.59,66.279
8234,-58.747,34
8235,-61.487,57.096
8236,-55.723,-10.594
8237,-54.014,-21.077
8238,-34.344,-7.0898
8239,-59.769,25.564
8240,-51.12,73.455
8241,23.469,-64.291
8242,-37.229,31.067
8243,-44.271,18.655
8244,-102.79,16.597
8245,41.417,-40.078
8246,-47.725,63.91
8247,29.337,49.214
8248,51.603,-70.841
8249,11.301,-26.55
8250,1.6243,24.454
8251,-92.018,-49.091
8252,12.756,54.163
8253,-4.8054,101.94
8254,-47.102,-13.149
8255,-70.448,-22.411
8256,-42.871,54.205
8257,-57.12,55.331
8258,-18.991,-69.386
8259,0.77407,98.795
8260,19.283,48.741
8261,-30.794,-96.122
8262,-36.429,45.758
8263,-47.414,-40.709
8264,-34.776,43.444
8265,3.1269,57.203
8266,-4.0851,39.466
8267,-74.131,-52.559
8268,48.325,-57.558
8269,37.661,-73.538
8270,-30.375,51.764
8271,20.488,-82.592
8272,-41.397,-14.03
8273,-5.9445,-76.646
8274,-92.972,-46.932
8275,-59.648,57.251
8276,35.638,94.04
8277,-62.261,28.579
8278,34.362,-52.59
8279,15.515,79.506
8280,28.405,78.57
8281,58.212,-73.795
8282,-50.586,66.192
8283,-5.7039,79.371
8284,-49.915,-12.081
8285,-54.585,46.354
8286,-53.266,74.087
8287,-24.916,-101.98
8288,-4.9404,66.791
8289,-7.6994,13.798
8290,11.888,49.758
8291,29.109,76.38
8292,-59.543,12.365
8293,-33.777,30.677
8294,-62.711,57.061
8295,-61.483,-33.32
8296,-73.18,-15.039
8297,37.746,51.463
8298,55.431,56.358
8299,2.3477,20.068
8300,19.647,-10.072
8301,-67.621,60.667
8302,-46.66,14.734
8303,-54.147,-46.681
8304,-54.846,-37.299
8305,19.94,-40.211
8306,-38.185,68.228
8307,19.186,68.338
8308,50.239,-57.306
8309,-23.137,80.445
8310,-36.898,-8.3003
8311,34.385,-78.527
8312,2.2054,37.908
8313,15.264,53.42
8314,-46.661,85.819
8315,-80.326,-48.972
8316,-39.73,-10.358
8317,27.277,37.522
8318,-18.174,-22.532
8319,27.351,-52.045
8320,-1.0105,39.976
8321,-70.577,10.998
8322,-60.458,-0.69515
8323,-62.627,-81.792
8324,-71.573,62.859
8325,25.336,91.445
8326,-22.272,-15.297
8327,92.889,-53.036
8328,22.114,25.322
8329,4.8148,93.744
8330,39.552,-66.989
8331,-68.637,-32.719
8332,-66.253,74.017
8333,-53.277,77.279
8334,-39.659,85.744
8335,41.359,-68.7
8336,8.1503,71.939
8337,-67.866,-36.316
8338,4.5639,77.351
8339,25.941,39.614
8340,-39.756,-6.5761
8341,50.356,-59.98
8342,69.613,42.24
8343,40.477,-57.152
8344,14.658,75.309
8345,3.6946,78.007
8346,13.563,-11.867
8347,104.77,-55.336
8348,-60.778,54.615
8349,-58.339,36.358
8350,-34.719,17.922
8351,-56.458,-12.206
8352,-48.368,42.389
8353,-40.996,-12.212
8354,-58.899,55.123
8355,23.647,-95.787
8356,-2.3817,-50.241
8357,104.38,-55.816
8358,1.0277,1.1635
8359,-28.406,55.991
8360,-46.352,41.66
8361,-32.236,23.81
8362,-61.569,36.014
8363,-6.2226,20.042
8364,33.765,93.816
8365,2.1307,97.652
8366,31.683,74.971
8367,-12.307,-46.541
8368,13.79,47.661
8369,28.51,-47.189
8370,-57.771,45.857
8371,-53.473,77.775
8372,-1.4443,18.404
8373,-72.452,-24.906
8374,84.077,-16.304
8375,-16.3,28.453
8376,-36.797,-13.305
8377,-33.927,64.282
8378,-48.449,62.414
8379,28.152,78.213
8380,14.352,80.143
8381,-51.166,69.782
8382,-51.265,23.256
8383,48.173,39.927
8384,19.713,-69.256
8385,-41.38,7.2662
8386,12.866,74.107
8387,15.467,87.358
8388,-99.731,-9.4734
8389,-79.107,-54.588
8390,-15.716,62.625
8391,50.052,81.133
8392,-59.601,67.346
8393,5.2109,74.217
8394,10.276,85.266
8395,26.09,-95.109
8396,-46.611,60.89
8397,-45.861,-23.851
8398,-62.736,59.107
8399,-39.665,29.245
8400,-78.883,-28.123
8401,30.768,2.0818
8402,8.9347,66.918
8403,63.867,39.318
8404,-58.655,8.2712
8405,47.958,51.323
8406,-8.9873,79.624
8407,28.547,80.24
8408,-0.19666,55.065
8409,-48.467,64.33
8410,59.421,-83.53
8411,-70.537,36.793
8412,-66.751,59.338
8413,23.023,-43.577
8414,-10.046,29.501
8415,36.237,35.323
8416,-20.392,-29.989
8417,-52.229,45.192
8418,-60.894,-28.946
8419,-40.452,30.312
8420,36.201,-53.45
8421,7.6424,76.864
8422,-13.432,78.144
8423,64.8,-43.532
8424,-13.454,-53.184
8425,-65.564,-36.373
8426,29.263,-47.576
8427,-32.525,-10.288
8428,4.6371,-7.0843
8429,-38.018,43.532
8430,-67.624,-32.455
8431,-44.155,18.4
8432,-9.6261,69.73
8433,-13.374,65.226
8434,45.493,14.627
8435,14.262,82.628
8436,-37.544,21.745
8437,26.985,-87.223
8438,47.653,-85.118
8439,-42.815,-6.7882
8440,-56.487,-0.019606
8441,-67.595,57.817
8442,5.5449,12.827
8443,-62.799,77.551
8444,107.32,-52.817
8445,-33.972,72.518
8446,54.705,41.974
8447,10.6,76.48
8448,-60.645,-28.704
8449,-71.524,-26.734
8450,-81.574,-28.015
8451,12.655,-39.446
8452,-5.2606,-1.8225
8453,4.2786,84.321
8454,8.0403,81.636
8455,-53.046,62.476
8456,-58.13,72.594
8457,62.871,5.038
8458,8.8091,-1.5765
8459,-17.565,66.048
8460,54.11,39.39
8461,-32.057,66.633
8462,-48.4,-19.958
8463,-42.264,35.491
8464,-50.181,66.434
8465,-22.764,10.504
8466,-50.74,55.356
8467,-29.99,62.225
8468,-70.877,-30.197
8469,-34.87,43.302
8470,16.165,8.4813
8471,-58.451,16.994
8472,-92.13,-4.9153
8473,-72.209,-30.11
8474,-59.659,45.41
8475,-55.123,52.698
8476,41.988,-83.114
8477,45.817,-2.674
8478,4.2028,21.865
8479,17.126,84.107
8480,40.394,61.08
8481,-41.462,-5.544
8482,-17.08,-69.29
8483,-10.879,-70.004
8484,22.762,25.845
8485,2.5246,5.2137
8486,4.2339,76.309
8487,-20.896,30.193
8488,-43.467,-3.2826
8489,-50.842,41.177
8490,-61.308,-30.769
8491,26.233,-94.174
8492,15.345,59.543
8493,16.542,-64.696
8494,-10.834,51.425
8495,31.104,-82.301
8496,-59.622,-7.5177
8497,-67.971,-32.245
8498,16.479,13.714
8499,-72.433,-76.564
8500,26.121,-37.682
8501,16.022,-67.044
8502,55.713,-80.664
8503,-33.016,-94.432
8504,-47.859,62.119
8505,-12.28,-54.009
8506,-61.497,64.947
8507,-44.249,73.59
8508,-18.146,25.733
8509,99.797,-59.585
8510,-35.58,-4.9656
8511,8.0639,-14.325
8512,57.903,46.958
8513,29.87,75.454
8514,10.782,-75.116
8515,15.646,-38.097
8516,-22.231,79.299
8517,-50.865,40.326
8518,-64.788,-33.487
8519,-62.979,72.788
8520,-70.745,59.656
8521,34.943,-85.343
8522,51.152,40.352
8523,-53.846,-22.214
8524,-9.6394,69.706
8525,50.991,-19.786
8526,20.058,-46.483
8527,10.647,-54.306
8528,-55.167,-33.194
8529,-35.586,-61.601
8530,-91.221,-49.725
8531,3.8157,-16.055
8532,-55.607,-35.082
8533,-31.583,90.412
8534,-87.237,-22.638
8535,-46.135,-41.076
8536,-4.7556,67.343
8537,-59.241,-7.5327
8538,-36.529,24.448
8539,4.5904,85.467
8540,-19.541,-79.864
8541,63.917,-15.556
8542,-25.818,66.433
8543,-36.549,48.667
8544,-44.842,3.8802
8545,-11.059,101.12
8546,-12.175,-37.507
8547,-37.954,-7.9036
8548,-84.927,-10.328
8549,14.729,34.102
8550,-47.726,61.969
8551,-46.764,27.114
8552,-58.609,45.103
8553,-104.54,15.547
8554,1.1891,39.024
8555,10.627,-4.2617
8556,-21.115,82.663
8557,-54.974,13.568
8558,-60.762,35.361
8559,10.156,46.484
8560,-17.801,67.356
8561,50.134,-64.483
8562,-31.472,11.807
8563,-33.475,90.174
8564,1.0973,-79.289
8565,8.9889,-2.1442
8566,99.976,-59.49
8567,-8.9224,44.048
8568,-85.153,-10.483
8569,-74.475,-63.253
8570,16.668,84.771
8571,29.049,74.676
8572,9.4897,45.949
8573,-55.559,-36.134
8574,-50.945,-15.132
8575,26.235,-1.0815
8576,-68.9,51.584
8577,52.072,44.357
8578,68.025,-59.384
8579,-98.974,-14.629
8580,-42.614,87.888
8581,-58.11,54.328
8582,-43.358,-39.462
8583,-56.012,-23.333
8584,14.359,-69.761
8585,5.5532,84.278
8586,1.1448,-5.3868
8587,-10.429,-72.265
8588,19.081,-56.791
8589,-42.845,23.019
8590,-61.475,4.1734
8591,-68.064,-22.554
8592,21.139,-56.193
8593,64.662,-25.831
8594,-35.958,-3.1506
8595,11.228,73.447
8596,12.42,-39.301
8597,-63.701,64.612
8598,-61.512,-10.003
8599,-41.192,49.982
8600,-61.451,30.943
8601,-37.994,-10.265
8602,-34.009,-2.5316
8603,33.525,82.542
8604,22.512,-65.526
8605,-59.2,-8.9192
8606,4.8324,55.615
8607,-13.223,75.761
8608,-65.376,-33.657
8609,-0.27256,21.825
8610,33.396,5.4013
8611,-8.7085,-65.554
8612,17.818,-70.277
8613,-18.373,61.909
8614,-39.657,52.322
8615,47.306,-71.396
8616,30.731,31.108
8617,38.085,37.557
8618,-9.4059,95.145
8619,-71.762,-64.464
8620,63.485,40.061
8621,-42.861,-0.74411
8622,-84.166,-13.939
8623,-5.6967,28.012
8624,7.5211,-6.4061
8625,41.186,19.407
8626,15.176,49.877
8627,-25.126,-71.386
8628,37.16,-62.613
8629,-16.243,64.931
8630,-59.195,49.184
8631,-61.245,-10.02
8632,-60.313,25.594
8633,-37.795,44.596
8634,-18.017,68.121
8635,12.838,73.788
8636,-35.295,26.882
8637,-60.738,-17.673
8638,-101.56,23.759
8639,-61.504,78.945
8640,-2.3702,43.333
8641,37.702,34.332
8642,5.3784,33.277
8643,-11.949,67.354
8644,38.307,-62.823
8645,-38.966,-42.112
8646,106.96,-53.548
8647,-85.183,-13.305
8648,-42.433,-3.1746
8649,-6.6368,26.337
8650,6.7152,59.072
8651,-32.692,-8.6979
8652,26.318,-80.053
8653,38.285,-69.646
8654,-15.048,65.631
8655,-71.006,12.739
8656,-92.908,52.182
8657,14.427,74.547
8658,17.029,84.395
8659,4.9357,-17.674
8660,-68.428,67.91
8661,-31.115,34.333
8662,-59.573,-10.291
8663,-77.305,31.009
8664,-69.419,40.16
8665,-66.869,-59.698
8666,18.594,52.689
8667,-69.909,-78.589
8668,-3.7615,68.862
8669,-13.257,66.863
8670,79.74,46.918
8671,-55.789,-24.434
8672,-69.292,36.115
8673,-74.729,-18.572
8674,-56.188,-10.102
8675,-21.285,-60.171
8676,-2.5824,54.873
8677,-41.74,-2.0417
8678,-40.563,-16.839
8679,-16.198,25.401
8680,49.096,43.113
8681,34.876,77.961
8682,-65.677,55
8683,31.421,24.453
8684,1.9453,53.602
8685,-25.303,-23.964
8686,-20.354,76.221
8687,55.621,33.058
8688,-9.5467,-65.566
8689,-42.857,36.613
8690,-56.493,-26.066
8691,-47.538,-31.922
8692,15.554,8.5617
8693,3.9944,21.12
8694,44.738,-86.834
8695,38.178,33.255
8696,-35.665,71.674
8697,-57.892,67.702
8698,-1.9837,79.003
8699,-23.897,43.297
8700,-37.829,43.772
8701,-80.45,-34.813
8702,-39.692,-10.586
8703,-119.51,15.067
8704,19.751,-8.7145
8705,-10.448,47.277
8706,98.519,-60.118
8707,-7.4456,-53.508
8708,64.525,-15.822
8709,-58.374,52.794
8710,-47.289,-16.883
8711,-59.791,-16.305
8712,-57.535,52.675
8713,40.952,-47.655
8714,-19.249,-80.29
8715,100.02,-59.46
8716,58.09,40.54
8717,-39.074,75.871
8718,2.3767,-37.436
8719,-41.716,-42.22
8720,-24.951,-68.958
8721,-44.58,11.592
8722,-83.647,20.359
8723,-40.142,45.157
8724,57.209,51.47
8725,2.7646,20.123
8726,64.682,56.815
8727,-43.092,63.62
8728,-38.496,3.7457
8729,-56.473,-24.9
8730,-85.029,-19.316
8731,-10.872,85.687
8732,36.897,62.675
8733,-65.273,-42.662
8734,29.31,-37.53
8735,-71.828,-64.534
8736,-13.17,-57.004
8737,-47.662,23.662
8738,-96.318,25.177
8739,-14.918,65.054
8740,34.387,94.418
8741,20.689,-52.804
8742,-51.438,-12.245
8743,43.28,-59.241
8744,17.081,3.1804
8745,-11.654,-77.202
8746,-35.045,28.636
8747,-35.642,18.104
8748,76.701,55.267
8749,-71.498,68.245
8750,-0.63761,16.807
8751,28.8,-84.195
8752,42.062,19.619
8753,96.691,-56.342
8754,47.693,44.387
8755,-7.4907,66.886
8756,55.647,76.715
8757,-89.454,25.004
8758,-74.59,-6.9366
8759,19.933,10.212
8760,-12.734,-57.565
8761,34.152,94.42
8762,-44.791,-40.699
8763,-41.379,72.806
8764,-89.706,27.209
8765,-53.687,-56.629
8766,-54.865,-38.614
8767,40.265,81.556
8768,2.6801,-16.865
8769,-13.128,36.274
8770,-68.359,56.68
8771,-68.052,-15.03
8772,-46.556,64.942
8773,74.971,50.51
8774,3.2256,-15.834
8775,35.24,-34.271
8776,-7.0991,-35.887
8777,11.86,-6.8829
8778,7.4218,78.833
8779,-27.755,56.309
8780,-42.494,-2.6729
8781,-63.058,47.676
8782,-47.123,44.44
8783,-88.244,21.664
8784,-16.025,-21.221
8785,39.784,84.128
8786,31.335,37.504
8787,41.904,40.659
8788,-45.337,19.499
8789,-101.46,18.587
8790,30.404,-57.757
8791,-6.9139,-6.5449
8792,59.762,48.973
8793,-42.159,-43
8794,40.396,-84.729
8795,-81.205,-26.682
8796,-64.611,26.258
8797,10.658,85.063
8798,-8.9753,71.328
8799,-62.948,-31.63
8800,-44.854,-7.331
8801,-6.254,26.528
8802,-47.926,68.139
8803,17.294,-39.428
8804,45.24,21.282
8805,29.586,39.682
8806,-61.111,16.02
8807,-89.292,-51.6
8808,-59.002,1.5932
8809,-33.628,7.6713
8810,-18.781,-81.726
8811,61.36,41.081
8812,-35.236,41.375
8813,-56.514,-21.322
8814,-10.749,101.22
8815,19.993,-10.991
8816,-51.468,19.63
8817,-65.257,-33.247
8818,-39.242,38.361
8819,-60.824,-29.29
8820,-45.063,19.075
8821,-12.83,-38.062
8822,-71.979,50.903
8823,-72.345,-74.556
8824,-46.675,2.6717
8825,-55.376,2.518
8826,-103.13,25.962
8827,-15.594,56.043
8828,-67.842,62.559
8829,-34.542,79.484
8830,-42.667,-5.4179
8831,72.633,54.018
8832,41.159,35.981
8833,-12.946,-78.851
8834,-59.194,55.525
8835,30.906,24.474
8836,-19.18,-75.718
8837,-81.141,-11.435
8838,0.54333,102.04
8839,-9.066,-69.672
8840,0.46529,35.467
8841,-61.335,-18.393
8842,-30.268,40.376
8843,106.25,-54.012
8844,-15.641,27.098
8845,9.9866,-24.422
8846,-4.3377,78.641
8847,11.459,-10.224
8848,15.482,-85.495
8849,-46.36,40.077
8850,-69.159,-32.767
8851,-64.58,27.271
8852,-82.053,-28.361
8853,53.61,-13.613
8854,2.7097,30.924
8855,-19.275,-20.217
8856,13.218,-42.733
8857,-55.846,76.934
8858,-17.611,66.442
8859,-38.451,-45.096
8860,35.059,82.115
8861,-57.705,47.114
8862,-62.761,57.108
8863,-62.55,67.845
8864,82.764,-46.02
8865,-8.474,102.88
8866,3.9981,-13.524
8867,-73.056,-25.377
8868,-53.557,-19.585
8869,-46.377,45.178
8870,-81.238,9.7811
8871,13.738,0.0236
8872,-58.865,-24.604
8873,-25.254,23.494
8874,-55.747,-17.467
8875,18.293,35.129
8876,32.484,25.409
8877,17.525,45.094
8878,13.854,-27.973
8879,58.874,-53.986
8880,106.23,-53.958
8881,25.773,-52.359
8882,-19.814,-22.522
8883,-44.073,20.938
8884,-49.632,-21.295
8885,11.84,35.738
8886,2.1708,41.499
8887,59.097,51.748
8888,40.214,-41.331
8889,-30.921,3.5883
8890,-14.201,-74.652
8891,-32.087,-11.376
8892,17.319,67.073
8893,11.378,-13.341
8894,-23.292,46.371
8895,-107.14,33.12
8896,-15.625,64.378
8897,-14.276,-24.375
8898,-92.729,-9.5068
8899,-41.482,-16.1
8900,58.414,48.168
8901,73.978,47.737
8902,-45.346,4.5513
8903,-72.881,-24.595
8904,-33.952,-1.6621
8905,-47.318,-41.615
8906,-24.171,-78.455
8907,46.245,-30.283
8908,4.2685,-2.325
8909,10.622,-50.934
8910,14.986,80.597
8911,31.679,41.716
8912,-59.716,37.761
8913,-81.442,-39.296
8914,-86.278,-22.615
8915,30.011,-91.249
8916,-56.569,-84.647
8917,3.1062,-11.676
8918,8.5419,75.259
8919,-27.765,8.4429
8920,-24.106,15.695
8921,-90.174,18.294
8922,-18.733,-23.318
8923,37.008,17.128
8924,-29.329,-30.75
8925,-12.288,-90.414
8926,-4.9906,89.859
8927,-35.991,69.832
8928,-48.034,43.344
8929,-100.48,-44.497
8930,-51.602,39.099
8931,-55.334,-18.923
8932,4.142,21.262
8933,-92.374,-48.786
8934,-72.365,-76.234
8935,-61.51,54.437
8936,27.503,-95.127
8937,-8.7152,42.043
8938,21.54,-40.056
8939,-23.193,-70.114
8940,-43.434,45.264
8941,12.547,-26.684
8942,-41.818,3.493
8943,-55.277,-26.114
8944,-90.3,18.366
8945,37.317,-88.013
8946,-2.5213,27.148
8947,0.64765,61.319
8948,33.322,-63.049
8949,99.689,-59.637
8950,-27.611,87.022
8951,4.6188,83.397
8952,-59.243,48.503
8953,-47.419,-41.55
8954,-40.377,-19.592
8955,-19.637,-83.647
8956,32.171,41.978
8957,-18.522,66.883
8958,4.3593,-42.285
8959,-43.026,49.975
8960,-15.119,50.529
8961,-33.278,87.202
8962,21.938,-41.017
8963,-17.891,68.943
8964,71.381,49.089
8965,-76.77,29.58
8966,-87.54,30.887
8967,-87.403,-21.122
8968,-50.394,86.108
8969,55.556,41.736
8970,-72.099,-26.548
8971,-29.405,30.452
8972,-15.944,62.762
8973,-53.286,65.018
8974,-34.252,15.824
8975,39.428,1.6535
8976,-59.812,53.457
8977,-34.53,-10.448
8978,4.655,28.47
8979,-73.253,33.093
8980,-84.577,-11.077
8981,56.888,50.557
8982,-18.847,65.483
8983,54.5,44.152
8984,30.757,42.567
8985,-26.87,56.027
8986,72.656,-82.016
8987,-62.505,-29.283
8988,-27.704,46.047
8989,-83.555,24.368
8990,9.9528,40.378
8991,27.007,3.8839
8992,-38.11,0.81214
8993,-57.706,-21.709
8994,-41.1,84.37
8995,19.013,-88.413
8996,19.325,-80.055
8997,0.55222,78.717
8998,-27.157,86.73
8999,-64.389,-3.6726
9000,-51.574,42.211
9001,9.3199,54.304
9002,10.305,33.127
9003,-75.69,-32.217
9004,-52.447,-38.382
9005,-96.588,27.32
9006,36.345,39.801
9007,0.18809,3.1406
9008,-32.943,-11.205
9009,-18.659,-7.4194
9010,-74.027,6.8379
9011,20.359,22.936
9012,12.567,31.978
9013,-71.806,-27.923
9014,-86.623,23.412
9015,-50.34,-10.096
9016,25.564,68.064
9017,-5.0011,-55.966
9018,-59.246,65.099
9019,-11.525,-84.115
9020,101.5,-58.516
9021,10.584,-41.569
9022,-25.107,21.92
9023,-46.953,-41.709
9024,-37.259,58.183
9025,-33.779,88.561
9026,11.616,-37.877
9027,56.739,-58.145
9028,-26.378,28.461
9029,64.47,27.966
9030,-36,31.291
9031,16.482,60.681
9032,-101.41,-43.021
9033,-5.7281,26.61
9034,-103.08,20.726
9035,-3.1532,42.093
9036,-39.43,-11.745
9037,-50.342,87.27
9038,64.108,45.716
9039,0.11968,30.346
9040,-67.063,31.344
9041,21.213,-53.699
9042,-49.165,-4.8319
9043,69.905,-1.9237
9044,-23.072,90.125
9045,-11.868,88.857
9046,99.98,-58.045
9047,0.95001,40.55
9048,41.994,45.973
9049,-59.766,-24.604
9050,-43.082,54.899
9051,10.598,64.549
9052,-33.341,-8.4384
9053,56.504,49.972
9054,14.082,80.203
9055,10.038,-35.255
9056,6.3469,-16.644
9057,-34.244,-3.051
9058,-88.227,44.486
9059,50.977,39.753
9060,24.421,75.56
9061,-1.9452,21.473
9062,13.503,-0.94888
9063,-62.961,-83.072
9064,-37.536,21.636
9065,-85.461,25.717
9066,-53.721,71.123
9067,8.3323,24.441
9068,38.144,-53.104
9069,-45.409,19.937
9070,-68.635,-26.745
9071,6.7967,79.455
9072,-31.042,19.706
9073,-33.102,-32.038
9074,2.3203,22.265
9075,35.285,38.099
9076,30.293,76.98
9077,-42.604,-86.884
9078,-64.572,21.765
9079,-60.303,-7.2475
9080,-67.55,-32.369
9081,-65.042,-31.695
9082,-26.785,20.019
9083,-18.894,-23.113
9084,12.97,-15.533
9085,30.829,55.918
9086,12.048,72.642
9087,-70.741,60.332
9088,1.4788,66.802
9089,16.145,-10.745
9090,-56.408,-9.7071
9091,17.774,54.024
9092,-59.009,-13.832
9093,-53.476,-57.697
9094,59.642,49.855
9095,37.739,9.5943
9096,9.4485,-20.843
9097,-59.475,49.01
9098,-52.115,43.868
9099,38.423,40.835
9100,1.6553,8.4052
9101,-44.505,-0.99952
9102,-91.729,-48.465
9103,-93.288,52.451
9104,-53.879,-33.684
9105,25.239,-60.419
9106,38.575,34.853
9107,-38.077,-8.1343
9108,-25.409,38.073
9109,-56.024,-18.855
9110,-54.601,-14.396
9111,-33.142,51.579
9112,-15.847,-54.716
9113,-9.3787,-71.965
9114,-14.777,-74.48
9115,-19.818,-82.095
9116,-2.5531,81.702
9117,-67.345,59.378
9118,-45.155,22.929
9119,54.844,-79.388
9120,-7.4695,83.902
9121,10.469,93.135
9122,14.022,64.2
9123,-8.5886,-69.662
9124,-10.492,-66.041
9125,-47.544,43.726
9126,-76.003,-14.797
9127,-51.26,13.246
9128,-41.2,72.75
9129,-70.847,-22.657
9130,-51.131,40.051
9131,-57.057,33.303
9132,10.125,31.761
9133,-52.76,-24.151
9134,-72.453,61.332
9135,-83.175,19.344
9136,7.8417,72.487
9137,-42.434,5.9441
9138,-8.7481,99.207
9139,4.5944,76.055
9140,-10.297,65.885
9141,-57.893,46.205
9142,-72.051,-26.468
9143,-48.05,14.406
9144,-23.036,42.418
9145,-69.822,30.635
9146,-60.438,27.836
9147,-39.903,-39.675
9148,-69.239,-25.043
9149,26.982,-51.577
9150,-103.85,33.527
9151,2.2799,-53.764
9152,10.755,82.914
9153,9.4215,40.975
9154,-73.705,-17.802
9155,-8.1433,-68.521
9156,-39.958,58.608
9157,-60.249,-30.715
9158,23.419,67.651
9159,31.831,24.154
9160,-15.363,-22.113
9161,-63.301,17.597
9162,-8.8043,43.598
9163,-17.418,68.174
9164,19.809,2.4211
9165,-52.072,43.344
9166,-69.984,61.093
9167,-60.268,54.966
9168,23.612,-36.804
9169,23.555,-62.722
9170,-4.2874,33.968
9171,-12.508,42.013
9172,-13.286,-3.1692
9173,-53.454,-21.792
9174,-90.176,26.968
9175,-60.505,-19.768
9176,23.049,-86.773
9177,24.967,4.7416
9178,-44.944,22.427
9179,21.541,-10.1
9180,-56.214,-28.66
9181,-46.133,40.729
9182,-46.059,40.284
9183,-26.6,95.784
9184,3.854,79.026
9185,-36.526,-8.3566
9186,-72.603,8.015
9187,55.992,41.58
9188,-86.826,-24.144
9189,7.8736,36.042
9190,-36.631,-6.7827
9191,36.849,38.707
9192,-50.067,-28.421
9193,-1.3491,50.84
9194,79.83,-51.188
9195,-19.669,-28.157
9196,59.191,51.086
9197,-99.861,6.25
9198,-68.56,-32.752
9199,-33.516,50.27
9200,-57.552,-22.447
9201,-42.773,57.534
9202,-63.971,68.882
9203,54.52,-53.86
9204,-41.328,77.784
9205,16.331,7.7989
9206,19.297,0.73036
9207,-28.681,57.178
9208,-39.02,82.982
9209,71.083,-3.4939
9210,2.7013,37.876
9211,-64.725,26.417
9212,-59.194,-60.822
9213,68.903,52.97
9214,28.128,78.466
9215,-47.051,14.52
9216,29.647,15.426
9217,5.8804,0.41689
9218,-38.404,13.056
9219,3.3648,-6.4515
9220,58.318,43.797
9221,-49.561,23.861
9222,-53.397,74.432
9223,-56.752,-9.868
9224,-66.814,21.32
9225,-38.564,37.604
9226,-45.565,37.367
9227,-4.4522,28.293
9228,-7.9783,30.488
9229,52.255,-17.535
9230,-58.057,-25.982
9231,-30.144,8.8292
9232,19.679,-39.112
9233,4.1016,-13.288
9234,4.5574,31.039
9235,64.494,41.418
9236,-45.732,-10.009
9237,-67.715,-32.114
9238,-25.205,27.565
9239,-75.502,-51.838
9240,-32.838,35.409
9241,14.345,-41.948
9242,12.532,73.881
9243,33.9,1.4498
9244,-102.62,16.732
9245,15.125,-5.6524
9246,-73.142,-15.298
9247,-39.082,74.975
9248,-72.593,-22.389
9249,-41.947,-3.7998
9250,-44.053,-39.848
9251,6.2506,43.52
9252,28.359,95.207
9253,7.3821,99.452
9254,-85.174,-10.639
9255,-61.242,-30.143
9256,-12.775,56.799
9257,15.558,60.333
9258,15.258,87.417
9259,-11.838,-74.62
9260,-86.16,-24.316
9261,-6.5776,-4.7574
9262,55.653,50.752
9263,-17.888,68.549
9264,-57.442,52.898
9265,-48.254,-41.25
9266,-58.096,-25.357
9267,-50.071,-11.169
9268,21.281,-85.253
9269,31.738,-73.008
9270,36.555,14.485
9271,-79.187,61.564
9272,-65.34,-28.993
9273,-48.773,60.887
9274,-42.692,-19.239
9275,18.688,50.303
9276,11.949,-6.3712
9277,-59.947,50.774
9278,19.984,-64.017
9279,-66.756,-62.453
9280,61.137,22.48
9281,-59.319,48.986
9282,-12.055,64.617
9283,48.017,-80.101
9284,-37.39,44.772
9285,-57.104,73.422
9286,-68.269,-35.142
9287,-71.69,-18.881
9288,16.419,56.936
9289,-64.809,19.132
9290,21.869,-4.2825
9291,4.9224,56.648
9292,6.3655,0.67929
9293,-58.374,-24.174
9294,25.258,-61.13
9295,2.4334,-7.2156
9296,-46.181,86.46
9297,-18.333,-23.756
9298,5.0441,85.439
9299,-34.657,22.646
9300,-62.987,-32.537
9301,-55.212,2.7851
9302,-94.965,25.173
9303,-36.533,-5.6238
9304,-17.9,-24.085
9305,53.187,36.148
9306,-10.192,-69.194
9307,-104.15,27.709
9308,-56.961,-10.944
9309,-59.347,48.888
9310,17.133,-42.17
9311,1.8192,44.24
9312,-98.877,-14.163
9313,-86.58,-24.786
9314,-18.814,-79.05
9315,-60.818,-7.3438
9316,50.324,36.812
9317,6.9719,-0.91339
9318,12.317,71.801
9319,-43.978,-33.892
9320,-43.995,53.522
9321,-69.758,50.44
9322,8.2825,78.933
9323,14.599,75.091
9324,-32.1,-9.25
9325,-0.47591,-14.76
9326,87.873,45.617
9327,-59.61,-16.086
9328,37.867,35.062
9329,25.921,-60.437
9330,-12.673,-65.966
9331,-62.659,65.75
9332,-58.245,73.356
9333,-47.009,-33.529
9334,-68.157,-16.154
9335,-24.047,57.034
9336,8.5705,72.3
9337,7.147,-17.039
9338,-12.558,77.788
9339,-4.2509,39.289
9340,-68.508,-16.498
9341,31.771,-79.897
9342,-5.9037,-84.32
9343,33.106,40.158
9344,-44.205,20.457
9345,-41.488,77.321
9346,22.493,-43.44
9347,20.693,-83.819
9348,56.462,-11.226
9349,17.88,-10.015
9350,61.142,38.698
9351,13.875,53.919
9352,-5.6257,0.3298
9353,9.8663,79.242
9354,-76.283,-52.978
9355,-29.653,51.403
9356,-68.322,-35.281
9357,-55.606,2.7109
9358,-24.422,80.602
9359,-72.095,69.129
9360,-4.7693,-7.0953
9361,19.689,49.018
9362,7.2423,-16.962
9363,27.788,6.8443
9364,-68.442,74.327
9365,52.422,80.491
9366,6.7735,-16.405
9367,8.7877,68.225
9368,-3.2537,69.271
9369,-60.139,44.215
9370,-48.906,-33.483
9371,-106.16,-13.85
9372,19.696,48.841
9373,-20.664,-87.632
9374,12.542,-7.0469
9375,-56.705,-26.113
9376,-59.439,-27.843
9377,-50.309,15.223
9378,-57.554,-22.025
9379,-39.361,-6.0881
9380,-58.739,-10.952
9381,-55.383,-24.769
9382,-88.807,-5.5003
9383,50.624,-24.502
9384,-9.9241,69.456
9385,-41.595,36.553
9386,-65.814,-37.31
9387,-62.725,-30.898
9388,63.284,52.734
9389,57.955,73.445
9390,-42.231,77.956
9391,-10.832,51.671
9392,5.0466,-0.29877
9393,-60.271,-27.783
9394,30.629,-58.025
9395,0.23983,49.653
9396,-62.017,64.244
9397,-53.676,35.719
9398,15.071,58.287
9399,4.2042,84.942
9400,76.806,46.791
9401,-90.886,16.326
9402,-67.817,-21.836
9403,46.717,-1.7656
9404,13.658,-5.6636
9405,-50.732,-22.328
9406,-74.118,-32.811
9407,34.695,-91.793
9408,0.35665,81.472
9409,-42.937,75.433
9410,-37.569,-83.445
9411,-13.789,24.429
9412,-71.877,36.767
9413,-58.086,54.05
9414,-21.783,81.913
9415,-66.182,75.953
9416,28.848,-39.718
9417,-6.4195,-77.56
9418,-71.983,-53.935
9419,42.373,37.764
9420,-58.674,45.829
9421,-67.718,58.061
9422,-26.927,87.919
9423,50.574,-25.896
9424,-44.695,9.1417
9425,-34.031,-1.987
9426,-11.004,-79.063
9427,-62.458,-31.429
9428,-48.94,79.75
9429,-32.775,-7.9925
9430,-58.586,-37.986
9431,2.342,70.965
9432,-38.398,22.166
9433,-34.75,-30.03
9434,-52.013,12.798
9435,-60.59,-22.046
9436,-63.219,66.298
9437,-80.536,-40.847
9438,-58.018,80.125
9439,38.726,13.517
9440,-33.377,-1.1503
9441,-20.083,-35.64
9442,39.791,35.875
9443,55.388,43.903
9444,-54.357,64.225
9445,-36.286,-22.566
9446,-8.6911,100.27
9447,-12.222,34.322
9448,17.036,-12.032
9449,-5.3807,66.566
9450,-59.361,67.89
9451,-55.238,-8.666
9452,-37.11,45.718
9453,-21.041,-28.4
9454,-17.226,-0.092216
9455,-29.191,66.445
9456,50.631,-60.453
9457,70.809,66.043
9458,-39.577,-10.418
9459,21.201,-77.168
9460,-73.329,-15.774
9461,-58.626,54.458
9462,-55.261,47.743
9463,54.252,52.791
9464,-51.158,40.044
9465,-54.933,-14.251
9466,-66.361,-37.528
9467,-48.173,-30.258
9468,-58.466,53.971
9469,-44.411,3.6109
9470,16.203,-43.562
9471,60.258,50.006
9472,12.447,36.057
9473,31.484,75.094
9474,-76.841,56.523
9475,-31.327,93.534
9476,69.949,-20.304
9477,57.2,43.419
9478,-17.044,-82.863
9479,-80.843,-54.831
9480,21.252,25.564
9481,-32.265,40.882
9482,-35.327,-15.04
9483,-60.344,-27.738
9484,-31.817,93.333
9485,27.937,-46.418
9486,43.505,80.527
9487,7.3192,-47.383
9488,-48.463,-13.186
9489,-39.602,85.356
9490,-24.348,92.459
9491,3.3257,41.041
9492,29.563,79.606
9493,1.4258,-80.58
9494,49.104,-33.074
9495,-62.908,47.023
9496,-6.9542,55.293
9497,-11.787,33.228
9498,-48.906,-83.764
9499,-68.629,-32.674
9500,-89.845,26.105
9501,31.979,-80.031
9502,18.712,-70.323
9503,-72.108,51.846
9504,-68.47,-74.804
9505,61.03,36.74
9506,37.721,78.801
9507,-11.751,90.346
9508,52.561,45.578
9509,1.9459,88.068
9510,-4.7513,-88.203
9511,-58.503,45.535
9512,-7.5653,73.084
9513,29.181,43.51
9514,1.0564,24.905
9515,-12.754,-64.452
9516,-66.399,18.545
9517,-7.6389,-53.237
9518,2.0387,36.839
9519,8.5712,-16.9
9520,-61.224,72.014
9521,-89.5,27.354
9522,-48.087,-13.153
9523,87.316,-25.892
9524,-103.15,25.865
9525,5.9207,85.492
9526,48.257,87.137
9527,-69.909,71.07
9528,18.158,-9.7775
9529,3.2167,71.011
9530,-39.974,-31.617
9531,-26.323,54.654
9532,-47.85,-41.175
9533,-34.755,58.449
9534,-71.701,68.271
9535,7.1043,-6.9478
9536,-39.63,-1.9787
9537,-63.027,57.349
9538,-59.73,-17.459
9539,30.997,-49.689
9540,18.491,1.7782
9541,-37.692,83.793
9542,-63.131,-29.627
9543,-43.727,-3.418
9544,8.453,79.696
9545,-74.162,-63.681
9546,31.365,74.158
9547,14.158,73.165
9548,-72.19,58.643
9549,-45.948,62.19
9550,-58.032,-64.986
9551,-68.602,54.723
9552,35.031,-76.257
9553,9.9384,96.383
9554,-35.65,17.953
9555,-37.886,84.283
9556,-54.912,63.938
9557,28.647,-46.469
9558,46.029,80.988
9559,-41.614,-67.538
9560,-51.58,71.568
9561,13.548,53.051
9562,-53.179,-33.453
9563,-29.129,-77.077
9564,-13.62,-52.199
9565,-63.073,64.708
9566,101.26,-58.714
9567,-75.368,-66.218
9568,73.115,51.373
9569,-56.574,49.005
9570,-56.658,-12.796
9571,26.872,-94.942
9572,-32.348,52.268
9573,41.48,86.733
9574,-40.144,48.049
9575,-34.151,-9.1492
9576,98.826,-60.282
9577,-18.46,-83.041
9578,-20.954,-74.188
9579,-67.219,29.121
9580,-36.335,38.704
9581,-40.473,24.786
9582,-10.385,99.998
9583,-24.482,-95.5
9584,38.421,48.279
9585,99.468,-59.769
9586,33.358,79.674
9587,-59.285,29.766
9588,30.952,-34.57
9589,-59.589,67.264
9590,14.936,71.794
9591,-21.998,9.8501
9592,66.867,67.226
9593,40.064,84.023
9594,-16.181,-82.904
9595,-61.033,-10.258
9596,-20.474,9.7075
9597,-97.834,8.0917
9598,-29.828,-3.8867
9599,-68.67,71.283
9600,-33.641,-64.492
9601,-55.611,-39.037
9602,-8.9791,63.571
9603,27.979,-52.572
9604,25.265,80.281
9605,13.151,-12.111
9606,-18.887,-41.109
9607,-77.699,34.248
9608,-76.918,-51.77
9609,79.637,-43.396
9610,-35.618,56.723
9611,-72.179,-28.818
9612,-63.664,-1.742
9613,28.006,23.263
9614,34.088,1.4278
9615,68.859,40.245
9616,13.926,74.604
9617,-15.124,-24.639
9618,-63.736,75.333
9619,-54.722,-11.413
9620,-33.52,25.827
9621,53.709,-19.909
9622,100.73,-59.078
9623,17.191,84.313
9624,-1.7306,-83.172
9625,-51.899,43.549
9626,-72.963,-14.841
9627,-43.832,9.7301
9628,-71.475,67.205
9629,1.7728,56.87
9630,55.599,47.149
9631,44.207,-32.488
9632,-53.616,-28.612
9633,-24.678,-21.013
9634,3.8508,61.867
9635,-62.21,-29.153
9636,21.931,-78.151
9637,57.972,43.913
9638,-4.4744,29.62
9639,-30.012,12.501
9640,-100.66,-30.417
9641,-63.414,50.911
9642,-61.242,-7.5544
9643,-22.526,39.712
9644,-58.092,48.503
9645,-37.472,40.942
9646,-64.797,67.899
9647,-64.218,3.5581
9648,-38.498,-4.8504
9649,101.68,-58.408
9650,4.0318,0.19233
9651,-56.41,46.897
9652,-55.622,-17.814
9653,62.947,52.478
9654,-35.023,-10.465
9655,39.138,80.067
9656,-25.262,15.74
9657,-29.428,62.408
9658,2.5755,92.413
9659,31.752,66.418
9660,5.4261,78.012
9661,-3.9851,-37.196
9662,45.359,-42.892
9663,0.11067,87.416
9664,55.497,34.349
9665,-44.599,-34.265
9666,-48.111,-33.45
9667,23.825,66.067
9668,-18.928,63.596
9669,-41.982,75.977
9670,-41.562,72.494
9671,-20.196,88.64
9672,-85.591,26.483
9673,-65.236,-34.308
9674,-38.887,4.9143
9675,-44.874,9.7773
9676,86.305,-5.8788
9677,-40.2,79.139
9678,3.9671,71.67
9679,-11.306,32.71
9680,31.637,91.925
9681,-98.252,-30.743
9682,11.179,50.788
9683,-35.741,57.275
9684,8.043,85.83
9685,-16.184,-52.995
9686,2.5094,92.754
9687,-20.022,-35.525
9688,18.002,55.176
9689,-40.855,26.633
9690,-9.1783,73.301
9691,15.104,34.118
9692,-59.36,-39.107
9693,-24.556,92.818
9694,29.559,-49.464
9695,-25.316,-96.291
9696,-103.46,17.508
9697,-66.85,39.14
9698,-58.716,45.469
9699,-55.101,-8.2041
9700,-59.426,-14.929
9701,36.737,-68.925
9702,88.661,-27.112
9703,-18.592,-72.57
9704,-31.92,12.693
9705,-15.863,-8.5125
9706,-3.4348,101.12
9707,-69.316,72.743
9708,37.854,40.844
9709,46.822,48.974
9710,107.22,-52.822
9711,-9.4377,62.332
9712,-24.568,80.538
9713,-35.807,22.029
9714,4.7711,-8.6847
9715,9.0012,80.804
9716,-16.495,28.473
9717,89.347,-21.166
9718,61.276,53.153
9719,-8.7218,42.118
9720,-45.761,40.523
9721,-60.399,55.063
9722,-0.60193,-46.71
9723,13.609,54.269
9724,1.2068,-77.864
9725,-58.304,43.07
9726,-61.01,48.459
9727,-42.59,56.134
9728,-57.815,-22.393
9729,-68.483,59.407
9730,-60.659,-31.95
9731,-62.672,65.685
9732,-15.472,33.143
9733,-18.77,-40.138
9734,-78.257,-68.421
9735,29.724,73.869
9736,-60.065,0.60069
9737,-17.994,-68.719
9738,64.583,-41.838
9739,18.944,-85.59
9740,16.591,67.999
9741,-93.731,23.501
9742,-12.5,79.552
9743,77.09,46.429
9744,-21.443,-86.835
9745,-46.553,-24.272
9746,-40.484,-9.4842
9747,-31.785,93.412
9748,-18.614,52.81
9749,8.2346,-45.963
9750,37.354,77.314
9751,13.871,47.427
9752,-43.624,3.8774
9753,64.173,51.093
9754,-86.426,22.61
9755,-54.69,-33.89
9756,-40.782,38.767
9757,-37.404,85.349
9758,-34.078,70.052
9759,35.995,-67.925
9760,-55.187,40.234
9761,-29.275,78.227
9762,-25.842,66.868
9763,56.305,48.269
9764,38.134,40.441
9765,-37.067,45.831
9766,-83.877,20.157
9767,-63.138,-29.062
9768,-52.899,-12.989
9769,-61.094,-28.853
9770,-5.0318,81.841
9771,22.23,-43.526
9772,4.7126,72.161
9773,-62.794,-31.14
9774,-2.4919,100.58
9775,-7.94,89.166
9776,7.5279,-13.373
9777,-59.31,47.416
9778,25.834,-81.876
9779,-62.698,-32.952
9780,-49.686,67.351
9781,19.885,-84.51
9782,-21.92,-88.051
9783,-29.551,67.056
9784,74.479,-54.014
9785,-47.334,-20.77
9786,7.9209,70.709
9787,-23.607,-9.6655
9788,-78.254,-68.662
9789,6.8036,69.793
9790,54.018,39.372
9791,-36.678,57.438
9792,-56.873,-18.311
9793,12.396,-41.602
9794,29.734,35.697
9795,-13.251,-78.561
9796,-38.413,44.432
9797,-46.777,-7.6417
9798,-41.169,6.4243
9799,-37.273,42.981
9800,13.349,73.965
9801,-36.826,68.102
9802,16.836,-72.39
9803,-33.99,-5.083
9804,40.82,61.752
9805,-27.496,-17.298
9806,-69.855,-65.327
9807,-12.401,-54.992
9808,-56.917,-36.324
9809,-64.59,58.919
9810,-63.643,27.722
9811,22.924,-35.17
9812,-65.709,72.424
9813,44.341,-43.544
9814,101.11,-58.823
9815,28.244,74.332
9816,-11.766,-72.136
9817,-48.505,-13.236
9818,31.604,-59.655
9819,-6.5861,61.954
9820,-40.804,20.631
9821,57.096,49.133
9822,31.659,85.373
9823,15.598,60.373
9824,-71.613,69.505
9825,-56.39,-26.018
9826,-54.6,73.204
9827,3.9821,60.159
9828,49.059,81.527
9829,15.134,61.155
9830,57.534,-25.103
9831,41.609,34.811
9832,-57.726,2.6569
9833,-58.333,-29.264
9834,-53.716,75.197
9835,-117.62,10.271
9836,13.117,1.113
9837,63.655,43.135
9838,-50.872,13.558
9839,-57.48,-27.37
9840,15.707,-43.113
9841,-63.541,70.229
9842,-48.812,58.906
9843,20.731,-68.73
9844,9.958,31.828
9845,-50.212,87.238
9846,-17.986,21.508
9847,41.555,-57.648
9848,6.4283,5.2892
9849,-44.099,-34.59
9850,-7.7578,-90.962
9851,-37.616,80.06
9852,-68.471,-32.812
9853,11.294,-40.075
9854,14.903,49.455
9855,-2.6488,51.548
9856,4.3264,75.893
9857,-10.215,-7.7155
9858,-9.8434,84.912
9859,-49.517,-23.018
9860,-56.597,-15.997
9861,79.195,-55.37
9862,31.68,52.887
9863,68.02,46.128
9864,-13.984,-77.964
9865,-19.52,51.291
9866,-11.528,67.028
9867,18.151,53.561
9868,14.029,-36.312
9869,31.22,17.304
9870,-19.432,-70.565
9871,13.875,56.706
9872,29.767,42.515
9873,-75.886,-52.026
9874,-77.553,-57.731
9875,17.712,1.6883
9876,-61.655,-17.986
9877,-51.303,83.441
9878,-58.229,-7.5457
9879,-75.127,-32.288
9880,-25.272,38.042
9881,-65.87,69.409
9882,-72.342,69.316
9883,-81.249,-26.856
9884,51.274,-86.402
9885,0.43744,102.37
9886,-21.464,82.41
9887,-59.011,-16.881
9888,-37.628,56.319
9889,-37.825,84.824
9890,-7.071,29.821
9891,-8.3812,29.363
9892,-33.948,69.5
9893,39.42,-3.2255
9894,-104.29,17.082
9895,-62.85,-32.348
9896,-18.72,50.431
9897,-20.59,-75.406
9898,58.53,45.998
9899,-9.9263,-78.078
9900,-66.982,12.885
9901,-25.407,93.267
9902,-48.438,53.275
9903,10.56,-0.46823
9904,-17.809,-69.836
9905,-18.609,-84.216
9906,-26.07,18.58
9907,8.1565,79.492
9908,4.8617,77.232
9909,-73.334,-64.555
9910,-77.944,-68.525
9911,35.999,1.782
9912,29.761,57.796
9913,-60.587,-12.998
9914,-42.957,-18.959
9915,28.1,-94.816
9916,-71.211,37.565
9917,-72.028,-53.676
9918,48.285,41.734
9919,-18.868,34.134
9920,19.102,10.697
9921,-7.8655,-33.28
9922,-76.222,-52.364
9923,-37.686,22.387
9924,-23.371,80.946
9925,29.758,-45.762
9926,-1.2467,54.065
9927,-19.124,-82.66
9928,26.647,81.21
9929,-45.719,-38.53
9930,-66.808,39.15
9931,-60.046,-18.623
9932,60.765,-54.992
9933,104.44,-55.678
9934,-37.758,-11.321
9935,17.573,83.853
9936,16.251,83.129
9937,30.785,46.037
9938,52.06,-86.294
9939,19.034,79.22
9940,-41.109,56.292
9941,-56.495,46.561
9942,-51.186,-23.856
9943,-69.911,70.891
9944,2.0017,56.797
9945,28.832,-47.257
9946,-31.194,42.861
9947,36.223,90.225
9948,-42.795,37.042
9949,30.172,-4.3568
9950,-57.769,48.106
9951,-66.379,61.823
9952,-39.699,29.718
9953,-55.667,34.307
9954,-45.609,71.135
9955,32.301,-51.375
9956,9.4173,67.39
9957,8.474,-2.9517
9958,16.622,49.346
9959,-8.8992,-73.46
9960,-39.927,38.341
9961,-47.616,-14.803
9962,-59.498,-15.338
9963,27.862,-83.638
9964,-62.761,68.16
9965,-6.5157,-49.008
9966,-27.688,8.2661
9967,-21.152,41.906
9968,6.5898,78.447
9969,2.3292,-4.3918
9970,-8.5687,78.294
9971,-65.134,-32.306
9972,-51.527,78.771
9973,-15.76,55.62
9974,13.386,34.02
9975,-19.99,89.335
9976,20.366,-9.5614
9977,13.864,-11.078
9978,-67.817,58.388
9979,-83.874,-28.029
9980,-69.348,-31.999
9981,-29.831,54.898
9982,-47.315,61.385
9983,-52.439,22.585
9984,36.535,52.853
9985,-71.642,-62.412
9986,100.57,-59.2
9987,29.01,42.873
9988,4.4229,-42.224
9989,-6.3617,-79.269
9990,-80.762,62.824
9991,-79.729,-52.25
9992,10.848,-41.68
9993,58.197,40.363
9994,-34.352,-31.551
9995,-32.173,25.803
9996,-10.783,102.67
9997,56.919,48.966
9998,-65.749,-60.422
9999,-32.033,25.09
10000,46.216,-14.632
10001,5.2982,70.43
10002,13.955,75.451
10003,-0.18215,-60.988
10004,-13.431,-52.5
10005,-61.839,51.307
10006,-18.064,65.405
10007,1.1526,-8.1472
10008,-4.7078,-54.323
10009,-25.484,94.928
10010,20.304,80.261
10011,-61.775,-31.048
10012,-77.244,60.682
10013,31.695,-69.609
10014,-30.489,79.568
10015,-18.255,-85.918
10016,29.813,97.456
10017,12.201,-25.893
10018,-63.629,67.415
10019,-60.039,-14.505
10020,-38.654,72.853
10021,-29.334,-2.2804
10022,93.914,-53.474
10023,-16.329,-23.986
10024,-54.029,71.698
10025,-102.42,17.237
10026,10.892,-37.58
10027,-19.817,-28.236
10028,21.675,27.505
10029,-95.718,54.131
10030,-69.942,70.626
10031,-8.0779,-88.983
10032,-67.957,59.908
10033,-38.168,84.788
10034,86.57,-17.947
10035,2.5874,33.365
10036,-72.772,-63.965
10037,30.172,-57.363
10038,-34.053,-7.4375
10039,17.878,-11.814
10040,-62.147,49.914
10041,-72.628,62.864
10042,-66.54,74.058
10043,36.294,-66.291
10044,29.17,1.0111
10045,47.368,-71.436
10046,-56.61,73.249
10047,42.326,83.963
10048,54.92,-54.18
10049,-20.259,-23.684
10050,-55.677,-20.949
10051,78.556,-37.471
10052,101.07,-58.876
10053,-37.553,84.925
10054,-65.309,-36.779
10055,-22.693,57.878
10056,-42.028,57.052
10057,-28.554,58.796
10058,16.006,58.508
10059,39.791,35.101
10060,-58.123,53.491
10061,-46.486,8.361
10062,-1.3359,27.704
10063,-71.011,-26.581
10064,-60.501,-13.917
10065,28.033,78.385
10066,-10.637,47.256
10067,-44.515,5.7584
10068,-36.861,56.746
10069,-51.733,-14.212
10070,106.34,-53.899
10071,-66.307,75.945
10072,71.326,55.853
10073,-21.486,82.793
10074,-61.171,64.261
10075,-38.926,29.749
10076,-67.215,57.896
10077,-24.61,89.56
10078,-30.536,-4.1615
10079,-74.951,-56.006
10080,8.8902,38.252
10081,75.142,-0.0099467
10082,-59.456,-26.877
10083,-59.451,-8.7076
10084,20.202,-81.295
10085,44.057,-82.92
10086,-30.961,71.545
10087,-41.113,7.1022
10088,40.043,81.549
10089,-42.589,-19.284
10090,-81.163,-41.002
10091,-36.031,33.456
10092,7.9936,85.787
10093,6.8106,33.705
10094,1.8488,32.481
10095,-33.15,41.8
10096,-69.421,-61.854
10097,-13.767,0.27037
10098,-104.5,-4.385
10099,50.24,80.388
10100,-58.198,-12.069
10101,26.376,-37.931
10102,0.99837,68.617
10103,-30.331,-95.249
10104,68.531,63.14
10105,18.133,-45.39
10106,-25.052,92.685
10107,-9.964,-71.687
10108,98.593,-60.373
10109,59.891,48.373
10110,-37.491,30.101
10111,17.555,-46.687
10112,-3.738,81.459
10113,38.092,-87.632
10114,-78.655,60.117
10115,67.598,37.702
10116,-82.042,-28.846
10117,-40.305,-10.024
10118,95.743,57.506
10119,46.133,37.45
10120,-102.95,18.58
10121,-33.276,13.54
10122,-56.982,-23.523
10123,12.016,-10.963
10124,-9.8364,101.27
10125,-30.092,43.32
10126,-6.7424,51.351
10127,-43.752,-8.4178
10128,-59.716,55.475
10129,-11.074,-71.35
10130,-4.8125,-77.147
10131,104.82,-55.293
10132,-76.935,56.69
10133,9.4926,40.382
10134,39.829,83.175
10135,40.535,49.595
10136,-42.288,50.67
10137,24.146,67.583
10138,-47.549,-24.256
10139,-58.223,45.43
10140,9.0884,-36.871
10141,27.265,-91.141
10142,-24.504,-102.76
10143,-47.574,61.339
10144,-70.501,6.0893
10145,1.8602,69.471
10146,103.65,-56.704
10147,-4.9116,78.194
10148,-68.719,55.776
10149,35.619,-55.051
10150,25.775,-40.737
10151,61.212,52.059
10152,60.066,49.931
10153,24.294,-63.864
10154,-55.239,72.347
10155,-61.539,76.111
10156,-11.131,-2.6591
10157,-62.033,50.586
10158,-60.44,76.759
10159,2.1416,22.844
10160,22.333,-63.117
10161,-76.368,-59.724
10162,-41.569,-2.7652
10163,-68.597,-62.189
10164,50.338,-81.945
10165,-55.27,-25.161
10166,-23.448,-2.9883
10167,-41.022,-3.7281
10168,-26.286,46.619
10169,-65.969,76.623
10170,71.716,85.145
10171,26.417,91.349
10172,36.435,25.571
10173,-21.685,82.185
10174,-58.693,71.817
10175,-63.757,-27.562
10176,-17.993,61.965
10177,20.284,-82.31
10178,-29.062,62.156
10179,1.7387,88.132
10180,-23.957,94.069
10181,11.355,98.09
10182,-11.805,74.839
10183,-48.839,65.217
10184,-62.673,68.135
10185,14.637,-39.154
10186,12.906,32.724
10187,-76.208,-63.314
10188,53.987,-64.2
10189,-47.427,-20.486
10190,-59.589,-6.0784
10191,40.757,-17.915
10192,-4.2702,63.431
10193,-1.1346,102.49
10194,44.526,-43.751
10195,-63.098,68.516
10196,-45.707,37.8
10197,-2.2389,52.229
10198,-14.589,-80.785
10199,-13.277,92.308
10200,31.681,-41.787
10201,93.718,-59.116
10202,-11.114,-2.717
10203,7.5929,-44.615
10204,17.475,-46.097
10205,-61.715,-30.131
10206,-46.819,-18.422
10207,-16.316,87.619
10208,-23.594,-44.824
10209,-44.203,39.524
10210,-12.722,-53.962
10211,-47.671,63.246
10212,-14.952,101.22
10213,-0.15299,23.903
10214,-12.082,35.522
10215,-44.658,87.837
10216,17.014,56.588
10217,-19.588,-32.047
10218,34.556,-52.888
10219,28.014,29.445
10220,0.84001,48.689
10221,-34.873,16.101
10222,29.261,98.74
10223,47.155,101.52
10224,-22.134,-65.191
10225,-16.07,-70.979
10226,-10.282,-88.683
10227,-12.401,-52.157
10228,-88.398,-19.761
10229,-48.265,78.405
10230,42.153,-2.1366
10231,-17.959,-59.309
10232,-10.068,43.943
10233,-56.9,49.283
10234,-49.853,-30.691
10235,-51.901,63.843
10236,-6.5073,100.21
10237,52.178,48.73
10238,-55.23,-87.311
10239,-13.932,-83.291
10240,-71.087,-26.463
10241,-62.546,64.854
10242,24.888,73.307
10243,-12.993,-77.409
10244,50.491,-54.413
10245,-45.924,67.87
10246,1.4697,96.643
10247,-47.882,26.551
10248,34.761,19.58
10249,5.8325,11.834
10250,-6.7065,-85.634
10251,-54.263,-8.5297
10252,-28.077,59.234
10253,-69.752,61.363
10254,-70.868,60.513
10255,-18.649,62.301
10256,-22.909,-72.655
10257,-4.904,20.59
10258,0.64885,-57.28
10259,-17.419,-41.347
10260,-52.087,-37.514
10261,-68.471,19.151
10262,26.942,38.231
10263,10.059,-35.16
10264,-46.077,87.202
10265,-67.863,70.865
10266,-23.582,-74.639
10267,-45.166,-87.067
10268,-67.526,-61.546
10269,19.307,5.8907
10270,-55.042,71.935
10271,-59.579,49.434
10272,14.783,74.874
10273,19.03,-61.298
10274,-3.5007,-55.91
10275,49.107,-56.626
10276,15.125,49.56
10277,-42.043,50.031
10278,-39.826,39.421
10279,58.661,63.333
10280,66.084,62.144
10281,-34.277,-69.338
10282,-9.0059,15.58
10283,9.4886,50.568
10284,-51.614,42.362
10285,-57.069,45.671
10286,0.74846,-12.621
10287,-34.185,-7.108
10288,48.828,50.493
10289,-62.269,58.706
10290,-52.871,-23.439
10291,-24.785,14.675
10292,44.463,-80.332
10293,35.052,85.649
10294,-63.276,79.164
10295,21.723,6.5011
10296,12.58,8.2917
10297,100.07,-59.438
10298,33.91,93.925
10299,59.03,73.723
10300,-64.093,-1.7281
10301,-18.768,87.322
10302,37.775,9.2155
10303,-59.23,26.47
10304,-54.034,71.968
10305,45.756,-76.903
10306,-16.923,-23.942
10307,27.848,-42.177
10308,55.385,-51
10309,14.483,47.32
10310,-29.32,95.108
10311,57.921,53.599
10312,-41.406,-4.3324
10313,-51.023,82.368
10314,-87.935,-22.558
10315,-49.654,53.495
10316,-101.48,20.61
10317,51.674,57.847
10318,-19.375,-69.114
10319,7.3644,-13.226
10320,-70.352,-60.747
10321,94.763,-58.338
10322,33.853,35.36
10323,-56.312,47.091
10324,-56.486,-20.867
10325,-45.881,-8.064
10326,-31.703,43.427
10327,43.453,-84.815
10328,12.011,70.041
10329,3.1491,8.3882
10330,-19.799,-68.646
10331,-2.8211,-14.145
10332,-16.835,-23.979
10333,14.448,-29.583
10334,-19.854,-68.127
10335,26.13,-93.381
10336,-46.301,64.512
10337,4.707,-15.836
10338,-44.119,5.6918
10339,49.976,79.735
10340,11.849,71.886
10341,34.895,90.682
10342,-74.129,-11.123
10343,-56.631,-9.7834
10344,-60.414,-19.148
10345,-12.903,-53.532
10346,-32.939,51.051
10347,-17.994,14.191
10348,-15.021,65.02
10349,36.87,68.099
10350,-32.021,10.708
10351,-45.722,83.561
10352,1.0483,89.459
10353,-1.0984,76.927
10354,-14.623,68.04
10355,-84.389,-24.901
10356,1.0681,-81.32
10357,-65.581,-36.494
10358,-77.219,30.038
10359,-32.556,88.829
10360,27.612,-91.614
10361,56.428,44.025
10362,45.07,15.686
10363,10.136,76.576
10364,-4.366,90.177
10365,24.026,-38.439
10366,-23.451,6.5431
10367,-56.53,-21.078
10368,-54.564,-8.3732
10369,-42.191,79.193
10370,-19.596,69.201
10371,-29.248,55.194
10372,32.497,-86.978
10373,-24.427,70.625
10374,54.452,-84.997
10375,-54.887,-33.873
10376,-53.694,-14.115
10377,-87.729,-22.782
10378,-26.793,94.055
10379,0.5043,102.57
10380,-38.366,18.182
10381,34.059,-7.2519
10382,-19.496,67.837
10383,-4.4879,20.34
10384,-36.97,-73.523
10385,-32.699,34.899
10386,-69.107,-60.721
10387,-60.352,-18.896
10388,-76.236,55.618
10389,-54.398,74.053
10390,-51.407,81.903
10391,20.861,24.406
10392,-2.647,23.895
10393,-28.167,-18.2
10394,-10.665,101.11
10395,-62.187,58.473
10396,-54.939,-22.148
10397,-86.377,20.968
10398,-47.856,64.768
10399,-13.634,63.43
10400,5.1725,21.157
10401,-17.761,-79.856
10402,-58.165,53.724
10403,-26.217,43.454
10404,-51.332,-78.412
10405,-94.831,0.5735
10406,-25.416,54.407
10407,-39.698,12.963
10408,-45.788,70.338
10409,-9.6537,99.02
10410,-44.036,5.7836
10411,22.353,-8.9493
10412,2.1079,21.66
10413,11.043,35.307
10414,49.557,24.952
10415,-63.092,64.695
10416,15.311,54.392
10417,-45.309,-42.017
10418,-62.589,-29.439
10419,39.688,24.395
10420,-24.791,31.522
10421,-13.733,101.72
10422,-36.99,52.561
10423,-49.062,36.397
10424,-2.3541,54.206
10425,-19.86,89.036
10426,21.481,-7.4202
10427,3.5781,25.817
10428,-17.517,10.752
10429,-49.41,-21.82
10430,-10.909,81.483
10431,-44.946,-7.512
10432,-89.675,27.363
10433,33.876,4.0037
10434,-44.226,-2.8081
10435,101.23,-57.157
10436,59.924,49.408
10437,-35.943,45.325
10438,-19.68,37.474
10439,22.111,41.462
10440,-67.484,-25.363
10441,4.4083,-35.119
10442,-22.336,42.831
10443,27.869,73.86
10444,3.8931,84.26
10445,-59.382,-15.104
10446,-23.025,18.446
10447,-45.649,45.61
10448,-58.7,76.775
10449,-58.365,-60.743
10450,50.341,-51.98
10451,-4.763,85.842
10452,-43.021,89.374
10453,2.7775,9.3105
10454,-27.002,53.904
10455,-4.5309,37.392
10456,-16.406,27.92
10457,4.9903,26.06
10458,25.122,-60.46
10459,-32.372,42.851
10460,31.666,91.336
10461,-42.002,-14.623
10462,-71.394,-54.242
10463,-59.861,-10.925
10464,-75.404,5.2828
10465,-48.498,49.997
10466,37.496,74.766
10467,-11.632,90.724
10468,16.984,67.806
10469,-28.212,-67.33
10470,39.307,84.864
10471,-14.751,-82.583
10472,84.738,-24.02
10473,-9.4954,69.555
10474,10.437,68.882
10475,0.81185,-13.473
10476,0.41335,41.372
10477,-73.875,14.731
10478,-83.637,-16.046
10479,-54.488,2.7068
10480,-59.086,7.6192
10481,-4.7186,20.545
10482,-42.697,-3.951
10483,-3.253,42.746
10484,31.594,-16.936
10485,45.312,-56.107
10486,-61.57,-9.5868
10487,-19.113,51.746
10488,-64.03,65.434
10489,33.285,93.22
10490,-62.795,66.147
10491,16.316,83.205
10492,-12.433,-57.522
10493,-30.852,-9.2585
10494,-44.858,-7.1514
10495,-55.441,-13.87
10496,58.489,72.864
10497,-18.752,-84.392
10498,2.5398,36.179
10499,-80.224,-23.122
10500,33.627,1.5844
10501,-8.2582,71.309
10502,-23.824,45.31
10503,-87.374,-21.523
10504,-51.82,41.731
10505,5.003,77.811
10506,34.824,77.933
10507,26.047,83.884
10508,61.734,53.602
10509,-14.658,-23.019
10510,8.786,-40.508
10511,-24.42,36.636
10512,-32.864,51.248
10513,-3.5975,30.993
10514,-5.9121,-73.958
10515,-17.632,67.679
10516,13.09,98.719
10517,-54.012,-2.2728
10518,38.903,34.366
10519,-52.93,-35.923
10520,-71.879,-63.879
10521,-70.289,18.958
10522,28.066,-1.4422
10523,-5.0366,78.759
10524,-9.6763,-70.567
10525,100.51,-59.178
10526,-74.845,-65.879
10527,39.074,4.4814
10528,43.794,1.5306
10529,54.328,-64.75
10530,-60.384,-18.871
10531,-56.865,-8.8108
10532,30.203,6.1919
10533,47.332,44.721
10534,-48.514,80.012
10535,-21.59,-10.247
10536,-17.946,-25.75
10537,-33.116,27.627
10538,33.761,8.8725
10539,-23.543,47.891
10540,-54.804,-34.531
10541,-66.122,69.124
10542,-57.179,30.252
10543,-94.043,-8.2494
10544,91.615,-59.712
10545,-42.237,22.542
10546,56.599,48.644
10547,-14.327,25.563
10548,57.287,-82.14
10549,-46.302,46.507
10550,-47.371,43.646
10551,63.458,51.085
10552,-40.096,39.67
10553,2.1171,-80.327
10554,-34.48,66.626
10555,-40.707,76.094
10556,43.731,35.945
10557,35.192,-34.127
10558,-14.857,26.675
10559,-88.581,-22.706
10560,30.477,48.859
10561,26.577,-45.875
10562,-85.977,-24.283
10563,62.938,51.944
10564,-69.659,-23.442
10565,51.501,57.662
10566,53.051,-79.873
10567,-39.798,37.874
10568,-32.123,-53.748
10569,-85.118,-20.206
10570,44.334,61.776
10571,27.418,-43.147
10572,2.9943,67.395
10573,-61.107,72.197
10574,21.739,-92.989
10575,44.375,29.344
10576,-0.054215,-57.494
10577,-15.119,-55.021
10578,-96.234,25.595
10579,37.045,-80.803
10580,-50.817,-23.947
10581,-80.434,-41.817
10582,-50.164,-21
10583,-11.889,102.06
10584,12.992,50.822
10585,-70.658,49.269
10586,31.686,37.447
10587,6.8742,87.722
10588,-57.227,36.323
10589,-17.223,-85.023
10590,-63.09,66.473
10591,40.44,-52.52
10592,-10.184,-70.556
10593,27.852,28.299
10594,26.288,80.98
10595,-46.414,26.431
10596,-52.53,73.046
10597,6.2942,84.67
10598,-43.986,82.255
10599,18.167,-41.118
10600,-34.317,2.5446
10601,41.261,70.393
10602,-23.962,68.101
10603,-56.429,-31.129
10604,-46.1,62.436
10605,-45.369,18.909
10606,-46.803,35.088
10607,-17.158,66.297
10608,14.424,54.319
10609,70.917,-38.338
10610,-53.106,-21.59
10611,-47.256,44.241
10612,32.494,-79.953
10613,-66.272,58.655
10614,-45.203,44.501
10615,-12.623,75.057
10616,82.5,46.251
10617,-84.665,-25.212
10618,34.774,-24.943
10619,4.7765,85.719
10620,-36.01,53.62
10621,22.736,-95.258
10622,-14.329,63.517
10623,-61.448,22.678
10624,-46.337,-8.5384
10625,17.885,-46.131
10626,48.65,-61.642
10627,-31.457,95.438
10628,46.756,-4.9261
10629,-19.081,51.561
10630,-42.287,55.813
10631,-5.2071,37.985
10632,25.305,69.606
10633,-46.667,46.319
10634,-48.052,35.065
10635,47.167,24.146
10636,-28.417,32.489
10637,43.498,59.2
10638,-46.717,44.704
10639,-53.174,74.646
10640,36.447,-84.295
10641,4.5721,85.597
10642,11.925,-26.172
10643,63.897,39.873
10644,-36.956,-8.2634
10645,-54.09,71.813
10646,37.347,-76.797
10647,44.318,-56.278
10648,18.475,-10.254
10649,36.223,91.087
10650,-36.458,45.986
10651,-27.214,19.638
10652,-119.56,14.952
10653,-16.69,84.527
10654,-56.286,-20.785
10655,-40.511,-40.085
10656,20.433,23.58
10657,26.894,-62.78
10658,2.749,61.992
10659,-2.2091,-50.214
10660,-31.682,-27.571
10661,-35.095,84.168
10662,-2.1692,-82.976
10663,44.92,-34.211
10664,-60.642,-8.8668
10665,-67.56,39.061
10666,32.844,38.246
10667,-24.476,94.414
10668,-85.782,-18.571
10669,-41.454,68.534
10670,-4.5798,53.437
10671,83.074,-8.1831
10672,63.395,-69.728
10673,-15.554,-82.213
10674,-85.409,-13.284
10675,42.605,-46.825
10676,22.77,-81.808
10677,-44.515,39.659
10678,27.978,76.761
10679,-94.18,23.668
10680,27.461,-5.1726
10681,-72.615,17.022
10682,-6.7179,-85.382
10683,10.132,-39.013
10684,5.1362,85.965
10685,14.326,61.524
10686,40.366,84.256
10687,40.84,61.805
10688,-1.7169,98.418
10689,-10.442,101.2
10690,12.1,-39.536
10691,10.535,-21.053
10692,-32.691,71.595
10693,-42.694,80.717
10694,-65.877,-58.605
10695,23.525,65.587
10696,-10.769,85.777
10697,7.3782,-78.131
10698,-15.088,96.831
10699,9.3601,67.669
10700,-45.963,85.649
10701,-42.488,90.146
10702,3.2518,41.397
10703,-63.126,27.07
10704,-38.838,83.363
10705,-31.2,80.53
10706,39.042,48.057
10707,-62.136,78.715
10708,-91.135,-49.784
10709,-44.567,12.266
10710,2.8413,58.893
10711,48.775,-29.324
10712,-32.454,-6.8157
10713,48.845,-75.571
10714,-20.916,83.471
10715,-42.311,54.935
10716,4.2984,-15.445
10717,38.89,4.2562
10718,-65.655,-58.978
10719,9.3249,-43.902
10720,-34.697,-29.923
10721,30.305,30.229
10722,-46.084,45.402
10723,-27.852,46.823
10724,18.648,-46.82
10725,40.815,60.562
10726,-55.609,-17.363
10727,83.927,-12.309
10728,10.201,-39.723
10729,-81.84,64.791
10730,-23.241,89.951
10731,-26.854,-95.655
10732,-69.693,-61.762
10733,-2.5,102.28
10734,63.564,48.577
10735,-62.865,-27.219
10736,15.573,-40.113
10737,-60.823,78.932
10738,-61.397,46.894
10739,50.456,-63.963
10740,-59.265,-39.225
10741,-64.292,58.902
10742,54.254,-16.744
10743,-59.413,49.442
10744,-53.715,71.591
10745,-29.403,62.881
10746,-10.781,67.338
10747,4.1756,71.349
10748,-72.54,8.7464
10749,18.057,45.565
10750,-43.9,86.764
10751,-41.154,67.465
10752,14.569,-41.805
10753,0.95269,-80.71
10754,-5.3597,102.43
10755,-30.381,36.465
10756,-5.3245,-55.675
10757,-16.892,82.196
10758,-45.756,39.597
10759,-41.808,54.377
10760,-38.347,-10.642
10761,-29.342,78.415
10762,27.771,-81.096
10763,36.16,-78.072
10764,54.297,51.255
10765,-40.166,24.917
10766,-28.082,-18.501
10767,-9.1206,-93.239
10768,-17.954,-75.446
10769,-68.275,-38.129
10770,-24.259,54.901
10771,-51.432,65.088
10772,59.157,51.369
10773,-17.055,-79.65
10774,99.719,-59.668
10775,-20.277,-29.181
10776,-27.512,86.45
10777,-64.462,58.481
10778,-9.6743,67.371
10779,-9.1661,-75.052
10780,-35.552,43.86
10781,-60.911,-20.431
10782,-23.917,36.492
10783,2.9516,95.814
10784,-0.12338,81.381
10785,18.543,2.8724
10786,-2.4919,-34.154
10787,-69.866,8.1716
10788,-10.813,86.285
10789,-70.552,65.522
10790,-33.848,5.1558
10791,20.673,-76.698
10792,-47.393,-33.712
10793,25.986,46.088
10794,3.9965,-16.073
10795,2.2395,6.9746
10796,-10.595,77.294
10797,14.611,-11.194
10798,53.847,45.216
10799,31.109,97.228
10800,-61.377,32.393
10801,-59.716,-12.88
10802,-26.467,21.788
10803,-41.094,54.022
10804,-8.6706,-77.462
10805,-57.821,22.349
10806,17.094,83.996
10807,-66.442,-77.689
10808,61.738,42.603
10809,-57.248,-88.636
10810,-7.2031,-53.003
10811,11.202,-55.237
10812,24.917,24.276
10813,-24.75,-7.527
10814,-5.6257,100.04
10815,12.811,34.106
10816,-63.984,78.71
10817,-63.963,78.726
10818,-67.744,57.812
10819,8.8455,-49.14
10820,5.7158,58.321
10821,55.627,23.952
10822,-79.252,-56.607
10823,1.8669,99.092
10824,11.978,7.712
10825,39.929,-40.613
10826,74.981,54.88
10827,-56.816,46.191
10828,-63.604,65.145
10829,16.479,83.848
10830,37.522,-61.843
10831,-5.5312,38.298
10832,-56.677,9.6504
10833,-32.624,-0.042382
10834,-4.6112,2.9085
10835,74.503,-9.6989
10836,-48.344,65.326
10837,-39.424,-6.4406
10838,60.678,-65.118
10839,-69.373,70.522
10840,-24.846,76.937
10841,-6.9273,-3.7684
10842,-53.793,-39.2
10843,-52.751,74.303
10844,-6.6013,-75.406
10845,-74.118,-64.039
10846,-90.152,45.344
10847,-59.3,49.399
10848,-15.551,-10.602
10849,18.108,-39.17
10850,43.731,-71.855
10851,-41.57,-39.952
10852,-29.065,-76.95
10853,-7.8823,27.557
10854,64.604,64.705
10855,-18.356,66.719
10856,-29.415,66.184
10857,6.3706,68.023
10858,-21.421,2.7366
10859,-10.293,-3.7747
10860,24.52,-17.109
10861,10.116,46.29
10862,30.696,25.489
10863,-38.566,83.97
10864,-65.59,69.769
10865,-17.726,56.309
10866,26.77,-0.23631
10867,32.423,11.995
10868,-64.171,-29.475
10869,-67.516,-32.125
10870,-40.579,-40.102
10871,-15.882,53.896
10872,-23.268,89.359
10873,-42.039,56.496
10874,46.836,-20.562
10875,15.751,85.077
10876,-68.993,-63.593
10877,-30.278,-19.348
10878,-12.93,5.2744
10879,35.891,-30.066
10880,-57.463,-14.195
10881,-3.0387,42.514
10882,56.374,49.178
10883,-19.686,88.683
10884,-6.2048,61.679
10885,-31.193,73.279
10886,23.523,92.686
10887,24.446,96.29
10888,19.245,51.739
10889,43.754,-57.365
10890,4.5076,29.6
10891,-56.841,10.287
10892,-48.952,40.988
10893,-46.118,-39.863
10894,-48.448,-19.997
10895,37.461,16.149
10896,4.249,91.533
10897,0.93024,43.588
10898,66.835,-2.3898
10899,-27.931,51.623
10900,-42.338,22.564
10901,8.6003,58.836
10902,-27.299,91.33
10903,-80.515,62.567
10904,29.895,79.132
10905,-15.01,-93.523
10906,-13.941,-21.834
10907,-60.589,-86.684
10908,-33.491,-17.714
10909,-46.074,-20.413
10910,55.476,56.161
10911,35.722,89.764
10912,-49.638,87.268
10913,-58.186,28.915
10914,-62.066,56.802
10915,-60.759,-19.935
10916,-68.391,60.762
10917,-22.382,71.761
10918,37.532,84.739
10919,-31.623,32.299
10920,-48.797,58.97
10921,12.37,53.913
10922,-18.712,92.522
10923,-61.921,58.614
10924,32.357,44.227
10925,9.0767,4.2785
10926,-70.375,59.851
10927,43.789,-82.988
10928,-62.073,78.818
10929,47.66,-61.162
10930,60.7,58.345
10931,41.591,-50.735
10932,-39.731,-11.981
10933,52.986,73.481
10934,-63.478,59.109
10935,-51.308,-23.15
10936,-23.129,81.746
10937,-5.1499,90.874
10938,-1.3104,96.02
10939,6.4014,-0.11806
10940,22.199,74.254
10941,-42.919,-90.308
10942,56.941,-26.591
10943,43.471,-23.555
10944,17.061,3.0623
10945,-62.771,50.441
10946,-39.704,35.832
10947,-38.581,35.794
10948,-65.89,58.84
10949,11.243,-8.67
10950,38.779,-58.144
10951,24.348,-65.404
10952,-33.099,61.181
10953,-27.279,32.855
10954,50.56,78.172
10955,-16.567,28.373
10956,27.134,56.626
10957,23.361,-17.743
10958,-65.798,64.189
10959,27.748,-7.179
10960,-45.7,42.112
10961,39.443,-75.918
10962,11.81,-82.349
10963,13.931,56.754
10964,73.526,89.351
10965,-33.158,-11.174
10966,23.056,91.453
10967,-87.218,-22.655
10968,-57.957,-25.725
10969,22.35,-82.046
10970,-59.513,34.119
10971,31.484,75.283
10972,74.162,46.815
10973,-55.389,-15.152
10974,-1.9678,83.995
10975,-56.587,44.872
10976,10.448,-15.211
10977,-10.061,-88.921
10978,-34.431,72.152
10979,-45.65,84.143
10980,28.35,78.901
10981,-58.424,32.936
10982,-23.86,29.996
10983,4.7413,-46.975
10984,-25.145,92.679
10985,-1.1589,53.975
10986,1.0193,-5.6266
10987,-39.877,-2.1575
10988,44.472,-56.507
10989,23.655,65.499
10990,13.324,83.461
10991,46.042,84.109
10992,65.14,-64.512
10993,30.772,56.264
10994,-7.0899,27.289
10995,42.497,-85.206
10996,18.563,49.398
10997,-42.339,-13.022
10998,-46.915,-65.541
10999,-27.391,58.654
11000,-60.149,-9.3942
11001,-49.513,65.266
11002,-13.424,-21.793
11003,19.868,-45.882
11004,9.4816,77.898
11005,-3.1083,82.95
11006,52.931,-20.348
11007,-60.246,-18.622
11008,-26.273,44.063
11009,-56.393,-26.39
11010,-91.86,-6.0999
11011,2.1314,17.319
11012,-15.523,97.182
11013,-3.2834,67.92
11014,20.785,23.889
11015,29.363,98.62
11016,-41.211,20.762
11017,-55.593,-35.176
11018,-78.131,-68.404
11019,-35.483,-9.0833
11020,-81.488,23.054
11021,20.281,8.8574
11022,-52.032,43.031
11023,50.186,80.916
11024,-20.442,59.938
11025,19.958,18.09
11026,-60.006,45.166
11027,-68.567,-32.104
11028,-11.228,33.787
11029,6.0363,84.051
11030,21.668,26.554
11031,-38.229,1.4619
11032,18.764,34.948
11033,-93.196,52.389
11034,22.106,43.935
11035,-18.685,20.183
11036,22.008,-52.123
11037,-19.592,78.953
11038,-67.981,20.519
11039,41.011,61.633
11040,-25.518,92.911
11041,-55.462,-15.511
11042,60.835,23.132
11043,-9.6006,-68.866
11044,1.1823,61.609
11045,-20.129,-23.034
11046,-13.69,61.626
11047,-55.518,-12.258
11048,-9.7653,98.631
11049,-47.551,-39.747
11050,-70.935,36.125
11051,-50.569,24.534
11052,-39.73,77.445
11053,-62.401,68.028
11054,9.8649,46.319
11055,60.915,56.011
11056,-14.329,96.158
11057,-11.944,-87.529
11058,-63.142,50.702
11059,54.093,44.141
11060,34.607,-46.9
11061,-7.9035,-71.309
11062,-6.991,101.7
11063,71.05,-37.044
11064,-24.202,47.916
11065,-67.28,29.136
11066,-37.02,45.275
11067,-23.543,47.618
11068,-68.569,62.886
11069,0.98084,-5.7817
11070,-20.339,-68.032
11071,8.8524,-2.7124
11072,-60.379,34.719
11073,-55.226,1.0299
11074,53.641,-72.652
11075,-48.254,-16.072
11076,-8.8855,34.478
11077,37.8,39.182
11078,42.084,-80.61
11079,-74.532,32.479
11080,-59.952,-16.211
11081,-42.139,54.962
11082,-5.4771,82.893
11083,-43.865,4.9817
11084,1.274,80.844
11085,10.791,-41.352
11086,-43.825,-36.553
11087,62.461,54.198
11088,-12.73,98.933
11089,25.866,-86.325
11090,15.863,-42.854
11091,48.373,-27.307
11092,8.2043,70.489
11093,-10.351,58.99
11094,-103.78,35.102
11095,25.653,-50.729
11096,34.257,82.278
11097,34.746,-76.35
11098,-89.64,24.635
11099,-73.039,34.53
11100,-37.334,38.107
11101,20.425,-48.138
11102,-40.003,78.092
11103,-62.345,64.02
11104,-29.688,40.061
11105,-61.076,48.632
11106,0.14856,25.406
11107,43.756,59.15
11108,-32.66,-11.104
11109,-8.7052,-94.947
11110,16.233,-30.842
11111,-105.8,17.792
11112,-60.073,-17.141
11113,-47.85,64.715
11114,9.3534,99.251
11115,17.357,58.037
11116,-60.126,35.912
11117,76.011,-36.252
11118,64.389,44.535
11119,-31.807,75.441
11120,12.928,51.309
11121,-45.124,-5.1452
11122,-68.781,-59.696
11123,-39.492,-13.949
11124,-38.177,54.341
11125,-80.351,62.382
11126,-85.473,-26.092
11127,-0.21676,22.37
11128,-69.834,33.398
11129,-18.335,-23.855
11130,53.997,-13.825
11131,17.655,54.844
11132,-66.614,35.597
11133,-82.939,18.279
11134,-22.18,42.914
11135,26.24,-80.533
11136,-16.66,84.817
11137,60.133,54.456
11138,-3.5391,97.747
11139,-13.04,98.758
11140,24.649,76.002
11141,23.629,66.566
11142,16.252,83.204
11143,-52.061,-83.873
11144,-68.655,-59.257
11145,-0.46405,42.106
11146,28.936,-0.92757
11147,-87.943,24.412
11148,-60.047,-30.572
11149,0.87924,39.156
11150,27.627,42.993
11151,15.406,80.603
11152,67.417,-13.719
11153,-49.289,-22.405
11154,-10.438,5.3958
11155,-38.276,2.0835
11156,24.014,-93.028
11157,6.5349,61.816
11158,-36.702,-4.3961
11159,16.595,32.035
11160,-59.709,54.531
11161,-43.971,87.831
11162,31.057,74.786
11163,-16.374,2.5004
11164,-103.73,34.849
11165,-58.67,-11.846
11166,-15.157,44.384
11167,-62.177,56.156
11168,-48.313,78.399
11169,-10.532,1.4483
11170,38.658,87.705
11171,-0.79895,41.748
11172,-49.362,-34.436
11173,-10.925,-72.892
11174,-81.717,-4.9312
11175,-35.461,77.596
11176,27.265,37.882
11177,-45.738,5.4973
11178,-44.066,2.3862
11179,33.567,-86.636
11180,9.2292,-68.779
11181,35.492,84.812
11182,-72.211,60.253
11183,5.1989,11.678
11184,-33.351,29.611
11185,-51.592,23.041
11186,-9.2318,41.881
11187,-13.42,-77.412
11188,104.65,-55.501
11189,15.017,57.215
11190,-21.368,19.11
11191,35.546,-60.091
11192,20.089,-64.365
11193,-60.832,57.128
11194,-31.38,91.976
11195,16.3,-40.934
11196,5.2149,11.224
11197,15.47,59.49
11198,-36.828,26.7
11199,0.40311,55.177
11200,-1.2675,54.3
11201,-60.34,30.999
11202,-61.194,-7.5011
11203,6.9074,96.907
11204,-55.383,80.317
11205,81.13,32.269
11206,48.391,-3.4696
11207,-61.837,72.895
11208,-54.735,-12.105
11209,-46.016,66.537
11210,-29.942,-31.366
11211,39.124,85.365
11212,-9.7867,-79.39
11213,-89.055,21.544
11214,-42.093,52.74
11215,41.372,35.856
11216,-58.848,0.63951
11217,-72.042,49.83
11218,1.3673,90.717
11219,-5.6103,59.071
11220,-65.18,18.94
11221,-47.923,-18.908
11222,-48.751,-17.983
11223,-42.195,76.725
11224,-74.039,-66.011
11225,73.194,88.725
11226,-2.2965,75.71
11227,-55.363,-16.905
11228,-42.153,59.799
11229,-15.931,89.267
11230,-0.20604,30.347
11231,-21.866,-70.924
11232,-82.097,-22.751
11233,-48.043,59.471
11234,-44.301,18.809
11235,-88.196,25.241
11236,0.15881,48.567
11237,20.866,84.561
11238,55.6,42.995
11239,-4.2958,27.946
11240,-13.877,43.642
11241,23.765,41.625
11242,8.7564,71.738
11243,99.163,-57.54
11244,-41.522,19.217
11245,96.488,-64.341
11246,-48.812,53.858
11247,13.413,-12.742
11248,-29.058,72.041
11249,-52.575,63.037
11250,46.401,-74.713
11251,15.187,85.009
11252,-94.215,53.149
11253,-16.827,62.055
11254,-56.943,-14.051
11255,-38.798,13.515
11256,51.538,-61.329
11257,-70.757,59.877
11258,6.2726,84.504
11259,-75.224,-66.51
11260,-78.088,-0.57881
11261,49.888,-63.247
11262,-61.153,58.395
11263,-38.14,57.581
11264,-17.219,87.08
11265,-57.794,29.714
11266,39.675,69.153
11267,-37.516,21.33
11268,-30.498,90.448
11269,-60.974,58.541
11270,-16.502,85.179
11271,8.2068,85.3
11272,1.8133,-6.022
11273,6.0335,14.84
11274,16.473,37.67
11275,-22.903,89.905
11276,74.368,-41.352
11277,67.324,38.214
11278,4.1777,86.124
11279,-46.184,-9.865
11280,-12.963,1.5792
11281,-65.381,-54.354
11282,37.546,47.733
11283,-66.401,61.625
11284,-40.102,-5.4847
11285,8.6556,15.648
11286,0.52025,12.756
11287,8.5924,-69.518
11288,4.3093,85.296
11289,-9.5444,102.66
11290,34.235,94.473
11291,22.786,-80.083
11292,5.224,11.341
11293,-50.102,36.279
11294,-49.215,23.182
11295,-14.418,-55.021
11296,29.912,77.621
11297,-24.847,92.719
11298,-8.7806,-73.927
11299,77.298,46.239
11300,15.162,61.203
11301,-52.365,-32.472
11302,-37.729,-42.07
11303,-59.776,-7.231
11304,14.155,0.33882
11305,12.74,-4.4587
11306,-19.233,-69.235
11307,28.037,100.32
11308,-31.459,80.064
11309,-36.664,57.294
11310,-31.351,37.303
11311,59.124,51.298
11312,-76.967,29.239
11313,-38.611,26.425
11314,-81.842,64.79
11315,-29.602,53.657
11316,-53.864,72.626
11317,76.878,-7.6939
11318,-3.9723,68.79
11319,-32.455,-12.036
11320,-64.57,77.747
11321,-38.076,41.229
11322,-52.331,64.851
11323,25.92,-81.721
11324,50.784,-86.409
11325,8.7816,-1.3252
11326,-38.301,90.087
11327,15.467,85.056
11328,-54.323,71.682
11329,1.2053,62.097
11330,1.0613,39.92
11331,31.862,85.249
11332,-24.023,80.951
11333,-44.094,85.506
11334,-17.035,-27.639
11335,47.816,-75.093
11336,-62.754,20.476
11337,92.037,-52.27
11338,-75.676,-65.415
11339,-48.249,64.948
11340,57.036,43.972
11341,-22.197,85.183
11342,-48.571,-42.985
11343,-13.466,100.96
11344,-2.493,51.791
11345,-96.09,25.566
11346,53.518,45.55
11347,-34.156,69.95
11348,45.041,103.67
11349,-41.033,84.705
11350,-37.371,45.667
11351,14.925,14.641
11352,-45.59,86.065
11353,-59.39,55.361
11354,-57.152,30.337
11355,11.949,-14.113
11356,-9.0987,-74.99
11357,-15.425,-25.982
11358,15.292,8.3308
11359,-40.061,-6.3875
11360,-24.498,-33.763
11361,-69.23,-56.292
11362,6.5551,-81.739
11363,-59.602,-1.2739
11364,11.082,-70.495
11365,72.972,-45.752
11366,-23.179,81.342
11367,-41.045,5.9332
11368,7.879,84.585
11369,-23.226,-110.02
11370,-49.831,86.541
11371,4.2037,13.649
11372,44.264,-48.507
11373,-37.175,26.828
11374,-16.206,43.842
11375,-55.208,48.05
11376,14.163,-0.085267
11377,105.2,-56.073
11378,-14.031,5.7783
11379,27.024,0.99275
11380,26.842,3.7822
11381,53.807,-72.52
11382,-45.867,2.0459
11383,99.547,-59.709
11384,-10.41,-10.747
11385,-43.655,33.534
11386,-94.085,20.061
11387,-26.562,91.444
11388,36.131,-81.391
11389,56.272,48.149
11390,-43.576,30.842
11391,-14.707,-50.455
11392,-66.517,59.264
11393,-22.334,66.127
11394,-25.832,62.317
11395,-65.821,-83.924
11396,57.723,73.671
11397,-41.16,67.907
11398,-33.95,8.2668
11399,-12.897,57.731
11400,-7.0212,55.702
11401,5.2459,11.268
11402,-50.89,63.875
11403,3.7051,66.586
11404,64.082,8.7296
11405,-9.6652,65.568
11406,-81.677,-27.443
11407,26.516,61.475
11408,-59.743,45.334
11409,-59.965,-16.283
11410,29.481,-74.794
11411,6.9267,-77.701
11412,-26.418,77.063
11413,-103.41,7.424
11414,-12.614,0.045962
11415,36.157,-48.351
11416,81.52,-46.363
11417,-45.495,44.972
11418,-19.84,83.782
11419,-4.239,33.792
11420,-66.496,74.943
11421,-42.554,86.047
11422,1.4489,17.049
11423,-89.74,45.181
11424,-87.096,44.814
11425,-40.967,83.752
11426,-56.47,-10.866
11427,-23.347,44.694
11428,-15.815,56.173
11429,32.353,41.487
11430,-17.317,-47.439
11431,-42.526,14.336
11432,-45.355,5.881
11433,13.778,73.572
11434,-11.923,-84.098
11435,22.848,25.865
11436,101.9,-60.602
11437,-25.459,-32.879
11438,33.362,-60.189
11439,-20.308,92.77
11440,-3.028,50.715
11441,2.1263,97.469
11442,4.25,-0.51758
11443,-16.102,-24.741
11444,-5.7584,24.832
11445,95.966,-60.076
11446,93.543,-59.204
11447,-61.399,58.827
11448,29.044,96.541
11449,-55.579,76.703
11450,38.525,83.802
11451,-48.714,-19.704
11452,-46.201,-40.749
11453,-34.634,-59.259
11454,-80.686,62.75
11455,-13.891,42.813
11456,45.464,74.76
11457,-94.27,53.182
11458,9.2057,49.185
11459,-36.139,85.283
11460,-42.483,41.866
11461,-58.806,71.834
11462,-24.75,21.807
11463,-44.412,88.41
11464,49.011,-61.867
11465,67.142,46.47
11466,-14.789,7.4316
11467,40.328,-3.35
11468,32.788,21.186
11469,9.9808,-69.127
11470,-18.108,42.37
11471,-40.844,41.682
11472,89.876,-14.491
11473,21.362,-82.002
11474,54.057,45.676
11475,7.3668,-20.186
11476,-9.1388,29.725
11477,-0.19683,77.528
11478,77.102,-75.32
11479,33.324,95.978
11480,104.45,-55.72
11481,93.286,-53.414
11482,-16.665,-26.585
11483,-41.144,32.039
11484,-45.08,19.457
11485,-21.701,-25.45
11486,-11.033,67.205
11487,12.454,-36.41
11488,-38.758,32.898
11489,75.755,-54.807
11490,-4.6357,17.967
11491,-59.175,-25.952
11492,-39.744,77.702
11493,42.992,-57.695
11494,-102.05,28.029
11495,-3.1916,98.58
11496,59.124,39.075
11497,5.0851,82.166
11498,-64.872,-33.445
11499,-35.917,87.336
11500,-33.55,44.461
11501,26.82,-81.172
11502,45.039,103.66
11503,17.718,-57.224
11504,-6.917,65.473
11505,2.6939,92.855
11506,32.545,42.577
11507,7.8389,58.212
11508,-53.254,23.847
11509,42.79,-26.656
11510,0.26912,55.401
11511,-49.015,65.034
11512,32.439,-77.34
11513,2.0919,19.525
11514,-14.492,-81.672
11515,-0.64441,35.915
11516,44.057,60.14
11517,-14.658,100.95
11518,-21.512,93.49
11519,-26.794,55.751
11520,-21.336,12.132
11521,8.1862,31.413
11522,16.733,61.826
11523,55.371,25.581
11524,-0.39188,-48.3
11525,13.714,39.587
11526,-3.6518,92.203
11527,-10.572,-3.8423
11528,19.561,-38.209
11529,-49.96,67.193
11530,-43.815,83.085
11531,-16.946,12.859
11532,42.489,-71.582
11533,33.036,3.8
11534,20.165,22.867
11535,-23.186,-10.102
11536,-88.685,21.984
11537,-5.7476,40.563
11538,74.408,-34.613
11539,30.697,42.78
11540,-59.2,-7.8074
11541,-50.185,53.521
11542,-83.38,20.584
11543,-27.857,38.454
11544,48.479,70.368
11545,21.137,25.92
11546,-41.773,-30.235
11547,74.566,12.915
11548,-42.08,81.815
11549,12.814,-39.269
11550,21.055,-83.573
11551,-42.763,34.226
11552,-19.515,-20.597
11553,-34.144,82.036
11554,32.428,-21.798
11555,-70.434,37.38
11556,-8.6189,54.631
11557,-12.072,65.198
11558,-14.553,99.118
11559,-25.102,45.492
11560,-27.708,31.866
11561,-21.799,16.138
11562,-46.306,45.711
11563,-53.809,64.975
11564,59.185,41.92
11565,-43.08,84.878
11566,6.3784,0.24035
11567,-23.475,36.186
11568,-28.925,52.968
11569,15.353,-39.692
11570,-3.7693,18.801
11571,59.112,-63.706
11572,-33.097,-1.519
11573,-67.432,-15.521
11574,13.853,19.333
11575,20.026,-47.625
11576,12.626,-51.168
11577,-16.672,60.697
11578,-16.539,0.050665
11579,-20.808,-25.755
11580,5.6217,-1.7189
11581,-46.662,-40.39
11582,-58.649,27.128
11583,-76.203,1.3355
11584,-63.237,-35.301
11585,-29.15,56.219
11586,55.695,-84.269
11587,-71.475,62.12
11588,12.74,-3.9482
11589,74.607,56.556
11590,-28.447,30.07
11591,-1.1917,95.857
11592,-88.383,25.694
11593,-97.657,-13.198
11594,-10.69,86.333
11595,-55.433,-57.711
11596,68.042,-16.162
11597,28.482,41.627
11598,8.6231,49.314
11599,-39.437,-32.449
11600,68.996,1.6226
11601,-23.635,38.573
11602,12.345,-41.231
11603,-41.85,74.342
11604,52.318,-81.671
11605,21.359,23.942
11606,77.984,-47.257
11607,-51.942,-40.103
11608,-18.504,-6.299
11609,-21.135,21.272
11610,-52.674,-59.022
11611,-14.075,101.46
11612,-58.623,55.343
11613,-62.952,57.115
11614,52.14,-19.22
11615,3.2135,-8.1996
11616,-46.574,26.718
11617,46.265,-83.263
11618,-18.983,55.165
11619,-51.655,43.589
11620,30.323,-85.143
11621,-25.653,66.489
11622,61.992,57.944
11623,-44.13,68.407
11624,-13.499,-39.007
11625,-1.403,50.546
11626,95.058,-15.938
11627,66.402,45.495
11628,-45.218,4.8392
11629,-55.01,-34.835
11630,-63.77,60.106
11631,-57.227,-12.981
11632,46.444,51.667
11633,5.7932,90.388
11634,38.084,37.598
11635,49.999,-33.779
11636,8.024,-13.17
11637,20.449,-84.226
11638,-69.286,69.214
11639,-4.5529,18.084
11640,7.9257,74.443
11641,-11.132,51.141
11642,52.85,80.341
11643,-30.007,-13.309
11644,-35.554,86.383
11645,-10.188,62.262
11646,19.966,-34.724
11647,47.881,41.038
11648,89.479,45.313
11649,1.32,52.851
11650,-5.1005,78.929
11651,-26.253,81.968
11652,-82.954,21.826
11653,26.669,-94.758
11654,11.836,-40.632
11655,21.371,-82.031
11656,107.23,-52.808
11657,-80.575,-24.867
11658,-45.662,44.783
11659,-3.6777,49.973
11660,-40.28,42.546
11661,32.603,-66.357
11662,-63.223,64.9
11663,-36.839,69.81
11664,-50.774,55.025
11665,-15.127,-21.848
11666,22.568,79.464
11667,-54.001,-1.0045
11668,81.006,-17.028
11669,-36.792,56.933
11670,77.758,-37.767
11671,3.3871,28.713
11672,-104.72,-14.393
11673,-98.97,-14.231
11674,-18.973,75.951
11675,22.911,25.729
11676,-32.083,90.823
11677,49.628,80.898
11678,-32.209,89.976
11679,-26.784,55.504
11680,58.135,-12.097
11681,26.412,96.479
11682,-15.114,-66.211
11683,-53.608,74.34
11684,46.75,102.59
11685,-64.524,22.483
11686,42.113,-32.098
11687,-69.444,64.706
11688,-58.004,52.42
11689,5.1599,85.81
11690,38.267,-64.558
11691,14.865,90.057
11692,1.986,103.2
11693,53.704,-81.845
11694,-84.799,27.315
11695,-29.068,60.245
11696,-11.542,80.704
11697,-6.9372,-3.7655
11698,27.855,79.403
11699,-14.063,-22.069
11700,-20.263,41.644
11701,-61.003,32.465
11702,-72.463,59.215
11703,-58.994,60.163
11704,50.92,-71.689
11705,33.631,39.633
11706,-62.245,78.736
11707,-23.958,92.271
11708,-18.057,-1.5451
11709,38.746,-90.239
11710,-81.839,64.79
11711,-12.355,77.468
11712,29.532,16.405
11713,34.083,-43.768
11714,-64.592,67.91
11715,87.914,45.628
11716,-48.735,-32.486
11717,62.022,-70.665
11718,-61.509,62.734
11719,-5.614,102.19
11720,18.962,-6.6331
11721,59.752,40.328
11722,-65.944,-76.936
11723,-0.71355,88.59
11724,-7.1833,-34.271
11725,7.1329,70.478
11726,-53.792,35.801
11727,31.756,3.1599
11728,38.425,54.068
11729,-43.325,16.218
11730,2.4411,51.664
11731,34.336,2.181
11732,-21.103,17.352
11733,35.565,-33.14
11734,22.793,-58.111
11735,-72.158,59.593
11736,-13.972,60.4
11737,-37.64,24.98
11738,63.66,87.614
11739,107.82,-52.914
11740,-10.805,101.04
11741,-62.648,68.35
11742,-49.243,65.185
11743,11.803,-40.478
11744,32.694,-66.163
11745,37.358,65.052
11746,13.031,-13.371
11747,-2.2047,62.733
11748,-49.597,-15.494
11749,-51.848,-44.564
11750,79.177,-2.0929
11751,-24.608,14.63
11752,-30.968,95.007
11753,-45.26,70.825
11754,63.008,48.637
11755,-34.715,47.775
11756,64.201,45.719
11757,5.6391,-1.9049
11758,-39.138,89.306
11759,-69.874,19.192
11760,-104.36,35.37
11761,69.706,-60.703
11762,74.404,47.722
11763,-0.85538,33.872
11764,-39.525,-12.655
11765,-16.734,-1.5498
11766,-15.005,100.26
11767,-51.66,65.212
11768,28.351,25.494
11769,74.428,46.639
11770,42.151,-27.858
11771,33.103,63.533
11772,-34.247,79.431
11773,-72.837,63.011
11774,26.178,5.1099
11775,15.912,51.309
11776,-68.275,-24.309
11777,33.485,14.405
11778,-37.603,58.482
11779,-82.29,20.944
11780,27.059,38.311
11781,17.201,-49.026
11782,102.06,-56.728
11783,20.807,-53.743
11784,-64.802,71.223
11785,22.279,-81.941
11786,18.915,-75.026
11787,-1.2804,-58.223
11788,103.98,-56.211
11789,66.442,58.628
11790,-12.833,-1.751
11791,-96.551,-15.645
11792,9.7534,-39.386
11793,38.602,39.181
11794,8.8502,-2.7898
11795,-40.301,77.541
11796,-64.261,-55.102
11797,-12.472,63.441
11798,-37.586,21.439
11799,-14.782,97.081
11800,11.418,98.213
11801,1.7649,-17.776
11802,17.219,48.921
11803,-68.732,-69.51
11804,-25.367,44.959
11805,-28.289,93.998
11806,17.813,43.299
11807,-56.626,38.283
11808,-60.03,-16.809
11809,13.374,-38.193
11810,-17.674,65.787
11811,59.837,-25.535
11812,54.706,-17.283
11813,-53.251,56.86
11814,4.5037,-16.484
11815,0.37941,32.863
11816,25.321,70.751
11817,-41.831,45.438
11818,-16.298,28.067
11819,0.35094,83.652
11820,8.6278,-83.426
11821,-63.236,29.959
11822,-70.629,-54.309
11823,-42.332,49.679
11824,21.179,-83.503
11825,45.252,-74.64
11826,8.3354,39.04
11827,-28.998,-74.984
11828,-9.7634,67.021
11829,-71.029,-76.661
11830,-24.228,16.267
11831,-19.275,16.972
11832,-14.979,97.114
11833,20.498,-6.5546
11834,29.534,75.568
11835,-37.71,74.597
11836,56.403,-28.192
11837,65.84,53.377
11838,-29.035,60.7
11839,44.654,-79.638
11840,34.24,43.612
11841,-4.5171,101.22
11842,56.665,43.211
11843,-72.834,-74.9
11844,-97.791,7.8262
11845,-8.7735,31.613
11846,-51.859,60.442
11847,7.6337,85.973
11848,55.411,46.911
11849,31.909,20.118
11850,-40.274,-90.656
11851,17.467,45.224
11852,-12.162,-0.22135
11853,41.724,21.705
11854,-56.744,-18.692
11855,63.235,44.383
11856,-9.0585,-8.9841
11857,-31.238,-0.69227
11858,41.068,90.401
11859,0.22098,81.095
11860,-11.967,34.157
11861,5.1459,-9.5439
11862,5.0418,83.523
11863,-18.206,-29.145
11864,-3.6046,89.462
11865,54.991,51.612
11866,61.454,57.537
11867,32.066,41.876
11868,26.727,76.003
11869,-51.636,62.377
11870,-43.504,6.6431
11871,-10.435,-65.443
11872,26.86,96.42
11873,8.7813,84.638
11874,-56.151,74.14
11875,2.9979,-20.347
11876,-39.096,83.919
11877,-46.377,70.245
11878,11.892,10.115
11879,-29.295,66.754
11880,-27.977,59.434
11881,-3.42,-36.311
11882,-10.052,84.629
11883,-68.326,-74.892
11884,58.179,9.6436
11885,-29.933,-68.625
11886,-3.6718,17.604
11887,31.982,75.623
11888,-49.937,-51.265
11889,-50.176,86.515
11890,62.62,71.314
11891,19.26,-86.979
11892,52.782,80.732
11893,-12.015,67.067
11894,-45.843,86.534
11895,-71.733,62.003
11896,-29.928,49.215
11897,40.378,-45.35
11898,-39.633,77.638
11899,64.12,50.658
11900,-13.413,97.676
11901,-2.1031,77.048
11902,45.039,103.66
11903,-75.058,-20.956
11904,52.47,-83.473
11905,-62.215,49.991
11906,28.692,35.519
11907,-10.756,39.83
11908,54.799,76.061
11909,-66.064,0.23714
11910,26.191,-93.288
11911,-6.2103,-66.424
11912,46.644,-86.778
11913,9.4352,79.244
11914,1.705,93.18
11915,-81.113,22.211
11916,-64.768,26.487
11917,-99.819,-14.802
11918,-14.966,64.74
11919,13.323,18.951
11920,-0.38851,16.469
11921,-46.595,62.023
11922,-48.48,39.601
11923,-68.649,61.837
11924,-14.343,101.26
11925,-20.443,-23.955
11926,-0.31286,53.841
11927,-16.367,61.766
11928,-46.921,-32.632
11929,15.003,-59.029
11930,-15.572,55.772
11931,-28.879,87.412
11932,27.317,37.729
11933,-11.364,0.45732
11934,21.538,-23.941
11935,-29.011,78.384
11936,32.671,-67.104
11937,29.743,77.348
11938,-8.0328,71.443
11939,34.329,76.103
11940,106.08,-54.135
11941,-45.719,-40.994
11942,69.298,-60.366
11943,-36.715,-9.6768
11944,-7.0449,85.494
11945,-10.108,-46.487
11946,-38.51,-11.689
11947,-11.796,-1.5766
11948,-12.049,13.376
11949,-5.0357,88.724
11950,-47.308,66.407
11951,-18.91,78.909
11952,-3.1804,66.627
11953,-71.63,-53.585
11954,-10.305,58.381
11955,-47.374,66.676
11956,47.32,-6.1165
11957,-30.245,55.139
11958,30.277,-42.411
11959,81.354,31.252
11960,-8.5998,69.394
11961,42.956,13.151
11962,1.1503,-46.831
11963,-97.491,-13.026
11964,-50.51,64.199
11965,31.609,-62.137
11966,44.096,-78.411
11967,6.0633,-5.4498
11968,38.377,48.188
11969,36.866,88.206
11970,-18.911,14.446
11971,54.158,39.319
11972,74.576,51.357
11973,-50.957,54.682
11974,-34.212,72.094
11975,-11.562,-25.407
11976,-8.8836,59.719
11977,-16.457,-2.8317
11978,-14.941,54.197
11979,-54.519,64.323
11980,4.1861,59.982
11981,16.348,83.22
11982,-19.423,-21.116
11983,108.04,-52.931
11984,13.626,18.568
11985,24.247,-48.33
11986,25.367,-72.387
11987,27.625,-7.2894
11988,3.1843,84.703
11989,30.638,42.969
11990,36.117,-81.493
11991,-42.505,7.9313
11992,4.7434,84.85
11993,32.568,19.634
11994,-54.901,2.5305
11995,34.534,-53.038
11996,-54.597,35.976
11997,-31.389,2.9101
11998,26.689,37.908
11999,-21.889,45.018
12000,-46.353,27.154
12001,37.28,-59.26
12002,36.614,-67.061
12003,-16.239,86.457
12004,42.197,-4.4578
12005,37.67,79.901
12006,8.5428,-0.96614
12007,26.226,5.8879
12008,23.675,68.196
12009,-66.21,-35.219
12010,1.6779,-47.317
12011,11.591,-71.463
12012,-9.0943,-36.687
12013,26.826,-46.597
12014,-64.188,73.026
12015,-35.53,64.084
12016,-7.5438,35.314
12017,-0.52593,29.827
12018,5.207,36.204
12019,34.04,-51.238
12020,-50.342,67.127
12021,54.917,46.904
12022,9.8589,79.015
12023,17.119,-61.431
12024,-117.67,15.383
12025,53.562,-56.222
12026,30.359,-61.646
12027,-10.782,-5.6149
12028,-64.155,-3.2138
12029,-34.734,67.383
12030,58.301,46.562
12031,2.6765,41.849
12032,-4.6425,-44.279
12033,36.968,62.726
12034,-12.596,-54.598
12035,-11.296,74.97
12036,-38.408,72.98
12037,-13.744,-78.725
12038,26.533,76.524
12039,33.188,78.46
12040,-26.135,2.8681
12041,-49.884,87.053
12042,19.329,-75.108
12043,2.3652,7.1609
12044,-5.7061,66.635
12045,-52.724,-33.063
12046,20.118,-50.849
12047,-69.55,38.719
12048,-28.107,-17.165
12049,45.038,103.66
12050,14.127,-48.02
12051,27.924,-46.302
12052,35.684,27.572
12053,37.025,50.248
12054,-9.6688,2.9275
12055,54.289,-86.025
12056,73.815,-45.705
12057,-13.292,43.542
12058,13.974,-40.575
12059,-25.537,46.136
12060,-29.291,78.004
12061,2.8713,-11.382
12062,73.142,-48.522
12063,-64.798,57.268
12064,-67.733,39.135
12065,34.888,-91.604
12066,-32.869,74.411
12067,-12.342,-2.5487
12068,23.244,-81.032
12069,-55.865,76.409
12070,39.701,1.4113
12071,69.829,47.801
12072,48.817,-29.251
12073,-21.068,-40.237
12074,55.378,-59.499
12075,13.378,-35.88
12076,48.064,-85.178
12077,50.251,-84.95
12078,107.23,-52.805
12079,-48.415,-19.437
12080,87.367,-31.709
12081,-103.16,29.383
12082,-119.56,14.951
12083,-39.463,75.688
12084,-25.16,-18.605
12085,32.09,37.707
12086,43.613,-47.987
12087,43.043,-85.918
12088,37.163,-85.928
12089,54.696,50.769
12090,99.66,-59.541
12091,-11.986,-8.517
12092,-17.674,-47.195
12093,-72.401,8.8349
12094,-13.104,53.786
12095,-41.331,62.112
12096,40.232,70.019
12097,41.184,73.003
12098,-6.848,29.123
12099,-47.586,-34.323
12100,-39.989,-74.868
12101,43.156,-5.7806
12102,-62.379,22.767
12103,9.6175,-40.8
12104,37.176,-91.36
12105,68.054,-21.625
12106,-62.403,78.584
12107,14.231,-63.828
12108,5.1799,-17.367
12109,14.7,-63.185
12110,48.214,43.767
12111,-40.232,42.217
12112,11.379,-21.043
12113,17.451,-60.837
12114,-65.368,-62.874
12115,36.808,-53.296
12116,-27.589,7.9674
12117,-79.438,-38.809
12118,-56.137,-39.058
12119,1.0526,-0.25295
12120,24.566,-81.716
12121,15.644,-71.268
12122,5.0262,96.691
12123,11.012,100.74
12124,59.692,51.326
12125,39.372,40.058
12126,-64.816,-27.998
12127,57.833,-52.283
12128,-75.527,54.764
12129,6.3929,52.438
12130,44.91,20.556
12131,-56.491,1.9216
12132,-79.414,-8.7232
12133,21.777,-89.417
12134,-81.84,64.791
12135,-7.0464,55.563
12136,-18.103,13.567
12137,-3.5602,62.869
12138,2.1386,-7.3018
12139,-51.497,81.429
12140,-6.9053,102.64
12141,-40.47,2.4827
12142,28.099,-88.839
12143,-49.623,86.34
12144,10.527,-8.0985
12145,41.284,32.216
12146,-44.381,-13.592
12147,18.424,-35.083
12148,27.516,-53.004
12149,-18.362,70.536
12150,-47.407,60.722
12151,-119.56,14.951
12152,56.951,-84.25
12153,-55.073,61.582
12154,59.339,52.662
12155,50.081,81.267
12156,-85.395,-25.745
12157,-69.953,71.656
12158,-12.739,43.027
12159,43.702,-2.4257
12160,70.172,-12.295
12161,45.487,88.028
12162,-69.24,13.567
12163,-11.165,-4.6348
12164,-84.812,44.741
12165,-97.456,54.671
12166,-45.22,5.8831
12167,1.5123,103.17
12168,-75.233,-64.485
12169,40.985,-72.214
12170,26.783,5.0986
12171,35.65,60.995
12172,-4.4294,59.663
12173,-90.041,4.2585
12174,-102.78,24.771
12175,36.009,18.058
12176,68.638,40.189
12177,5.4454,-0.072817
12178,11.687,71.099
12179,-7.5801,30.93
12180,-28.078,30.082
12181,-83.391,20.55
12182,47.025,42.182
12183,4.8229,83.36
12184,-2.3153,28.93
12185,14.334,54.301
12186,51.004,33.661
12187,-29.315,-2.1161
12188,47.406,-84.862
12189,-102.03,21.734
12190,-80.397,61.652
12191,-48.248,7.3947
12192,18.341,-10.083
12193,37.417,34.52
12194,42.283,71.572
12195,7.5676,72.026
12196,13.999,7.3727
12197,-69.083,-27.585
12198,-54.804,-27.543
12199,-102.49,22.652
12200,-4.9064,59.284
12201,32.31,9.6502
12202,40.44,-47.364
12203,29.855,88.203
12204,24.122,47.09
12205,38.887,-90.589
12206,36.01,-53.066
12207,12.255,-28.142
12208,12.643,-46.368
12209,-32.582,53.265
12210,12.093,83.745
12211,-42.41,-13.153
12212,87.36,-36.443
12213,-24.575,-53.624
12214,67.878,-61.05
12215,-28.907,86.3
12216,-55.442,-15.493
12217,-68.888,-32.703
12218,-47.904,-11.88
12219,67.133,-20.177
12220,-8.121,-70.191
12221,-60.969,30.119
12222,-24.413,-33.596
12223,43.596,-48.786
12224,24.229,-41.333
12225,-49.189,-4.6932
12226,-75.403,-57.277
12227,-63.588,75.08
12228,37.039,77.984
12229,46.977,-29.866
12230,13.532,-4.5337
12231,64.897,62.702
12232,-53.97,73.397
12233,-24.187,9.4312
12234,85.575,-7.1324
12235,-47.276,2.8895
12236,-50.159,67.111
12237,-18.922,56.848
12238,21.834,26.163
12239,-57.858,66.688
12240,1.0197,59.378
12241,27.5,-62.597
12242,-88.676,20.302
12243,-22.81,-39.452
12244,12.159,10.246
12245,22.072,26.393
12246,-102.56,18.558
12247,-10.761,-5.4929
12248,37.686,90.441
12249,-25.199,61.97
12250,38.143,-62.58
12251,20.628,-81.61
12252,-81.835,64.791
12253,-37.556,80.044
12254,5.732,84.657
12255,38.645,-65.849
12256,21.924,-39.21
12257,4.1913,56.766
12258,-22.653,-84.667
12259,-34.332,13.501
12260,-51.795,0.60326
12261,-15.936,-28.232
12262,1.9306,97.816
12263,35.035,-59.779
12264,-25.816,82.168
12265,-58.976,27.916
12266,-13.205,-6.86
12267,77.55,-57.806
12268,-3.8341,59.864
12269,-103.23,26.015
12270,37.763,83.221
12271,-54.13,-22.973
12272,-9.8567,66.347
12273,-53.999,62.357
12274,31.328,-86.035
12275,40.022,-45.326
12276,9.0629,55.885
12277,9.0297,88.061
12278,-18.827,88.889
12279,-31.621,40.367
12280,23.99,-86.913
12281,-9.1619,-77.032
12282,-17.79,-7.9032
12283,16.085,-37.553
12284,-48.177,8.9106
12285,52.362,15.478
12286,-72.444,51.663
12287,19.347,-56.826
12288,-53.452,75.021
12289,18.355,-4.0611
12290,46.033,41.693
12291,-70.429,-61.369
12292,99.899,-59.527
12293,1.6497,26.987
12294,13.532,-8.6677
12295,-55.726,-32.749
12296,59.458,74.334
12297,2.4989,33.313
12298,-12.465,-4.0729
12299,-18.33,20.049
12300,-34.593,47.637
12301,-90.998,18.083
12302,14.743,-13.972
12303,65.06,50.071
12304,22.567,90.564
12305,-8.2256,-38.974
12306,-70.174,57.047
12307,-103.21,26.235
12308,8.0002,10.898
12309,-22.423,-70.36
12310,-27.158,-104.98
12311,-53.338,0.61362
12312,-86.637,-15.497
12313,21.541,-37.698
12314,-11.268,66.836
12315,50.079,-54.203
12316,31.288,94.505
12317,-58.838,-1.2796
12318,-81.845,64.793
12319,-99.831,5.4597
12320,-81.842,64.791
12321,20.962,-31.441
12322,26.708,3.7864
12323,57,63.667
12324,-5.1548,1.9697
12325,-15.997,-8.9691
12326,-62.543,64.601
12327,-32.299,71.375
12328,30.732,41.929
12329,16.753,83.621
12330,13.023,-10.506
12331,19.219,-91.954
12332,26.17,-51.702
12333,-69.458,-61.581
12334,-3.815,-8.0269
12335,36.302,93.03
12336,20.115,-84.084
12337,-40.238,77.765
12338,22.861,23.955
12339,34.45,63.52
12340,45.685,42.419
12341,-63.669,78.838
12342,18.895,-42.665
12343,-23.294,-74.74
12344,-39.656,14.344
12345,-42.168,-28.682
12346,36.477,-15.192
12347,-59.607,34.984
12348,19.718,-79.415
12349,5.1848,-9.5923
12350,-5.5525,20.008
12351,8.1166,72.058
12352,-36.623,50.591
12353,-9.1814,100.79
12354,-26.904,93.44
12355,14.552,-40.693
12356,25.543,94.316
12357,-48.085,71.795
12358,5.0614,21.014
12359,-47.418,-9.6345
12360,-58.722,15.184
12361,-9.7208,-0.9827
12362,-72.378,-29.183
12363,38.782,16.746
12364,-66.677,19.27
12365,-17.908,13.048
12366,15.741,-42.113
12367,15.156,-25.579
12368,-41.12,2.2561
12369,-88.227,44.486
12370,-85.825,-15.222
12371,-35.696,81.116
12372,-60.341,76.396
12373,-31.072,93.75
12374,59.162,45.717
12375,-82.426,27.395
12376,-15.529,65.409
12377,35.929,4.1557
12378,-52.245,72.792
12379,19.217,2.2261
12380,40.001,24.197
12381,2.3666,93.026
12382,-30.963,-31.565
12383,-88.513,30.79
12384,60.125,-30.602
12385,-33.554,-22.637
12386,30.591,41.353
12387,-12.04,-25.578
12388,34.578,-47.031
12389,-54.065,-1.003
12390,-58.26,25.68
12391,-42.979,85.62
12392,9.2565,-44.566
12393,24.319,-64.688
12394,19.403,88.909
12395,61.144,59.386
12396,56.935,51.411
12397,-55.626,-26.81
12398,48.895,-71.698
12399,33.307,24.163
12400,-14.35,-39.704
12401,67.837,-43.571
12402,-95.935,25.515
12403,8.7558,-16.728
12404,-75.734,-63.927
12405,-13.543,-7.8509
12406,-81.84,64.791
12407,-103.16,-43.496
12408,-38.797,83.819
12409,51.495,75.069
12410,-23.403,-91.236
12411,29.693,-64.265
12412,13.645,-13.676
12413,29.048,75.869
12414,28.855,39.38
12415,56.672,43.276
12416,-78.285,10.895
12417,29.837,-46.405
12418,21.246,3.3944
12419,27.371,-43.958
12420,-37.442,-83.426
12421,-81.836,64.791
12422,-38.977,-83.333
12423,-67.554,56.391
12424,-52.634,66.391
12425,16.93,-9.7973
12426,-20.335,67.962
12427,56.642,48.316
12428,-7.0778,-0.905
12429,-41.122,-15.627
12430,10.201,-41.138
12431,37.771,79.636
12432,45.04,103.66
12433,0.29921,-88.733
12434,-0.66279,42.524
12435,-10.301,65.66
12436,44.734,-76.304
12437,28.663,36.545
12438,1.415,93.252
12439,-16.909,82.518
12440,-41.394,88.218
12441,30.513,42.023
12442,-60.303,24.003
12443,-29.603,62.485
12444,31.709,-16.383
12445,-5.4484,74.44
12446,27.425,30.025
12447,33.554,76.327
12448,26.411,-17.923
12449,-75.63,-30.888
12450,-44.385,82.652
12451,-0.44042,60.831
12452,22.42,-39.627
12453,-85.818,-25.202
12454,33.539,-4.432
12455,-7.347,93.593
12456,66.531,-22.442
12457,108.5,-44.058
12458,-81.375,-31.408
12459,33.655,-48.808
12460,16.436,-3.444
12461,16.087,-27.402
12462,-42.522,13.959
12463,-12.445,74.862
12464,38.223,-88.458
12465,33.221,-63.044
12466,70.815,20.935
12467,40.138,79.089
12468,33.626,66.968
12469,52.213,-17.002
12470,-41.985,10.599
12471,69.937,-56.002
12472,-46.345,6.1435
12473,-8.8836,-73.541
12474,12.729,-7.5866
12475,2.6922,56.704
12476,-20.684,44.234
12477,-38.847,27.028
12478,-14.855,65.723
12479,-14.653,0.032898
12480,88.184,-21.215
12481,-81.838,64.79
12482,-18.912,-78.461
12483,-62.878,-0.84681
12484,-16.816,11.289
12485,-77.71,58.238
12486,-86.262,24.162
12487,66.079,67.197
12488,-23.408,-3.0714
12489,-9.9342,0.85941
12490,-60.474,-27.155
12491,69.436,-41.366
12492,-62.575,65.109
12493,17.742,76.592
12494,37.441,39.629
12495,-26.196,65.974
12496,26.64,30.797
12497,55.707,-39.559
12498,-82.103,-26.678
12499,-69.007,20.261
12500,20.087,-85.894
12501,-53.243,-25.88
12502,47.051,104.29
12503,-17.283,-40.415
12504,30.754,0.8483
12505,34.286,-79.515
12506,1.6532,-80.237
12507,10.305,83.114
12508,-65.064,4.5303
12509,-37.123,-74.951
12510,56.863,-86.177
12511,14.243,73.937
12512,35.361,-61.173
12513,-60.872,-7.4691
12514,-11.078,1.0018
12515,48.227,102.17
12516,-64.296,76.949
12517,64.866,66.243
12518,-57.297,32.582
12519,50.821,-64.25
12520,52.796,49.438
12521,-28.983,73.8
12522,40.152,-49.811
12523,-21.66,9.7883
12524,36.098,-75.882
12525,-69.136,64.789
12526,35.085,3.5619
12527,-4.3547,-73.618
12528,-62.873,24.425
12529,-36.807,67.232
12530,-29.992,61.963
12531,-99.233,24.434
12532,20.964,82.838
12533,32.373,22.386
12534,-65.383,62.873
12535,-22.533,-106.21
12536,29.935,85.081
12537,64.388,45.968
12538,-64.021,17.365
12539,-66.872,-68.821
12540,-42.608,41.429
12541,-17.239,51.312
12542,8.3672,11.173
12543,27.022,-21.274
12544,-83.214,-28.653
12545,-69.724,36.389
12546,-69.596,38.245
12547,12.421,70.786
12548,50.7,-4.0378
12549,49.904,54.828
12550,-46.642,-40.519
12551,-66.384,35.573
12552,28.604,-48.241
12553,29.62,-67.652
12554,-39.098,41.282
12555,-1.3749,-49.576
12556,59.562,-62.339
12557,17.913,81.442
12558,-72.165,52.655
12559,37.462,-62.504
12560,-19.513,-74.638
12561,-6.5963,-55.326
12562,-43.651,38.329
12563,51.049,-15.91
12564,-8.8297,-77.504
12565,5.8686,30.444
12566,23.608,41.403
12567,-0.52833,53.908
12568,4.6138,34.151
12569,-6.385,-22.983
12570,50.861,26.385
12571,-60.187,-31.895
12572,-23.149,-109.42
12573,-15.979,86.794
12574,40.735,-16.39
12575,-12.22,64.118
12576,-14.671,0.92664
12577,28.682,3.3055
12578,12.364,-81.541
12579,-0.23421,2.7542
12580,-16.989,54.72
12581,-80.362,-30.028
12582,52.301,-85.704
12583,22.056,53.514
12584,-49.935,78.25
12585,-6.7767,26.062
12586,-67.619,-53.238
12587,20.336,-79.039
12588,-59.904,33.327
12589,-19.708,-82.432
12590,47.586,-72.381
12591,25.673,-51.061
12592,32.811,78.972
12593,-38.522,32.467
12594,41.26,-44.379
12595,-55.409,-43.991
12596,-11.751,0.9564
12597,-2.8448,82.175
12598,-102.85,21.682
12599,-63.287,65.185
12600,12.978,-26.67
12601,-14.241,40.957
12602,-9.0198,-35.801
12603,-6.5304,-88.292
12604,-45.959,27.369
12605,-68.704,56.884
12606,-68.26,62.666
12607,13.304,-8.4585
12608,34.142,24.639
12609,-5.5904,-38.376
12610,-13.793,1.044
12611,45.037,103.66
12612,29.417,-34.783
12613,34.92,-55.301
12614,-81.759,21.196
12615,36.258,27.775
12616,-45.057,-41.201
12617,39.97,-85.894
12618,-34.063,-39.79
12619,25.365,100.82
12620,-50.534,60.213
12621,-69.364,-13.453
12622,-72.556,51.796
12623,38.564,-25.798
12624,-15.902,9.6277
12625,-11.8,43.49
12626,52.952,-65.479
12627,13.627,34.095
12628,56.429,47.96
12629,-62.905,73.975
12630,-55.832,0.89851
12631,9.6052,-90.036
12632,-53.33,-39.487
12633,100.5,-59.187
12634,25.414,28.449
12635,-89.211,-51.599
12636,-68.105,7.3157
12637,22.017,-79.293
12638,-54.015,-26.38
12639,-82.059,-28.294
12640,3.4831,13.804
12641,-99.896,-14.82
12642,16.966,3.2768
12643,-78.657,-58.395
12644,32.404,-79.229
12645,-89.692,23.102
12646,-9.465,60.772
12647,30.005,17.475
12648,56.282,43.032
12649,17.491,-3.8124
12650,99.727,-59.629
12651,-11.101,-2.7304
12652,-16.531,68.326
12653,-42.573,76.695
12654,-8.3298,-21.379
12655,14.598,74.808
12656,-5.4995,19.463
12657,-74.066,-33.614
12658,-70.274,-27.236
12659,50.031,-17.174
12660,-34.249,66.876
12661,32.832,78.78
12662,38.068,34.035
12663,30.801,25.882
12664,86.081,44.718
12665,-68.459,-25.972
12666,51.891,-19.933
12667,21.622,17.709
12668,31.736,-72.659
12669,36.024,-62.39
12670,33.96,-47.254
12671,18.722,1.7656
12672,57.581,72.404
12673,-11.12,-2.6782
12674,-64.069,-28.998
12675,-18.241,13.549
12676,14.38,-42.089
12677,36.793,-44.163
12678,16.41,40.321
12679,-58.228,19.063
12680,11.542,-56.364
12681,5.8596,62.282
12682,55.202,9.2256
12683,34.246,34.389
12684,92.082,-23.694
12685,20.968,-11.627
12686,41.364,-39.374
12687,-26.195,-51.99
12688,15.068,40.686
12689,-27.783,-61.394
12690,-26.139,93.928
12691,4.6021,-35.084
12692,-103.39,19.962
12693,-11.967,-74.94
12694,-13.017,-78.363
12695,18.391,-11.477
12696,62.155,38.408
12697,39.65,21.846
12698,1.624,-49.372
12699,-41.347,73.248
12700,55.856,46.464
12701,85.573,-41.992
12702,-73.393,-15.868
12703,86.032,8.4002
12704,-21.968,-15.63
12705,-55.603,-45.743
12706,10.769,50.402
12707,10.203,90.357
12708,-14.184,40.761
12709,-60.477,-35.515
12710,-18.201,-27.238
12711,-88.226,44.486
12712,-11.092,-2.7585
12713,-43.157,-33.886
12714,-97.532,0.8827
12715,38.441,-75.106
12716,-72.791,9.6367
12717,7.009,-61.961
12718,35.603,-63.792
12719,98.088,-60.53
12720,-11.094,-2.762
12721,-53.791,-1.1507
12722,41.752,-79.777
12723,-56.702,23.629
12724,22.906,25.945
12725,56.006,42.795
12726,45.117,1.7456
12727,29.586,-46.924
12728,-38.168,25.363
12729,-15.367,12.42
12730,2.4895,5.2075
12731,36.069,-66.158
12732,33.725,39.64
12733,13.294,39.372
12734,70.169,-55.898
12735,70.608,-4.0961
12736,100.38,-59.148
12737,67.54,-47.501
12738,73.563,-56.025
12739,12.945,-21.621
12740,-18.803,18.223
12741,-46.266,8.4667
12742,33.504,43.213
12743,60.716,42.647
12744,-21.337,-28.941
12745,-16.689,11.285
12746,-60.925,-20.061
12747,-11.087,-2.7839
12748,-63.982,-27.899
12749,-45.57,19.621
12750,75.43,-79.057
12751,9.1841,-56.156
12752,-11.039,-2.8147
12753,-72.577,51.818
12754,-67.944,74.516
12755,30.712,26.668
12756,21.955,6.9438
12757,20.364,-85.052
12758,92.443,25.888
12759,-57.263,72.227
12760,101.1,-58.812
12761,26.515,100.31
12762,74.092,-61.659
12763,-55.071,-57.597
12764,-16.771,11.208
12765,28.013,-48.665
12766,14.391,53.578
12767,-11.131,-2.6657
12768,-27.995,-98.031
12769,41.447,34.663
12770,10.795,-59.105
12771,65.081,49.896
12772,-35.468,42.809
12773,30.932,51.748
12774,47.588,-90
12775,25.595,28.31
12776,9.2887,-56.495
12777,42.574,33.389
12778,-58.833,-34.079
12779,-6.8397,-68.629
12780,0.17434,-51.675
12781,13.335,33.61
12782,15.674,51.707
12783,-43.701,-42.05
12784,108.06,-46.029
12785,-83.754,-27.469
12786,52.225,-80.427
12787,33.536,1.6177
12788,-62.63,-38.767
12789,89.454,-21.019
12790,-11.487,-84.95
12791,68.032,37.875
12792,-75.037,15.971
12793,38.472,33.444
12794,56.588,-83.326
12795,-18.352,63.531
12796,-51.731,61.121
12797,-10.377,-77.794
12798,-12.137,-26.861
12799,-44.056,4.8154
12800,51.614,25.961
12801,-12.635,0.030144
12802,-23.625,-110.27
12803,-9.1574,3.3068
12804,10.941,-56.295
12805,-63.557,-63.645
12806,6.3844,51.953
12807,32.478,5.5857
12808,-6.2845,-1.9925
12809,-103.16,-43.5
12810,-62.545,76.334
12811,-67.055,-52.782
12812,-64.774,68.034
12813,-72.659,33.218
12814,64.435,57.267
12815,45.036,103.66
12816,60.717,-20.131
12817,-32.239,-6.859
12818,57.486,9.6931
12819,17.082,48.047
12820,-10.091,-88.827
12821,-19.022,-23.212
12822,-18.564,-76.27
12823,78.535,-36.911
12824,26.027,-39.043
12825,-33.079,43.399
12826,75.044,-79.789
12827,-73.289,35.28
12828,10.051,-46.605
12829,26.829,7.004
12830,-17.927,-2.1835
12831,-6.6696,-4.9651
12832,-21.752,16.878
12833,-64.58,61.053
12834,-10.046,-64.399
12835,-58.903,20.518
12836,-11.253,-8.0057
12837,-54.334,-11.878
12838,44.843,-32.637
12839,-79.375,-26
12840,16.072,13.215
12841,-0.61001,39.402
12842,34.206,65.471
12843,47.427,-5.4279
12844,9.3994,-89.939
12845,-59.832,-26.542
12846,-91.002,27.926
12847,-3.2006,50.525
12848,48.914,-81.983
12849,22.972,-36.699
12850,0.43819,21.011
12851,26.628,4.3894
12852,27.157,-43.035
12853,99.869,-59.541
12854,-10.913,1.4065
12855,4.0115,17.059
12856,8.5491,-14.578
12857,0.47396,-59.101
12858,-40.932,72.394
12859,-26.157,49.004
12860,-40.08,-41.381
12861,-60.956,73.868
12862,34.723,-60.396
12863,-71.989,-54.007
12864,-60.15,35.234
12865,32.58,41.054
12866,-63.672,-58.172
12867,-47.747,-13.109
12868,46.405,104.21
12869,-7.8163,1.5518
12870,-7.0877,-38.326
12871,-40.766,60.953
12872,-2.5058,-88.634
12873,8.3814,57.684
12874,-7.4441,4.2365
12875,-29.977,95.6
12876,-57.101,33.411
12877,-37.736,80.388
12878,6.7862,19.57
12879,-69.346,-67.746
12880,45.124,-80.342
12881,-26.883,-92.686
12882,55.497,55.419
12883,-2.466,-88.746
12884,-18.317,-84.534
12885,23.65,-39.747
12886,-13.993,52.191
12887,-21.457,17.728
12888,63.224,-20.629
12889,4.3591,56.535
12890,49.935,-71.947
12891,36.601,-53.161
12892,48.054,56.996
12893,36.58,28.782
12894,-8.201,4.0414
12895,-11.369,-3.9587
12896,-6.2519,3.6275
12897,-22.639,-26.767
12898,38.094,47.938
12899,68.766,-27.073
12900,-44.225,68.829
12901,-102,21.384
12902,-21.593,-67.844
12903,-74.587,14.281
12904,3.3511,54.446
12905,74.769,10.962
12906,-38.261,-9.6421
12907,35.28,-3.9925
12908,-68.021,28.881
12909,-13.385,-74.028
12910,38.384,11.942
12911,4.6005,20.72
12912,-84.95,-19.579
12913,54.741,72.077
12914,57.213,21.701
12915,44.954,62.335
12916,-25.613,-19.962
12917,-70.313,-74.61
12918,21.428,-67.876
12919,-58.701,75.268
12920,26.782,-63.157
12921,34.058,-42.713
12922,-11.796,-1.5766
12923,75.745,-35.915
12924,49.515,-71.008
12925,-72.596,-7.7273
12926,-28.17,30.096
12927,-34.316,-40.812
12928,-17.893,14.191
12929,22.772,-92.856
12930,38.358,-10.419
12931,59.188,41.835
12932,25.647,98.475
12933,1.2135,100.1
12934,-18.189,-73.453
12935,49.028,-1.9566
12936,-59.376,1.7739
12937,-34.601,-94.518
12938,-62.941,29.543
12939,46.601,-77.91
12940,39.512,34.17
12941,54.932,-19.315
12942,41.828,23.996
12943,-29.904,95.755
12944,73.968,11.108
12945,-28.398,85.747
12946,-81.842,64.791
12947,9.5193,29.991
12948,14.909,9.8144
12949,-62.307,67.881
12950,35.72,-72.509
12951,69.76,-43.897
12952,45.474,-35.973
12953,-22.747,-89.766
12954,-7.2916,57.557
12955,-76.424,-23.982
12956,80.73,-0.49523
12957,-67.346,-53.228
12958,-0.394,-75.534
12959,-33.572,-39.459
12960,18.078,53.119
12961,-10.373,58.961
12962,-65.93,-58.585
12963,-4.1103,-4.5738
12964,-10.378,-3.7681
12965,-66.783,71.202
12966,21.023,-83.476
12967,-5.9011,-68.277
12968,-5.8629,-74.074
12969,-66.442,-76.907
12970,0.28563,21.468
12971,48.221,71.391
12972,45.039,103.66
12973,68.371,-63.655
12974,-32.745,53.564
12975,-64.942,-85.013
12976,37.587,8.9118
12977,0.12349,61.021
12978,42.815,14.215
12979,-60.271,20.035
12980,-57.299,-39.438
12981,-12.852,-0.48541
12982,41.722,-23.979
12983,-12.086,-18.289
12984,-49.193,-51.03
12985,86.635,-17.8
12986,-21.235,71.497
12987,-9.7702,28.114
12988,37.243,-53.821
12989,52.198,13.398
12990,46.547,-16.076
12991,15.964,8.4589
12992,34.773,65.206
12993,-3.6165,-91.166
12994,-54.042,-60.213
12995,22.057,60.341
12996,38.897,1.3874
12997,61.172,-53.236
12998,33.356,-39.578
12999,26.162,-16.847
13000,-14.746,-66.9
13001,30.558,-53.683
13002,13.262,51.347
13003,-32.662,-18.923
13004,45.443,49.789
13005,4.5135,-56.963
13006,66.375,8.4493
13007,-9.676,-5.0706
13008,-29.451,78.499
13009,-71.26,62.273
13010,-21.147,-85.28
13011,40.611,-56.569
13012,38.161,-53.087
13013,73.552,31.491
13014,-14.778,25.79
13015,4.562,21.713
13016,0.053795,78.408
13017,-49.025,-32.817
13018,39.037,5.0461
13019,-9.6456,69.524
13020,-59.899,35.55
13021,91.814,-42.924
13022,-96.922,-46.859
13023,-22.533,-106.21
13024,-10.079,-69.163
13025,48.741,-26.849
13026,99.044,41.597
13027,-43.48,-42.188
13028,-80.582,-34.641
13029,41.85,-81.511
13030,73.638,-43.271
13031,12.886,32.126
13032,-33.324,-7.4092
13033,-76.017,14.208
13034,87.82,-24.924
13035,44.903,16.327
13036,69.977,-17.053
13037,32.328,53.172
13038,-65.541,-0.35783
13039,-8.3104,-5.9863
13040,74.165,-50.491
13041,48.734,-61.168
13042,50.031,-29.535
13043,32.879,38.308
13044,32.963,78.225
13045,7.2859,38.323
13046,14.758,13.868
13047,18.478,52.696
13048,-12.298,-24.968
13049,90.805,-19.204
13050,-59.34,28.497
13051,-8.1403,-75.652
13052,60.048,-2.4776
13053,64.529,-41.557
13054,11.068,-8.8968
13055,20.033,-41.751
13056,15.316,-50.453
13057,22.568,-10.655
13058,24.347,-31.93
13059,27.51,-42.287
13060,11.078,17.307
13061,15.087,56.23
13062,34.43,-29.41
13063,-93.764,12.784
13064,-4.8031,-21.717
13065,21.568,-6.0145
13066,-11.972,-84.164
13067,39.463,4.6035
13068,7.7541,-24.367
13069,61.252,17.755
13070,89.519,10.974
13071,10.783,14.121
13072,-13.611,-67.196
13073,57.105,-82.232
13074,-54.872,36.004
13075,27.214,96.156
13076,-40.318,-10.696
13077,46.971,102.51
13078,32.895,-50.723
13079,-17.504,16.388
13080,14.378,-26.26
13081,3.3443,80.824
13082,50.658,-65.205
13083,-72.468,-17.474
13084,82.535,26.517
13085,-24.53,-104.13
13086,-48.363,6.6837
13087,20.433,-43.292
13088,63.965,-54.317
13089,-11.127,-85.548
13090,36.122,-68.13
13091,-19.403,54.817
13092,-1.8456,-3.6047
13093,53.466,24.712
13094,-18.815,0.35236
13095,-16.681,84.527
13096,-40.169,-33.363
13097,-86.351,-15.995
13098,22.586,-10.628
13099,-58.02,2.4012
13100,-16.277,-9.7958
13101,-78.237,-68.449
13102,-11.99,-37.509
13103,-27.105,87.4
13104,3.263,-16.791
13105,-7.0475,-86.556
13106,-19.297,-75.272
13107,-14.685,-27.329
13108,41.424,-52.049
13109,-90.285,45.421
13110,47.258,44.217
13111,-30.62,-1.2295
13112,63.203,-0.52686
13113,22.525,20.248
13114,31.328,-5.6911
13115,-76.007,55.33
13116,49.774,70.399
13117,-81.443,-30.793
13118,-64.574,-1.643
13119,36.494,-51.827
13120,-24.863,-94.156
13121,21.368,-39.228
13122,4.345,34.518
13123,47.395,-47.985
13124,-80.713,-35.054
13125,-9.5968,-3.9002
13126,-4.259,2.5844
13127,-8.4922,-10.979
13128,11.805,14.18
13129,-45.296,-0.20521
13130,-75.854,33.799
13131,43.847,31.758
13132,-27.984,91.534
13133,78.252,34.061
13134,66.138,-23.808
13135,-90.715,-50.116
13136,69.666,-10.169
13137,-57.975,-40.626
13138,76.263,-77.348
13139,-4.0827,-91.055
13140,27.605,30.536
13141,45.272,-48.2
13142,-57.18,-23.331
13143,-3.2425,-87.704
13144,12.875,-24.555
13145,9.5769,40.53
13146,37.448,66.794
13147,-1.7611,102.57
13148,-81.344,57.477
13149,42.594,-58.472
13150,-39.157,-92.792
13151,-11.6,-83.564
13152,36.071,20.08
13153,66.206,87.851
13154,-78.752,-32.749
13155,-28.523,-7.3155
13156,51.713,-50.46
13157,40.543,-57.333
13158,11.854,35.616
13159,2.0273,12.618
13160,-6.7189,-4.2021
13161,-50.886,40.956
13162,23.14,-21.658
13163,72.629,57.936
13164,-93.306,15.544
13165,-4.4349,8.8512
13166,43.774,31.802
13167,45.918,-76.602
13168,27.733,-41.318
13169,29.799,39.98
13170,-12.157,-1.9732
13171,53.337,-20.824
13172,-10.524,-90.758
13173,40.927,-81.524
13174,47.354,17.257
13175,25.571,-32.338
13176,41.745,20.079
13177,-80.622,-31.968
13178,35.337,90.584
13179,35.043,94.495
13180,15.862,-8.5369
13181,51.456,-49.174
13182,17.306,13.795
13183,22.675,-89.06
13184,9.9655,64.227
13185,-11.863,-10.973
13186,71.513,32.967
13187,32.006,25.316
13188,3.8871,-84.945
13189,-24.269,-91.269
13190,-0.56586,36.382
13191,50.862,26.827
13192,69.503,-37.521
13193,-80.497,32.133
13194,-70.741,-64.932
13195,-15.859,-3.3033
13196,15.123,11.404
13197,35.632,-59.929
13198,-12.608,-86.137
13199,28.336,17.347
13200,-14.727,-28.056
13201,35.83,24.513
13202,-90.54,45.579
13203,-68.779,-61.762
13204,35.968,-48.165
13205,-39.619,77.749
13206,-45.249,-15.716
13207,105.04,-44.631
13208,38.469,-63.096
13209,25.412,-8.6599
13210,13.996,32.973
13211,-41.759,-21.472
13212,52.974,-80.588
13213,-52.314,82.695
13214,0.29467,60.21
13215,32.945,75.429
13216,-7.9358,-1.1653
13217,5.3025,-81.822
13218,13.629,-69.206
13219,35.337,-46.232
13220,3.2065,-87.181
13221,-100.57,21.377
13222,77.969,-53.361
13223,-13.728,-3.9383
13224,-60.221,44.249
13225,69.186,-60.984
13226,36.834,74.119
13227,58.866,42.712
13228,15.315,-50.399
13229,32.408,6.9589
13230,21.396,75.041
13231,3.5255,23.336
13232,45.039,103.66
13233,22.411,41.828
13234,-41.841,-22.117
13235,-69.463,-20.513
13236,43.048,-81.402
13237,-15.134,-75.367
13238,26.261,-47.468
13239,60.003,50.85
13240,62.516,48.532
13241,-24.738,45.143
13242,75.526,-78.873
13243,6.8271,-30.487
13244,-3.5884,58.655
13245,-42.667,-39.861
13246,60.945,38.622
13247,13.991,36.25
13248,6.6704,60.037
13249,-18.238,18.096
13250,-80.768,-33.464
13251,-18.517,-5.7307
13252,46.386,-29.924
13253,57.378,9.4507
13254,31.656,92.718
13255,20.355,21.67
13256,44.618,18.871
13257,33.867,-85.333
13258,-17.306,-84.341
13259,48.527,56.803
13260,-64.324,27.171
13261,44.516,19.132
13262,-28.101,1.2415
13263,98.746,-66.825
13264,59.801,-59.506
13265,62.895,-10.61
13266,-47.79,-40.006
13267,-18.067,77.942
13268,8.0976,10.647
13269,-55.566,-39.26
13270,7.3909,-17.144
13271,-12.894,-84.545
13272,11.417,-65.957
13273,-5.8664,-90.839
13274,11.801,-67.487
13275,30.24,-38.37
13276,64.973,32.556
13277,19.521,48.193
13278,8.842,-57.908
13279,31.318,-73.074
13280,-28.34,-21.813
13281,7.6687,18.046
13282,-14.637,-67.112
13283,26.793,-68.899
13284,39.219,4.0484
13285,48.218,-85.768
13286,-8.4452,74.359
13287,23.7,-41.56
13288,-6.9171,-9.0303
13289,47.456,81.866
13290,-59.771,-74.014
13291,-99.766,28.84
13292,1.4278,-85.463
13293,-9.7296,-70.995
13294,48.81,18.052
13295,-11.885,-85.187
13296,59.821,-53.62
13297,45.043,60.579
13298,-7.0315,101.79
13299,-40.096,-42.583
13300,-72.201,-42.912
13301,-72.432,-6.6752
13302,32.586,-23.688
13303,85.932,-22.69
13304,34.583,-46.913
13305,49.598,26.272
13306,31.097,74.961
13307,84.308,-2.6533
13308,-51.877,43.484
13309,-45.129,3.8241
13310,-53.773,1.0661
13311,32.006,20.342
13312,-55.39,0.69108
13313,-10.77,-42.527
13314,-22.887,-71.433
13315,44.415,-11.823
13316,51.678,38.761
13317,36.626,-77.819
13318,12.364,-26.733
13319,-35.018,-39.495
13320,-6.4686,31.745
13321,-20.246,-74.166
13322,36.168,-58.533
13323,-34.983,-56.307
13324,22.617,11.81
13325,54.773,32.306
13326,33.316,79.745
13327,81.136,50.469
13328,-37.695,-41.724
13329,-55.444,-39.218
13330,-6.3147,-4.0325
13331,-29.445,36.346
13332,-34.042,18.648
13333,-32.909,-8.9474
13334,-11.787,-41.577
13335,77.317,-55.567
13336,63.223,47.107
13337,-51.643,-84.413
13338,-29.902,94.379
13339,-90.157,45.352
13340,-77.781,-67.642
13341,23.575,-40.276
13342,40.785,37.304
13343,-47.992,-24.107
13344,-38.985,75.876
13345,-15.438,-2.8446
13346,-90.839,-50.008
13347,-33.502,-4.225
13348,-16.001,-93.18
13349,52.749,-63.852
13350,39.565,5.2789
13351,-15.427,-3.1631
13352,-61.206,-7.5584
13353,-9.7628,-39.313
13354,35.581,-9.9351
13355,9.3168,-56.261
13356,55.776,-64.493
13357,15.314,9.1061
13358,5.9163,24.854
13359,52.287,-58.333
13360,46.076,-80.45
13361,25.803,-15.933
13362,-6.1101,-37.07
13363,6.6064,35.642
13364,-22.011,-69.46
13365,50.734,-63.131
13366,13.743,19.08
13367,-68.614,-27.141
13368,-81.217,-53.876
13369,-107.61,-8.2105
13370,7.4241,14.017
13371,63.18,48.806
13372,55.676,51.298
13373,13.618,76.396
13374,-34.499,-7.2794
13375,81.455,-28.9
13376,-68.477,-61.621
13377,-12.846,-57.587
13378,-35.262,4.2541
13379,-14.184,25.066
13380,-28.908,88.762
13381,-87.583,2.3854
13382,-107.58,-8.132
13383,31.267,15.211
13384,2.6272,-49.816
13385,33.286,-64.251
13386,51.209,44.032
13387,-30.33,56.956
13388,-62.316,64.795
13389,-68.113,-67.788
13390,-21.233,-40.783
13391,44.673,-57.044
13392,-59.057,35.741
13393,-12.313,-75.31
13394,-49.25,17.666
13395,7.5778,15.493
13396,-35.727,-33.365
13397,88.833,-8.939
13398,68.943,-26.532
13399,-44.445,19.735
13400,52.323,48.924
13401,-21.626,-67.674
13402,-10.204,-39.662
13403,51.508,57.634
13404,57.838,48.155
13405,49.532,-33.551
13406,75.599,-3.9348
13407,-17.786,-42.553
13408,44.943,-14.609
13409,29.183,10.599
13410,-4.4672,81.58
13411,-72.583,-75.625
13412,27.637,30.207
13413,48.823,-1.9291
13414,36.68,42.547
13415,-20.963,53.539
13416,-5.8379,102.95
13417,-68.641,73.771
13418,-4.6323,-43.131
13419,40.429,-39.701
13420,1.4522,-44.083
13421,49.957,10.459
13422,-35.934,-5.2797
13423,74.055,-2.2351
13424,8.0452,-80.015
13425,29.356,33.625
13426,14.518,73.632
13427,54.768,35.113
13428,3.3396,54.277
13429,-69.221,19.687
13430,-20.296,16.084
13431,53.873,79.651
13432,43.18,-72.548
13433,18.505,-80.373
13434,-17.406,28.876
13435,-7.5269,73.234
13436,-84.253,-27.615
13437,17.636,-11.295
13438,68.808,-14.698
13439,-16.514,-4.335
13440,22.115,-35.808
13441,34.22,-23.888
13442,5.1951,36.168
13443,19.739,7.6868
13444,26.046,40.822
13445,-16.342,25.483
13446,-90.242,45.398
13447,-13.643,-1.2724
13448,-33.409,-23.183
13449,48.294,81.615
13450,48.295,87.308
13451,1.6906,-61.396
13452,31.669,-39.631
13453,28.518,-2.0661
13454,-10.019,62.231
13455,-81.839,64.79
13456,-58.829,-67.793
13457,33.44,-20.178
13458,26.833,-18.378
13459,13.639,83.337
13460,62.776,-9.6331
13461,40.937,-17.698
13462,10.309,0.40414
13463,-68.85,70.322
13464,-74.346,53.509
13465,-1.6334,102.27
13466,63.708,-23.951
13467,0.52309,-76.407
13468,17.356,59.895
13469,-58.503,33.852
13470,-48.696,-24.804
13471,-99.636,28.89
13472,-35.648,-42.602
13473,-66.727,-70.806
13474,-33.817,-80.442
13475,70.189,-38.842
13476,20.808,-38.815
13477,54.636,-11.676
13478,17.789,7.5286
13479,32.707,52.237
13480,-33.641,-26.886
13481,71.099,41.591
13482,-16.435,-1.9616
13483,8.5148,34.358
13484,4.4897,84.228
13485,58.79,-4.0989
13486,28.769,28.19
13487,92.23,-51.941
13488,-38.917,89.469
13489,57.512,-19.877
13490,76.139,-77.615
13491,5.1282,67.28
13492,64.157,42.725
13493,12.951,32.473
13494,-98.449,-29.577
13495,-44.648,-42.185
13496,53.675,-29.914
13497,-18.49,22.417
13498,1.3855,18.601
13499,-56.704,38.231
13500,-33.204,-19.343
13501,-18.331,-36.51
13502,40.884,-47.313
13503,38.979,3.3239
13504,31.211,49.986
13505,-13.207,-38.54
13506,61.708,5.5375
13507,38.296,-54.755
13508,-10.307,58.449
13509,23.338,-63.482
13510,8.8368,-40.654
13511,-40.829,65.707
13512,25.472,100.81
13513,28.247,-52.435
13514,33.8,0.67479
13515,35.785,22.099
13516,51.305,24.045
13517,32.625,43.029
13518,-0.8203,-48.061
13519,5.6772,-47.838
13520,29.285,79.157
13521,33.857,18.126
13522,-80.857,-33.968
13523,-97.266,-15.576
13524,71.397,-36.502
13525,35.49,12.416
13526,31.823,43.024
13527,17.773,1.7372
13528,39.084,22.263
13529,38.577,48.078
13530,-16.269,28.258
13531,-9.9451,-4.2709
13532,-19.3,-42.76
13533,-4.6667,58.655
13534,28.758,-89.747
13535,51.272,25.81
13536,34.408,-46.252
13537,-5.4451,-91.156
13538,34.815,76.162
13539,-8.5867,-65.099
13540,-5.1816,-43.968
13541,-3.9807,0.72349
13542,-27.121,-105.07
13543,69.808,47.938
13544,78.736,-47.733
13545,54.403,-61.72
13546,-78.073,-68.396
13547,-22.163,43.777
13548,-36.176,57.314
13549,41.417,21.345
13550,-14.173,-93.633
13551,21.164,-69.354
13552,79.097,-37.58
13553,-17.345,-84.006
13554,-8.9076,-95.541
13555,59.434,-11.623
13556,-10.407,100.88
13557,29.361,47.765
13558,-80.17,-23.091
13559,-79.171,-33.282
13560,-67.704,-53.478
13561,10.312,90.377
13562,39.092,-14.513
13563,0.29012,96.573
13564,36.673,-32.23
13565,-19.533,-104.66
13566,56.231,-57.363
13567,-15.883,27.546
13568,-44.1,38.991
13569,-72.415,-29.489
13570,-32.885,-78.403
13571,36.809,-33.516
13572,84.49,-17.173
13573,1.4051,19.331
13574,20.514,-6.6251
13575,-13.219,-28.155
13576,42.308,-57.746
13577,56.328,46.793
13578,25.548,62.009
13579,-97.318,54.676
13580,8.5348,75.818
13581,7.454,10.118
13582,21.585,75.618
13583,35.291,-61.113
13584,36.836,27.479
13585,-8.3272,-76.89
13586,20.657,23.599
13587,41.399,87.004
13588,-24.395,44.838
13589,30.076,-37.947
13590,75.639,-50.592
13591,52.525,-32.959
13592,53.058,-31.943
13593,-16.335,-32.451
13594,61.013,-54.585
13595,17.47,-80.441
13596,-0.10556,60.878
13597,26.776,30.703
13598,-87.207,-21.976
13599,-47.574,-40.113
13600,-103.17,-43.5
13601,38.551,4.3539
13602,-13.668,-82.666
13603,6.3197,33.83
13604,17.282,47.459
13605,30.592,93.972
13606,66.088,45.828
13607,-11.973,77.372
13608,-77.614,-53.304
13609,28.202,28.359
13610,35.981,89.577
13611,-69.574,-62.324
13612,-82.632,4.2617
13613,-31.012,-4.4845
13614,33.632,-6.7024
13615,28.438,-27.598
13616,11.31,92.998
13617,59.541,39.005
13618,22.727,-35.827
13619,31.946,8.7108
13620,31.629,75.067
13621,44.938,88.602
13622,-33.77,67.641
13623,59.06,50.696
13624,-15.523,13.338
13625,86.311,-22.972
13626,7.4744,-52.976
13627,49.708,-4.9852
13628,35.302,-47.689
13629,-81.001,-31.46
13630,-27.996,-19.502
13631,-14.799,-27.996
13632,7.0945,-75.628
13633,27.229,-44.891
13634,-22.474,57.482
13635,42.245,21.273
13636,38.777,-2.4543
13637,38.574,16.575
13638,-11.142,-2.591
13639,57.622,-10.162
13640,48.152,-45.551
13641,31.248,29.868
13642,7.6687,39.728
13643,-90.955,2.1836
13644,82.014,-9.2061
13645,3.3485,0.49253
13646,-10.586,45.188
13647,-1.2561,-46.356
13648,-19.033,-42.013
13649,-17.942,15.689
13650,79.046,33.458
13651,41.862,-11.337
13652,39.353,84.984
13653,1.0016,88.628
13654,76.393,-42.951
13655,-84.923,44.769
13656,-102.64,-6.0371
13657,65.193,57.17
13658,20.221,82.111
13659,-6.3914,5.3113
13660,-18.755,18.245
13661,-55.627,40.117
13662,-18.476,49.611
13663,60.215,-17.819
13664,46.388,-15.855
13665,2.8857,51.89
13666,33.258,78.455
13667,14.212,82.792
13668,49.877,-33.958
13669,35.794,-44.997
13670,40.202,-2.863
13671,6.0129,34.177
13672,45.42,-73.999
13673,72.982,-41.7
13674,-16.573,86.928
13675,49.903,81.222
13676,-103.16,-43.497
13677,-6.7416,61.924
13678,4.6203,83.655
13679,-78.206,11.256
13680,60.358,-62.596
13681,-5.2404,-26.544
13682,-3.4928,21.879
13683,2.1872,-7.4291
13684,48.571,-57.102
13685,-32.725,93.5
13686,-66.727,-61.243
13687,72.604,-85.045
13688,-8.1559,-35.172
13689,34.594,-19.153
13690,13.464,-8.976
13691,17.384,54.192
13692,-61.441,38.31
13693,13.491,91.349
13694,64.885,-30.52
13695,32.253,-17.849
13696,37.288,-3.1708
13697,37.423,-53.756
13698,32.745,-60.335
13699,14.419,53.779
13700,-1.8061,50.974
13701,29.986,17.681
13702,-66.971,-62.983
13703,-6.4022,2.3258
13704,-102.72,3.1914
13705,46.595,28.345
13706,-6.4723,-85.106
13707,29.329,-69.158
13708,-62.999,17.008
13709,7.4043,7.2193
13710,-12.402,17.915
13711,-57.862,-85.245
13712,65.06,7.9961
13713,19.832,-38.798
13714,30.898,25.269
13715,1.7817,-61.221
13716,1.3718,13.722
13717,8.8937,88.074
13718,-55.692,-39.04
13719,-25.752,84.983
13720,-72.67,-28.372
13721,44.335,27.314
13722,44.046,74.057
13723,63.578,-29.686
13724,68.946,-57.062
13725,59.196,-65.164
13726,37.994,9.4419
13727,11.079,100.61
13728,67.115,-48.73
13729,29.224,-39.319
13730,20.669,3.6986
13731,-8.5109,-69.378
13732,38.867,22.228
13733,-61.368,68.675
13734,-42.799,89.553
13735,-81.842,64.79
13736,0.27493,28.218
13737,29.895,-18.809
13738,-5.841,-88.292
13739,5.2085,10.622
13740,39.281,-76.002
13741,-54.457,-36.91
13742,69.316,40.804
13743,9.0168,62.409
13744,-76.1,-12.721
13745,-2.4823,-75.235
13746,24.32,-65.349
13747,-19.95,-65.998
13748,13.207,32.514
13749,20.886,-78.432
13750,99.476,41.379
13751,57.027,11.753
13752,29.11,31.025
13753,56.825,-40.11
13754,50.292,-63.941
13755,36.563,-32.652
13756,-16.354,64.958
13757,-97.166,-13.331
13758,-35.298,-15.257
13759,87.317,9.109
13760,84.888,9.6865
13761,-66.664,-76.87
13762,27.616,-42.833
13763,-1.4274,-38.875
13764,17.489,76.944
13765,14.684,-29.207
13766,-12.81,15.971
13767,35.446,-73.9
13768,10.311,-8.0512
13769,65.019,49.776
13770,67.473,-47.956
13771,69.148,47.064
13772,40.481,81.736
13773,-8.3324,15.083
13774,20.804,80.217
13775,-26.026,-100.16
13776,65.559,-10.967
13777,27.681,-18.035
13778,37.759,9.131
13779,49.359,-85.383
13780,43.031,36.209
13781,42.409,86.577
13782,-1.6085,-46.686
13783,-107.53,28.325
13784,35.586,-56.569
13785,32.646,-17.61
13786,28.344,25.514
13787,78.829,33.76
13788,70.613,65.243
13789,-15.986,-5.1658
13790,62.455,-27.299
13791,-66.7,0.063702
13792,37.442,-45.883
13793,40.343,6.9436
13794,12.519,-55.166
13795,4.2252,14.073
13796,9.4941,60.666
13797,-71.303,62.239
13798,-5.6545,58.698
13799,41.547,3.5635
13800,-29.313,91.678
13801,73.523,55.591
13802,-57.453,-7.1483
13803,9.6143,90.112
13804,89.681,7.7043
13805,-45.697,86.775
13806,-99.73,-14
13807,36.955,-22.686
13808,30.339,-22.214
13809,19.833,10.232
13810,46.894,104.3
13811,-34.584,-33.645
13812,44.756,40.426
13813,28.25,-89.034
13814,15.155,14.784
13815,9.2629,5.345
13816,51.116,39.101
13817,9.6445,29.179
13818,-7.5938,34.864
13819,44.466,35.438
13820,66.301,-24.51
13821,69.813,-38.86
13822,49.019,-59.514
13823,41.895,-68.735
13824,10.519,-57.367
13825,6.824,32.016
13826,-21.456,2.0759
13827,-12.055,-5.4159
13828,31.014,1.7464
13829,45.007,-44.68
13830,19.896,2.3815
13831,-0.22241,60.811
13832,-24.107,-64.932
13833,-76.024,55.35
13834,-16.697,-78.752
13835,25.489,24.648
13836,-2.1928,-55.006
13837,-9.2764,-72.085
13838,-41.495,7.7876
13839,70.141,-1.6682
13840,34.68,87.193
13841,-60.573,-0.89843
13842,-4.8286,-54.864
13843,58.241,-4.769
13844,10.491,-83.284
13845,-15.311,-41.382
13846,36.904,40.765
13847,18.17,-36.603
13848,62.506,48.53
13849,-99.454,28.839
13850,-51.875,53.685
13851,53.302,81.727
13852,69.304,39.972
13853,30.84,55.881
13854,-44.295,-2.1528
13855,36.375,-10.947
13856,63.703,-54.129
13857,25.749,27.964
13858,23.274,90.711
13859,64.778,64.379
13860,-59.245,-39.989
13861,40.15,-48.803
13862,52.58,-52.086
13863,-97.03,19.538
13864,25.75,15.407
13865,29.41,-42.446
13866,18.909,10.468
13867,-47.029,87.006
13868,-67.025,-63.416
13869,-7.6684,93.266
13870,-12.219,-57.281
13871,-82.753,59.151
13872,-97.14,-13.284
13873,-31.61,-73.287
13874,-64.628,4.3645
13875,-85.721,4.8874
13876,55.064,-2.4338
13877,54.067,-62.331
13878,44.331,13.223
13879,-3.1927,-88.407
13880,53.586,-49.917
13881,-21.072,-65.694
13882,-4.4697,-55.262
13883,6.0633,62.37
13884,54.973,-17.158
13885,52.578,-20.269
13886,55.197,76.528
13887,42.041,75.24
13888,-14.569,-7.4727
13889,63.223,-9.0193
13890,-66.821,-68.729
13891,-105.03,-12.554
13892,-11.929,-37.456
13893,30.857,20.325
13894,-93.125,16.422
13895,-45.094,-19.779
13896,-76.889,56.609
13897,-103.16,-43.497
13898,45.039,103.66
13899,-67.847,-77.245
13900,-79.81,-39.902
