Label,optsne_1,optsne_2
1,54.949,27.107
2,47.441,3.9617
3,88.069,-39.546
4,3.4729,14.643
5,32.441,-22.718
6,48.065,11.436
7,-59.48,-84.014
8,-29.146,79.604
9,63.202,-0.85793
10,21.052,-25.574
11,-11.98,-26.18
12,-9.9897,57.994
13,56.73,-34.563
14,11.521,84.671
15,-15.759,92.396
16,35.877,-15.853
17,-44.127,85.743
18,-67.218,10.632
19,-68.143,39.441
20,-60.695,-11.82
21,-12.933,56.302
22,9.2884,54.272
23,35.831,-9.8987
24,87.047,-15.533
25,12.451,15.945
26,38.388,-25.616
27,42.029,2.7569
28,-26.081,-99.791
29,-34.396,67.202
30,-52.714,54.377
31,39.033,5.8964
32,-12.682,-42.221
33,52.416,-3.5029
34,-2.5323,-34.989
35,38.488,9.6163
36,35.627,71.918
37,21.429,84.585
38,43.427,73.583
39,-53.346,72.114
40,-44.367,-89.241
41,83.826,-4.9996
42,18.403,2.4968
43,59.194,-23.616
44,-61.721,14.817
45,-0.43478,51.21
46,39.775,3.0534
47,55.693,-40.026
48,-47.591,-65.588
49,50.999,7.2833
50,32.567,-6.231
51,60.711,-10.2
52,81.922,-8.2128
53,-56.079,-82.671
54,-64.075,19.344
55,-11.768,77.511
56,-1.7503,60.89
57,-58.455,23.21
58,33.792,67.254
59,54.908,4.2882
60,37.025,-5.2386
61,80.327,-17.986
62,40.891,5.6159
63,-10.381,-16.768
64,6.1706,-27.15
65,-30.237,-69.147
66,32.271,2.3145
67,42.204,1.7791
68,-21.709,83.975
69,-31.199,93.504
70,-15.693,95.494
71,-13.242,-33.248
72,-10.635,97.95
73,54.158,50.901
74,58.269,-5.3474
75,43.309,-47.211
76,33.398,53.965
77,7.426,-44.578
78,49.151,2.7501
79,7.3357,64.103
80,30.015,-18.481
81,83.467,-1.3978
82,33.047,-14.093
83,70.754,48.466
84,32.148,-86.371
85,34.07,-19.843
86,55.022,-2.6046
87,-30.905,-70.842
88,-65.414,2.5183
89,57.08,5.2988
90,-42.557,42.648
91,-54.161,30.821
92,19.844,12.6
93,-16.778,-28.489
94,61.935,-15.398
95,35.196,-85.122
96,60.967,4.6675
97,73.677,-41.708
98,11.947,-30.007
99,-51.132,-80.756
100,7.5716,-46.512
101,78.135,-18.901
102,-74.271,-0.71112
103,-14.476,95.712
104,-19.522,61.692
105,53.933,-72.857
106,5.4757,77.013
107,41.225,4.6971
108,52.667,-3.5157
109,6.8355,-53.883
110,73.428,-47.95
111,-55.644,-83.607
112,16.511,49.555
113,60.726,0.46603
114,42.151,-69.017
115,13.304,13.25
116,-41.55,38.071
117,2.0609,55.357
118,20.991,92.279
119,-14.869,-39.884
120,-12.737,-39.642
121,-52.844,-79.247
122,-54.799,30.146
123,-84.594,30.374
124,-54.562,29.943
125,41.078,19.444
126,-0.0091401,55.467
127,-41.878,80.222
128,43.294,-15.305
129,-24.285,90.63
130,54.81,22.871
131,-13.373,-93.202
132,54.733,-77.474
133,-35.956,63.564
134,28.032,33.813
135,22.847,12.056
136,-63.175,6.0807
137,25.48,-17.092
138,75.319,-10.141
139,77.538,39.439
140,30.828,-37.127
141,-13.475,13.663
142,-69.667,30.634
143,54.276,15.53
144,-90.141,13.439
145,58.241,-70.345
146,-18.423,-105.52
147,-24.234,21.359
148,40.754,18.496
149,-84.727,-5.8648
150,-7.0283,-39.007
151,-9.5715,-35.862
152,-0.1017,42.147
153,33.161,56.273
154,-2.6331,80.653
155,35.032,-8.0606
156,11.832,-30.317
157,-66.228,18.372
158,-66.188,10.022
159,-44.657,-86.516
160,-66.044,7.0358
161,-68.637,11.938
162,59.136,-5.7932
163,32.09,-6.1939
164,-30.93,-10.117
165,9.1397,64.124
166,94.009,18.036
167,25.67,28.03
168,-41.164,65.488
169,-61.404,23.098
170,24.165,-42.042
171,7.2267,95.974
172,42.894,19.479
173,-46.726,-19.745
174,-42.58,5.5995
175,54.864,-39.892
176,-45.465,-27.149
177,9.3874,-43.894
178,-65.593,20.36
179,-12.511,-84.017
180,35.967,7.5948
181,92.237,-23.751
182,9.0182,49.863
183,60.186,6.2657
184,70.291,-2.7347
185,-47.542,-87.172
186,79.247,-19.461
187,-18.573,-106.43
188,-12.768,-94.618
189,42.161,-26.457
190,25.816,28.325
191,33.164,42.406
192,46.93,-4.1513
193,48.729,-54.526
194,82.549,-22.116
195,69.801,-38.945
196,24.58,-8.9473
197,1.7444,99.358
198,81.858,-17.53
199,33.611,-50.705
200,46.173,14.912
201,-60.391,-19.005
202,34.228,8.9474
203,27.595,-95.351
204,-12.617,51.902
205,-60.709,33.732
206,-52.888,-1.7277
207,62.279,64.843
208,-23.459,16.488
209,-60.68,34.135
210,36.456,-87.345
211,52.162,0.26061
212,12.992,13.428
213,90.936,-20.167
214,49.158,-48.17
215,35.01,-12.782
216,41.487,86.991
217,-70.751,1.2791
218,55.386,49.063
219,52.941,-47.438
220,0.98686,26.256
221,-11.345,-93.763
222,-20.561,33.891
223,-11.702,91.899
224,-15.738,-27.91
225,37.093,-13.457
226,35.386,9.1311
227,-47.503,34.62
228,-45.382,-68.814
229,35.062,77.09
230,35.215,-6.6997
231,28.539,-92.168
232,54.146,-25.734
233,44.898,-50.674
234,-72.827,10.461
235,90.84,-13.308
236,56.038,22.176
237,23.688,82.312
238,-30.16,42.61
239,53.416,-2.4786
240,70.054,-3.5527
241,-64.145,-29.557
242,-5.7017,-77.46
243,29.756,14.307
244,85.301,-38.828
245,57.461,-2.6555
246,-68.172,28.208
247,21.483,90.862
248,35.08,37.584
249,54.524,15.014
250,56.196,-38.115
251,-40.066,-86.596
252,28.701,-23.207
253,36.015,6.9494
254,27.191,-37.172
255,4.1936,95.871
256,-31.681,22.732
257,-18.404,-37.876
258,1.0691,23.356
259,56.532,-9.2476
260,16.948,50.605
261,-56.21,-79.978
262,-12.622,57.828
263,27.36,-15.318
264,35.629,6.4485
265,0.99391,-86.204
266,-30.57,-68.932
267,46.539,-89.85
268,-42.665,81.055
269,-3.9931,-91.766
270,54.146,59.084
271,-21.016,-79.323
272,-54.896,64.499
273,-16.978,-29.645
274,58.875,-24.996
275,-58.977,35.749
276,-5.3672,-90.459
277,21.615,84.764
278,22.957,95.81
279,33.443,61.466
280,6.0234,-26.095
281,55.857,26.69
282,39.386,-11.291
283,-57.694,21.055
284,49.236,4.3786
285,-65.959,75.979
286,39.373,13.79
287,-26.067,-45.585
288,-4.9834,-32.329
289,50.342,9.2991
290,55.752,16.982
291,74.198,-8.8528
292,58.988,-46.145
293,-6.1606,86.919
294,-82.138,31.139
295,49.351,39.443
296,-56.574,23.738
297,54.938,-39.952
298,41.418,-20.096
299,37.195,-3.7301
300,25.623,92.941
301,20.742,64.283
302,27.561,42.286
303,35.533,-4.8117
304,-81.666,3.8795
305,36.562,-8.6833
306,18.127,-20.8
307,-17.87,38.964
308,-16.491,93.626
309,76.25,-30.895
310,-17.887,-23.69
311,16.088,51.163
312,74.89,1.2451
313,-29.515,-70.839
314,-49.702,-49.91
315,-72.808,5.9213
316,-28.302,-29.12
317,-15.232,95.254
318,-40.757,54.809
319,-12.037,-34.962
320,50.863,-3.6823
321,35.728,-91.276
322,28.856,10.138
323,-19.72,-35.708
324,16.135,48.335
325,29.621,-2.2568
326,44.91,-13.307
327,6.0384,-24.753
328,54.644,-10.359
329,-91.712,30.345
330,-4.3408,86.365
331,21.069,82.534
332,74.523,0.79067
333,59.781,-17.114
334,32.409,10.949
335,56.581,-0.38507
336,-41.733,66.129
337,57.671,-0.70238
338,10.874,14.781
339,80.411,-29.399
340,-38.814,-73.244
341,61.603,-11.308
342,-2.2487,61.49
343,33.972,-85.346
344,50.791,-67.85
345,78.097,-9.4671
346,36.668,69.956
347,-8.7541,-64.781
348,-49.477,77.59
349,2.62,-32.689
350,5.9202,-32.038
351,-103.39,17.703
352,-65.299,12.895
353,42.477,18.706
354,66.085,12.634
355,32.184,-6.2346
356,-14.22,-94.101
357,-3.461,58.494
358,1.9949,70.827
359,-61.509,15.702
360,-87.859,5.5732
361,72.559,-5.0272
362,-72.605,51.74
363,-27.972,-66.078
364,-53.035,77.796
365,39.431,3.642
366,41.455,32.127
367,-47.429,-59.868
368,-56.181,-79.704
369,63.271,-66.199
370,29.858,-12.259
371,-96.336,-15.01
372,41.357,3.8925
373,-76.97,11.861
374,29.629,-7.9892
375,32.083,-22.192
376,24.724,72.988
377,26.325,-40.746
378,-21.905,-15.655
379,47.987,-53.858
380,5.2722,-33.637
381,-60.356,-84.027
382,-6.6248,-34.501
383,-63.651,23.473
384,57.828,-1.213
385,54.88,6.2541
386,27.946,30.114
387,-59.987,27.714
388,-95.624,2.5669
389,73.324,-0.3767
390,25.289,-84.436
391,37.036,-4.0333
392,9.1992,50.601
393,-1.9901,43.17
394,-59.377,27.623
395,84.223,-4.1488
396,54.684,-39.138
397,10.568,-0.9982
398,34.914,-5.8372
399,-65.448,56.369
400,44.524,3.4687
401,-63.103,-83.085
402,63.225,-2.4366
403,1.329,62.355
404,49.735,-4.8983
405,37.108,-10.526
406,-56.09,-79.375
407,45.161,21.695
408,4.1356,-26.011
409,-29.546,66.431
410,13.779,83.484
411,49.312,35.25
412,-18.157,-36.151
413,2.9515,-67.374
414,1.8102,-82.721
415,16.515,49.563
416,-33.509,65.934
417,-0.87447,54.413
418,-59.37,-87.165
419,2.6969,-30.887
420,-19.091,-47.915
421,-57.77,70.7
422,32.863,67.573
423,-4.4285,-43.095
424,49.653,-7.6224
425,-2.5798,-35.772
426,-61.05,-84.512
427,51.578,22.19
428,20.367,83.416
429,-34.285,56.172
430,36.974,-4.3675
431,-8.5202,-84.867
432,45.173,-31.813
433,-38.28,-92.845
434,38.487,-18.043
435,-60.831,6.6497
436,-2.8774,-29.506
437,-5.8722,-36.639
438,-22.976,34.57
439,-29.498,88.181
440,-59.216,15.56
441,-68.82,-77.476
442,58.844,-85.145
443,27.553,33.041
444,42.917,-24.372
445,-3.9686,31.621
446,-51.462,0.59518
447,-15.618,-29.031
448,29.175,-17.151
449,-59.571,29.892
450,26.995,-83.576
451,10.421,-91.425
452,-60.239,-78.467
453,-102.69,-4.8597
454,18.872,-43.593
455,80.128,-13.161
456,77.623,-31.371
457,27.955,-96.735
458,53.161,-5.2255
459,-12.533,-47.585
460,-66.499,-39.953
461,53.98,14.548
462,2.6374,62.045
463,69.826,-14.836
464,-3.2711,-42.867
465,-0.95489,60.92
466,61.999,5.7267
467,38.76,-14.858
468,23.949,34.656
469,82.065,-11.878
470,77.219,-45.319
471,-5.1071,-43.768
472,-1.7353,-45.358
473,-74.229,31.944
474,63.533,-4.9733
475,56.666,-2.6802
476,-58.636,-85.127
477,59.383,-2.8232
478,-67.256,5.9601
479,-5.8107,91.144
480,3.9363,-1.6573
481,-58.518,1.6223
482,-25.672,82.231
483,-26.625,-21.916
484,82.449,-47.973
485,-58.032,-78.588
486,40.509,-12.476
487,-0.19234,-31.161
488,64.155,-54.511
489,83.004,-5.2678
490,-14.782,75.655
491,42.532,-1.8942
492,49.382,58.85
493,33.596,-14.67
494,60.652,-15.602
495,86.742,-12.569
496,31.988,-17.174
497,52.524,16.235
498,-0.82088,-77.324
499,62.451,17.415
500,35.873,-9.831
501,42.575,2.7329
502,63.51,-4.7123
503,57.387,-40.555
504,-55.825,-80.665
505,37.745,41.152
506,-10.95,98.261
507,44.232,-13.894
508,-55.31,-73.707
509,39.999,11.916
510,-7.2996,-94.961
511,73.109,-49.598
512,-64.18,57.595
513,44.51,-59.203
514,83.666,-35.427
515,41.149,-75.006
516,72.824,-6.3696
517,-69.635,15.115
518,-9.3982,-29.363
519,2.1915,-17.719
520,7.7092,-20.163
521,51.67,2.9816
522,83.962,-16.987
523,-16.293,86.405
524,-63.22,16.971
525,73.401,-38.568
526,57.769,-11.46
527,34.558,-15.944
528,-7.2322,-45.679
529,43.49,73.779
530,1.251,62.523
531,54.641,-39.143
532,0.63396,-50.798
533,61.185,-44.689
534,37.086,9.515
535,13.932,-64.53
536,28.206,32.658
537,-25.871,38.469
538,58.285,4.6918
539,58.009,-1.0255
540,73.019,-6.7191
541,68.918,-26.78
542,27.83,33.291
543,74.843,-29.204
544,39.3,-9.7593
545,40.059,-6.1597
546,-27.922,-16.612
547,-21.021,68.957
548,-65.264,-72.244
549,34.873,-8.6904
550,53.844,13.644
551,31.765,5.3171
552,-67.659,69.376
553,30.123,-0.4018
554,48.378,-47.547
555,59.579,-57.75
556,54.858,15.846
557,72.423,-1.9325
558,50.424,3.9932
559,-60.142,-82.517
560,32.195,-39.74
561,-1.1281,59.049
562,-67.392,5.9238
563,89.316,-15.588
564,-16.051,-28.554
565,-19.413,41.306
566,-12.512,74.908
567,32.803,-12.484
568,50.607,-45.305
569,11.176,-49.856
570,-39.618,34.808
571,59.163,-2.8475
572,55.437,-39.956
573,51.296,-4.4704
574,-5.1976,-59.059
575,84.231,-29.514
576,-1.3462,-51.068
577,72.138,-48.291
578,37.783,-20.042
579,-78.769,3.565
580,35.154,-8.6776
581,-96.552,21.577
582,-59.816,32.544
583,3.8128,68.255
584,-73.402,1.0024
585,12.287,16.746
586,39.985,-4.982
587,-20.859,59.898
588,-9.8933,-2.5239
589,-46.344,-88.863
590,-64.188,-3.9083
591,40.375,9.1775
592,5.5541,-24.891
593,36.27,-10.702
594,-105.61,-9.3493
595,-9.3927,43.996
596,-45.83,-84.964
597,17.838,-8.5775
598,29.553,-18.72
599,-46.292,-8.4697
600,65.656,-12.551
601,37.416,-45.859
602,41.698,-2.3988
603,56.265,13.599
604,46.794,8.6169
605,-39.487,59.207
606,39.866,-66.88
607,74.078,-5.7748
608,48.249,24.013
609,-24.546,20.83
610,0.6613,-72.558
611,-30.318,-73.016
612,40.21,-12.552
613,1.5464,-29.918
614,47.384,21.934
615,-27.777,90.978
616,29.158,-41.778
617,42.968,-14.415
618,39.559,13.936
619,26.437,30.118
620,75.712,-4.1236
621,82.322,-25.646
622,-64.727,-3.8043
623,74.684,-6.3392
624,-59.2,31.094
625,54.668,5.9249
626,37.428,-32.749
627,72.965,-6.7234
628,31.415,-16.346
629,83.976,-5.0365
630,36.045,-15.486
631,-11.416,-30.792
632,54.341,33.979
633,41.307,-1.0245
634,72.842,-0.26199
635,52.418,15.987
636,-30.155,-75.457
637,42.721,77.29
638,52.945,-0.52245
639,39.159,-11.115
640,-73.445,0.75618
641,-67.453,6.0877
642,-20.621,-28.194
643,69.46,-1.3632
644,-75.794,-11.679
645,78.1,-11.713
646,35.959,-15.299
647,-60.498,-66.812
648,46.086,-55.508
649,-77.071,29.173
650,54.257,26.06
651,33.601,13.647
652,61.41,-1.6189
653,-1.3967,-51.037
654,-49.494,-89.432
655,42.226,78.906
656,-62.025,31.27
657,-40.704,-0.24357
658,57.742,-1.0575
659,-7.8172,-79.08
660,-52.934,-24.066
661,5.0679,-55.617
662,25.824,-84.706
663,-83.214,4.4987
664,-10.413,47.309
665,-39.46,59.347
666,44.197,9.2064
667,88.799,-29.205
668,39.708,20.279
669,52.346,-9.6674
670,-69.372,-19.275
671,51.079,9.8604
672,48.078,3.8202
673,-3.2668,-34.8
674,1.4197,67.034
675,46.852,3.1615
676,59.883,6.7752
677,-89.937,-7.0594
678,16.354,-39.975
679,63.325,-0.38873
680,41.396,3.668
681,-76.117,5.1447
682,38.838,-21.753
683,81.803,-25.821
684,-14.721,-32.963
685,5.3187,50.858
686,-2.96,84.798
687,61.589,-65.673
688,-32.314,83.065
689,-9.4938,-46.179
690,66.702,-1.4328
691,-56.375,-0.0098323
692,-73.504,-32.203
693,36.266,-23.558
694,56.357,-40.239
695,54.743,-39.599
696,58.241,-0.53591
697,-61.647,14.948
698,32.117,-6.3385
699,-4.4989,39.635
700,58.269,-4.9629
701,48.357,3.3249
702,34.988,-6.5003
703,-77.215,6.6606
704,-62.865,11.651
705,24.356,-36.193
706,72.575,-5.1207
707,59.826,-11.672
708,19.177,-19.614
709,47.541,23.046
710,35.095,-5.3299
711,4.0474,95.517
712,25.984,-17.65
713,79.218,-18.98
714,-5.2189,-34.691
715,-63.916,14.974
716,23.27,-6.9654
717,4.9672,71.641
718,44.636,-32.217
719,-66.392,-2.4711
720,0.98562,43.646
721,50.127,22.99
722,-7.495,-87.885
723,-48.268,78.796
724,56.121,-2.8902
725,3.1668,-31.738
726,-52.562,-86.058
727,86.367,-15.584
728,-55.74,-23.681
729,6.6946,-53.398
730,3.7277,25.732
731,55.588,-9.9437
732,81.021,-29.023
733,-44.155,49.792
734,-3.6438,-34.43
735,45.326,7.2226
736,17.498,-91.849
737,56.498,16.628
738,-3.1327,-49.106
739,82.81,-5.2703
740,40.676,-6.925
741,28.51,-51.204
742,-57.735,15.972
743,-55.868,19.3
744,2.7591,-66.752
745,-9.3797,97.812
746,63.18,-0.37283
747,-53.142,17.465
748,2.6884,-85.286
749,45.588,7.4364
750,58.003,-5.1059
751,-16.972,-35.83
752,50.353,38.161
753,28.444,-30.838
754,-47.398,67.01
755,-61.047,29.672
756,4.3426,87.184
757,-36.826,46.175
758,37.664,-19.302
759,52.888,-2.0362
760,59.377,-1.2335
761,63.36,-0.14289
762,-14.211,43.344
763,-49.027,-82.068
764,73.5,-38.721
765,54.832,-39.728
766,18.06,-43.338
767,43.252,-15.601
768,36.814,-20.356
769,-13.34,-25.803
770,72.194,-6.0262
771,85.85,-30.443
772,-2.7892,-34.65
773,20.569,-82.119
774,9.287,54.401
775,8.1068,-80.06
776,37.18,-30.545
777,40.884,-39.031
778,39.808,-3.4387
779,52.253,10.903
780,-23.737,35.63
781,22.276,87.861
782,21.013,-32.388
783,-6.4812,-85.77
784,52.324,0.33783
785,-72.793,35.757
786,82.437,-34.413
787,1.9325,-81.162
788,2.1997,-26.774
789,-12.178,-32.527
790,1.7859,-65.069
791,29.052,-11.48
792,52.57,-5.5455
793,1.9682,93.273
794,33.732,-11.561
795,53.098,-47.766
796,-18.352,28.733
797,46.512,5.0091
798,-57.334,35.914
799,34.789,-8.5186
800,23.333,41.687
801,24.979,-17.557
802,-13.136,15.596
803,20.229,-82.991
804,87.59,9.2999
805,-85.831,32.377
806,61.913,-5.7215
807,9.0091,-44.477
808,-74.393,15.031
809,-44.118,-88.874
810,62.305,-5.0964
811,-22.196,-14.968
812,78.458,-30.708
813,87.046,-14.458
814,-69.807,-10.642
815,64.214,-9.8662
816,-40.044,-86.645
817,44.345,0.72497
818,15.641,-39.214
819,-14.811,87.452
820,54.761,13.037
821,44.511,25.242
822,61.374,21.31
823,40.294,54.918
824,28.239,-15.602
825,-31.597,-57.499
826,56.591,16.548
827,8.7972,-53.739
828,82.728,-3.4062
829,-85.762,-21.8
830,-60.946,48.249
831,33.819,3.6997
832,93.831,-22.136
833,59.239,-0.85864
834,-71.203,-66.152
835,11.61,92.195
836,-29.907,49.325
837,-21.954,17.213
838,21.808,-47.968
839,-23.496,-73.825
840,19.58,-96.227
841,63.596,-14.144
842,-41.701,20.166
843,-9.7244,9.7518
844,20.585,-12.703
845,-4.6902,91.026
846,-12.85,-33.402
847,-26.331,-57.037
848,83.397,-26.362
849,-22.214,9.9918
850,-59.906,29.04
851,49.028,79.632
852,31.14,-45.103
853,-32.76,51.359
854,40.526,-7.2954
855,8.7797,6.523
856,24.454,-8.9562
857,-16.041,25.514
858,43.323,-79.403
859,-55.734,24.534
860,33.969,-14.381
861,19.642,-18.555
862,70.038,-1.7335
863,30.642,-42.738
864,52,15.215
865,-43.041,-90.758
866,61.384,-18.434
867,2.4154,-30.313
868,41.638,2.4048
869,83.136,-2.5056
870,46.114,7.9321
871,32.615,-12.505
872,-88.951,-9.3551
873,46.47,-14.938
874,35.789,-7.6993
875,5.8131,58.203
876,-55.64,19.26
877,-73.798,-54.432
878,49.971,23.254
879,48.279,-53.225
880,65.37,-4.9002
881,54.863,14.577
882,1.3408,-30.965
883,-3.3671,-36.499
884,58.807,-34.662
885,88.134,-15.492
886,-50.878,-83.582
887,-83.388,24.408
888,12.134,-61.985
889,-69.455,-78.444
890,62.586,-18.751
891,17.428,-57.496
892,82.303,-25.65
893,-12.67,9.8434
894,-44.473,-87.078
895,19.316,-24.487
896,60.127,-44.929
897,91.218,-20.727
898,72.407,-3.2966
899,61.516,2.4173
900,64.465,-18.227
901,-7.4708,-91.179
902,81.224,-26.719
903,52.811,6.5505
904,-16.157,63.104
905,-6.0536,-80.092
906,17.484,-79.927
907,-52.5,-1.4635
908,30.846,-0.16441
909,-16.418,-79.674
910,-90.549,17.603
911,-11.461,-17.127
912,-12.515,11.423
913,61.994,-67.774
914,14.045,13.196
915,-32.739,-79.059
916,34.995,-7.0184
917,-16.416,-27.922
918,-89.354,33.058
919,-47.927,78.485
920,-64.684,16.443
921,80.651,-17.091
922,-18.938,-105.5
923,-32.462,-69.722
924,65.111,0.011786
925,-21.667,82.101
926,54.155,-24.284
927,-4.995,-35.361
928,-11.219,-16.219
929,-61.114,-84.655
930,76.722,-1.5532
931,40.878,5.7324
932,43.736,19.135
933,-9.3826,-37.822
934,-80.676,4.0964
935,48.543,2.5485
936,-36.036,-69.841
937,54.935,-39.624
938,-12.058,14.348
939,63.611,-9.9093
940,-65.116,-71.995
941,24.602,72.785
942,54.933,-39.714
943,-66.899,6.5422
944,-4.6274,-40.634
945,45.372,-32.402
946,22.001,-21.959
947,85.844,-14.147
948,62.797,10.753
949,-23.795,-40.979
950,79.13,-51.284
951,3.2804,-27.744
952,36.552,-13.017
953,85.258,-6.4774
954,65.687,-3.3727
955,-19.791,-59.079
956,44.892,-14.019
957,0.55293,33.545
958,83.927,-33.377
959,35.076,-11.465
960,95.688,44.276
961,-12.485,15.587
962,4.4851,-27.753
963,-12.343,9.6366
964,-63.824,-76.045
965,25.894,-17.084
966,46.679,10.189
967,79.688,-31.521
968,-4.6643,-40.882
969,68.551,-5.7759
970,73.057,0.45463
971,-60.256,-74.538
972,-65.985,7.5243
973,-89.432,43.341
974,-67.751,-78.049
975,-68.364,28.218
976,56.539,16.545
977,8.7612,-62.704
978,-33.336,-69.193
979,36.167,-18.597
980,57.213,-9.5801
981,-40.516,17.326
982,71.628,-10.78
983,40.276,24.259
984,-47.222,65.725
985,25.976,92.669
986,-20.6,-41.46
987,83.288,-25.838
988,38.243,-8.4899
989,54.812,14.763
990,-13.888,-40.73
991,39.425,-10.503
992,-21.635,8.6722
993,38.325,20.373
994,43.609,-21.941
995,19.901,-23.555
996,55.207,-39.279
997,-4.5442,91.658
998,37.749,-18.16
999,18.638,-21.639
1000,-12.727,56.019
1001,-8.6499,43.279
1002,84.305,-34.305
1003,3.555,-85.044
1004,-6.3881,90.369
1005,85.331,-26.651
1006,-3.7019,-41.435
1007,-69.569,-76.606
1008,66.056,-14.872
1009,52.458,7.4469
1010,106.7,10.295
1011,36.259,-11.656
1012,-34.448,11.358
1013,-83.456,2.3095
1014,56.303,15.629
1015,57.835,16.216
1016,36.838,-4.7706
1017,-14.695,-38.886
1018,7.7027,-53.883
1019,-13.906,14.346
1020,-6.0164,61.772
1021,32.06,-6.6585
1022,20.078,-91.598
1023,68.765,-27.447
1024,73.561,-48.028
1025,-73.911,-73.477
1026,-40.313,-34.009
1027,-51.343,80.739
1028,72.938,-5.8932
1029,53.742,-2.8006
1030,3.7099,-58.453
1031,25.155,84.196
1032,35.618,-31.449
1033,33.046,-86.683
1034,-4.9648,-35.737
1035,72.918,-5.4869
1036,79.889,-29.965
1037,-59.676,-85.058
1038,74.961,12.114
1039,-46.968,66.001
1040,-8.8455,83.156
1041,53.859,-4.2365
1042,51.181,20.391
1043,78.991,-20.366
1044,85.974,-1.1281
1045,33.995,-11.677
1046,1.575,-66.227
1047,11.912,27.558
1048,36.447,-9.0449
1049,60.997,-0.38211
1050,-7.3877,-74.201
1051,41.621,-10.596
1052,39.109,-8.9503
1053,-60.258,27.908
1054,-13.954,81.354
1055,-85.311,20.093
1056,5.8694,-83.352
1057,-76.973,32.092
1058,83.85,-34.969
1059,55.115,23.438
1060,82.635,-32.932
1061,61.108,2.8459
1062,39.401,-10.955
1063,-4.3702,-43.714
1064,-102.67,-43.553
1065,37.658,-12.713
1066,36.918,-14.206
1067,60.934,-9.4769
1068,63.57,-4.7438
1069,-63.811,18.493
1070,62.072,-11.89
1071,49.135,24.794
1072,35.206,75.987
1073,37.892,-17.759
1074,-56.865,-73.247
1075,-66.146,7.8925
1076,-75.432,-50.185
1077,-52.047,-89.615
1078,90.062,-56.68
1079,-59.802,70.816
1080,58.133,11.165
1081,-14.542,-89.616
1082,59.886,-4.4629
1083,56.654,-2.1677
1084,-4.2512,-76.438
1085,24.98,-96.95
1086,86.613,-15.162
1087,-61.141,-84.515
1088,42.884,-20.324
1089,38.323,9.6476
1090,58.566,-0.35303
1091,-31.059,-33.594
1092,-10.711,-17.558
1093,66.159,-14.5
1094,72.737,-18.185
1095,18.415,-81.023
1096,36.409,-4.9541
1097,-70.851,2.2136
1098,75.18,87.674
1099,-11.847,-93.306
1100,-52.54,-80.101
1101,-17.904,-42.147
1102,26.457,-17.927
1103,65.986,-4.8523
1104,-52.298,-85.729
1105,50.142,-5.3733
1106,67.4,37.956
1107,-0.86915,-28.696
1108,52.373,-5.4977
1109,-57.213,29.558
1110,-6.0028,-95.433
1111,-74.371,-74.079
1112,-40.771,-28.656
1113,-17.393,10.973
1114,4.0987,80.662
1115,-51.636,52.992
1116,-47.641,62.758
1117,61.587,2.3394
1118,37.009,-13.641
1119,-61.342,17.027
1120,-71.469,-11.179
1121,44.102,-20.782
1122,57.604,-0.35172
1123,60.254,-22.228
1124,-62.876,-78.615
1125,49.921,23.28
1126,55.407,6.9017
1127,19.918,-37.845
1128,36.647,-21.675
1129,33.821,-22.498
1130,-30.344,-43.067
1131,-58.833,-77.373
1132,53.26,-3.4362
1133,66.152,49.296
1134,14.552,91.018
1135,67.458,-46.979
1136,61.373,1.7425
1137,77.532,32.434
1138,36.939,-10.361
1139,83.757,-24.08
1140,52.88,4.9882
1141,-21.818,-16.186
1142,-18.175,-105.91
1143,-7.4341,-40.559
1144,47.404,-32.685
1145,50.939,1.9257
1146,81.299,-36.945
1147,32.358,-6.1415
1148,-53.593,-1.117
1149,62.602,9.4495
1150,9.5358,-69.851
1151,-25.518,-50.048
1152,57.797,20.436
1153,-21.883,-15.137
1154,88.244,-16.815
1155,10.227,60.886
1156,6.4348,-25.65
1157,76.938,-45.079
1158,87.002,-35.823
1159,-2.2961,-34.797
1160,52.014,9.9995
1161,-58.243,-40.625
1162,82.99,-24.502
1163,-59.647,20.773
1164,61.02,5.8385
1165,-82.16,-11.11
1166,57.377,-69.88
1167,-61.064,15.821
1168,-6.9528,57.328
1169,39.161,-18.519
1170,37.252,-17.65
1171,59.147,-55.842
1172,-4.2962,-96.236
1173,75.871,25.808
1174,-9.7225,-46.412
1175,53.458,23.129
1176,36.487,-12.562
1177,68.519,-14.986
1178,44.399,-11.86
1179,-81.339,-55.232
1180,-42.823,-1.3581
1181,-3.9622,-18.763
1182,82.969,-27.065
1183,17.307,11.186
1184,39.407,-11.128
1185,57.763,4.1172
1186,23.825,-16.782
1187,7.5905,49.213
1188,48.311,-53.664
1189,-69.51,4.4559
1190,35.885,86.819
1191,67.044,-12.75
1192,70.23,-5.415
1193,46.471,9.3592
1194,36.936,-19.657
1195,69.197,-40.45
1196,-70.752,5.0444
1197,-82.112,61.086
1198,65.319,-17.809
1199,-34.464,48.858
1200,-61.765,31.831
1201,38.272,-16.885
1202,64.794,-18.809
1203,66.929,-11.401
1204,16.447,73.483
1205,-65.41,18.995
1206,-13.955,-42.233
1207,78.664,0.19237
1208,60.365,3.0937
1209,-4.5911,-32.658
1210,-12.379,-46.685
1211,22.737,-92.964
1212,-28.409,-82.457
1213,-24.178,-86.69
1214,85.26,-31.654
1215,-51.967,1.5971
1216,42.77,-23.579
1217,39.406,-7.0712
1218,6.0692,-76.16
1219,12.921,-21.429
1220,50.283,-22.491
1221,43.986,-12.886
1222,40.612,-12.209
1223,-17.395,77.39
1224,69.86,-16.117
1225,-17.23,-41.982
1226,-101.08,-30.549
1227,-19.693,8.2473
1228,-25.934,11.681
1229,-67.596,-79.084
1230,54.792,-39.403
1231,32.758,-23.849
1232,-4.961,-30.319
1233,-40.193,-31.525
1234,29.406,33.341
1235,-62.092,23.35
1236,62.796,-13.294
1237,81.946,-7.8873
1238,-39.888,-7.3328
1239,75.663,-59.783
1240,44.354,-88.932
1241,-60.88,76.929
1242,-101.8,-30.7
1243,36.295,-10.507
1244,56.009,-2.4676
1245,-2.9347,-58.542
1246,67.333,-11.224
1247,41.627,6.8287
1248,12.161,-46.784
1249,39.088,-11.69
1250,-83.697,30.319
1251,11.042,-91.131
1252,30.02,90.955
1253,58.012,-0.84913
1254,-62.602,14.992
1255,-11.635,-43.326
1256,49.867,-23.746
1257,55.889,-3.1489
1258,60.633,-5.3804
1259,-39.505,-93.352
1260,55.027,-0.0017492
1261,65.181,-9.2716
1262,80.857,-50.719
1263,1.3852,6.5967
1264,-35.166,69.88
1265,2.6638,9.1933
1266,85.741,-28.282
1267,82.148,-48.378
1268,15.321,6.3587
1269,70.282,-18.611
1270,38.87,-18.354
1271,-0.80627,-22.961
1272,54.552,29.091
1273,28.613,-18.88
1274,23.441,-89.279
1275,77.797,-12.36
1276,25.58,-95.247
1277,-23.41,80.479
1278,12.068,50.022
1279,-8.526,-37.299
1280,-80.055,0.22973
1281,38.907,-11.116
1282,80.462,-14.078
1283,-5.9619,-34.665
1284,-3.6709,-37.963
1285,-16.847,-40.875
1286,31.441,-21.656
1287,-51.614,82.059
1288,-58.242,-78.449
1289,-72.172,68.913
1290,-12.032,-40.842
1291,40.463,-11.521
1292,-21.099,32.366
1293,66.788,-14.578
1294,31.587,-15.723
1295,-69.476,4.3584
1296,17.092,47.872
1297,79.664,-13.566
1298,27.755,-95.162
1299,-13.117,-33.409
1300,45.04,-32.395
1301,-59.97,-78.674
1302,72.31,50.714
1303,50.677,7.4785
1304,79.929,-4.4179
1305,26.159,-94.598
1306,54.555,14.642
1307,57.726,54.9
1308,13.735,-41.612
1309,31.625,-89.228
1310,22.235,-92.387
1311,65.887,-3.7857
1312,-4.4074,-34.845
1313,-61.766,14.179
1314,-63.644,14.991
1315,-77.778,-57.953
1316,-49.757,-30.679
1317,28.214,79.086
1318,-90.799,17.044
1319,-5.1121,-55.78
1320,-81.684,-1.5419
1321,-69.907,-10.781
1322,-4.5585,-43.061
1323,53.165,-5.3508
1324,31.322,-89.529
1325,-67.993,-0.77825
1326,52.292,6.403
1327,79.47,-18.937
1328,-77.9,-60.402
1329,25.028,-73.367
1330,82.017,-41.052
1331,21.26,-19.483
1332,63.071,-38.912
1333,60.198,-68.397
1334,86.541,-14.253
1335,81.764,-34.326
1336,43.629,-34.849
1337,50.325,-62.24
1338,-35.153,-67.653
1339,36.73,-93.214
1340,-64.073,15.562
1341,-13.091,99.063
1342,-6.0125,-101.85
1343,74.742,-48.685
1344,27.538,89.708
1345,31.657,-25.484
1346,40.598,-7.9071
1347,-21.956,-16.699
1348,65.792,-4.6732
1349,56.681,-3.2968
1350,54.124,22.306
1351,83.216,-34.425
1352,20.869,-65.855
1353,88.049,-39.595
1354,37.829,-53.807
1355,96.542,-56.739
1356,38.451,-22.842
1357,-61.988,31.845
1358,-79.12,6.5681
1359,27.842,-69.004
1360,-8.8177,-38.537
1361,58.273,-53.765
1362,77.423,-36.997
1363,0.20917,-41.905
1364,40.817,-12.206
1365,-30.692,-74.044
1366,11.902,17.977
1367,82.113,-17.486
1368,84.21,-33.028
1369,-53.083,66.858
1370,78.786,32.968
1371,39.995,-3.3426
1372,-20.363,-22.95
1373,91.058,-18.701
1374,48.843,3.3019
1375,44.099,9.4241
1376,57.38,-55.647
1377,82.88,-30.831
1378,40.829,-16.413
1379,12.815,17.492
1380,-72.498,-44.413
1381,74.143,-6.4789
1382,86.152,-14.975
1383,-10.161,-16.239
1384,75.389,-6.0022
1385,-83.051,-9.1824
1386,1.1999,-48.628
1387,-61.031,75.103
1388,77.78,33.401
1389,11.552,92.205
1390,42.609,-71.329
1391,62.338,11.399
1392,-75.193,-3.311
1393,11.355,83.961
1394,-14.281,-71.819
1395,42.823,-26.341
1396,50.815,-60.374
1397,41.079,45.445
1398,60.606,-3.9479
1399,7.1488,-32.097
1400,48.942,-24.827
1401,-82.888,-54.282
1402,26.844,36.146
1403,33.573,-16.975
1404,73.646,-6.541
1405,-0.8627,-56.494
1406,61.435,4.1518
1407,1.7656,-29.938
1408,73.449,-14.429
1409,-67.571,6.0666
1410,-8.1428,-41.028
1411,61.69,-2.9716
1412,29.938,-18.897
1413,74.378,-58.403
1414,74.212,-6.4908
1415,84.719,-13.081
1416,55.957,-22.71
1417,66.13,-29.436
1418,-73.181,-0.25401
1419,18.985,-21.606
1420,36.702,-67.022
1421,56.254,15.508
1422,2.1768,-25.589
1423,7.5169,-84.407
1424,58.52,-1.5953
1425,46.699,41.514
1426,-73.362,-59.579
1427,41.903,-57.744
1428,30.007,18.662
1429,58.405,54.875
1430,94.991,-16.131
1431,49.923,-78.086
1432,5.0809,-67.142
1433,33.159,-23.972
1434,84.108,-4.712
1435,-67.878,58.529
1436,-77.437,5.0552
1437,93.009,-39.931
1438,40.388,-11.817
1439,35.679,-56.498
1440,55.517,4.4541
1441,-3.5704,-34.533
1442,82.779,-40.845
1443,30.667,-45.516
1444,4.8077,50.181
1445,33.178,-15.16
1446,84.631,-37.083
1447,63.606,-4.5809
1448,81.688,-41.874
1449,56.503,-1.5776
1450,45.444,2.1226
1451,80.643,32.825
1452,11.863,-59.804
1453,37.592,-30.767
1454,69.087,-20.404
1455,71.426,-4.9444
1456,9.7418,-82.254
1457,55.547,-55.731
1458,36.846,28.633
1459,-23.135,22.654
1460,51.546,-56.13
1461,-11.982,43.25
1462,-54.401,-82.509
1463,49.344,-0.25014
1464,77.787,-12.334
1465,43.459,21.846
1466,-81.172,-54.499
1467,80.081,-34.643
1468,55.482,5.9297
1469,82.085,-28.282
1470,76.234,-8.3277
1471,-24.807,-33.099
1472,-72.463,66.932
1473,78.476,-48.372
1474,36.6,-9.8845
1475,7.1599,-26.626
1476,-56.126,-68.748
1477,39.675,-12.038
1478,72.183,-4.7786
1479,-51.137,-80.044
1480,17.387,-38.423
1481,53.426,-3.081
1482,61.389,-22.101
1483,92.92,-22.999
1484,85.377,-2.5173
1485,24.175,-65.732
1486,40.838,-33.829
1487,-11.588,88.898
1488,23.716,-25.491
1489,-65.594,7.5871
1490,-16.814,83.16
1491,26.27,-16.072
1492,-58.513,23.118
1493,-19.428,-104.87
1494,58.859,-63.012
1495,-39.832,-91.207
1496,-52.178,62.669
1497,47.458,23.909
1498,-28.536,79.511
1499,-48.133,79.039
1500,23.787,-52.293
1501,27.423,32.618
1502,34.477,21.138
1503,-70.145,-22.071
1504,65.713,-16.27
1505,69.598,-5.7261
1506,-67.929,70.502
1507,-36.992,65.571
1508,69.222,-14.417
1509,85.547,-33.383
1510,26.409,-97.557
1511,42.828,-77.877
1512,13.151,-56.063
1513,36.624,-18.973
1514,-35.45,-12.963
1515,53.76,-75.363
1516,52.244,-7.4824
1517,71.67,-5.4141
1518,38.464,-17.8
1519,-10.298,-30.298
1520,-52.94,-89.166
1521,-36.291,-67.7
1522,49.434,-82.933
1523,44.382,-13.655
1524,64.382,-50.71
1525,-72.61,-11.003
1526,66.388,47.996
1527,34.679,-12.922
1528,-13.015,-40.864
1529,6.5865,-26.059
1530,77.775,-47.886
1531,18.096,-60.708
1532,20.869,-65.52
1533,45.449,-29.794
1534,6.8229,96.478
1535,-4.5229,-36.572
1536,33.658,4.1886
1537,21.278,-56.941
1538,59.36,62.138
1539,29.118,33.696
1540,61.839,-5.4085
1541,80.366,-42.85
1542,82.569,-3.451
1543,15.491,6.7757
1544,-69.007,18.322
1545,29.838,-21.31
1546,59.769,4.7529
1547,63.707,-17.126
1548,57.445,-45.348
1549,47.547,-8.6102
1550,15.501,72.216
1551,58.737,19.948
1552,-7.0848,-37.661
1553,4.2834,-25.146
1554,47.915,-58.032
1555,40.273,-21.082
1556,-82.761,-21.006
1557,28.396,-23.923
1558,55.037,-40.131
1559,79.578,-2.0395
1560,23.374,-88.753
1561,-91.896,12.978
1562,65.948,-15.45
1563,-46.112,-84.694
1564,64.561,-13.615
1565,7.087,95.45
1566,50.671,-15.672
1567,-52.1,0.71139
1568,31.935,8.7138
1569,49.225,3.7311
1570,81.333,-18.322
1571,-76.671,-46.609
1572,26.07,39.739
1573,-76.325,32.443
1574,-83.754,30.289
1575,-2.0503,-46.67
1576,93.372,-21.473
1577,-4.3639,-96.166
1578,70.764,1.1267
1579,82.42,-34.762
1580,-80.309,-8.7615
1581,55.835,-2.7005
1582,32.59,10.111
1583,45.567,23.277
1584,70.755,-49.34
1585,3.7852,-32.556
1586,-5.1258,-35.9
1587,-84.946,2.3965
1588,86.515,-14.673
1589,39.225,-11.733
1590,42.26,-41.77
1591,24.048,-61.91
1592,2.4077,61.849
1593,45.892,8.7238
1594,-0.88628,10.161
1595,40.388,-34.259
1596,45.264,42.076
1597,78.273,-11.592
1598,77.399,-49.027
1599,62.262,-42.097
1600,-2.0439,10.817
1601,30.816,-23.748
1602,68.367,-42.216
1603,40.898,2.7839
1604,-68.665,13.447
1605,30.681,31.893
1606,-70.242,1.5203
1607,91.263,-12.909
1608,11.868,18.162
1609,58.916,-45.899
1610,57.693,-1.3574
1611,21.391,-55.672
1612,39.329,10.02
1613,-42.595,80.775
1614,89.6,8.8348
1615,28.237,-27.178
1616,-15.433,87.501
1617,34.355,-21.425
1618,87.039,-15.489
1619,84.368,-35.965
1620,46.16,-21.03
1621,82.492,-4.6328
1622,34.721,-30.721
1623,45.22,-64.345
1624,-56.129,-80.257
1625,-49.924,-48.28
1626,-61.507,14.591
1627,-17.812,-97.545
1628,53.505,-3.7172
1629,50.723,-75.594
1630,54.579,31.791
1631,29.726,0.099995
1632,63.876,-20.904
1633,-56.814,-80.327
1634,39.175,-14.622
1635,-93.511,16.216
1636,29.106,-34.797
1637,56.968,22.051
1638,9.4661,-4.8025
1639,61.25,22.806
1640,38.81,-14.802
1641,-45.054,-34.66
1642,28.031,33.867
1643,91.246,-43.389
1644,64.134,-12.879
1645,12.988,94.822
1646,47.794,17.503
1647,28.893,-19.06
1648,36.34,-5.1913
1649,-68.699,-4.3271
1650,65.55,-11.05
1651,75.055,-2.4425
1652,-55.766,-79.318
1653,-70.311,14.448
1654,36.035,-10.982
1655,-14.538,-32.551
1656,-3.5882,53.242
1657,57.792,-6.0632
1658,76.088,47.956
1659,-79.532,6.0712
1660,37.267,-53.234
1661,53.536,12.211
1662,91.398,-17.91
1663,65.591,-3.8397
1664,85.957,-12.464
1665,-12.505,-41.448
1666,-14.47,88.46
1667,32.217,-62.566
1668,71.692,-15.823
1669,49.706,-23.521
1670,65.959,-50.128
1671,-0.27372,-23.382
1672,4.8819,-82.535
1673,89.158,-14.163
1674,40.662,-21.226
1675,40.433,3.2319
1676,93.23,-25.429
1677,31.458,13.858
1678,-13.463,-41.287
1679,61.978,-42.332
1680,27.208,-15.331
1681,9.6117,-58.69
1682,20.989,-56.36
1683,106.7,10.296
1684,7.2522,-20.312
1685,72.421,-40.934
1686,-76.184,16.392
1687,-23.744,-61.145
1688,35.515,-18.711
1689,22.14,-79.254
1690,57.349,-19.873
1691,21.014,-39.294
1692,-6.2007,-39.922
1693,83.166,-25.714
1694,14.075,-87.946
1695,77.069,-13.913
1696,30.561,-89.365
1697,3.5083,-38.691
1698,35.065,-11.946
1699,55.32,7.4241
1700,54.053,18.849
1701,10.201,-30.323
1702,62.461,-9.4978
1703,-11.657,-96.054
1704,65.468,-2.8862
1705,61.892,-5.5515
1706,-88.687,21.727
1707,76.721,-33.58
1708,46.053,-45.772
1709,37.182,27.486
1710,-83.917,-9.2428
1711,-33.49,-78.057
1712,42.385,-15.25
1713,83.921,-25.977
1714,-14.088,16.404
1715,-73.063,5.4675
1716,45.109,5.7342
1717,-13.968,55.994
1718,32.655,-94.008
1719,48.375,-54.463
1720,81.544,-28.727
1721,13.21,-56.09
1722,66.212,-17.599
1723,35.596,-23.547
1724,60.421,-14.561
1725,37.759,-19.362
1726,-70.372,-27.539
1727,-8.5493,-37.092
1728,61.839,-22.96
1729,57.59,-55.752
1730,-53.866,31.276
1731,63.392,-14.886
1732,-83.315,34.248
1733,10.982,-84.022
1734,-5.3695,-27.818
1735,62.513,-11.294
1736,92.637,-21.147
1737,37.216,-10.999
1738,86.262,-5.0684
1739,-60.474,14.694
1740,86.442,-1.3876
1741,52.99,-5.5242
1742,78.278,-46.331
1743,81.477,-47.154
1744,-4.3126,-35.611
1745,51.8,13.486
1746,85.14,-11.732
1747,86.887,-22.02
1748,36.534,-18.417
1749,-10.726,47.691
1750,40,20.371
1751,16.406,49.626
1752,85.609,-31.341
1753,-14.37,-40.154
1754,59.337,5.746
1755,60.132,5.1319
1756,16.839,-83.058
1757,40.196,-12.302
1758,38.286,-46.166
1759,48.186,-44.883
1760,88.523,-13.531
1761,56.234,20.318
1762,-4.9301,-34.796
1763,-12.038,14.969
1764,43.574,-20.614
1765,82.337,-17.33
1766,41.779,-28.109
1767,-34.343,-33.633
1768,55.069,6.8435
1769,-0.55904,61.436
1770,54.58,6.3321
1771,35.854,-19.08
1772,63.747,-50.431
1773,83.153,-13.314
1774,2.442,-65.51
1775,-51.492,-78.768
1776,67.852,-2.5051
1777,82.532,-4.8494
1778,89.015,-23.705
1779,81.244,-16.851
1780,19.385,-64.049
1781,58.012,-0.83761
1782,52.38,3.1456
1783,-29.59,-21.301
1784,26.175,91.858
1785,44.593,8.8539
1786,82.954,-3.8575
1787,24.415,-93.352
1788,57.224,-1.5698
1789,-44.32,-45.393
1790,33.571,-89.504
1791,58.772,4.0592
1792,43.161,-20.838
1793,-4.7859,-34.673
1794,30.447,-39.975
1795,-61.546,14.484
1796,-4.5276,-41.375
1797,-83.214,2.2237
1798,33.02,-16.582
1799,81.414,-1.6614
1800,36.857,-59.065
1801,28.81,-93.259
1802,-79.659,-52.723
1803,40.028,-14.886
1804,88.85,-14.827
1805,86.777,-15.183
1806,80.614,-44.083
1807,-8.7619,-36.734
1808,34.789,-17.563
1809,37.827,-18.167
1810,-79.169,-61.201
1811,-87.526,32.703
1812,82.672,-34.405
1813,81.941,-7.909
1814,29.998,-91.185
1815,-56.563,-77.487
1816,-14.05,-43.314
1817,65.326,-50.458
1818,56.878,-2.3231
1819,59.02,-3.6408
1820,65.785,-16.241
1821,47.792,-44.999
1822,79.262,-29.789
1823,2.9679,-54.45
1824,32.777,-22.801
1825,40.455,-6.9704
1826,10.127,61.626
1827,58.579,5.1746
1828,-14.768,-44.412
1829,42.68,-29.549
1830,61.921,-14.409
1831,83.617,-12.435
1832,68.703,-20.001
1833,65.673,-17.343
1834,-58.245,-78.319
1835,46.12,-52.845
1836,55.895,-7.4954
1837,28.921,-18.638
1838,31.517,-16.686
1839,34.614,-12.969
1840,-5.3502,-34.519
1841,61.947,-60.627
1842,40.256,-12.669
1843,42.261,-22.189
1844,-62.345,-84.401
1845,22.348,-48.848
1846,-12.016,16.08
1847,29.166,-20.952
1848,39.291,-29.477
1849,55.614,-5.7108
1850,-1.0642,-94.339
1851,80.123,-13.169
1852,-12.586,-54.592
1853,-65.437,7.2933
1854,83.25,-17.603
1855,84.071,-4.7011
1856,59.356,-75.833
1857,-31.978,-32.676
1858,-4.1435,-76.664
1859,33.357,-18.32
1860,-8.6781,-56.047
1861,49.026,-32.384
1862,35.678,-90.034
1863,41.177,20.58
1864,-7.985,-37.575
1865,55.562,-0.79585
1866,52.918,7.8183
1867,41.441,5.5909
1868,55.801,-52.627
1869,61.141,-5.0074
1870,71.131,27.63
1871,0.41557,72.861
1872,-52.341,-79.762
1873,-86.99,33.566
1874,57.131,6.036
1875,79.62,-3.4547
1876,78.047,-2.7304
1877,61.991,-5.5382
1878,92.666,-22.877
1879,44.653,-77.536
1880,-55.931,-79.58
1881,42.575,-8.7705
1882,69.648,-13.894
1883,25.03,-15.779
1884,82.88,-6.5007
1885,56.828,-1.6222
1886,89.221,-25.355
1887,62.959,-19.392
1888,73.322,-48.536
1889,43.567,1.8376
1890,53.789,-4.3897
1891,75.423,-49.986
1892,57.089,0.033161
1893,85.541,-31.351
1894,-73.328,-19.523
1895,-63.159,-83.366
1896,39.758,-20.424
1897,63.955,-9.2945
1898,35.709,-49.382
1899,60.612,2.8838
1900,86.993,-15.396
1901,69.27,-38.596
1902,-68.989,-0.63092
1903,-13.451,-40.233
1904,41.691,-11.857
1905,36.154,-11.808
1906,44.755,-21.276
1907,37.852,-20.125
1908,-72.501,-7.7585
1909,-6.4848,-92.729
1910,46.729,8.1947
1911,80.853,-3.7026
1912,64.451,-50.841
1913,-42.018,-32.104
1914,-73.125,6.9658
1915,87.15,-14.329
1916,37.012,-19.473
1917,69.71,-61.807
1918,16.261,-63.007
1919,45.227,-11.209
1920,58.307,59.043
1921,85.562,-22.949
1922,62.753,10.348
1923,41.519,10.601
1924,-17.714,-34.387
1925,82.53,-5.3818
1926,39.767,-6.4117
1927,-12.237,9.6549
1928,88.825,-9.0147
1929,21.247,-34.967
1930,17.592,-20.259
1931,-44.483,-33.382
1932,89.41,-24.656
1933,52.907,4.6178
1934,-33.862,50.524
1935,60.176,1.6198
1936,41.242,-47.903
1937,-18.158,-105.87
1938,-12.766,-54.032
1939,86.327,-15.526
1940,61.793,-60.194
1941,-91.455,30.236
1942,82.99,-33.156
1943,13.058,-54.415
1944,81.1,-36.111
1945,69.339,-14.139
1946,57.049,-55.552
1947,-34.327,-14.48
1948,34.536,-12.926
1949,60.516,-1.5417
1950,85.193,-25.556
1951,-5.7092,-93.766
1952,-53.439,-86.787
1953,87.977,-13.141
1954,80.141,-13.176
1955,74.059,-5.983
1956,92.277,-17.747
1957,50.996,0.31372
1958,48.129,-64.383
1959,-45.471,-87.111
1960,-16.377,15.5
1961,91.401,-28.247
1962,81.155,-29.236
1963,61.917,-1.3556
1964,-81.81,24.478
1965,-7.2168,-24.429
1966,85.514,-30.964
1967,43.819,-20.09
1968,-11.955,13.372
1969,70.544,-46.932
1970,29.442,9.8315
1971,57.656,20.532
1972,-28.324,84.468
1973,86.379,-15.326
1974,58.032,-1.1145
1975,23.593,-93.822
1976,-49.717,-49.814
1977,-40.254,-33.012
1978,56.248,-82.905
1979,9.4477,-82.348
1980,8.4473,6.3398
1981,-14.679,-43.167
1982,55.756,4.5194
1983,-3.0314,-28.305
1984,-12.414,9.7467
1985,68.952,-21.033
1986,40.146,-10.697
1987,40.877,-10.451
1988,41.187,-9.7267
1989,-67.248,5.9796
1990,-17.128,-42.117
1991,75.621,-0.1413
1992,90.776,-13.208
1993,23.612,-95.067
1994,-3.561,58.492
1995,6.4458,-32.172
1996,57.13,1.7991
1997,-42.619,-33.829
1998,83.943,-27.992
1999,-15.641,-28.815
2000,-31.576,73.19
2001,-15.567,19.258
2002,82.85,-3.4057
2003,68.392,-21.319
2004,21.367,-49.577
2005,43.602,-17.121
2006,-43.815,68.061
2007,66.855,-14.773
2008,73.75,-5.8401
2009,78.124,-11.349
2010,85.761,-4.1933
2011,87.631,-6.0474
2012,44.826,-57.285
2013,17.003,-77.669
2014,-80.967,-29.725
2015,-11.15,-2.5983
2016,92.903,-22.789
2017,79.484,-12.852
2018,-20.488,-29.233
2019,54.451,-7.3672
2020,-12.923,12.847
2021,23.336,39.379
2022,-21.94,-16.853
2023,80.665,-4.623
2024,52.216,5.8766
2025,57.168,-67.535
2026,54.619,-18.935
2027,66.158,-14.864
2028,-7.1559,-93.444
2029,91.681,-24.771
2030,69.08,-40.328
2031,-2.2961,-44.118
2032,26.432,-17.189
2033,77.98,-2.4116
2034,83.823,-11.813
2035,27.248,1.5298
2036,-67.764,-69.893
2037,65.408,8.8936
2038,63.411,-37.993
2039,62.458,-42.189
2040,29.503,-19.057
2041,82.968,-3.9895
2042,91.649,-12.066
2043,-1.44,101.81
2044,22.576,-86.272
2045,56.224,14.876
2046,47.312,-31.966
2047,29.791,-21.791
2048,67.435,-13.192
2049,63.836,-41.574
2050,87.867,-20.318
2051,51.817,4.6916
2052,-96.738,-2.702
2053,-90.179,13.55
2054,56.105,15.769
2055,38.156,-4.636
2056,52.535,7.137
2057,-80.782,-1.2213
2058,40.859,20.207
2059,59.303,-83.524
2060,37.349,-30.973
2061,33.422,-14.588
2062,52.225,4.6623
2063,-11.873,-25.86
2064,-32.455,-31.787
2065,80.402,0.44988
2066,54.217,-39.709
2067,41.413,-74.048
2068,61.528,22.54
2069,31.75,-16.341
2070,20.075,-91.198
2071,19.597,-24.493
2072,80.393,-13.9
2073,72.073,-57.571
2074,39.134,-34.056
2075,45.393,20.719
2076,-7.5007,-38.039
2077,79.119,-12.652
2078,55.018,-81.862
2079,-60.971,-29.739
2080,46.049,-42.35
2081,92.488,-22.949
2082,33.179,-16.614
2083,83.632,-36.8
2084,47.086,-41.531
2085,25.047,-37.188
2086,62.835,3.6518
2087,54.867,-4.6681
2088,82.477,-26.15
2089,62.452,-2.8547
2090,-51.014,46.283
2091,74.212,-9.1887
2092,52.206,6.8402
2093,19.443,-24.713
2094,26.647,-15.553
2095,61.337,1.753
2096,89.965,-29.494
2097,-53.569,-59.861
2098,55.606,14.729
2099,-5.1293,-36.518
2100,86.238,-12.115
2101,39.662,20.512
2102,62.686,-12.159
2103,10.855,-83.849
2104,-12.849,-41.081
2105,65.761,-17.403
2106,69.002,-20.653
2107,80.363,-41.802
2108,46.255,-65.814
2109,39.192,12.823
2110,23.089,-95.523
2111,88.164,-24.873
2112,83.602,-5.176
2113,81.673,0.13378
2114,-40.524,-91.199
2115,35.958,-15.99
2116,-52.48,-1.4723
2117,27.743,-27.515
2118,74.294,32.102
2119,-71.416,-24.908
2120,35.772,-11.571
2121,-3.9649,-84.715
2122,91.507,-26.235
2123,36.941,-9.7296
2124,-10.262,-40.063
2125,57.141,24.423
2126,59.013,8.6379
2127,56.54,-3.1098
2128,46.303,-52.89
2129,84.841,-11.619
2130,31.723,-16.23
2131,30.244,-90.948
2132,22.545,-11.053
2133,72.428,-3.8541
2134,-10.777,-41.376
2135,60.861,36.398
2136,7.2109,-24.804
2137,-50.066,69.91
2138,67.187,-1.6542
2139,64.268,-12.591
2140,73.863,-1.0872
2141,69.827,-15.866
2142,73.421,-57.297
2143,-12.233,-39.687
2144,51.353,-76.538
2145,78.21,-48.427
2146,53.164,-3.2374
2147,12.704,-55.818
2148,49.514,-22.886
2149,84.716,-23.338
2150,72.714,-13.444
2151,47.023,-53.547
2152,-6.0947,-41.333
2153,29.708,-20.743
2154,60.273,-19.314
2155,35.423,-74.101
2156,85.596,-3.8922
2157,68.197,-16.807
2158,64.512,-17.106
2159,80.778,-34.644
2160,6.3971,-26.512
2161,-6.8088,-92.85
2162,51.067,19.912
2163,62.031,-16.658
2164,59.263,14.58
2165,48.726,-54.618
2166,-81.366,32.035
2167,63.99,26.629
2168,78.111,-30.7
2169,91.442,-26.244
2170,-79.294,-53.936
2171,82.829,-23.397
2172,35.906,-92.294
2173,15.658,-85.575
2174,86.481,-15.594
2175,1.1132,-48.018
2176,69.065,-9.3387
2177,85.189,-13.586
2178,-65.228,20.174
2179,22.953,-98.432
2180,52.77,6.5257
2181,81.327,-17.542
2182,31.415,-19.789
2183,40.129,-12.129
2184,59.4,-24.933
2185,50.768,-56.092
2186,34.847,-73.081
2187,64.175,-9.9116
2188,46.059,-15.882
2189,66.115,-4.3654
2190,48.753,-10.582
2191,-57.449,-88.115
2192,79.998,-7.9391
2193,50.961,-4.7838
2194,81.249,-5.145
2195,-72.429,-46.267
2196,62.524,-13.199
2197,-74.915,-16.292
2198,-39.283,-70.394
2199,47.129,-45.779
2200,29.376,-69.536
2201,71.981,-13.078
2202,67.404,-4.7224
2203,57.309,-2.3309
2204,13.46,-54.384
2205,-82.974,35.381
2206,40.36,-12.047
2207,43.269,-14.653
2208,70.102,-14.943
2209,83.964,-4.9426
2210,-40.61,-31.575
2211,40.488,-33.731
2212,87.539,-9.2436
2213,24.051,-41.679
2214,-55.606,19.25
2215,21.27,-25.596
2216,59.459,-62.346
2217,-92.739,-7.9138
2218,-52.752,-47.16
2219,-76.705,-52.059
2220,-32.898,45.471
2221,-4.691,-37.288
2222,53.217,8.5478
2223,-3.6733,-34.532
2224,63.32,-2.8708
2225,99.686,46.702
2226,-49.791,-49.871
2227,-18.177,-73.683
2228,-86.435,34.503
2229,77.262,-5.7407
2230,-8.8161,-90.049
2231,-7.6444,-47.446
2232,49.468,-0.49994
2233,10.181,-82.459
2234,66.814,-15.317
2235,80.881,-29.612
2236,85.869,-3.87
2237,90.012,-17.068
2238,71.048,-5.2336
2239,70.338,-20.582
2240,12.695,-51.357
2241,77.999,33.186
2242,40.498,-10.3
2243,71.162,-13.05
2244,56.006,-51.599
2245,60.897,-72.431
2246,11.115,-91.109
2247,79.32,-12.771
2248,74.075,-58.806
2249,32.607,-12.393
2250,57.137,-45.621
2251,68.301,-5.1408
2252,-1.7123,-43.755
2253,52.327,-32.27
2254,4.2181,-29.882
2255,46.395,-68.009
2256,9.7062,-61.314
2257,74.168,-6.2294
2258,28.857,-69.039
2259,-52.163,-2.5904
2260,-81.216,-55.213
2261,81.766,-9.4815
2262,60.127,-13.072
2263,85.735,-30.345
2264,55.866,-3.2124
2265,54.941,-0.66974
2266,43.301,84.324
2267,-53.988,-46.904
2268,53.139,-61.684
2269,45.557,-63.418
2270,22.855,-92.616
2271,39.594,-11.157
2272,-71.912,8.0555
2273,-12.032,-67.069
2274,76.637,-0.51007
2275,88.688,-20.072
2276,-57.878,-78.209
2277,53.678,10.184
2278,52.531,6.8336
2279,38.398,-35.289
2280,63.295,-18.668
2281,-55.6,56.229
2282,42.771,-14.717
2283,-56.577,-78.874
2284,80.535,-29.255
2285,37.881,-45.681
2286,-57.915,25.517
2287,-53.496,-79.338
2288,53.341,4.5606
2289,87.207,-37.113
2290,41.052,50.059
2291,-4.7301,-37.25
2292,77.453,-57.53
2293,11.137,-42.34
2294,-55.357,-45.921
2295,-80.87,3.6654
2296,39.049,-34.744
2297,-8.5281,-37.633
2298,55.521,-59.908
2299,77.264,-49.021
2300,66.408,-61.067
2301,34.259,-17.423
2302,-47.134,-51.431
2303,56.746,-2.4928
2304,15.748,12.945
2305,81.116,-2.8991
2306,73.578,-7.1075
2307,33.808,-69.929
2308,68.763,-6.0101
2309,56.85,9.6015
2310,55.587,-5.9179
2311,30.29,15.522
2312,65.285,-4.6845
2313,72.447,-8.2174
2314,-29.652,-6.5138
2315,43.377,-55.64
2316,77.875,-30.848
2317,52.816,7.1635
2318,-79.642,-54.982
2319,-65.621,2.6482
2320,89.179,-29.281
2321,77.186,-29.01
2322,52.934,-62.817
2323,-62.227,10.615
2324,42.957,44.942
2325,49.433,-80.796
2326,82.697,-6.3505
2327,60.612,-10.118
2328,53.258,-2.6693
2329,-6.1784,-45.973
2330,4.2621,-57.326
2331,36.727,-59.996
2332,61.319,6.8802
2333,73.902,-6.2974
2334,10.914,90.367
2335,63.419,-10.941
2336,83.918,-25.427
2337,23.464,-95.268
2338,73.334,-82.924
2339,27.794,-56.981
2340,-18.106,-105.88
2341,80.951,-29.256
2342,-3.9161,-41.304
2343,62.031,-2.6666
2344,-3.3302,-42.039
2345,28.036,-94.594
2346,-79.663,-53.025
2347,-56.078,-78.948
2348,-54.933,-80.268
2349,73.679,-5.8484
2350,86.306,-14.921
2351,84.786,-11.106
2352,58.315,16.726
2353,-55.347,-79.51
2354,55.581,-5.7969
2355,18.164,-40.651
2356,11.658,-49.413
2357,36.028,-21.383
2358,48.698,-58.26
2359,79.921,-47.056
2360,80.45,-53.206
2361,-89.781,-18.865
2362,35.626,-5.7369
2363,2.1295,-36.943
2364,66.605,-15.771
2365,44.267,-21.192
2366,80.244,-12.887
2367,26.795,-16.003
2368,28.169,-82.183
2369,83.538,-15.537
2370,92.466,-21.64
2371,56.652,-9.124
2372,-2.6117,-28.471
2373,-41.925,-38.844
2374,70.593,-15.604
2375,57.864,0.20297
2376,84.048,-17.21
2377,77.848,-12.018
2378,54.891,-82.796
2379,-71.407,-43.674
2380,29.434,-59.688
2381,64.056,-2.7169
2382,80.074,-15.043
2383,71.545,-38.997
2384,35.57,-11.988
2385,49.974,-5.4984
2386,-2.188,10.977
2387,67.579,-11.552
2388,38.442,-66.437
2389,91.417,-31.407
2390,23.955,-88.313
2391,-79.21,-52.806
2392,-61.159,35.313
2393,43.628,-78.14
2394,49.465,-48.133
2395,38.81,-35.022
2396,-11.742,-95.806
2397,60.77,-0.60998
2398,75.766,-50.681
2399,-41.327,62.843
2400,56.14,-4.2168
2401,-41.118,-42.872
2402,25.203,-72.816
2403,59.436,-0.97203
2404,72.284,-13.148
2405,56.182,-4.316
2406,80.854,-29.154
2407,63.987,-17.044
2408,64.398,-38.768
2409,-1.4244,-55.981
2410,64.522,-67.077
2411,63.168,-19.925
2412,44.352,-56.397
2413,36.744,-18.123
2414,86.183,-37.693
2415,72.49,-6.1932
2416,-90.903,17.128
2417,84.741,7.6859
2418,51.412,-76.855
2419,-52.076,0.11308
2420,90.373,-15.155
2421,65.332,-17.58
2422,41.607,-74.877
2423,65.719,-16.81
2424,-82.955,-54.312
2425,37.736,-49.876
2426,60.134,-54.564
2427,66.062,-60.838
2428,-5.7987,58.368
2429,56.023,-2.3051
2430,27.269,-21.594
2431,60.549,-12.578
2432,45.396,7.1964
2433,43.248,-20.39
2434,-36.904,-67.816
2435,33.298,-16.862
2436,67.074,-14.257
2437,55.899,18.346
2438,91.587,-18.537
2439,-75.45,-20.639
2440,24.332,-93.373
2441,-32.237,-31.805
2442,44.091,-0.31334
2443,35.727,-91.768
2444,69.415,-40.407
2445,4.5698,-56.472
2446,45.546,-12.217
2447,-15.58,86.069
2448,69.886,-16.684
2449,-22.338,-16.095
2450,55.158,-56.493
2451,-99.356,-29.204
2452,74.235,-3.7449
2453,61.157,-4.2081
2454,48.423,-46.296
2455,35.679,17.373
2456,-86.454,-14.681
2457,80.961,-36.241
2458,84.138,-4.1917
2459,54.904,-5.1375
2460,-4.4428,-96.156
2461,53.775,-3.3502
2462,44.937,-13.676
2463,45.801,-22.012
2464,69.185,-14.056
2465,54.819,-4.4163
2466,69.535,-5.8383
2467,-13.631,-94.384
2468,28.967,-92.582
2469,-82.304,-7.3955
2470,91.222,-17.192
2471,89.916,-40.465
2472,-75.818,5.283
2473,57.911,10.528
2474,37.072,-17.773
2475,74.015,-1.2068
2476,15.688,-23.356
2477,45.346,-33.563
2478,43.587,-23.237
2479,39.651,-17.327
2480,55.229,6.8139
2481,42.31,-41.906
2482,87.367,-12.682
2483,73.47,-6.1767
2484,73.583,-5.7427
2485,73.343,-6.3708
2486,91.041,-30.504
2487,3.0174,-30.977
2488,48.178,38.131
2489,61.351,-60.947
2490,27.443,-93.385
2491,-12.858,-40.791
2492,83.325,-25.877
2493,56.258,20.461
2494,86.624,-38.365
2495,65.723,-18.036
2496,51.382,4.7879
2497,-55.781,17.877
2498,-75.679,1.0615
2499,73.115,-6.4895
2500,76.062,-10.142
2501,76.024,1.367
2502,34.753,-12.738
2503,84.318,-5.0273
2504,85.253,-35.069
2505,64.654,-23.842
2506,72.232,-16.048
2507,57.84,-2.264
2508,44.895,3.1179
2509,66.057,12.68
2510,57.491,-2.2381
2511,-7.5546,-33.143
2512,81.942,-29.872
2513,-78.611,-16.327
2514,39.295,31.986
2515,28.511,-54.948
2516,80.095,-13.079
2517,62.662,-10.593
2518,-10.392,-94.397
2519,61.12,-2.4213
2520,-62.028,-82.924
2521,38.79,-12.728
2522,49.045,17.055
2523,72.433,-13.265
2524,66.361,-16.994
2525,37.696,-10.355
2526,65.882,-60.046
2527,85.951,-16.422
2528,33.31,-74.973
2529,62.662,14.227
2530,26.848,-88.584
2531,52.925,-89.207
2532,36.052,-15.957
2533,33.927,-28.584
2534,51.143,7.2484
2535,60.929,-18.826
2536,81.651,-32.792
2537,82.209,-4.1699
2538,53.374,4.4339
2539,33.454,-31.829
2540,66.13,-16.844
2541,4.7273,-25.31
2542,28.017,-15.337
2543,-91.721,30.149
2544,56.222,-22.26
2545,-0.32356,-47.516
2546,47.343,-53.781
2547,87.663,-38.378
2548,63.91,-51.01
2549,35.94,-15.774
2550,38.168,-90.833
2551,78.82,32.809
2552,72.539,-14.958
2553,30.447,-23.131
2554,-2.7573,-86.08
2555,43.855,-20.783
2556,35.465,-6.3995
2557,42.666,-14.384
2558,-56.151,-83.1
2559,-8.3748,-89.787
2560,-12.04,-34.052
2561,74.816,-5.9377
2562,82.036,-41.967
2563,-3.3232,-36.372
2564,63.194,-19.11
2565,58.568,-0.62243
2566,50.559,38.429
2567,-81.261,31.499
2568,40.548,4.6909
2569,32.277,-28.585
2570,29.814,-19.254
2571,61.372,-59.373
2572,41.15,2.0423
2573,56.852,1.4659
2574,90.11,-28.239
2575,-13.606,-93.634
2576,-3.8557,-37.277
2577,32.132,61.95
2578,85.705,-6.1678
2579,53.095,-5.252
2580,31.998,-38.955
2581,-25.087,-31.064
2582,56.643,6.5969
2583,84.016,-5.1368
2584,5.4095,-29.483
2585,23.232,-95.524
2586,60.78,-22.089
2587,-5.5315,-40.823
2588,-7.3837,-36.661
2589,37.744,-10.468
2590,10.054,-58.782
2591,78.038,-10.243
2592,52.895,19.466
2593,54.791,-2.6818
2594,70.504,-8.2875
2595,81.493,-23.293
2596,23.402,-90.433
2597,61.801,-5.2857
2598,80.342,-11.285
2599,58.933,-1.0923
2600,51.73,-49.883
2601,59.332,-54.495
2602,40.373,-21.002
2603,-8.7475,-40.714
2604,83.27,-4.4612
2605,56.866,-1.4823
2606,35.847,-74.354
2607,61.521,20.647
2608,-67.921,-11.403
2609,47.889,-46.188
2610,83.457,-4.4645
2611,66.686,-14.741
2612,64.099,-15.63
2613,40.034,-12.346
2614,60.814,-10.977
2615,-7.4772,-92.13
2616,73.826,-6.22
2617,81.563,-32.106
2618,64.092,-10.504
2619,74.443,-7.2581
2620,25.22,-88.129
2621,26.962,-79.991
2622,91.035,-12.952
2623,61.484,4.3647
2624,78.908,-45.932
2625,29.336,-89.581
2626,35.565,-12.751
2627,-44.24,-88.779
2628,-17.283,-48.858
2629,5.1174,-27.13
2630,74.008,-0.87513
2631,56.222,-64.439
2632,41.982,3.5962
2633,52.776,7.4374
2634,55.856,-7.6922
2635,-43.033,-33.601
2636,35.851,-46.467
2637,96.154,-38.939
2638,25.284,-20.371
2639,47.976,-60.529
2640,93.828,-22.183
2641,4.4657,-25.693
2642,54.086,1.0438
2643,74.823,-8.5604
2644,62.899,-11.49
2645,63.738,11.239
2646,68.823,-24.932
2647,85.498,-31.643
2648,34.5,-11.804
2649,-81.239,29.953
2650,31.603,-56.724
2651,69.811,-5.5029
2652,80.031,-31.318
2653,38.202,-19.222
2654,81.18,-9.7973
2655,57.444,-1.0291
2656,52.232,-59.475
2657,-14.699,-56.342
2658,79.924,-31.867
2659,-74.9,-15.691
2660,85.371,-4.0256
2661,52.412,-68.924
2662,33.918,-16.797
2663,10.781,-56.625
2664,-60.358,28.177
2665,58.797,-4.3336
2666,50.08,26.559
2667,58.414,-68.918
2668,51.706,-59.842
2669,80.163,-4.8508
2670,60.864,-62.165
2671,-11.621,16.665
2672,-25.401,-51.157
2673,40.434,-9.7047
2674,43.537,-20.264
2675,40.742,-80.784
2676,80.283,-34.279
2677,36.539,-7.0982
2678,73.947,-5.9954
2679,-7.5562,-47.137
2680,28.022,-19.175
2681,42.138,-41.817
2682,61.172,-1.5063
2683,-56.398,0.35249
2684,-91.323,30.323
2685,63.246,-12.679
2686,40.351,-34.117
2687,59.507,5.1317
2688,64.363,-13.039
2689,63.174,-4.5731
2690,22.264,-97.319
2691,86.932,-17.895
2692,39.99,-91.514
2693,2.9928,-67.096
2694,-38.64,-28.34
2695,-32.992,-18.94
2696,57.231,4.7333
2697,36.367,-21.133
2698,1.2618,-47.915
2699,-13.649,-40.011
2700,74.15,-9.4172
2701,81.998,-42.128
2702,81.54,-16.361
2703,61.593,-12.891
2704,60.536,-15.205
2705,37.907,-18.82
2706,77.769,-45.546
2707,26.554,-15.267
2708,23.534,-94.537
2709,24.89,-88.953
2710,51.099,2.9629
2711,75.224,-0.2518
2712,-69.525,-19.434
2713,80.845,-16.639
2714,-78.924,6.4059
2715,44.506,-21.17
2716,-42.057,65.215
2717,56.639,-23.013
2718,-13.334,-33.514
2719,66.512,-50.461
2720,39.261,-26.978
2721,-15.62,-38.932
2722,48.753,-84.377
2723,52.332,-77.555
2724,41.241,-40.07
2725,-6.2004,-41.063
2726,27.101,-17.446
2727,-21.7,-31.293
2728,48.217,-73.678
2729,42.48,-57.011
2730,89.423,-25.029
2731,39.205,-15.46
2732,40.572,-10.159
2733,22.047,-94.462
2734,40.816,-44.843
2735,81.824,-0.060156
2736,82.264,-35.13
2737,88.155,-15.586
2738,36.108,-15.708
2739,-5.1182,-36.551
2740,-6.3414,-37.758
2741,42.151,-39.067
2742,-78.392,-59.477
2743,-11.268,-1.3895
2744,80.239,-7.9187
2745,81.762,-34.407
2746,88.736,-22.215
2747,55.196,-3.2056
2748,-35.304,-13.776
2749,54.733,-16.948
2750,-81.487,-24.531
2751,-5.1833,-41.06
2752,60.108,-21.907
2753,42.14,-8.1644
2754,63.431,-2.7511
2755,74.042,-48.38
2756,26.41,-18.969
2757,37.934,4.5076
2758,35.373,-18.305
2759,93.535,-17.34
2760,64.958,-50.361
2761,-42.195,-32.527
2762,60.005,-46.797
2763,-39.026,-91.162
2764,29.967,-18.277
2765,-35.908,-68.996
2766,80.659,-5.0329
2767,36.629,-66.435
2768,61.599,-67.328
2769,43.649,-13.411
2770,62.971,-14.83
2771,53.732,-4.245
2772,63.386,-27.51
2773,26.685,-20.38
2774,82.817,-48.172
2775,42.154,-8.0477
2776,45.401,-43.491
2777,-6.4978,-40.987
2778,-73.407,-19.371
2779,64.58,9.7013
2780,58.249,-46.033
2781,-77.4,-50.665
2782,50.96,-48.9
2783,43.899,-23.223
2784,40.527,-9.6433
2785,61.982,-5.3821
2786,33.581,-13.511
2787,59.436,-35.525
2788,62.553,-11.517
2789,81.302,-17.813
2790,78.058,-1.1575
2791,47.078,-41.076
2792,86.452,-5.0862
2793,55.802,-3.6798
2794,29.415,-89.397
2795,35.06,-7.1182
2796,82.761,-31.128
2797,42.63,19.046
2798,44.285,-64.901
2799,61.27,-4.5553
2800,-6.3278,-35.318
2801,38.877,-34.964
2802,62.007,-14.582
2803,35.454,-6.3678
2804,-64.418,-43.321
2805,58.314,-1.5547
2806,40.22,-12.09
2807,29.468,-20.946
2808,45.474,-62.59
2809,66.946,-12.044
2810,64.275,-22.903
2811,56.928,6.0087
2812,57.857,-2.4128
2813,54.925,-27.244
2814,-51.729,60.133
2815,8.0529,-83.787
2816,-102.67,-43.553
2817,-69.793,3.522
2818,33.006,-13.071
2819,81.208,-35.48
2820,74.949,-6.7623
2821,73.334,-6.3232
2822,62.334,-10.924
2823,80.479,-11.408
2824,44.261,-21.914
2825,63.911,-9.0789
2826,86.802,-18.615
2827,25.647,-4.6666
2828,73.532,-10.337
2829,86.432,-14.624
2830,0.68511,-63.271
2831,81.526,-32.394
2832,66.325,-2.2152
2833,63.497,-38.084
2834,85.16,-15.065
2835,80.637,-15.425
2836,61.632,-9.5044
2837,82.689,-3.3735
2838,31.309,-17.296
2839,28.06,-21.989
2840,50.715,-24.163
2841,25.219,-97.024
2842,-0.13793,13.026
2843,37.546,12.355
2844,13.865,-54.614
2845,50.619,6.0067
2846,61.872,-16.355
2847,51.258,6.8711
2848,-70.086,-23.071
2849,57.524,-20.167
2850,-36.081,-26.921
2851,67.227,-1.3803
2852,65.388,-50.403
2853,49.613,-82.376
2854,-3.0788,-35.974
2855,41.314,-11.327
2856,63.346,-13.992
2857,52.341,6.1676
2858,61.339,8.2027
2859,-33.794,-12.278
2860,63.348,-18.752
2861,4.8457,-25.204
2862,19.386,-8.945
2863,85.51,-3.4402
2864,82.827,-2.6215
2865,57.025,-1.1049
2866,25.334,-20.669
2867,-82.586,-8.5052
2868,53.874,14.686
2869,29,-58.115
2870,-32.277,-33.007
2871,48.899,-21.371
2872,61.426,-4.7786
2873,65.705,-41.466
2874,39.349,-34.581
2875,71.23,-14.237
2876,57.116,-19.024
2877,-102.67,-43.554
2878,80.761,-3.007
2879,14.249,-55.204
2880,89.721,-40.61
2881,56.678,-45.375
2882,-6.2981,-36.841
2883,72.786,-14.28
2884,-7.9012,-41.038
2885,63.462,-4.8466
2886,54.497,-3.281
2887,83.351,-5.0773
2888,58.141,-70.351
2889,65.011,-6.1879
2890,-16.508,-51.676
2891,61.374,-44.692
2892,46.053,-21.057
2893,-4.1794,-43.27
2894,53.378,-21.542
2895,-14.895,-56.385
2896,55.664,-7.2789
2897,-89.322,21.547
2898,61.151,-13.852
2899,-7.196,-50.641
2900,83.37,-4.963
2901,53.554,-3.5194
2902,39.678,-8.7781
2903,69.392,-5.7721
2904,-73.302,-24.018
2905,87.766,-41.107
2906,-40.752,-4.171
2907,63.933,-28.694
2908,89.602,8.8348
2909,84.677,-10.923
2910,70.75,-39.349
2911,-26.171,-33.208
2912,15.761,-98.666
2913,7.6339,5.2716
2914,73.676,-7.1286
2915,26.635,-15.355
2916,54.102,-55.925
2917,53.854,-52.622
2918,-83.192,35.775
2919,58.081,-52.214
2920,80.702,-2.5577
2921,80.102,-12.594
2922,34.943,-13.712
2923,65.226,-19.09
2924,70.276,-12.582
2925,63.069,14.18
2926,44.949,-64.288
2927,84.723,-5.1732
2928,86.304,-15.33
2929,-64.265,-43.442
2930,62.003,-42.4
2931,49.417,-10.705
2932,-6.3419,-36.831
2933,77.293,-45.497
2934,49.551,-48.132
2935,86.307,-15.478
2936,89.744,-26.363
2937,55.641,-21.9
2938,52.823,-51.566
2939,-60.407,-81.262
2940,71.08,-55.453
2941,57.255,-2.6801
2942,-25.877,-19.089
2943,62.387,21.638
2944,40.872,7.543
2945,-70.939,12.505
2946,41.835,-23.639
2947,56.964,3.7317
2948,48.722,-21.21
2949,90.584,-29.872
2950,61.712,-2.1766
2951,-59.198,-34.267
2952,-82.279,-28.8
2953,85.091,-28.043
2954,84.35,-25.522
2955,87.59,-21.19
2956,-2.0253,-49.995
2957,71.594,-5.3268
2958,36.562,-69.258
2959,83.143,-4.5609
2960,106.7,10.295
2961,-2.1363,-56.451
2962,67.254,-1.466
2963,57.691,-1.3725
2964,40.411,-33.817
2965,61.785,7.8013
2966,39.524,-11.712
2967,41.002,-39.077
2968,-39.89,-32.808
2969,68.542,-21.434
2970,63.412,-13.269
2971,55.803,-7.3086
2972,74.562,-1.4141
2973,-15.81,-90.746
2974,61.391,4.5529
2975,74.22,-10.169
2976,47.441,-82.66
2977,70.145,-19.826
2978,32.039,-93.797
2979,32.496,-22.838
2980,16.114,-23.54
2981,57.544,-1.6208
2982,68.637,-57.82
2983,-61.517,18.065
2984,-75.817,-12.491
2985,28.243,-89.575
2986,64.956,-51.139
2987,29.987,-21.651
2988,106.7,10.295
2989,-52.819,-13.056
2990,-70.991,-25.756
2991,72.577,-6.5174
2992,-8.9912,-36.553
2993,-9.3641,-39.24
2994,-75.531,-73.182
2995,41.781,-10.731
2996,51.502,-50.104
2997,83.72,-17.701
2998,-72.164,10.59
2999,-12.96,-7.5604
3000,84.104,-16.763
3001,83.805,-25.885
3002,63.166,12.477
3003,59.451,-42.928
3004,79.016,-14.469
3005,67.125,-1.848
3006,34.073,-74.278
3007,59.808,18.386
3008,-11.158,0.030697
3009,27.929,-39.135
3010,28.438,-22.653
3011,33.419,-16.927
3012,73.927,-5.8212
3013,54.893,-0.8826
3014,51.94,-32.858
3015,44.697,-22.23
3016,70.478,-13.769
3017,-1.3206,-59.093
3018,57.523,-55.292
3019,29.261,-17.218
3020,37.054,-33.124
3021,1.8799,-79.434
3022,-0.47801,-25.262
3023,84.203,-4.0436
3024,63.078,-10.078
3025,60.704,-56.043
3026,43.308,-69.02
3027,59.125,-35.181
3028,27.468,-79.746
3029,86.759,-14.737
3030,36.345,-60.576
3031,75.209,0.16104
3032,-21.613,-94.496
3033,32.389,-23.841
3034,80.968,-4.875
3035,-13.987,-38.495
3036,53.102,-2.9406
3037,8.3267,-57.619
3038,-7.7874,-92.555
3039,32.054,-70.654
3040,-13.609,-1.1653
3041,81.205,0.59554
3042,-41.506,-31.974
3043,43.804,-20.971
3044,32.903,-21.181
3045,89.314,-15.006
3046,61.2,-54.456
3047,41.409,-50.115
3048,33.877,-17.579
3049,-79.205,-38.689
3050,-102.67,-43.554
3051,-4.4711,1.2754
3052,-14.923,-41.86
3053,50.983,-73.237
3054,65.682,-4.8585
3055,89.6,8.8346
3056,-75.808,-12.735
3057,60.734,-1.6331
3058,74.394,-81.043
3059,43.349,-22.912
3060,33.213,-17.82
3061,-100.79,-30.485
3062,-12.347,0.76627
3063,43.778,-33.945
3064,45.397,-21.978
3065,73.724,-4.3042
3066,89.6,8.8349
3067,73.236,-9.8248
3068,65.706,-67.858
3069,82.892,-27.548
3070,6.4995,-53.789
3071,-0.408,-48.32
3072,106.7,10.295
3073,65.604,-59.11
3074,60.799,4.6536
3075,81.536,-29.562
3076,-7.3586,-34.292
3077,84.144,13.51
3078,56.153,-1.8077
3079,44.917,-59.056
3080,23.348,-24.853
3081,17.686,-57.084
3082,95.77,44.334
3083,21.121,-90.839
3084,-39.981,-33.24
3085,55.599,-5.8505
3086,81.409,-4.3302
3087,53.351,-63.1
3088,13.846,-54.612
3089,61.255,-68.433
3090,52.804,-53.826
3091,-11.04,-2.8186
3092,74.33,-9.4414
3093,65.278,-16.392
3094,88.328,-19.497
3095,40.449,-39.896
3096,-11.038,-2.8238
3097,82.003,-3.3745
3098,52.905,-53.725
3099,63.671,-28.025
3100,-11.022,-2.8391
3101,63.948,-15.564
3102,29.542,-24.921
3103,25.816,-15.398
3104,-11.025,-2.8472
3105,40.421,-21.264
3106,52.115,6.7866
3107,80.406,-13.819
3108,-2.8617,-35.925
3109,-35.038,-33.499
3110,60.393,-14.057
3111,23.114,-35.293
3112,43.274,-22.275
3113,89.598,8.8348
3114,78.633,-3.1894
3115,86.864,-12.793
3116,73.86,-9.4465
3117,73.232,-51.116
3118,80.83,-14.035
3119,-69.451,-19.435
3120,-102.67,-43.551
3121,91.193,-30.556
3122,70.385,-56.223
3123,42.101,-54.72
3124,72.352,-40.897
3125,-70.814,-25.956
3126,-35.66,-31.41
3127,-11.067,-2.8006
3128,-42.244,-31.098
3129,-11.472,-35.242
3130,2.1793,-38.14
3131,-33.733,-33.98
3132,68.766,-56.305
3133,66.227,-17.01
3134,45.04,-21.991
3135,43.557,-20.594
3136,-3.4229,-34.069
3137,-65.408,-39.029
3138,81.643,-9.1461
3139,62.313,-16.449
3140,-11.079,-2.7835
3141,79.548,-2.905
3142,74.26,-3.9942
3143,6.909,-62.058
3144,26.933,-16.106
3145,81.811,-34.77
3146,37.954,-91.257
3147,87.456,-15.845
3148,41.749,-63.98
3149,-11.083,-2.7668
3150,84.859,-3.1026
3151,26.652,-15.57
3152,38.405,-45.646
3153,71.594,-13.359
3154,-41.334,-33.429
3155,42.931,-75.559
3156,-102.67,-43.552
3157,43.323,-18.406
3158,-39.449,-42.432
3159,86.753,-14.184
3160,73.577,-10.024
3161,83.667,-26.72
3162,27.322,-17.924
3163,66.884,-11.736
3164,-11.066,-2.8063
3165,-91.882,-49.149
3166,86.533,-14.66
3167,44.211,-21.06
3168,88.043,-15.336
3169,81.689,-34.588
3170,74.382,-9.4881
3171,-40.614,-75.351
3172,52.228,-84.56
3173,40.347,-20.635
3174,-8.8493,-58.997
3175,20.823,-24.743
3176,75.582,-78.763
3177,84.711,13.064
3178,89.258,-15.641
3179,43.295,-23.636
3180,31.74,-89.165
3181,44.63,-62.038
3182,-11.079,-2.7889
3183,56.777,7.3458
3184,2.4984,-37.653
3185,-0.9128,-43.185
3186,-1.0576,-51.421
3187,85.375,-31.429
3188,89.597,8.8347
3189,45.198,-35.208
3190,38.042,-22.645
3191,5.154,-27.834
3192,-11.117,-2.7062
3193,85.538,-14.987
3194,93.36,-20.977
3195,-11.549,17.757
3196,61.073,-45.397
3197,-37.985,-72.052
3198,19.397,-24.892
3199,50.477,-48.601
3200,48.411,-51.495
3201,-8.6561,-38.611
3202,79.46,-4.2516
3203,-35.923,-33.372
3204,32.906,-12.938
3205,38.631,-17.922
3206,79.249,-31.368
3207,86.716,-15.192
3208,67.179,-18.067
3209,93.092,-20.894
3210,17.092,-71.908
3211,38.671,-31.481
3212,-102.68,-43.555
3213,-11.121,-2.7095
3214,21.177,-32.04
3215,-35.047,-10.601
3216,-12.906,-33.243
3217,63.911,-4.7647
3218,71.215,-15.394
3219,93.529,-18.341
3220,30.074,-39.56
3221,81.258,-16.444
3222,17.867,-64.74
3223,89.6,8.8347
3224,-11.121,-2.6798
3225,81.783,-17.41
3226,-11.169,-91.165
3227,48.493,-21.081
3228,19.902,-24.25
3229,35.678,-91.122
3230,89.388,-29.161
3231,73.539,-48.537
3232,77.666,-0.94588
3233,39.505,-63.541
3234,68.267,-42.382
3235,43.803,-19.813
3236,55.864,-62.165
3237,64.284,-18.558
3238,69.27,-14.205
3239,67.093,-18.056
3240,26.329,-17.594
3241,67.278,-1.4018
3242,89.067,-27.042
3243,61.426,-5.0936
3244,54.875,-52.641
3245,64.906,-19
3246,63.43,-42.405
3247,35.613,-23.514
3248,-65.352,-42.587
3249,1.0468,-26.279
3250,89.42,-14.235
3251,5.0815,-50.21
3252,-6.6336,-92.275
3253,78.486,-8.7631
3254,21.456,-90.285
3255,27.126,-19.319
3256,56.981,4.8122
3257,78.143,-47.7
3258,55.515,-22.448
3259,62.072,-42.242
3260,76.69,-43.401
3261,86.723,-15.441
3262,61.822,-67.263
3263,78.603,-10.067
3264,58.242,8.305
3265,-40.031,-33.344
3266,44.926,-22.32
3267,-46.385,-70.26
3268,71.949,-13.411
3269,33.095,-12.419
3270,45.157,-22.46
3271,-11.098,-2.7598
3272,86.755,-15.273
3273,19.544,-58.534
3274,79.893,-28.961
3275,37.525,-13.131
3276,32.165,-20.397
3277,80.798,-2.1586
3278,67.447,-25.694
3279,39.183,-10.487
3280,38.017,-53.535
3281,-11.124,-2.6889
3282,8.8964,-53.721
3283,77.738,-57.706
3284,30.355,-17.585
3285,81.824,-8.4696
3286,60.205,-43.906
3287,83.475,-25.541
3288,-4.7468,-100.56
3289,20.846,-62.846
3290,79.868,-29.601
3291,80.489,-12.743
3292,-39.919,-58.684
3293,71.996,28.152
3294,-40.273,-33.027
3295,37.638,-12.671
3296,48.711,-21.25
3297,55.945,-62.04
3298,-42.92,-35.392
3299,58.901,-4.6416
3300,-25.026,-31.421
3301,79.733,-27.745
3302,-37.067,-33.443
3303,57.637,-55.838
3304,54.29,-26.252
3305,43.774,-19.966
3306,25.1,-16.973
3307,65.935,-15.746
3308,88.817,-15.792
3309,40.16,-19.627
3310,40.99,-34.521
3311,86.702,-36.616
3312,39.936,-19.786
3313,21.352,-25.232
3314,-68.952,-77.499
3315,38.936,-11.33
3316,-45.739,-35.028
3317,5.4101,-84.128
3318,65.489,-51.201
3319,64.907,-16.126
3320,37.614,-3.2159
3321,33.539,-91.569
3322,79.939,-29.825
3323,47.776,-32.283
3324,74.309,-48.392
3325,-3.7851,-39.249
3326,38.791,-10.994
3327,-102.67,-43.553
3328,60.853,0.47013
3329,33.061,-14.392
3330,57.857,-11.288
3331,60.754,-19.113
3332,53.487,-33.794
3333,53.287,-2.891
3334,-73.07,-31.477
3335,-3.4253,-34.029
3336,40.005,-10.412
3337,81.009,-6.2118
3338,-71.659,-75.984
3339,-50.028,-49.543
3340,51.833,-71.443
3341,-6.924,-45.164
3342,77.895,-10.156
3343,85.04,-10.69
3344,41.665,-41.768
3345,62.489,-14.51
3346,63.096,-9.6703
3347,-55.247,-78.491
3348,55.917,15.762
3349,59.437,-57.71
3350,55.863,-52.306
3351,64.065,-41.601
3352,30.266,-82.459
3353,57.835,-0.35477
3354,43.332,-22.429
3355,71.713,-10.81
3356,-40.851,-41.3
3357,55.061,-69.881
3358,-32.561,-71.127
3359,84.47,-5.0038
3360,45.654,-22.209
3361,45.714,-33.375
3362,40.16,-20.111
3363,10.618,-84.551
3364,83.973,-11.585
3365,48.235,-10.475
3366,70.267,-6.4303
3367,63.334,10.394
3368,74.605,-58.718
3369,87.162,-15.012
3370,83.852,-17.58
3371,44.206,-21.769
3372,-67.439,-7.0863
3373,-71.817,-12.709
3374,71.457,-5.2771
3375,61.317,1.6919
3376,20.564,-64.73
3377,-3.7764,-34.55
3378,-75.017,-14.016
3379,106.7,10.295
3380,96.572,-62.703
3381,62.718,-27.562
3382,45.705,-87.082
3383,-23.039,22.185
3384,66.245,6.1307
3385,66.111,-12.173
3386,82.997,-25.488
3387,-13.205,-33.959
3388,49.401,-23.457
3389,64.234,-19.268
3390,-15.684,0.60126
3391,54.33,4.4507
3392,49.694,-48.517
3393,38.497,-46.534
3394,73.913,-48.374
3395,-38.928,-92.343
3396,65.741,31.731
3397,27.865,42.606
3398,74.689,0.32544
3399,38.166,-53.039
3400,-56.047,-86.721
3401,34.758,-8.6863
3402,38.235,-61.711
3403,-35.228,-9.4737
3404,35.125,-6.7768
3405,85.374,-31.411
3406,-9.7017,1.803
3407,37.876,-16.117
3408,35.043,-66.002
3409,56.846,-3.7691
3410,34.634,-20.003
3411,11.658,26.86
3412,-28.68,-4.1438
3413,78.707,-8.9501
3414,53.973,3.4948
3415,84.167,-17.366
3416,-0.34884,-59.779
3417,-7.6285,0.83626
3418,-69.161,-19.554
3419,-12.668,-33.935
3420,80.728,-2.2758
3421,27.925,-42.217
3422,-2.6101,-54.208
3423,35.431,-18.46
3424,-96.639,-31.504
3425,-44.278,-86.529
3426,-55.771,-87.271
3427,60.31,-46.387
3428,58.905,-45.921
3429,63.086,25.209
3430,49.662,-80.691
3431,25.355,-27.935
3432,40.071,-12.515
3433,82.273,-34.975
3434,86.759,-19.373
3435,79.413,-14.412
3436,65.497,-17.13
3437,61.739,2.7993
3438,57.987,-18.726
3439,72.417,-2.8866
3440,36.839,-69.275
3441,-10.389,-17.051
3442,40.428,-14.27
3443,66.915,-14.395
3444,55.785,-5.6906
3445,84.472,-4.3843
3446,-8.1609,-41.861
3447,60.629,-11.136
3448,82.641,-33.495
3449,81.156,-17.777
3450,44.559,-21.824
3451,84.473,-11.7
3452,55.875,-87.362
3453,36.457,-10.429
3454,87.742,-13.303
3455,28.619,-90.343
3456,-11.63,17.746
3457,65.24,-2.6604
3458,25.622,-68.84
3459,85.568,-30.933
3460,-15.283,-33.546
3461,71.493,-11.634
3462,-29.214,78.239
3463,-78.971,-55.23
3464,36.029,-15.199
3465,-7.0039,-37.837
3466,34.2,-64.605
3467,64.412,-13.46
3468,50.99,-53.753
3469,87.715,-9.5094
3470,55.782,7.1681
3471,59.703,6.2099
3472,62.051,-42.573
3473,61.817,-60.198
3474,-53.209,-79.382
3475,27.887,-56.91
3476,31.964,63.357
3477,56.16,-2.6278
3478,-13.438,-53.745
3479,66.317,8.175
3480,26.299,-17.429
3481,33.587,-73.472
3482,85.388,-15.728
3483,-61.474,-83.028
3484,68.717,-5.5312
3485,61.938,-16.319
3486,67.319,-2.0049
3487,74.461,-43.658
3488,-29.633,-6.3257
3489,75.736,-5.6807
3490,80.017,-35.594
3491,-67.18,5.9064
3492,36.371,43.048
3493,-3.5442,-34.501
3494,19.33,-96.149
3495,37.709,-20.207
3496,63.332,-2.8295
3497,31.597,-19.836
3498,-3.2199,-55
3499,41.217,-26.574
3500,63.296,-9.5147
3501,53.115,-3.5443
3502,49.732,9.7848
3503,-4.394,-40.429
3504,39.233,-33.348
3505,43.373,-14.733
3506,89.686,-14.387
3507,-3.2779,-35.212
3508,62.45,-18.397
3509,65.02,-41.699
3510,39.256,-6.2785
3511,25.779,-15.604
3512,64.839,-50.667
3513,41.905,-23.832
3514,57.919,5.4433
3515,32.109,-56.214
3516,-20.83,9.2741
3517,26.983,-83.535
3518,64.018,-8.9017
3519,-47.773,-87.481
3520,63.665,-14.448
3521,54.307,-54.555
3522,54.363,8.3551
3523,82.243,-14.106
3524,-95.821,15.368
3525,64.783,-2.7609
3526,36.842,-9.9047
3527,25.145,-84.871
3528,72.817,-5.6711
3529,-18.635,-53.996
3530,-74.961,-15.948
3531,33.053,-16.848
3532,-6.0697,-35.399
3533,83.931,-14.717
3534,57.628,7.7672
3535,46.017,-30.074
3536,28.455,-87.913
3537,40.018,-12.129
3538,86.991,-16.673
3539,36.553,-77.483
3540,-91.851,17.391
3541,52.19,-52.57
3542,-10.648,-17.663
3543,32.186,-21.932
3544,-25.97,-34.619
3545,27.77,-27.56
3546,49.175,-66.885
3547,39.442,-14.502
3548,46.105,6.7779
3549,-38.095,-12.736
3550,88.798,-43.802
3551,58.821,-6.2874
3552,53.184,-4.1495
3553,41.268,-39.772
3554,66.757,-3.485
3555,-59.952,-83.063
3556,51.018,-75.828
3557,-71.665,-23.362
3558,44.684,-22.184
3559,-72.699,0.52608
3560,76.449,-48.652
3561,45.649,-73.547
3562,2.0938,-36.138
3563,76.526,-0.43273
3564,17.799,-37.731
3565,81.315,-16.148
3566,66.11,12.635
3567,58.175,0.27868
3568,-26.405,-33.43
3569,-24.975,-53.479
3570,36.389,-65.387
3571,70.421,-12.526
3572,53.26,-5.8087
3573,82.67,-23.887
3574,35.159,-7.1721
3575,41.553,-73.88
3576,72.855,-7.1002
3577,-53.377,-78.554
3578,74.538,-49.276
3579,-44.877,-35.039
3580,58.103,5.0648
3581,-38.813,-26.396
3582,81.235,-25.428
3583,90.115,-17.498
3584,7.367,-31.357
3585,-5.3529,73.422
3586,69.994,-16.262
3587,69.848,-40.197
3588,22.784,-64.078
3589,2.1112,-36.981
3590,-58.838,-39.899
3591,86.882,-17.716
3592,-42.385,-50.066
3593,48.106,11.473
3594,-31.698,-25.638
3595,36.703,-27.511
3596,-12.444,-38.648
3597,6.0955,26.52
3598,41.693,-27.911
3599,27.587,-27.359
3600,68.834,-56.073
3601,61.809,-57.044
3602,70.361,1.9679
3603,-12.129,17.012
3604,-74.441,-47.488
3605,24.83,-90.356
3606,19.836,-57.672
3607,37.089,-19.977
3608,-66.164,-53.09
3609,44.218,-46.055
3610,52.699,-53.62
3611,82.736,-3.4984
3612,53.838,-62.737
3613,21.511,-74.111
3614,62.477,-63.547
3615,-16.393,-51.405
3616,49.431,-2.1788
3617,46.276,36.529
3618,42.482,-48.348
3619,61.573,-1.9275
3620,57.207,-45.239
3621,38.212,-11.879
3622,17.939,-90.847
3623,82.561,-31.337
3624,42.097,-75.89
3625,-4.8809,-34.236
3626,78.999,-46.719
3627,77.886,-29.16
3628,-2.6337,-41.229
3629,-72.142,-7.8493
3630,85.663,-33.621
3631,-54.457,-87.389
3632,56.832,7.0899
3633,59.313,-51.94
3634,83.437,-18.001
3635,63.455,-38.066
3636,31.982,-90.134
3637,34.632,-17.543
3638,57.161,22.867
3639,-68.51,-78.829
3640,37.621,-9.3006
3641,-14.885,-33.522
3642,48.379,3.1225
3643,31.794,-39.456
3644,18.442,-22.105
3645,62.024,-12.861
3646,47.887,-30.688
3647,24.438,20.842
3648,52.858,-40.839
3649,-6.0034,-35.578
3650,46.079,-54.414
3651,81.596,-32.936
3652,63.459,-13.52
3653,32.812,-13.601
3654,-66.975,-3.4087
3655,23.305,-95.365
3656,53.773,-47.94
3657,90.391,-15.742
3658,82.701,-16.916
3659,14.655,-55.372
3660,45.935,7.8447
3661,78.356,-48.184
3662,84.581,-25.688
3663,31.339,-19.652
3664,66.517,-14.97
3665,82.762,-3.6578
3666,34.121,-69.789
3667,28.805,-19.369
3668,23.666,-70.503
3669,-12.122,-40.569
3670,65.21,-21.169
3671,60.953,-9.9249
3672,55.074,-57.969
3673,58.069,-6.6019
3674,-68.89,-26.29
3675,19.174,-59.605
3676,52.958,-40.677
3677,54.062,-63.329
3678,74.036,-9.3751
3679,63.545,-5.0511
3680,65.334,-14.821
3681,77.372,-29.017
3682,-55.74,-79.228
3683,9.9753,-58.85
3684,89.286,-13.431
3685,85.739,-30.611
3686,74.183,-61.765
3687,55.761,-22.707
3688,-47.67,-87.719
3689,82.023,-34.972
3690,18.957,-89.948
3691,48.416,-79.197
3692,82.214,-25.659
3693,52.554,-79.51
3694,65.557,-17.598
3695,-50.848,-80.01
3696,40.343,-9.7031
3697,30.683,-41.848
3698,52.36,6.544
3699,10.891,-20.992
3700,-60.412,-80.707
3701,-39.779,-75.522
3702,51.658,-6.5756
3703,33.324,-61.718
3704,-15.073,-94.052
3705,74.081,-62.635
3706,42.439,-38.9
3707,-0.061647,-23.051
3708,39.23,-27.176
3709,-1.3523,-47.667
3710,10.249,-82.188
3711,28.211,-39.01
3712,82.445,-12.717
3713,90.69,-29.709
3714,33.473,-29.407
3715,89.731,-29.506
3716,27.087,-96.422
3717,86.456,-7.087
3718,40.031,-11.655
3719,35.906,-66.59
3720,22.7,-97.579
3721,-5.815,-41.883
3722,59.475,-76.003
3723,15.221,-69.34
3724,58.576,7.5745
3725,62.694,-12.555
3726,55.132,1.9274
3727,34.152,-86.633
3728,74.926,0.13539
3729,39.06,-33.885
3730,-83.707,-12.625
3731,16.257,-64.424
3732,56.083,-22.282
3733,38.357,-76.786
3734,-7.9291,-48.012
3735,-32.928,-4.7663
3736,-82.092,29.759
3737,-64.856,8.6822
3738,62.29,-11.019
3739,61.796,-53.523
3740,83.695,-26.292
3741,71.411,-13.531
3742,-2.8335,-46.555
3743,24.785,-94.539
3744,58.794,-9.0426
3745,36.46,-69.467
3746,44.153,-23.274
3747,66.858,-13.807
3748,75.237,-44.689
3749,-24.607,-31.202
3750,58.264,5.2562
3751,-46.346,-43.947
3752,45.006,-32.292
3753,-93.896,22.083
3754,35.347,-11.303
3755,44.937,-22.276
3756,-49.25,-50.634
3757,63.057,-13.281
3758,38.304,-17.002
3759,79.619,-3.3968
3760,61.964,-60.211
3761,45.098,-13.814
3762,58.203,2.1013
3763,43.096,-23.003
3764,78.259,-2.9053
3765,36.341,-69.832
3766,60.352,-1.8523
3767,69.138,-5.6409
3768,-14.39,-34.797
3769,43.589,25.868
3770,71.911,-47.804
3771,34.883,-72.251
3772,-73.906,-17.856
3773,35.352,-17.092
3774,62.864,8.9393
3775,22.256,85.545
3776,10.692,-91.164
3777,53.561,4.1437
3778,-65.093,-72.207
3779,-61.603,14.633
3780,36.798,-59.314
3781,28.014,-91.608
3782,85.946,-14.429
3783,82.118,-27.343
3784,65.278,-16.237
3785,60.653,-1.3286
3786,18.666,-65.509
3787,60.363,-10.6
3788,65.572,-17.002
3789,61.219,4.4807
3790,-47.739,-86.423
3791,43.441,-70.48
3792,16.883,-61.972
3793,55.646,-7.241
3794,39.266,-33.554
3795,81.37,-23.046
3796,87.732,-13.146
3797,41.695,52.907
3798,21.474,-74.306
3799,33.683,-86.087
3800,46.549,-13.582
3801,51.605,-50.549
3802,63.809,-4.8941
3803,85.546,-28.546
3804,55.253,4.869
3805,79.263,-14.55
3806,87.052,-18.135
3807,66.349,-14.453
3808,58.752,8.8631
3809,16.277,-62.148
3810,34.261,-28.503
3811,68.952,-57.496
3812,56.069,4.6196
3813,55.603,-1.7258
3814,70.511,-7.1211
3815,-43.598,-0.75054
3816,-12.3,-55.645
3817,-73.425,-16.644
3818,46.609,-13.014
3819,35.062,-30.844
3820,78.144,-6.3465
3821,83.23,-45.024
3822,85.041,-7.4074
3823,74.118,-0.15959
3824,39.335,21.055
3825,-80.261,28.259
3826,84.633,-34.869
3827,83.43,-12.092
3828,57.99,-71.476
3829,88.26,-24.814
3830,30.369,-22.58
3831,54.12,-4.9587
3832,3.1705,-64.691
3833,42.678,-79.697
3834,-10.353,-52.147
3835,38.885,-34.822
3836,28.008,-27.618
3837,-32.329,-12.119
3838,-53.532,-85.939
3839,90.797,-27.375
3840,48.908,-65.424
3841,46.492,-77.753
3842,84.225,-4.4898
3843,31.029,1.7646
3844,46.118,-13.71
3845,29.311,-17.672
3846,55.237,2.3527
3847,59.248,-49.058
3848,-7.9145,-47.974
3849,-51.724,-38.799
3850,28.358,36.728
3851,-85.182,2.8466
3852,60.648,-13.993
3853,41.343,-83.717
3854,67.494,-60.667
3855,80.747,-0.4837
3856,43.622,-34.858
3857,87.686,-13.038
3858,-52.456,67.655
3859,19.369,9.2304
3860,56.61,16.733
3861,49.742,-23.08
3862,82.893,-5.0942
3863,4.3444,-61.068
3864,29.067,-20.519
3865,-55.562,-79.237
3866,-12.283,-33.389
3867,-97.788,-30.41
3868,36.146,-15.516
3869,36.924,74.341
3870,83.997,-19.917
3871,35.678,-90.591
3872,-26.501,-33.785
3873,35.828,-34.136
3874,39.523,-34.508
3875,51.382,-85.01
3876,61.298,-61.326
3877,84.171,-26.213
3878,84.636,-37.029
3879,38.378,-33.202
3880,91.899,-25.969
3881,35.42,-11.673
3882,64.167,-11.618
3883,84.858,-11.035
3884,86.063,-12.066
3885,53.856,3.6415
3886,73.744,-14.716
3887,-53.954,-16.378
3888,35.076,-20.392
3889,37.595,-53.571
3890,70.478,-16.192
3891,82.683,-31.32
3892,-32.149,-11.967
3893,-81.15,-54.874
3894,-84.644,-7.5608
3895,31.062,-68.64
3896,71.545,-5.3887
3897,-54.346,-42.216
3898,48.189,11.504
3899,4.0743,-66.103
3900,39.545,-64.941
3901,47.166,-41.804
3902,38.959,-34.963
3903,84.553,-37.193
3904,63.195,11.204
3905,74.845,-7.3218
3906,-83.221,34.002
3907,18.929,-24.969
3908,29.643,-69.737
3909,78.244,-49.745
3910,47.556,-73.791
3911,56.289,-56.891
3912,22.695,-98.094
3913,66.863,-15.576
3914,66.149,-46.578
3915,30.862,32.4
3916,10.227,-50.214
3917,73.066,-59.216
3918,35.836,-21.228
3919,-6.5864,-91.45
3920,32.317,29.368
3921,25.872,-92.453
3922,48.31,14.021
3923,82.598,-26.404
3924,67.659,-57.665
3925,30.123,-91.156
3926,-54.082,-79.728
3927,-41.275,-30.394
3928,-49.219,-51.421
3929,57.52,20.456
3930,86.658,-37.819
3931,-49.742,-12.889
3932,90.452,-29.552
3933,-6.38,-50.181
3934,35.324,-73.305
3935,84.828,-13.344
3936,-6.1383,-37.82
3937,35.136,64.428
3938,34.436,-71.415
3939,6.666,27.438
3940,52.566,5.4188
3941,80.609,-4.6096
3942,41.624,-63.863
3943,48.783,-24.197
3944,45.148,-63.837
3945,-6.0518,-50.529
3946,48.35,-53.432
3947,91.545,-18.692
3948,13.402,12.63
3949,43.324,-18.398
3950,51.231,-77.152
3951,57.658,-11.199
3952,52.698,-3.6687
3953,85.693,-16.301
3954,17,-41.718
3955,-35.948,66.281
3956,24.565,-95.49
3957,-47.357,-86.927
3958,-18.262,-53.838
3959,13.069,-82.333
3960,61.631,-8.9603
3961,27.468,-93.436
3962,-43.472,65.775
3963,29.636,-21.03
3964,43.138,-73.864
3965,55.084,-59.3
3966,68.654,-60.544
3967,86.766,-13.049
3968,23.914,-36.694
3969,44.738,-83.972
3970,47.64,-46.182
3971,15.276,-68.535
3972,40.762,-72.348
3973,63.187,-50.512
3974,-24.388,-33.463
3975,-52.887,-79.844
3976,61.508,-21.934
3977,82.473,-25.449
3978,36.312,-12.648
3979,59.997,-18.804
3980,-2.3199,-58.542
3981,-10.383,-93.958
3982,-74.822,-47.856
3983,-72.323,-45.37
3984,23.315,-77.846
3985,-60.948,-34.252
3986,-1.6601,52.696
3987,82.17,-35.059
3988,-33.801,-4.96
3989,61.569,-5.1251
3990,6.4827,-24.855
3991,47.824,15.484
3992,49.109,-25.832
3993,62.507,-7.5484
3994,36.949,-19.062
3995,59.523,-35.56
3996,-10.65,-95.713
3997,43.369,-70.674
3998,-43.915,6.8759
3999,66.953,-1.7868
4000,76.433,-0.60747
4001,83.322,-11.041
4002,-6.5434,-52.18
4003,10.033,78.648
4004,13.863,98.135
4005,43.739,-60.154
4006,-7.2965,-24.482
4007,56.255,-67.941
4008,60.383,-55.201
4009,25.506,-15.402
4010,-30.04,9.0139
4011,58.684,-0.91991
4012,23.37,-94.728
4013,87.794,-40.421
4014,-4.1043,-84.724
4015,-80.899,0.85975
4016,58.425,-46.159
4017,63.07,-0.47966
4018,9.0405,-51.282
4019,-39.031,-74.362
4020,86.027,-4.2682
4021,15.112,-65.359
4022,55.119,8.7852
4023,43.352,-47.506
4024,65.564,-21.23
4025,30.129,-40.574
4026,19.925,-56.528
4027,3.5011,-63.203
4028,39.535,-57.028
4029,52.205,-47.08
4030,20.641,-93.264
4031,49.561,-49.193
4032,60.701,-4.4851
4033,25.569,-0.23301
4034,44.818,-29.184
4035,25.231,-15.747
4036,52.811,8.1287
4037,75.616,-1.9604
4038,25.453,-45.006
4039,-86.35,34.422
4040,41.05,-50.62
4041,-12.262,-40.62
4042,37.681,-90.71
4043,56.656,-54.522
4044,27.656,-27.442
4045,46.558,20.633
4046,-57.77,-79.75
4047,-12.747,-33.615
4048,74.863,-6.249
4049,1.1197,-63.968
4050,65.921,-16.74
4051,-9.3972,35.844
4052,25.964,-45.602
4053,-37.564,-15.486
4054,-54.917,18.414
4055,63.173,-10.426
4056,-0.35396,-44.038
4057,46.399,48.951
4058,23.489,-90.283
4059,-17.94,-42.477
4060,47.608,3.6787
4061,46.823,8.2989
4062,64.348,-52.232
4063,31.471,-69.771
4064,81.766,-17.484
4065,32.046,-19.192
4066,44.103,-56.148
4067,49.55,35.647
4068,14.667,15.824
4069,50.743,-65.8
4070,49.244,-10.691
4071,43.675,-12.855
4072,87.122,-2.5366
4073,24.215,-94.138
4074,38.619,-88.867
4075,40.621,-14.567
4076,-48.667,-31.727
4077,26.013,-16.212
4078,-3.7849,17.808
4079,74.306,-57.011
4080,36.753,-33.237
4081,-56.306,-79.161
4082,38.897,-76.368
4083,45.964,11.165
4084,29.879,-85.536
4085,33.409,-17.055
4086,-9.7802,-17.823
4087,59.315,41.92
4088,21.517,-89.635
4089,60.419,-68.328
4090,37.166,-34.728
4091,65.684,-3.576
4092,-14.148,-52.628
4093,14.415,-37.858
4094,78.539,-46.504
4095,70.084,-15.66
4096,49.688,-48.261
4097,60.268,14.065
4098,-33.465,-19.799
4099,28.179,-46.972
4100,16.205,10.762
4101,67.982,-18.792
4102,85.174,-6.3478
4103,16.178,-23.953
4104,34.389,9.2886
4105,42.047,-69.294
4106,93.258,-26.702
4107,37.244,-9.7887
4108,48.143,-47.941
4109,-57.268,-79.517
4110,71.751,-17.327
4111,38.105,-30.73
4112,27.739,-67.188
4113,40.697,-12.231
4114,-22.595,-31.45
4115,-80.886,-54.924
4116,60.154,0.56388
4117,63.773,-50.999
4118,-6.1658,-36.528
4119,63.045,-8.9486
4120,41.968,45.871
4121,33.362,-4.259
4122,39.631,-90.424
4123,59.89,-63.115
4124,50.395,-64.416
4125,-49.768,47.368
4126,-52.544,-1.0018
4127,-60.053,20.719
4128,62.567,13.121
4129,37.352,27.073
4130,-65.141,-72.132
4131,-78.775,-6.8777
4132,-32.931,-19.871
4133,2.3872,-28.016
4134,43.249,-20.263
4135,-15.099,-29.31
4136,17.807,-18.718
4137,28.814,-93.252
4138,65.554,-21.826
4139,65.014,-6.1473
4140,89.787,-23.857
4141,43.276,-79.911
4142,25.823,-68.845
4143,-33.415,-22.81
4144,-76.962,59.928
4145,40.833,12.477
4146,58.086,-45.663
4147,81.232,-0.4406
4148,33.689,-72.684
4149,33.439,-73.017
4150,74.061,-61.502
4151,26.204,10.804
4152,39.685,14.808
4153,56.733,17.872
4154,-29.661,-32.076
4155,-4.9085,-14.607
4156,89.998,-27.116
4157,17.42,10.393
4158,42.871,-26.472
4159,-46.614,1.6435
4160,-72.806,-1.6078
4161,17.298,-64.129
4162,3.2955,-38.404
4163,38.63,-34.168
4164,59.377,-51.521
4165,40.469,-41.423
4166,56.993,-19.317
4167,87.721,-24.9
4168,86.489,-10.213
4169,85.367,-6.3259
4170,-41.484,-38.625
4171,-65.928,5.3461
4172,34.473,-68.408
4173,-53.161,-79.457
4174,32.841,-21.991
4175,38.895,-31.265
4176,87.773,-21.939
4177,14.036,7.1373
4178,35.263,-6.9384
4179,-17.884,-48.348
4180,-21.504,-67.018
4181,6.4729,59.343
4182,45.732,-13.721
4183,42.436,14.524
4184,38.553,13.522
4185,53.81,-82.052
4186,66.044,-50.711
4187,88.161,-41.368
4188,62.141,-42.538
4189,35.787,-70.633
4190,85.618,-15.765
4191,39.188,-70.959
4192,79.554,-15.407
4193,82.02,-8.2577
4194,43.845,20.021
4195,50.796,21.765
4196,24.303,-65.676
4197,-82.28,-7.6896
4198,-61.594,32.883
4199,35.063,-6.9693
4200,-63.083,19.778
4201,14.424,90.968
4202,-64.63,4.1845
4203,-0.15857,26.555
4204,-86.435,25.212
4205,23.02,0.87587
4206,-26.101,-30.525
4207,51.541,-62.105
4208,85.933,-5.4251
4209,2.5408,8.7985
4210,-10.918,-17.569
4211,88.159,-24.897
4212,66.466,-30.107
4213,48.392,-63.635
4214,-82.412,30.259
4215,66.002,-16.111
4216,12.038,-86.75
4217,44.16,-63.243
4218,45.43,-43.958
4219,41.287,-75.277
4220,-54.8,64.525
4221,-60.359,-82.469
4222,8.0596,-83.158
4223,-29.202,-89.206
4224,-5.3298,-80.138
4225,38.623,-35.017
4226,84.399,-4.1158
4227,-93.889,29.26
4228,38.437,-28.273
4229,-57.68,9.8762
4230,-45.935,-86.694
4231,47.766,-50.945
4232,31.953,-39.396
4233,-9.2012,-85.534
4234,-50.895,19.915
4235,39.067,-34.759
4236,40.392,5.2668
4237,43.436,-47.621
4238,19.697,-58.322
4239,-68.023,-19.94
4240,55.01,16.022
4241,35.193,-86.407
4242,63.351,31.731
4243,-5.9998,-92.128
4244,63.228,-50.526
4245,82.021,-35.859
4246,-34.139,3.3632
4247,72.047,2.173
4248,40.244,-91.384
4249,-46.91,-0.26616
4250,40.726,-6.6942
4251,31.771,-39.378
4252,40.258,-12.508
4253,4.3013,-27.745
4254,-56.988,-79.581
4255,96.39,-62.736
4256,-64.24,24.734
4257,38.811,-30.806
4258,52.733,-53.548
4259,-45.456,72.384
4260,44.005,-65.804
4261,30.396,-4.1413
4262,-47.321,63.838
4263,29.105,-9.191
4264,80.407,0.47808
4265,-31.868,-57.015
4266,-66.663,-39.828
4267,21.892,-31.496
4268,38.203,-18.365
4269,37.832,-32.92
4270,19.313,-66.179
4271,14.343,-27.781
4272,16.903,-64.246
4273,60.874,-4.051
4274,39.32,-74.503
4275,-6.4669,-7.0634
4276,33.931,-53.186
4277,14.418,-70.242
4278,47.755,-26.483
4279,-4.987,-41.462
4280,-60.818,15.527
4281,-16.101,33.549
4282,-53.732,-80.437
4283,-55.392,-79.732
4284,-13.531,-33.444
4285,44.627,-10.723
4286,14.126,44.945
4287,61.455,-59.256
4288,-21.092,-72.59
4289,28.673,-28.077
4290,-55.229,-79.129
4291,10.528,-41.575
4292,7.3353,-26.528
4293,62.266,-15.069
4294,39.087,-34.432
4295,-55.57,-80.015
4296,-76.728,-46.56
4297,30.164,-41.473
4298,82.673,-12.834
4299,11.624,45.401
4300,14.554,-9.8962
4301,5.3633,-71.767
4302,51.762,3.2765
4303,43.599,-71.266
4304,38.639,-11.738
4305,1.9528,-65.028
4306,-11.215,-82.908
4307,-60.229,30.148
4308,68.206,-50.899
4309,88.282,-20.645
4310,23.089,-78.888
4311,22.02,-65.508
4312,-2.1571,9.7486
4313,36.128,67.429
4314,-33.902,-28.068
4315,50.644,-78.291
4316,49.143,-63.566
4317,56.248,17.768
4318,43.513,-48.331
4319,-27.57,88.066
4320,-24.019,72.924
4321,29.372,-7.4566
4322,22.954,-61.154
4323,28.938,-92.197
4324,0.18686,-60.442
4325,85.573,-1.6595
4326,28.383,-90.553
4327,-67.454,-6.6249
4328,-13.997,-52.414
4329,35.224,-22.411
4330,-46.176,-87.995
4331,60.999,15.441
4332,45.016,1.6053
4333,56.251,-38.704
4334,29.55,-92.067
4335,38.058,-12.806
4336,63.48,-66.574
4337,2.0417,-40.743
4338,35.507,28.31
4339,-4.1902,46.719
4340,-7.6031,84.161
4341,-30.528,30.357
4342,3.9511,63.972
4343,77.594,-56.464
4344,-56.599,-19.39
4345,-40.237,38.491
4346,36.303,-13.976
4347,29.91,-96.67
4348,-1.9262,10.871
4349,5.3214,-34.067
4350,5.4139,-33.281
4351,7.4489,5.7716
4352,-47.427,87.887
4353,-90.752,30.269
4354,49.907,29.734
4355,50.435,-69.387
4356,-56.88,-82.139
4357,-38.436,-77.103
4358,44.636,-73.084
4359,74.294,-61.656
4360,1.017,74.36
4361,-79.306,28.156
4362,46.655,40.318
4363,6.0112,97.614
4364,53.967,-3.5617
4365,70.796,-13.082
4366,76.897,-47.187
4367,80.238,-31.322
4368,8.8761,9.698
4369,10.831,-90.753
4370,74.431,-43.674
4371,26.73,-40.605
4372,27.819,-90.009
4373,59.716,-57.82
4374,32.793,-14.773
4375,-18.759,37.408
4376,70.95,-19.163
4377,59.295,-52.238
4378,41.067,-49.524
4379,-23.949,-69.693
4380,6.3347,-33.239
4381,-27.733,-61.489
4382,1.8714,-66.139
4383,11.299,-35.733
4384,-76.31,33.379
4385,44.192,-79.517
4386,35.065,-6.3169
4387,31.661,-89.598
4388,40.885,-12.784
4389,9.0184,34.712
4390,44.719,-65.605
4391,-41.135,69.109
4392,65.116,-17.537
4393,-74.603,-47.672
4394,-12.24,-55.646
4395,-21.378,-24.832
4396,47.898,23.671
4397,93.106,-17.407
4398,85.419,-4.221
4399,38.498,-18.114
4400,35.368,40.451
4401,44.742,-61.498
4402,55.786,-7.2424
4403,24.926,-92.879
4404,9.9375,13.678
4405,-57.676,67.312
4406,35.78,13.824
4407,-41.499,-4.7596
4408,-6.58,-88.382
4409,64.409,-7.0314
4410,40.105,-31.015
4411,16.915,90.581
4412,44.5,1.4837
4413,19.249,-36.617
4414,53.438,8.1843
4415,-6.5706,-35.103
4416,72.514,-4.5295
4417,17.404,-77.513
4418,100.85,-67.807
4419,-15.011,86.557
4420,-31.369,-7.4668
4421,-28.697,91.339
4422,2.4503,-30.825
4423,50.968,-72.893
4424,53.616,5.1305
4425,28.278,-91.312
4426,19.437,-58.346
4427,21.509,-73.992
4428,73.199,-55.903
4429,37.277,-18.102
4430,26.849,17.371
4431,53.802,33.843
4432,-24.675,70.639
4433,-13.507,-31.654
4434,-8.3339,-36.907
4435,-80.065,27.856
4436,83.796,-4.2484
4437,21.414,-76.392
4438,-9.3994,-32.598
4439,11.414,52.427
4440,37.353,27.371
4441,29.925,-21.381
4442,-73.712,-26.265
4443,-23.027,28.24
4444,-48.822,59.118
4445,47.599,17.757
4446,74.804,-43.343
4447,-0.51925,-55.127
4448,23.899,6.3874
4449,55.022,8.9282
4450,-34.303,2.6204
4451,44.112,2.8186
4452,51.259,20.422
4453,-29.28,78.127
4454,-19.628,87.632
4455,-30.932,84.106
4456,19.14,34.35
4457,38.071,-30.436
4458,58.418,-6.4046
4459,8.7452,-22.386
4460,19.258,-87.021
4461,-0.81403,-61.023
4462,37.473,74.728
4463,80.361,-53.315
4464,-7.6901,-47.34
4465,59.594,6.3507
4466,72.827,-7.0736
4467,-14.823,-71.882
4468,-34.716,69.918
4469,63.061,26.112
4470,42.833,-45.826
4471,84.541,-3.8589
4472,-53.847,-79.669
4473,-18,-86.513
4474,-64.499,-83.29
4475,28.572,33.721
4476,2.3116,51.885
4477,46.549,-23.291
4478,51.215,-25.013
4479,52.539,-57.719
4480,53.05,4.0487
4481,-24.915,83.651
4482,31.3,22.856
4483,-0.9527,-49.581
4484,-8.0954,92.489
4485,29.268,27.743
4486,44.704,-42.444
4487,44.051,-50.263
4488,-31.687,16.641
4489,-17.325,51.86
4490,-20.938,91.947
4491,16.371,-72.558
4492,-23.379,-76.361
4493,-69.465,66.119
4494,-41.457,1.6143
4495,-40.681,-5.7581
4496,32.256,-86.924
4497,18.748,-37.036
4498,66.446,-52.515
4499,33.532,-12.6
4500,55.834,17.952
4501,4.0518,-84.326
4502,-31.5,83.711
4503,-46.036,70.29
4504,-38.804,-73.288
4505,-31.865,52.625
4506,-36.006,0.53655
4507,43.097,45.146
4508,16.172,-98.716
4509,-27.273,-9.3137
4510,7.6825,36.955
4511,34.544,60.241
4512,20.177,88.508
4513,-56.596,-83.061
4514,-81.82,-25.194
4515,45.94,14.874
4516,25.219,-60.867
4517,-65.096,65.203
4518,74.593,-44.38
4519,-56.044,11.421
4520,-14.119,-88.087
4521,-61.502,17.996
4522,53.277,17.344
4523,48.997,-86.549
4524,52.676,-40.003
4525,-7.772,-41.758
4526,0.92425,-60.703
4527,33.905,-46.286
4528,0.031336,-62.064
4529,-63.342,78.558
4530,21.032,-81.983
4531,45.04,-56.106
4532,3.2634,-38.577
4533,-11.47,72.079
4534,-50.482,-51.493
4535,34.51,-47.316
4536,27.778,-89.661
4537,51.731,-55.833
4538,78.275,-48.532
4539,32.664,-67.454
4540,22.333,-52.426
4541,3.656,17.734
4542,-19.886,83.965
4543,-28.361,59.367
4544,-47.721,-33.711
4545,20.694,0.15306
4546,-55.884,-25.989
4547,18.723,6.2981
4548,36.26,91.59
4549,59.682,27.941
4550,39.574,-19.365
4551,-14.239,-69.073
4552,-32.116,52.134
4553,-52.961,81.279
4554,-45.589,-0.4856
4555,60.365,-14.322
4556,15.303,6.3158
4557,-50.362,53.319
4558,33.111,62.371
4559,27.906,-39.185
4560,31.269,-66.732
4561,-51.164,46.402
4562,-60.313,14.738
4563,61.259,3.4621
4564,-17.098,-15.589
4565,4.4807,16.925
4566,43.074,83.274
4567,10.585,-26.026
4568,26.848,-38.588
4569,42.337,-54.923
4570,1.3254,-64.136
4571,-72.209,15.681
4572,-40.241,83.117
4573,-5.3276,61.504
4574,-24.983,84.558
4575,-46.221,66.864
4576,-85.689,20.251
4577,-85.356,20.222
4578,60.641,-12.831
4579,30.813,-70.965
4580,29.267,-24.817
4581,-52.719,17.388
4582,-31.129,-66.185
4583,-46.41,69.711
4584,-24.929,30.515
4585,-60.305,43.91
4586,84.165,-27.98
4587,-84.19,37.581
4588,81.158,-10.233
4589,10.863,92.201
4590,-2.0084,24.606
4591,-24.603,84.757
4592,18.637,-23.272
4593,-52.739,24.346
4594,-14.913,95.456
4595,-26.381,82.084
4596,-5.9805,80.28
4597,-28.268,78.02
4598,-61.158,73.052
4599,10.526,-91.364
4600,77.916,-12.172
4601,3.0692,-53.907
4602,-59.123,7.974
4603,46.105,-14.679
4604,20.56,-92.674
4605,59.877,28.108
4606,3.7536,-9.4732
4607,-48.374,68.347
4608,44.362,-34.64
4609,23.984,-47.013
4610,-116.29,7.9288
4611,-5.5301,88.839
4612,28.747,-97.144
4613,-5.7974,88.164
4614,-44.029,55.997
4615,-24.674,46.512
4616,-19.898,84.55
4617,35.168,-74.1
4618,86.031,-39.305
4619,27.615,-27.429
4620,-52.774,-46.694
4621,-52.952,-23.394
4622,-47.723,53.09
4623,106.7,10.295
4624,69.984,-7.532
4625,-37.838,-1.281
4626,-11.832,-33.726
4627,3.888,79.913
4628,-65.41,72.893
4629,52.165,32.692
4630,18.402,-84.08
4631,61.069,3.1289
4632,17.155,90.586
4633,29.549,70.804
4634,20.148,7.9558
4635,52.872,-31.041
4636,54.126,18.941
4637,89.822,45
4638,-105.24,16.072
4639,-49.19,80.685
4640,35.755,60.907
4641,-70.143,36.986
4642,54.706,60.125
4643,-49.366,23.112
4644,-103.09,31.499
4645,57.34,20.326
4646,-25.138,-71.755
4647,-8.2488,-22.32
4648,18.184,-54.177
4649,22.604,-36.002
4650,-3.5215,82.884
4651,-99.386,-28.81
4652,15.314,13.175
4653,-14.985,-85.544
4654,-6.0989,40.526
4655,33.759,-84.409
4656,56.103,-79.714
4657,-99.905,-30.43
4658,-56.03,24.202
4659,53.517,15.843
4660,-28.44,-82.178
4661,-7.2039,-92.207
4662,69.608,-9.5861
4663,-45.812,49.198
4664,-27.626,83.222
4665,-76.239,55.618
4666,-34.311,-10.133
4667,77.737,-55.072
4668,40.232,-20.604
4669,-62.427,21.946
4670,-59.586,27.682
4671,-34.706,51.34
4672,31.07,-23.73
4673,48.388,58.343
4674,9.4725,34.782
4675,-56.18,-84.043
4676,28.031,-94.771
4677,-37.062,42.797
4678,-56.604,17.576
4679,-11.174,92.041
4680,-1.2283,50.693
4681,-6.3821,89.294
4682,10.61,16.97
4683,-28.801,-2.8457
4684,29.517,-40.528
4685,11.963,-67.165
4686,24.576,-32.239
4687,-14.396,-53.136
4688,-32.261,88.97
4689,-32.955,52.013
4690,-82.843,26.304
4691,69.508,-23.866
4692,11.403,-57.893
4693,-50.084,13.454
4694,33.504,62.479
4695,27.258,91.739
4696,-89.382,24.437
4697,-33.42,90.099
4698,-81.079,31.164
4699,-28.882,77.285
4700,82.513,-48.076
4701,32.929,94.616
4702,-32.171,52.331
4703,31.602,92.463
4704,-31.042,84.011
4705,-19.022,37.392
4706,1.3886,-63.084
4707,-39.701,-15.006
4708,53.537,3.2184
4709,17.946,-60.598
4710,31.161,-22.214
4711,-56.947,-79.721
4712,29.203,50.177
4713,29.326,88.908
4714,5.2818,95.509
4715,-42.94,-14.406
4716,31.445,22.89
4717,-22.433,-10.148
4718,82.073,-17.511
4719,-0.5727,-25.374
4720,-5.8286,89.316
4721,22.644,-81.138
4722,-51.731,-55.201
4723,-2.9965,81.043
4724,-47.602,-88.374
4725,41.417,-80.871
4726,-17.255,-53.495
4727,48.632,-4.491
4728,-46.594,63.383
4729,34.988,94
4730,-21.581,3.1428
4731,-45.501,-7.6673
4732,-31.951,12.329
4733,66.778,27.682
4734,11.901,-69.518
4735,-11.988,44.537
4736,13.007,-30.914
4737,24.75,-39.662
4738,-39.548,-91.009
4739,-47.629,55.475
4740,74.694,30.989
4741,57.929,-56.122
4742,-32.376,-29.707
4743,11.049,96.578
4744,-33.435,86.845
4745,65.794,-67.877
4746,-23.131,-61.67
4747,58.119,-46.344
4748,39.135,-39.218
4749,-1.6761,95.988
4750,-26.531,45.606
4751,-45.772,70.524
4752,-83.127,36.025
4753,35.779,-34.722
4754,-23.733,-71.306
4755,-48.877,35.517
4756,13.445,98.872
4757,53.198,28.817
4758,33.964,-36.576
4759,-28.499,90.424
4760,-62.978,72.215
4761,-20.302,-59.52
4762,-22.809,-6.5941
4763,39.339,-72.556
4764,42.433,81.735
4765,-72.881,61.976
4766,49.911,-23.019
4767,52.402,-8.1064
4768,68.206,-59.71
4769,47.789,9.3106
4770,29.995,-91.304
4771,-5.075,91.6
4772,22.883,96.078
4773,-56.211,-81.593
4774,44.431,-23.754
4775,15.031,9.9042
4776,-54.24,29.121
4777,-73.514,52.691
4778,-9.0547,95.402
4779,49.096,8.7681
4780,-62.429,-83.986
4781,-102.99,15.908
4782,-35.06,-1.3622
4783,-52.793,78.003
4784,-4.8022,90.419
4785,-10.154,94.815
4786,40.041,-79.327
4787,-30.122,-56.092
4788,-28.602,87.264
4789,-43.058,11.461
4790,-46.784,26.163
4791,-24.103,-32.909
4792,35.02,-49.611
4793,16.026,-73.126
4794,-51.739,73.748
4795,-10.361,98.387
4796,32.926,89.62
4797,-44.522,56.188
4798,51.635,-16.618
4799,-46.903,-87.563
4800,49.582,-62.518
4801,-14.555,-91.896
4802,1.2454,66.317
4803,-22.549,72.24
4804,77.11,-54.244
4805,4.2172,56.489
4806,-25.64,81.54
4807,55.978,26.257
4808,25.474,-50.004
4809,43.236,82.196
4810,-10.766,93.607
4811,-6.501,86.46
4812,49.829,-23.103
4813,-92.944,14.663
4814,66.98,-15.8
4815,61.31,-67.39
4816,88.958,-10.257
4817,-71.157,35.376
4818,-33.983,50.402
4819,7.4936,-84.723
4820,1.3801,65.056
4821,-30.976,-57.341
4822,-22.21,-56.398
4823,33.354,61.913
4824,-33.464,66.57
4825,25.323,-10.439
4826,55.332,10.063
4827,70.361,53.853
4828,58.413,-16.719
4829,-66.249,64.446
4830,-6.5369,86.411
4831,39.465,72.387
4832,71.09,33.128
4833,7.1582,-82.819
4834,41.875,-69.67
4835,36.979,-42.309
4836,70.958,-13.242
4837,-19.897,83.94
4838,-52.98,-79.226
4839,9.9644,-41.038
4840,35.763,66.211
4841,-0.7966,30.551
4842,47.181,-36.286
4843,11.797,-59.803
4844,33.838,-27.89
4845,-22.182,-56.241
4846,41.174,-27.299
4847,6.3291,35.261
4848,36.749,69.806
4849,-40.217,84.779
4850,25.543,-96.389
4851,-77.257,-55.778
4852,37.085,19.019
4853,-21.929,68.588
4854,-10.798,99.894
4855,-3.3966,85.423
4856,-30.51,51.829
4857,-69.372,64.549
4858,-84.027,30.792
4859,57.747,18.425
4860,20.254,-93.955
4861,-27.355,75.435
4862,-103.86,18.057
4863,23.819,92.623
4864,69.439,-5.4602
4865,46.567,-10.885
4866,72.387,37.164
4867,2.4295,7.4536
4868,82.365,-25.649
4869,0.38536,96.539
4870,33.053,62.086
4871,3.1152,-80.387
4872,1.7949,-85.822
4873,9.3688,-81.165
4874,35.727,-8.3667
4875,-42.486,-0.52334
4876,-27.434,45.649
4877,-24.385,80.36
4878,11.48,-0.04911
4879,-82.476,23.785
4880,-46.964,35.752
4881,16.904,-74.03
4882,-54.495,-80.741
4883,36.007,-5.4935
4884,-12.79,75.039
4885,58.302,32.17
4886,7.4318,-84.521
4887,59.171,-5.6167
4888,28.156,-37.859
4889,-23.904,-11.094
4890,-94.838,26.728
4891,16.001,-62.955
4892,57.324,7.8028
4893,-1.3758,50.128
4894,-42.96,54.948
4895,-10.486,-94.697
4896,30.417,-40.103
4897,-25.423,-31.576
4898,-30.026,-31.838
4899,19.216,-56.987
4900,-66.534,73.939
4901,41.136,56.537
4902,33,-92.336
4903,12.669,-25.602
4904,-57.906,54.899
4905,-10.39,82.263
4906,-66.674,67.428
4907,-3.7284,86.39
4908,2.7601,9.5287
4909,-60.41,-78.091
4910,56.234,23.187
4911,89.204,-30.864
4912,-30.61,93.116
4913,-56.177,45.774
4914,35.23,61.04
4915,-19.307,40.778
4916,38.542,-58.006
4917,18.009,32.673
4918,-17.229,-53.325
4919,-14.994,75.386
4920,-45.608,45.765
4921,-67.773,39.028
4922,-38.859,74.94
4923,61.239,-10.723
4924,-38.518,-73.815
4925,20.455,42.057
4926,-30.387,83.439
4927,34.855,60.521
4928,-33.189,52.108
4929,-46.104,46.14
4930,43.516,-34.925
4931,57.484,-20.06
4932,8.851,-83.954
4933,-26.841,-4.9986
4934,28.366,-90.65
4935,65.643,-46.34
4936,14.227,-28.654
4937,-1.8514,83.726
4938,2.8291,7.9139
4939,12.566,11.668
4940,49.704,-54.713
4941,-10.385,73.353
4942,-12.349,74.999
4943,50.087,78.99
4944,42.446,-57.594
4945,56.389,31.211
4946,-46.056,-32.812
4947,-53.975,-3.2106
4948,-6.1182,-66.496
4949,-41.178,12.096
4950,22.707,-86.244
4951,42.157,-54.767
4952,-3.9776,33.009
4953,17.547,67.705
4954,-60.604,-83.167
4955,1.4576,9.3481
4956,-30.745,-30.79
4957,27.984,-82.372
4958,-35.149,16.778
4959,40.637,56.9
4960,42.767,25.432
4961,-58.427,-81.9
4962,54.194,-2.4161
4963,58.951,24.204
4964,58.948,76.01
4965,32.912,67.534
4966,-0.39977,41.762
4967,-50.219,-51.148
4968,-10.941,-72.201
4969,-40.769,33.916
4970,-64.142,-83.324
4971,-27.106,-10.053
4972,28.641,-40.493
4973,9.4125,59.094
4974,29.356,40.146
4975,8.2078,-55.495
4976,21.024,91.779
4977,-44.045,9.804
4978,30.934,-46.568
4979,10.736,95.664
4980,25.794,-96.291
4981,7.2565,-84.446
4982,40.72,57.277
4983,-9.015,74.17
4984,33.306,61.748
4985,-29.958,44.151
4986,59.604,27.921
4987,-40.696,-75.693
4988,22.862,-61.026
4989,44.974,-2.8408
4990,13.295,47.655
4991,-52.552,-22.028
4992,-32.762,11.098
4993,-7.7447,75.276
4994,-6.0744,87.233
4995,-33.149,51.247
4996,-86.079,31.687
4997,-42.821,-1.3556
4998,61.533,20.752
4999,4.965,28.493
5000,-45.263,36.046
5001,-25.06,68.099
5002,-21.705,69.155
5003,-32.891,53.607
5004,16.956,40.831
5005,-20.678,69.978
5006,-16.502,89.001
5007,4.1412,22.14
5008,56.337,18.31
5009,-61.435,-84.386
5010,-8.3579,56.728
5011,71.189,-51.343
5012,57.441,52.852
5013,49.038,19.2
5014,-26.24,24.314
5015,64.238,-63.097
5016,49.5,9.1443
5017,29.044,-94.614
5018,-42.134,-30.377
5019,8.3759,-83.823
5020,-71.948,50.845
5021,-32.97,51.703
5022,-22.388,39.902
5023,-49.334,-26.516
5024,-71.912,29.484
5025,69.679,-2.8716
5026,46.65,52.554
5027,-44.634,55.698
5028,54.34,26.203
5029,-55.616,-78.034
5030,-35.469,36.689
5031,26.935,54.415
5032,24.579,-40.844
5033,-53.938,54.836
5034,-41.472,12.002
5035,-56.418,-83.082
5036,54.43,20.088
5037,-30.095,8.7108
5038,33.095,-52.867
5039,23.749,6.3862
5040,64.138,-21.789
5041,56.128,32.021
5042,-102.47,19.408
5043,16.162,-1.3547
5044,9.8597,-41.954
5045,-22.064,67.216
5046,-68.787,66.885
5047,-61.966,72.413
5048,21.646,87.959
5049,77.646,33.246
5050,-62.183,76.383
5051,-52.943,-23.864
5052,-31.691,84.203
5053,-50.09,86.743
5054,40.748,56.838
5055,38.139,-46.435
5056,10.566,-91.355
5057,-64.509,-81.366
5058,37.623,45.951
5059,0.91417,9.9821
5060,-69.523,66.703
5061,-34.106,5.0918
5062,-27.664,52.333
5063,-34.385,27.568
5064,-31.569,50.69
5065,45.901,-46.097
5066,-43.631,0.3693
5067,-65.124,-72.148
5068,-59.007,-82.018
5069,-21.017,-78.809
5070,-12.509,-55.205
5071,-24.822,15.785
5072,-43.709,47.676
5073,65.619,27.307
5074,-84.551,21.303
5075,-96.421,3.1798
5076,-4.5736,86.879
5077,17.034,40.091
5078,25.965,-18.444
5079,16.459,30.525
5080,-37.764,-14.587
5081,9.2658,-10.612
5082,60.229,16.128
5083,61.214,55.309
5084,46.14,71.994
5085,50.49,-25.407
5086,-53.383,-80.807
5087,96.943,45.002
5088,40.402,57.518
5089,-71.266,-43.624
5090,23.261,-93.805
5091,-34.652,13.753
5092,21.863,-94.134
5093,-31.441,93.276
5094,38.993,32.543
5095,67.85,52.557
5096,-25.73,16.685
5097,-1.4022,25.162
5098,7.6434,-52.665
5099,-5.2048,85.95
5100,20.805,-82.694
5101,57.339,20.644
5102,14.921,-11.862
5103,-52.975,-79.181
5104,-22.848,81.545
5105,-23.309,22.378
5106,-22.97,19.33
5107,-21.75,68.234
5108,57.664,16.372
5109,-3.1264,86.207
5110,46.159,-67.842
5111,-8.8161,74.284
5112,-13.376,91.843
5113,98.227,20.31
5114,-78.427,45.974
5115,-39.124,54.88
5116,-13.474,75.031
5117,67.6,68.674
5118,-41.764,-20.792
5119,-15.703,44.625
5120,-7.0205,33.772
5121,-4.5786,86.418
5122,-33.676,86.513
5123,-40.781,84.643
5124,-21.662,82.163
5125,-27.749,83.134
5126,23.883,68.183
5127,97.813,54.283
5128,-63.529,-83.346
5129,-62.185,-34.664
5130,-32.963,40.741
5131,-42.632,20.227
5132,-43.734,51.923
5133,-9.6635,74.01
5134,18.553,-80.07
5135,16.439,51.145
5136,40.728,-4.8362
5137,-55.417,-78.217
5138,71.326,27.786
5139,-68.924,61.915
5140,39.892,32.007
5141,-59.825,-85.695
5142,25.103,-94.934
5143,-53.059,79.128
5144,-8.9948,27.19
5145,-58.718,55.004
5146,55.712,-87.621
5147,-30.973,83.707
5148,15.901,71.948
5149,-88.137,27.305
5150,18.573,-83.557
5151,57.181,-34.07
5152,-62.316,-85.926
5153,-48.423,54.686
5154,-58.082,-87.849
5155,61.153,8.2488
5156,-21.694,-78.256
5157,-45.276,35.788
5158,-33.91,52.577
5159,-31.202,57.714
5160,20.197,86.977
5161,-13.776,43.765
5162,10.267,95.48
5163,-24.025,24.484
5164,-13.335,77.685
5165,-26.031,19.833
5166,5.3023,72.32
5167,75.089,31.13
5168,5.4806,47.542
5169,37.974,10.496
5170,21.37,-82.234
5171,-42.102,49.967
5172,-32.248,52.633
5173,-17.655,-85.778
5174,17.599,-82.145
5175,-69.001,67.755
5176,34.394,62.066
5177,-40.519,50.302
5178,10.939,-21.54
5179,-1.5784,16.905
5180,-45.284,-87.87
5181,-41.855,50.178
5182,31.568,54.924
5183,-54.497,-46.333
5184,21.077,-33.542
5185,-12.281,44.874
5186,40.736,57.198
5187,-4.1278,-34.731
5188,-3.6096,84.65
5189,-48.787,78.851
5190,39.354,22.04
5191,-14.801,37.055
5192,-22.866,-66.732
5193,-48.223,35.118
5194,-30.156,54.753
5195,-85.295,26.727
5196,22.439,-10.373
5197,5.5573,-54.69
5198,-54.011,-87.112
5199,34.997,60.6
5200,-45.294,71.51
5201,-67.301,-39.65
5202,-51.592,52.3
5203,-54.593,71.838
5204,19.214,-83.833
5205,62.975,36.237
5206,-21.512,82.521
5207,-12.315,93.02
5208,-10.793,-7.2484
5209,24.729,74.82
5210,-11.972,78.908
5211,-9.3504,34.801
5212,58.658,-34.664
5213,18.655,-54.213
5214,30.227,55.317
5215,-43.903,47.189
5216,-42.396,-24.228
5217,10.406,-82.732
5218,-51.798,-37.889
5219,24.481,21.132
5220,60.601,25.218
5221,-50.402,-50.997
5222,-7.6873,94.055
5223,38.795,70.662
5224,58.755,42.567
5225,-12.223,-57.321
5226,9.3003,15.264
5227,-0.28775,14.604
5228,-88.836,27.685
5229,7.2625,-84.88
5230,-8.057,75.134
5231,-12.522,78.285
5232,-10.681,44.275
5233,-24.932,19.226
5234,-12.475,75.296
5235,-69.196,38.773
5236,8.6503,-63.194
5237,42.399,14.542
5238,20.85,86.027
5239,1.8526,100.96
5240,9.7632,-39.053
5241,36.706,-77.881
5242,17.134,-13.977
5243,-31.107,43.242
5244,20.028,0.54937
5245,-61.782,56.008
5246,40.547,57.475
5247,24.077,-40.348
5248,-50.043,-79.618
5249,40.816,-86.175
5250,-74.116,32.57
5251,-40.223,82.452
5252,-83.29,17.815
5253,-50.086,77.675
5254,-24.962,18.76
5255,-57.801,67.432
5256,-87.31,-40.016
5257,-82.509,25.476
5258,-42.668,-4.6706
5259,-60.235,-82.117
5260,63.692,42.091
5261,-31.498,52.31
5262,36.79,24.594
5263,-13.989,-26.045
5264,14.511,-35.568
5265,-45.063,56.624
5266,-7.0998,-91.437
5267,-59.805,-84.972
5268,-54.489,-78.775
5269,23.116,72.196
5270,21.987,-82.639
5271,39.056,-63.082
5272,8.0992,-82.844
5273,55.161,-87.502
5274,-6.5372,94.414
5275,-58.744,54.816
5276,-77.97,58.773
5277,5.5103,91.965
5278,67.179,30.601
5279,30.264,51.722
5280,-64.199,56.002
5281,-3.9081,38.414
5282,-25.718,18.918
5283,-3.2162,85.287
5284,-38.702,-84.358
5285,-86.529,-22.134
5286,22.797,67.832
5287,-53.168,78.019
5288,-4.602,34.587
5289,-42.419,64.729
5290,-85.888,34.566
5291,-6.6274,91.998
5292,-16.319,86.269
5293,24.407,-85.206
5294,11.47,30.608
5295,31.542,-79.809
5296,-13.396,44.144
5297,-30.461,44.517
5298,57.043,-2.7073
5299,1.3115,-65.008
5300,12.051,-11.238
5301,-22.15,69.62
5302,-12.548,43.87
5303,-11.949,42.268
5304,10.228,-4.3574
5305,-76.938,30.027
5306,-43.26,55.733
5307,-24.27,52.044
5308,-12.564,75.041
5309,-10.226,42.729
5310,40.614,57.33
5311,-30.704,51.647
5312,-43.698,16.957
5313,-25.573,43.225
5314,23.645,-89.82
5315,-35.718,63.785
5316,47.903,11.885
5317,-87.12,-25.461
5318,-40.619,82.09
5319,45.09,56.417
5320,53.631,-6.7616
5321,-80.718,-58.842
5322,-4.6448,68.814
5323,-12.547,46.325
5324,-32.733,53.106
5325,-29.35,51.216
5326,-44.704,47.27
5327,35.477,66.38
5328,-83.133,18.504
5329,-52.324,51.518
5330,2.7826,25.691
5331,6.5172,91.546
5332,-30.582,51.219
5333,-6.6832,100.57
5334,51.084,62.06
5335,-71.457,49.566
5336,-15.511,43.627
5337,-33.154,-29.005
5338,47.205,-77.874
5339,-38.504,-75.167
5340,-26.328,69.817
5341,-34.886,27.574
5342,-88.175,62.462
5343,-21.71,71.599
5344,-60.031,-31.152
5345,-1.5453,25.237
5346,-64.835,70.563
5347,37.126,58.337
5348,50.194,3.6368
5349,47.526,-85.314
5350,-57.42,-72.417
5351,-59.697,-85.913
5352,-32.2,89.215
5353,-10.803,74.339
5354,-17.479,88.713
5355,34.22,-9.4381
5356,-39.816,-90.585
5357,-29.176,71.958
5358,-41.562,29.226
5359,43.329,2.2852
5360,-25.566,81.957
5361,-9.0045,55.214
5362,46.703,-12.943
5363,-54.04,-45.289
5364,-4.5098,39.174
5365,29.862,96.394
5366,19.939,-86.622
5367,-1.2212,36.096
5368,2.6031,14.354
5369,62.443,71.381
5370,-8.0744,74.499
5371,-54.404,70.422
5372,-24.698,28.942
5373,47.098,3.8972
5374,-2.5458,75.631
5375,28.371,-27.861
5376,-2.9412,84.87
5377,47.823,-19.898
5378,-34.171,28.605
5379,21.054,74.748
5380,-20.309,18.785
5381,-32.164,-6.7033
5382,-60.36,-82.525
5383,19.037,22.798
5384,-24.663,80.953
5385,-42.032,51.578
5386,-90.539,17.113
5387,14.961,-69.441
5388,-58.822,-85.858
5389,-45.474,-86.748
5390,-26.045,36.644
5391,-43.572,55.856
5392,-47.804,14.512
5393,20.168,6.4107
5394,-1.3139,50.409
5395,-6.1179,92.386
5396,46.523,-53.449
5397,48.217,12.963
5398,-50.148,-21.291
5399,-76.947,34.998
5400,30.3,54.87
5401,-5.6871,74.453
5402,-51.529,66.751
5403,-89.898,26.231
5404,-29.465,57.259
5405,27.877,-43.112
5406,-23.589,65.526
5407,2.2311,16.86
5408,-39.46,37.558
5409,-52.852,77.603
5410,33.318,-74.935
5411,21.794,-33.167
5412,25.165,14.793
5413,-51.79,-80.264
5414,-44.441,56.08
5415,-30.258,44.612
5416,-52.839,65.217
5417,1.1243,26.339
5418,6.4049,15.088
5419,-88.617,23.344
5420,-24.475,19.649
5421,30.168,-38.871
5422,12.997,6.3074
5423,-50.174,-21.202
5424,-46.864,-17.353
5425,-28.218,89.702
5426,-25.752,-0.72246
5427,-35.78,4.4009
5428,35.306,-3.9619
5429,-30.235,42.598
5430,-20.789,17.087
5431,-58.356,-79.996
5432,-4.6246,89.04
5433,-25.949,46.749
5434,-28.073,52.313
5435,47.037,13.138
5436,-59.96,-83.571
5437,-6.4896,26.7
5438,-74.046,34.92
5439,52.229,-54.635
5440,-45.118,55.705
5441,-46.122,55.129
5442,-42.671,10.755
5443,106.7,10.296
5444,25.266,31.848
5445,-53.239,28.739
5446,-56.025,44.969
5447,-49.823,66.424
5448,29.583,76.493
5449,-35.762,63.964
5450,-30.803,51.814
5451,-7.8108,89.147
5452,-38.225,43.208
5453,26.536,-80.189
5454,-48.168,13.305
5455,26.903,92.278
5456,-28.976,15.467
5457,34.434,15.136
5458,32.865,-72.753
5459,19.452,-83.697
5460,29.995,20.866
5461,98.547,47.081
5462,-39.149,12.39
5463,-35.487,56.24
5464,-11.786,75.167
5465,-106.43,29.269
5466,45.699,29.238
5467,50.213,15.65
5468,3.5247,-38.681
5469,-44.839,0.024438
5470,-6.4299,89.618
5471,45.379,53.263
5472,63.203,-50.275
5473,-67.337,-79.298
5474,-50.053,-20.867
5475,43.232,-60.889
5476,18.375,-96.88
5477,19.118,-52.058
5478,39.352,54.381
5479,-49.825,46.15
5480,-12.48,-54.234
5481,26.595,-96.901
5482,-32.292,52.09
5483,-51.059,-80.94
5484,20.693,85.31
5485,31.576,-72.828
5486,-2.053,75.969
5487,20.012,91.332
5488,-25.342,-32.39
5489,-3.1656,84.828
5490,23.375,-77.187
5491,28.952,-18.148
5492,-53.177,-10.65
5493,39.673,69.005
5494,61.478,-53.959
5495,28.742,-80.198
5496,-6.2916,89.77
5497,71.367,32.593
5498,-49.743,12.627
5499,-24.637,14.509
5500,23.816,71.386
5501,33.541,-4.2803
5502,-48.924,-84.24
5503,-28.584,-56.004
5504,-0.0088817,50.971
5505,-46.492,-14.82
5506,10.496,16.493
5507,-50.771,-9.9024
5508,-3.3858,24.263
5509,-24.811,18.573
5510,-41.32,54.412
5511,-62.519,-19.41
5512,74.603,-49.096
5513,-101.93,23.367
5514,22.822,-98.099
5515,8.1147,-55.871
5516,10.673,-46.284
5517,27.215,69.039
5518,-5.6335,80.954
5519,11.992,-28.702
5520,20.699,-91.743
5521,42.764,28.195
5522,-68.265,-0.22116
5523,-2.2562,83.738
5524,-22.784,41.948
5525,14.476,-66.574
5526,6.9933,-81.881
5527,26.316,79.599
5528,-68.459,73.861
5529,-41.338,37.89
5530,-33.431,50.8
5531,34.148,53.647
5532,-32.119,29.131
5533,5.8222,96.759
5534,-34.276,25.07
5535,54.738,-48.937
5536,35.927,-44.421
5537,18.251,52.43
5538,23.495,-43.804
5539,29.474,-74.888
5540,25.395,94.153
5541,-5.3423,89.757
5542,-16.975,39.728
5543,-54.905,-28.502
5544,-6.2724,-0.79055
5545,-68.209,-24.337
5546,22.97,-97.793
5547,-53.703,-12.528
5548,-23.778,23.987
5549,24.444,-85.139
5550,36.625,-81.011
5551,-35.793,63.74
5552,25.543,93.23
5553,-24.174,16.522
5554,42.797,26.132
5555,-29.063,15.074
5556,19.489,78.758
5557,-24.763,21.248
5558,6.7028,-82.397
5559,31.409,-85.664
5560,-24.202,72.659
5561,52.074,-9.7878
5562,-48.133,60.838
5563,-23.431,8.91
5564,-44.93,56.322
5565,8.0774,-57.431
5566,-45.333,68.135
5567,-69.535,39.688
5568,15.505,-41.089
5569,54.27,-51.444
5570,-30.819,90.844
5571,-67.193,57.334
5572,15.942,-72.461
5573,-24.106,72.715
5574,-61.416,72.437
5575,32.113,24.008
5576,30.85,56.28
5577,-5.7358,79.795
5578,-47.486,-22.736
5579,64.69,-23.971
5580,24.656,-42.307
5581,-6.3849,49.206
5582,15.706,-38.425
5583,-24.025,52.178
5584,18.164,-39.428
5585,-34.679,11.268
5586,26.789,-94.852
5587,-1.9383,83.966
5588,-9.4806,74.086
5589,-25.286,-7.1748
5590,-0.44994,53.277
5591,-44.465,39.466
5592,-26.094,45.546
5593,33.721,-4.4486
5594,-20.211,14.609
5595,37.716,-41.874
5596,-18.673,78.852
5597,-48.234,14.238
5598,-48.617,35.204
5599,-13.021,98.173
5600,-12.112,75.635
5601,-29.331,34.914
5602,-57.909,44.216
5603,25.725,-94.676
5604,15.698,-38.07
5605,36.841,-70.819
5606,12.607,-12.56
5607,-15.001,95.495
5608,-23.287,21.873
5609,-22.902,21.772
5610,26.315,-46.524
5611,33.941,26.017
5612,18.741,-53.275
5613,-17.51,-15.051
5614,-12.412,-51.489
5615,-11.165,74.297
5616,39.267,56.282
5617,33.314,8.2993
5618,-28.012,59.328
5619,-65.241,44.244
5620,-32.737,87.106
5621,70.754,-18.275
5622,29.294,-58.195
5623,-28.754,55.224
5624,-25.864,46.703
5625,21.778,92.101
5626,-27.83,52.401
5627,25.24,-50.298
5628,-67.478,10.739
5629,-41.51,28.243
5630,27.47,55.248
5631,35.202,-76.842
5632,-42.507,2.221
5633,95.257,-42.473
5634,47.813,27.653
5635,-40.195,2.1384
5636,20.8,-91.668
5637,59.212,-83.499
5638,32.127,41.213
5639,-27.835,38.048
5640,-40.531,44.717
5641,19.26,-91.951
5642,3.6739,87.126
5643,75.448,-79.025
5644,-34.757,37.037
5645,-25.858,21.321
5646,-25.979,17.903
5647,-1.3608,-55.986
5648,35.969,-43.599
5649,29.066,22.304
5650,-90.261,27.139
5651,35.708,-23.788
5652,-88.71,-51.47
5653,25.013,-93.727
5654,39.862,55.27
5655,-48.032,74.86
5656,38.316,47.716
5657,28.788,-79.686
5658,-33.754,50.173
5659,-94.519,27.056
5660,-23.659,47.818
5661,55.92,23.103
5662,23.686,-95.707
5663,-5.2446,73.071
5664,-16.088,93.534
5665,-49.683,-17.258
5666,-38.752,47.153
5667,-8.2206,-22.413
5668,-32.503,88.403
5669,-0.31942,27.175
5670,-47.226,62.924
5671,-30.983,51.828
5672,-68.844,54.757
5673,-51.61,54.623
5674,36.285,86.456
5675,56.227,17.542
5676,26.398,-31.285
5677,19.327,-85.935
5678,47.968,10.306
5679,23.465,-94.291
5680,-47.094,-27.161
5681,-4.421,85.879
5682,-10.794,74.34
5683,-9.6615,95.251
5684,-59.264,67.444
5685,47.672,27.553
5686,22.264,-83.52
5687,35.198,-70.414
5688,-30.673,90.853
5689,28.574,56.18
5690,-2.0469,84.09
5691,38.178,-42.471
5692,-0.42426,70.711
5693,-12.322,-57.337
5694,8.4678,-48.979
5695,-59.66,54.312
5696,-27.287,50.814
5697,38.294,-87.111
5698,2.126,58.146
5699,-73.228,32.843
5700,-22.344,68.134
5701,-3.2155,-51.499
5702,-55.521,40.417
5703,14.973,-55.126
5704,10.209,-41.523
5705,32.985,67.395
5706,-1.5571,50.41
5707,21.132,-33.475
5708,24.417,-36.322
5709,-50.604,-49.796
5710,-43.773,-19.13
5711,-33.207,45.258
5712,19.046,-89.469
5713,39.618,5.4553
5714,47.394,-85.468
5715,18.532,-80.889
5716,23.111,52.546
5717,-23.012,54.632
5718,-24.564,80.617
5719,-57.312,47.707
5720,-25.697,40.308
5721,-23.663,18.215
5722,-59.52,54.156
5723,25.141,-51.625
5724,43.83,-21.288
5725,48.251,12.964
5726,22.333,-87.631
5727,-83.248,25.248
5728,-26.263,45.155
5729,24.233,-40.739
5730,25.483,-31.479
5731,-102.82,18.625
5732,85.689,-33.575
5733,4.7185,-27.916
5734,-45.077,48.631
5735,-5.6438,74.428
5736,62.311,13.871
5737,-31.328,43.189
5738,-36.88,46.261
5739,23.673,-91.634
5740,33.969,-68.008
5741,-40.638,50.632
5742,-82.507,-20.713
5743,-9.2393,74.205
5744,-30.027,44.686
5745,-40.054,10.366
5746,-32.339,14.209
5747,-43.501,12.933
5748,63.569,-42.898
5749,-3.568,52.698
5750,-62.55,58.753
5751,-16.947,39.999
5752,20.857,-89.951
5753,46.66,27.82
5754,14.312,-40.429
5755,-12.262,74.602
5756,63.215,38.781
5757,35.874,14.922
5758,-44.974,55.862
5759,-49.856,11.902
5760,-45.571,70.91
5761,-40.409,-0.95986
5762,13.138,-34.922
5763,-28.527,56.743
5764,-23.085,22.174
5765,-105.71,17.853
5766,-35.075,36.034
5767,-49.375,52.568
5768,27.527,-37.783
5769,57.052,1.8753
5770,27.607,-94.589
5771,-17.89,79.182
5772,45.944,55.115
5773,-40.645,8.8256
5774,14.604,-66.206
5775,10.52,-38.203
5776,-12.071,-54.092
5777,28.192,3.7896
5778,-5.1635,85.569
5779,-35.13,39.204
5780,-0.90019,37.125
5781,41.359,-0.92227
5782,21.083,-34.009
5783,44.238,28.943
5784,-59.487,55.278
5785,-23.83,15.906
5786,36.626,69.708
5787,-53.366,3.2511
5788,45.33,79.944
5789,40.516,-59.355
5790,-34.993,52.133
5791,-30.156,90.865
5792,-36.113,35.557
5793,-7.7457,75.84
5794,-55.843,-36.945
5795,-29.656,56.434
5796,27.008,69.145
5797,-10.266,-86.689
5798,-64.675,77.733
5799,-43.345,56.303
5800,-16.467,52.697
5801,-54.307,70.622
5802,-66.487,67.895
5803,28.836,-56.378
5804,-56.781,-11.108
5805,-33.915,45.865
5806,-69.037,39.391
5807,19.1,-92.512
5808,9.0537,-61.73
5809,11.57,-33.164
5810,-60.618,73.04
5811,27.624,62.523
5812,3.0682,51.394
5813,-59.869,-8.4543
5814,-4.8564,76.796
5815,-31.301,43.516
5816,46.188,51.21
5817,-23.389,-61.341
5818,-88.781,-19.232
5819,-2.0065,48.784
5820,-47.953,11.617
5821,-26.51,48.49
5822,-46.494,86.906
5823,16.519,-72.059
5824,-40.92,33.988
5825,-30.501,43.6
5826,-26.688,22.123
5827,-50.455,47.321
5828,29.201,-6.0242
5829,-93.814,4.3751
5830,-7.9054,83.088
5831,-45.678,3.7921
5832,7.1963,-84.999
5833,7.351,-85.652
5834,10.266,-50.189
5835,43.938,-19.918
5836,-42.539,23.106
5837,32.49,62.371
5838,67.476,52.668
5839,-22.717,84.604
5840,-41.143,86.273
5841,-12.313,75.048
5842,57.367,-33.943
5843,-10.591,87.186
5844,-23.173,28.209
5845,56.979,1.6919
5846,9.4174,-44.292
5847,-29.092,51.656
5848,6.8572,97.496
5849,4.5205,52.107
5850,-3.2968,85.364
5851,-44.525,19.029
5852,23.624,67.93
5853,-22.339,37.507
5854,-23.446,18.179
5855,-26.43,49.202
5856,-34.199,51.209
5857,-62.088,50.858
5858,24.11,71.874
5859,-5.8184,79.614
5860,27.333,-81.604
5861,26.176,-79.861
5862,-44.37,9.6926
5863,-42.576,57.764
5864,-37.476,-22.662
5865,-32.497,-31.706
5866,-44.684,83.37
5867,22.103,-82.735
5868,28.973,24.371
5869,-14.622,-80.464
5870,-21.73,36.305
5871,-52.766,78.622
5872,27.266,62.378
5873,-22.031,27.481
5874,-30.951,43.129
5875,-43.032,-18.974
5876,16.967,-75.703
5877,16.231,-72.7
5878,-10.911,-58.134
5879,51.552,50.902
5880,-34.521,28.697
5881,22.313,72.208
5882,-37.028,20.334
5883,-12.506,-56.898
5884,14.817,7.9777
5885,19.286,-89.949
5886,-42.117,53.191
5887,-63.22,71.593
5888,-80.454,32.192
5889,-20.414,76.581
5890,-53.655,78.062
5891,28.677,49.284
5892,-13.154,72.118
5893,-3.31,-77.799
5894,-46.961,63.044
5895,-12.63,74.02
5896,-11.365,81.824
5897,54.496,-79.443
5898,-57.52,-13.222
5899,-27.51,52.102
5900,-29.492,84.758
5901,-26.781,45.17
5902,19.424,-89.032
5903,19.71,-65.074
5904,-2.0504,11.195
5905,35.893,85.028
5906,90.217,-58.384
5907,-90.766,18.436
5908,-26.078,40.569
5909,-44.162,10.037
5910,-0.73043,49.915
5911,22.264,11.284
5912,-11.924,77.578
5913,-8.9331,74.168
5914,18.07,-92.218
5915,-4.186,-75.323
5916,-48.953,85.266
5917,-36.003,48.789
5918,21.013,-90.967
5919,37.036,58.278
5920,23.467,7.3136
5921,-7.0939,26.937
5922,-53.875,-10.094
5923,-45.234,36.381
5924,-33.618,50.71
5925,-59.333,60.714
5926,27.593,-41.618
5927,-34.144,28.892
5928,-68.317,39.083
5929,-56.838,49.167
5930,-31.691,43.142
5931,-28.68,55.285
5932,18.912,-96.546
5933,-33.961,50.725
5934,-37.742,56.748
5935,35.317,61.021
5936,18.848,-52.969
5937,24.185,-87.647
5938,16.323,-38.881
5939,15.929,-72.501
5940,-99.504,-31.274
5941,-45.903,1.1007
5942,22.584,-87.137
5943,-31.043,41.964
5944,-40.401,38.84
5945,-46.987,13.101
5946,33.889,-58.49
5947,-11.831,75.088
5948,13.196,-30.716
5949,-41.861,28.147
5950,-25.316,22.22
5951,27.736,-56.767
5952,-12.249,-56.162
5953,34.486,84.201
5954,29.231,9.9821
5955,-60.826,-17.845
5956,-60.374,-27.841
5957,46.065,-77.981
5958,-57.775,67.344
5959,-8.8971,74.174
5960,-16.005,44.778
5961,-39.551,59.208
5962,-40.692,20.16
5963,35.274,-79.916
5964,14.826,-67.555
5965,28.672,-83.634
5966,-31.462,-3.7131
5967,-46.467,59.979
5968,32.639,62.362
5969,1.8445,-65.161
5970,-20.097,87.802
5971,-34.62,28.377
5972,50.159,61.869
5973,-59.223,59.349
5974,-28.564,90.105
5975,-37.997,31.763
5976,-25.986,81.334
5977,-24.548,18.016
5978,-43.958,-19.266
5979,-33.441,49.074
5980,-29.023,-88.588
5981,28.981,-41.555
5982,48.308,-32.726
5983,-10.082,74.163
5984,-5.7384,82.21
5985,-56.357,-8.4645
5986,-23.337,17.803
5987,17.7,-80.584
5988,23.609,-62.779
5989,-48.916,12.387
5990,-24.597,44.764
5991,28.072,21.12
5992,7.8521,-9.0503
5993,-3.3092,86.463
5994,-33.203,-11.194
5995,8.7573,-62.896
5996,10.942,-91.185
5997,18.437,-1.9333
5998,-34.031,-11.686
5999,-24.492,37.079
6000,22.85,-97.497
6001,-6.1945,85.895
6002,-11.135,98.244
6003,-37.681,36.834
6004,21.613,-39.277
6005,-80.123,-58.072
6006,13.106,-81.022
6007,-42.717,-23.49
6008,-11.907,-57.052
6009,19.847,-78.916
6010,19.845,-91.844
6011,-30.144,44.688
6012,-44.545,47.941
6013,-48.847,-23.266
6014,-41.258,50.291
6015,81.225,-25.038
6016,-38.604,-73.492
6017,-27.205,38.389
6018,-38.513,14.151
6019,-2.443,40.974
6020,18.992,-88.867
6021,41.427,-83.637
6022,-63.006,57.733
6023,-95.463,26.79
6024,-14.165,15.413
6025,16.946,-72.48
6026,-42.071,56.949
6027,22.524,-88.825
6028,37.248,37.497
6029,-25.231,19.638
6030,-40.4,16.35
6031,30.479,29.471
6032,25.929,79.697
6033,-10.312,74.314
6034,53.743,31.366
6035,-13.2,41.202
6036,-12.193,88.686
6037,-64.394,-26.186
6038,48.228,-19.972
6039,-28.436,56.12
6040,56.521,40.807
6041,18.406,-82.173
6042,17.971,-79.26
6043,10.797,-56.918
6044,12.284,-41.395
6045,-52.228,81.245
6046,-18.465,17.992
6047,-57.293,47.574
6048,-49.976,72.488
6049,-44.187,46.924
6050,-10.521,74.25
6051,49.061,13.353
6052,-41.675,53.915
6053,-31.156,42.619
6054,-47.067,13.422
6055,-28.371,14.921
6056,14.633,-67.137
6057,27.068,68.625
6058,-26.173,40.266
6059,-35.982,26.579
6060,-32.294,10.321
6061,8.8838,-37.405
6062,-32.935,74.281
6063,-48.909,12.634
6064,-5.5163,74.512
6065,-25.267,-8.3484
6066,39.201,-29.433
6067,-44.526,47.592
6068,-41.454,-10.924
6069,21.187,-62.998
6070,-37.672,49.218
6071,-35.592,37.72
6072,24.44,9.4054
6073,19.33,-90.608
6074,64.141,21.934
6075,6.2664,96.735
6076,-3.7811,81.273
6077,1.2966,19.884
6078,11.202,8.984
6079,30.909,-90.84
6080,19.347,-89.792
6081,-23.72,24.28
6082,52.182,-8.5426
6083,11.821,-83.132
6084,27.126,-83.256
6085,26.573,17.588
6086,37.435,-31.769
6087,-36.528,-15.226
6088,-55.069,-25.065
6089,-36.908,48.875
6090,-66.352,72.718
6091,-29.837,42.758
6092,-29.632,34.363
6093,-53.927,-25.899
6094,-13.73,46.091
6095,-32.695,72.872
6096,-40.682,19.162
6097,-54.82,-35.307
6098,-12.255,78.736
6099,-24.752,20.581
6100,-28.54,35.371
6101,-35.324,35.565
6102,96.25,-57.484
6103,30.223,54.09
6104,32.073,-70.697
6105,-85.328,-29.898
6106,14.067,-66.047
6107,23.883,-96.482
6108,21.598,75.397
6109,-40.383,9.6947
6110,-52.228,81.598
6111,-15.792,-52.29
6112,23.092,-91.661
6113,-6.8781,93.257
6114,59.234,53.683
6115,-11.613,100.45
6116,22.022,73.819
6117,-21.126,-65.64
6118,-43.465,-17.972
6119,-3.7267,85.995
6120,105.2,-54.824
6121,-46.012,69.426
6122,-60.8,-17.748
6123,-34.866,27.113
6124,-87.015,-22.55
6125,104.34,-55.78
6126,-39.102,69.014
6127,-48.193,63.06
6128,-66.629,67.454
6129,-32.809,28.698
6130,-35.604,40.799
6131,21.035,-93.009
6132,20.054,-34.977
6133,-38.405,36.638
6134,-89.857,-22.058
6135,19.005,-95.935
6136,3.0301,38.166
6137,-75.867,-22.823
6138,-53.185,-28.948
6139,-31.729,42.984
6140,-3.5604,82.881
6141,15.077,-70.59
6142,15.883,-72.039
6143,-36.378,31.69
6144,-23.083,15.809
6145,19.484,-90.659
6146,-10.593,-95.586
6147,-33.26,-2.9584
6148,27.192,-80.27
6149,15.401,-38.807
6150,-53.761,-19.087
6151,-50.95,47.865
6152,21.655,-81.946
6153,19.353,90.496
6154,-41.687,28.563
6155,-92.495,17.736
6156,-42.925,36.958
6157,45.325,30.539
6158,-46.966,-87.983
6159,-61.468,76.832
6160,39.677,72.088
6161,-24.842,83.256
6162,-47.014,14.636
6163,-54.422,71.886
6164,106.89,-53.311
6165,-32.402,3.9881
6166,39.436,40.314
6167,-24.838,28.727
6168,25.07,8.9347
6169,-33.966,7.451
6170,-42.888,39.704
6171,-39.512,46.859
6172,-66.881,68.41
6173,-52.837,51.34
6174,57.878,-45.401
6175,22.969,-64.394
6176,42.986,36.154
6177,-46.214,-8.7187
6178,18.748,6.5037
6179,-21.719,-67.267
6180,-6.7209,86.241
6181,-45.223,4.7223
6182,-48.35,13.384
6183,-40.935,50.575
6184,-36.94,28.922
6185,19.091,-90.275
6186,-44.672,50.53
6187,33.147,-75.121
6188,-22.754,41.554
6189,-51.393,-20.384
6190,-60.188,-10.904
6191,106.9,-53.317
6192,25.174,-91.964
6193,59.159,-35.212
6194,-26.471,46.911
6195,-42.763,4.6043
6196,-51.678,12.907
6197,19.44,-84.745
6198,-48.433,79.001
6199,-2.6861,41.823
6200,26.48,-81.478
6201,-53.359,-61.674
6202,28.614,93.055
6203,-38.797,29.211
6204,-35.073,4.4802
6205,1.1258,-81.442
6206,11.201,-71.249
6207,-28.725,-93.065
6208,15.361,-39.053
6209,-85.095,25.989
6210,-38.103,15.474
6211,24.677,69.188
6212,106.9,-53.31
6213,33.336,-86.447
6214,32.838,-42.595
6215,-103.7,18.403
6216,-49.599,12.289
6217,-0.64489,57.865
6218,-48.241,64.709
6219,27.28,22.951
6220,-58.066,-27.424
6221,-59.223,55.577
6222,23.688,-89.94
6223,-44.051,12.767
6224,-60.035,-12.144
6225,11.646,-32.973
6226,-19.288,-69.104
6227,39.332,55.789
6228,-1.2614,52.165
6229,1.9779,-84.094
6230,61.523,20.81
6231,24.886,-95.395
6232,2.0249,13.313
6233,0.65033,-11.877
6234,105.72,-54.629
6235,47.369,57.479
6236,58.896,-34.677
6237,20.298,-55.709
6238,-22.428,35.66
6239,-52.029,51.659
6240,-35.168,27.951
6241,-71.282,49.381
6242,-46.923,66.066
6243,35.712,16.427
6244,-88.279,-21.355
6245,-43.898,53.391
6246,-35.407,27.806
6247,5.9093,-83.076
6248,106.96,-53.248
6249,-29.793,44.784
6250,-2.3181,83.865
6251,-60.575,-13.186
6252,-40.368,0.26969
6253,-28.833,-90.371
6254,-29.873,53.21
6255,-46.21,40.685
6256,22.043,60.186
6257,-63.616,-77.84
6258,-48.577,12.582
6259,-25.646,45.049
6260,-40.656,50.388
6261,-48.033,-24.597
6262,-50.98,-9.8619
6263,-65.597,72.36
6264,-32.144,-6.4997
6265,-18.713,-25.446
6266,-42.783,10.657
6267,6.009,-5.557
6268,-28.854,34.93
6269,16.373,-39.673
6270,21.435,-94.249
6271,19.351,6.2465
6272,-40.315,42.185
6273,-36.898,49.722
6274,-34.693,17.868
6275,-40.327,10.193
6276,-35.003,39.839
6277,-55.376,-11.959
6278,-28.041,15.318
6279,23.8,-43.603
6280,-7.6165,24.668
6281,-40.072,-74.859
6282,-50.214,-51.617
6283,31.346,-87.181
6284,-95.839,26.132
6285,-28.294,56.474
6286,-5.0611,38.038
6287,-49.331,12.209
6288,106.9,-53.311
6289,-1.2455,23.548
6290,-2.5477,19.882
6291,-27.864,52.316
6292,15.863,-73.792
6293,36.063,-66.957
6294,-17.842,77.899
6295,-29.194,-89.835
6296,-8.911,-78.149
6297,-48.127,11.659
6298,-29.126,52.116
6299,2.1217,13.25
6300,5.1816,50.429
6301,-35.496,30.531
6302,-58.976,-29.951
6303,-45.926,-18.943
6304,24.796,-31.889
6305,13.77,53.265
6306,22.324,-97.508
6307,21.715,-83.514
6308,-15.101,-85.512
6309,-12.533,74.199
6310,-9.2103,74.453
6311,15.52,-69.264
6312,-20.044,87.034
6313,-42.251,84.82
6314,-66.507,59.493
6315,-25.254,18.95
6316,-5.3566,33.227
6317,-8.0938,30.379
6318,-12.865,74.461
6319,-5.7191,88.507
6320,-38.995,35.34
6321,106.9,-53.31
6322,-10.248,30.725
6323,3.4903,52.751
6324,13.803,7.2494
6325,20.596,-87.603
6326,-28.506,88.472
6327,-36.189,69.459
6328,24.382,-93.221
6329,21.292,-44.259
6330,-29.32,-3.8547
6331,-31.972,42.368
6332,-54.64,2.8428
6333,-30.346,43.692
6334,-22.89,-6.444
6335,-9.9968,30.338
6336,27.912,53.58
6337,26.226,-63.451
6338,-49.022,-18.539
6339,-4.8163,81.673
6340,106.9,-53.31
6341,10.278,-82.825
6342,-55.481,-11.421
6343,-33.777,17.558
6344,31.671,-79.959
6345,25.514,-86.909
6346,-56.779,-14.865
6347,-29.062,44.787
6348,37.632,71.17
6349,20.827,13.757
6350,-30.397,43.921
6351,30.925,55.335
6352,-36.529,-18.38
6353,22.923,-98.062
6354,38.345,32.608
6355,18.656,-92.008
6356,15.437,33.269
6357,-37.729,-77.397
6358,3.6558,-66.529
6359,26.261,38.146
6360,0.54839,76.973
6361,-31.851,14.42
6362,-50.807,78.172
6363,-48.046,14.29
6364,-29.122,35.065
6365,-28.803,35.553
6366,-43.855,51.956
6367,-21.499,72.97
6368,25.292,-93.171
6369,13.474,19.938
6370,-17.18,72.862
6371,3.1832,53.369
6372,25.501,-50.277
6373,20.115,-63.386
6374,-7.8371,80.193
6375,-42.05,19.458
6376,-31.505,13.658
6377,9.4455,40.85
6378,-60.982,-20.456
6379,-45.286,-27.14
6380,-5.8614,-67.051
6381,-52.093,60.802
6382,7.9908,46.931
6383,-25.231,31.827
6384,-46.997,2.7337
6385,98.479,-61.278
6386,-21.51,-76.688
6387,-19.343,-81.673
6388,9.4863,49.944
6389,-26.663,-1.2882
6390,-71.43,49.548
6391,-32.38,34.189
6392,11.998,-71.317
6393,13.661,6.5073
6394,1.3419,70.65
6395,3.0622,-59.022
6396,9.7334,-60.288
6397,-59.498,48.738
6398,40.997,-57.656
6399,-50.386,68.141
6400,-61.068,50.114
6401,-62.784,58.758
6402,36.183,52.921
6403,-28.602,35.339
6404,-60.134,75.978
6405,-51.674,-10.135
6406,-22.795,14.807
6407,-19.796,8.3733
6408,19.071,-92.496
6409,-20.436,14.276
6410,1.4577,55.681
6411,-25.398,28.461
6412,12.595,6.3452
6413,24.34,-92.596
6414,-58.746,67.176
6415,-24.911,84.091
6416,-36.219,29.165
6417,-50.24,54.523
6418,56.005,52.447
6419,-39.882,-20.615
6420,23.828,-77.97
6421,-38.755,13.965
6422,-37.431,33.814
6423,-46.135,45.256
6424,-21.742,-66.768
6425,28.579,1.9628
6426,-63.566,-28.808
6427,-61.35,-20.303
6428,-23.508,-68.673
6429,-26.365,49.435
6430,55.96,64.057
6431,19.05,-92.179
6432,20.353,-92.65
6433,24.71,-91.912
6434,46.797,-75.848
6435,22.544,-83.859
6436,-56.927,-10.511
6437,-26.812,55.38
6438,-46.987,14.261
6439,40.451,71.634
6440,-23.636,24.084
6441,-98.683,5.2104
6442,31.003,54.408
6443,-48.759,-15.658
6444,-58.258,-25.622
6445,-40.051,45.009
6446,-51.305,64.945
6447,34.342,20.999
6448,4.0815,-64.462
6449,18.508,-89.018
6450,-52.242,-23.837
6451,-21.123,17.002
6452,14.938,-79.826
6453,-54.452,-11.771
6454,-10.837,5.5748
6455,19.517,-88.784
6456,-17.079,-15.563
6457,45.268,-2.3263
6458,10.324,-55.225
6459,19.032,-87.714
6460,-26.726,28.105
6461,-52.234,51.624
6462,-56.735,-14.121
6463,7.3847,54.821
6464,-22.313,39.981
6465,31.924,-41.458
6466,15.842,-71.386
6467,20.016,-33.328
6468,-43.391,35.279
6469,18.75,-41.33
6470,9.2422,94.148
6471,-29.054,35.375
6472,16.701,-79.339
6473,24.996,-95.866
6474,-48.543,13.096
6475,106.95,-53.247
6476,-10.002,66.364
6477,17.366,-57.153
6478,26.243,-63.507
6479,2.312,21.963
6480,27.864,49.623
6481,104.44,-54.968
6482,30.101,6.1624
6483,22.445,-78.35
6484,30.036,55.744
6485,54.69,80.631
6486,44.313,12.264
6487,-58.489,-17.519
6488,-42.155,-23.114
6489,27.92,-84.711
6490,-41.074,-0.92897
6491,-29.458,30.592
6492,-19.245,13.215
6493,-40.293,44.283
6494,1.3576,57.378
6495,-24.941,44.029
6496,-27.535,53.317
6497,31.561,55.398
6498,-36.869,86.293
6499,-48.534,13.424
6500,27.399,22.87
6501,-34.066,15.494
6502,-10.152,92.147
6503,-21.745,66.942
6504,-0.894,-75.769
6505,-43.11,50.593
6506,22.296,-89.252
6507,15.508,6.2215
6508,-32.516,-1.4347
6509,-31.802,89.38
6510,-28.244,31.782
6511,-46.814,14.109
6512,-4.7001,-77.346
6513,23.765,-93.424
6514,-43.654,47.441
6515,-44.311,19.036
6516,-71.791,49.873
6517,-28.937,91.33
6518,-39.485,-17.833
6519,33.018,61.535
6520,-56.539,-10.576
6521,26.477,-94.728
6522,-12.68,2.6373
6523,16.764,-72.277
6524,-34.623,36.041
6525,54.38,74.261
6526,-29.287,2.4068
6527,32.342,25.612
6528,9.9801,77.179
6529,-41.568,28.41
6530,22.02,-84.857
6531,3.828,24.642
6532,-43.599,52.608
6533,-34.795,-3.7584
6534,4.4871,24.115
6535,-45.218,-27.28
6536,-44.825,37.315
6537,-35.838,65.445
6538,10.541,-91.297
6539,2.4146,-37.717
6540,-29.21,42.809
6541,-15.505,-90.831
6542,51.21,-78.56
6543,-88.175,62.462
6544,-43.098,38.38
6545,-51.914,73.424
6546,-50.717,13.301
6547,28.675,7.6496
6548,2.2347,-62.383
6549,-50.125,-50.41
6550,-44.497,39.977
6551,-47.41,-22.719
6552,17.323,-39.512
6553,23.153,-88.334
6554,25.682,-86.773
6555,-14.915,41.993
6556,19.088,-89.049
6557,17.918,-97.29
6558,103.36,-54.655
6559,18.559,-89.282
6560,-54.559,-28.127
6561,-8.8453,79.837
6562,-44.11,11.966
6563,-16.027,-79.676
6564,-23.996,24.067
6565,-44.722,-0.065143
6566,35.178,60.663
6567,14.903,-68.206
6568,-14.71,37.641
6569,-44.119,-5.4279
6570,13.78,11.479
6571,-63.942,66.518
6572,-56.702,-12.689
6573,-55.362,-9.7689
6574,-69.118,67.708
6575,32.624,-50.785
6576,-33.645,32.583
6577,-45.411,-19.642
6578,28.639,83.092
6579,-4.307,37.43
6580,12.795,-71.336
6581,-40.105,31.276
6582,-11.796,74.703
6583,-39.891,35.225
6584,12.046,-16.435
6585,26.921,-83.185
6586,-43.66,17.091
6587,-45.762,45.681
6588,-43.201,16.047
6589,-34.506,27.807
6590,-35.27,-1.1513
6591,-24.553,21.666
6592,30.878,-89.691
6593,54.378,-82.672
6594,19.255,-69.842
6595,-45.824,-0.15816
6596,-27.25,32.164
6597,-31.445,-1.0496
6598,9.441,-44.281
6599,-23.49,42.262
6600,-26.118,28.518
6601,11.875,-30.187
6602,1.9815,-65.047
6603,-26.804,-8.7346
6604,21.346,-74.375
6605,-43.678,-20.235
6606,-42.72,22.222
6607,-45.492,-20.098
6608,37.294,16.891
6609,34.804,-62.671
6610,4.9671,-59.441
6611,-34.222,51.323
6612,-27.735,31.727
6613,7.3957,-15.227
6614,24.091,5.1906
6615,-58.1,-30.54
6616,-56.65,-11.28
6617,104.74,-55.503
6618,2.1171,12.851
6619,29.728,22.488
6620,1.489,99.791
6621,-52.932,-31.382
6622,-31.826,41.478
6623,-37.368,34.526
6624,-56.731,49.65
6625,-63.362,-30.518
6626,52.165,-82.521
6627,-45.941,2.3998
6628,-1.6937,16.907
6629,10.357,-35.57
6630,31.069,83.492
6631,-12.865,-58.78
6632,77.062,-75.425
6633,63.005,-2.994
6634,-14.293,-52.057
6635,-45.718,40.669
6636,-55.889,-28.57
6637,-60.35,-34.578
6638,-22.233,-84.456
6639,23.498,-87.657
6640,-28.089,-82.764
6641,-82.975,26.057
6642,-54.766,-8.7483
6643,-59.104,-9.517
6644,-62.77,50.413
6645,13.084,6.5225
6646,13.243,6.148
6647,-31.121,41.006
6648,-11.363,29.998
6649,-40.998,34.232
6650,-0.057547,-82.284
6651,22.807,-94.179
6652,-65.071,72.151
6653,-57.216,-18.993
6654,77.098,-75.331
6655,68.498,63.031
6656,22.785,-98.299
6657,28.693,-90.627
6658,23.177,-97.671
6659,-9.7734,23.318
6660,-58.164,-16.488
6661,-44.133,18.02
6662,39.07,56.51
6663,18.924,-89.599
6664,27.318,30.51
6665,11.447,75.91
6666,18.654,-91.978
6667,-43.273,-18.367
6668,-66.438,-37.585
6669,-44.113,17.607
6670,-56.005,-29.604
6671,-46.531,67.455
6672,-25.185,84.398
6673,-31.074,33.453
6674,-50.741,64.134
6675,-49.141,-20.041
6676,9.7377,-83.979
6677,-26.799,-8.7869
6678,-54.821,-17.871
6679,-56.402,-29.341
6680,18.184,-39.63
6681,-36.907,67.79
6682,-49.449,-17.008
6683,-22.158,35.468
6684,-1.5326,42.822
6685,15.058,-80.303
6686,1.8664,-80.134
6687,14.083,-40.778
6688,-25.543,38.093
6689,-34.976,33.111
6690,-53.057,54.539
6691,-47.433,53.126
6692,-83.61,58.308
6693,11.236,-91.095
6694,13.929,-40.995
6695,-58.709,-29.635
6696,-37.43,45.683
6697,-23.136,-83.311
6698,-16.152,-93.284
6699,-6.5105,-70.452
6700,11.4,-33.3
6701,-22.69,36.465
6702,-48.636,-14.914
6703,29.667,-69.927
6704,17.46,-72.06
6705,-67.274,39.288
6706,-48.44,-15.796
6707,-54.077,65.555
6708,-13.927,-54.91
6709,-32.675,45.023
6710,-60.191,-28.506
6711,-7.8132,74.835
6712,-24.263,44.58
6713,-51.862,-32.99
6714,12.605,-25.475
6715,69.124,27.769
6716,-55.492,-28.952
6717,-16.083,87.171
6718,22.636,-82.643
6719,-48.072,50.558
6720,-30.26,42.612
6721,42.12,-54.61
6722,19.396,10.673
6723,-26.631,22.341
6724,-32.607,33.748
6725,104.11,-55.911
6726,19.398,-88.683
6727,23.185,-95.31
6728,25.34,-92.763
6729,11.596,-41.017
6730,6.1503,57.649
6731,107.16,-53.435
6732,19.561,-93.51
6733,8.2598,-82.392
6734,-57.978,-25.651
6735,-44.602,39.957
6736,22.214,-92.593
6737,31.68,-4.0611
6738,8.2123,25.199
6739,-23.867,49.239
6740,-53.707,-21.219
6741,-48.343,78.578
6742,-33.078,2.2469
6743,30.499,-61.431
6744,-102.67,-43.554
6745,11.631,-33.082
6746,-12.198,-57.622
6747,-46.102,70.446
6748,-57.464,49.694
6749,-6.1489,79.229
6750,-33.545,7.2156
6751,-24.859,23.41
6752,8.8763,-48.825
6753,22.821,-80.24
6754,20.583,37.379
6755,-57.639,75.093
6756,22.726,-86.311
6757,21.982,-92.388
6758,-4.0848,-89.983
6759,-35.375,40.704
6760,-40.125,44.075
6761,16.474,-74.459
6762,15.875,-73.095
6763,2.0947,10.636
6764,-56.189,-16.092
6765,-51.512,64.17
6766,-33.386,29.786
6767,-41.081,-3.897
6768,26.084,-96.402
6769,25.827,-48.711
6770,48.504,2.2735
6771,27.382,-85.674
6772,-2.0915,83.898
6773,-31.485,44.234
6774,23.332,-45.643
6775,-25.597,36.926
6776,-49.349,-24.804
6777,-35.361,38.773
6778,-80.325,-41.823
6779,-23.204,-83.31
6780,11.41,-33.053
6781,-60.6,58.337
6782,-9.8402,53.892
6783,-44.44,39.945
6784,-51.85,-15.424
6785,-57.434,-15.588
6786,55.419,-69.651
6787,10.532,-0.88852
6788,-38.451,11.213
6789,-51.617,82.889
6790,-49.267,69.583
6791,-26.789,47.281
6792,-28.296,43.823
6793,65.979,-48.984
6794,22.531,-98.249
6795,-21.656,-68.718
6796,-27.926,52.279
6797,-38.226,33.3
6798,-52.087,-17.097
6799,24.559,66.002
6800,-62.475,50.181
6801,5.1903,28.643
6802,15.179,-43.557
6803,15.181,-65.298
6804,19.098,-92.051
6805,30.628,56.026
6806,41.209,-70.591
6807,28.567,-68.526
6808,-16.077,-90.848
6809,-54.328,47.169
6810,-51.831,-55.556
6811,-61.27,-31.534
6812,-37.251,27.114
6813,-23.578,36.511
6814,-62.265,-20.793
6815,-50.471,42.427
6816,22.097,-52.045
6817,34.272,61.675
6818,12.022,9.8719
6819,-31.943,73.077
6820,-68.99,55.126
6821,-21.685,36.371
6822,-54.339,71.753
6823,17.588,-97.534
6824,26.318,-48.821
6825,-7.9688,32.293
6826,-62.216,-31.18
6827,-61.737,-20.954
