Label,optsne_1,optsne_2
1,-24.771,-99.419
2,-82.101,-28.896
3,-81.12,-37.149
4,-79.461,25.672
5,73.773,14.16
6,-67.674,71.106
7,-31.607,91.778
8,30.179,-0.17349
9,12.582,-25.987
10,-40.315,-12.268
11,-36.222,-10.031
12,47.564,23.002
13,75.005,11.786
14,-88.163,62.47
15,-71.806,36.697
16,21.27,75.778
17,97.532,-59.248
18,-19.456,41.591
19,1.7203,-79.42
20,62.42,-45.552
21,-52.302,79.627
22,-51.781,61.588
23,-65.435,-29.287
24,-5.7238,-4.3202
25,105.8,-54.416
26,-6.165,61.65
27,-36.629,-18.455
28,-35.028,-10.497
29,-34.948,15.981
30,-76.834,32.755
31,-44.105,68.921
32,-38.177,83.712
33,43.205,-47.853
34,73.672,-12.82
35,95.2,-51.603
36,-34.77,-7.605
37,47.029,-6.0598
38,-65.693,75.802
39,-48.017,-32.319
40,-92.662,-47.245
41,25.65,-15.56
42,-36.906,-74.914
43,-89.463,22.25
44,102.95,-54.5
45,96.081,-59.387
46,-26.173,-5.3143
47,15.592,-0.3471
48,-50.912,-19.907
49,93.548,-53.861
50,77.234,10.162
51,2.1468,18.137
52,65.719,28.656
53,-50.941,-23.934
54,3.3517,-16.147
55,28.347,3.5394
56,-40.026,55.923
57,-34.528,6.6262
58,11.874,-35.384
59,-29.021,81.081
60,73.687,10.949
61,57.6,48.291
62,40.609,-44.601
63,-92.287,16.603
64,-68.61,39.302
65,-65.258,58.673
66,-58.969,67.865
67,-65.129,-27.718
68,47.709,-47.789
69,74.265,11.314
70,33.759,18.042
71,-37.47,57.213
72,-18.088,-105.98
73,-42.525,82.123
74,31.129,-47.964
75,-26.062,82.4
76,88.869,35.588
77,96.161,-55.082
78,93.108,-53.192
79,-76.386,32.66
80,-53.085,61.391
81,92.579,-52.589
82,-53.639,-3.2595
83,-39.379,41.4
84,-57.703,-7.9138
85,-59.468,75.679
86,-103.71,-42.623
87,-37.911,-20.493
88,-22.017,-71.803
89,-27.99,66.939
90,-3.0357,-14.474
91,-90.528,28.306
92,60.57,-18.118
93,-79.448,25.63
94,-38.684,38.995
95,22.443,-79.878
96,-5.2615,-2.2495
97,-67.662,57.756
98,-56.987,50.796
99,-9.3417,-5.3129
100,33.603,17.986
101,-37.005,51.708
102,-32.619,-7.335
103,96.327,-54.831
104,-39.324,-0.45966
105,23.489,-44.202
106,-6.7027,80.153
107,-34.087,82.037
108,-0.80015,55.549
109,60.72,46.219
110,73.931,-12.47
111,-58.564,-39.414
112,-64.605,57.788
113,19.44,89.568
114,38.094,12.436
115,98.977,-60.116
116,56.857,-26.376
117,-18.306,-5.1366
118,31.652,3.4145
119,35.563,19.729
120,19.415,21.749
121,52.86,-8.4805
122,-25.182,67.635
123,-7.5464,84.464
124,-53.679,2.1717
125,-85.083,-24.54
126,-43.378,-19.691
127,29.466,42.523
128,48.55,-46.162
129,53.454,-22.931
130,-33.316,-31.383
131,-8.8707,-4.3986
132,2.3267,-16.78
133,92.165,-59.35
134,95.146,-55.376
135,27.784,-47.724
136,-50.727,67.292
137,12.214,-22.153
138,39.01,4.2414
139,-103.71,-42.623
140,-26.822,-74.231
141,-47.824,48.275
142,-34.04,4.6878
143,55.792,-9.785
144,16.513,-43.136
145,-22.863,73.034
146,90.647,-59.253
147,63.812,-10.427
148,83.078,-0.32422
149,43.371,4.4247
150,41.997,14.619
151,-11.649,-66.975
152,-44.564,39.561
153,-60.963,57.054
154,-76.038,-32.452
155,-55.118,-46.116
156,-103.71,-42.623
157,-9.9081,-2.3001
158,-38.829,86.114
159,-58.922,53.894
160,-71.969,69.172
161,-12.04,8.5994
162,25.878,28.731
163,-14.308,-42.523
164,-57.919,-23.166
165,-22.624,57.736
166,23.521,-77.668
167,-70.176,57.035
168,103.55,-52.305
169,61.99,-25.358
170,-68.395,70.563
171,-45.845,34.036
172,-58.222,56.113
173,52.09,69.667
174,-48.216,72.07
175,-26.278,82.556
176,-60.15,46.361
177,-13.168,-4.0524
178,-30.893,80.984
179,39.121,-61.533
180,-89.6,30.818
181,-42.585,42.808
182,-11.117,-71.331
183,65.977,-20.996
184,10.598,75.381
185,24.972,-42.194
186,-43.722,81.988
187,50.947,-17.536
188,-44.466,20.05
189,-26.993,51.757
190,-15.513,-51.467
191,-41.408,63.965
192,-10.776,9.7603
193,-52.953,-86.894
194,-76,32.069
195,-80.971,-35.911
196,37.005,3.099
197,-85.918,25.58
198,51.053,-8.0879
199,-9.3119,56.953
200,-51.756,-15.443
201,-58.196,47.849
202,-53.233,81.133
203,-49.769,78.726
204,59.607,-15.041
205,-12.065,93.356
206,-41.045,-90.845
207,-86.697,23.596
208,-43.451,-42.208
209,55.634,-9.8953
210,-7.522,-3.0329
211,-63.307,50.815
212,-43.872,82.755
213,24.828,-42.231
214,-55.994,-11.212
215,39.207,18.929
216,-4.8125,-34.863
217,-29.71,79.5
218,-64.119,-43.323
219,-42.6,42.36
220,99.547,-63.811
221,8.9403,45.608
222,-36.134,-34.298
223,-66.174,69.066
224,30.873,94.379
225,-80.352,-41.79
226,51.896,-17.224
227,-59.12,-40.912
228,-49.148,-89.421
229,66.503,-27.672
230,94.342,-54.418
231,-42.645,42.884
232,-51.987,82.381
233,-63.064,50.645
234,-62.698,70.426
235,-6.2483,56.07
236,-78.661,32.432
237,-15.254,86.566
238,-36.937,43.072
239,-81.49,-31.412
240,55.257,-15.099
241,73.467,13.581
242,25.247,36.562
243,-35.454,-32.632
244,-50.877,55.018
245,-41.617,19.359
246,-63.696,-33.679
247,41.468,4.7933
248,48.611,23.99
249,-33.948,51.386
250,-48.401,56.929
251,-59.326,44.816
252,-54.751,80.622
253,29.061,98.328
254,31.141,53.287
255,75.189,13.202
256,-53.282,69.906
257,23.215,-87.169
258,-61.891,-30.826
259,-57.732,69.472
260,-14.103,36.582
261,-1.9192,-59.187
262,-45.428,0.37903
263,88.425,8.4475
264,-21.817,-15.487
265,-14.386,10.615
266,-10.973,41.268
267,-44.828,6.9382
268,-10.177,-16.519
269,-34.586,-85.189
270,68.658,-16.222
271,-68.926,70.711
272,-72.416,60.107
273,-104.59,35.508
274,-106.51,-11.253
275,56.698,-10.564
276,35.875,5.8959
277,34.326,-48.996
278,54.161,7.1747
279,-26.256,45.314
280,-52.723,75.172
281,-40.908,52.664
282,8.7179,-40.454
283,-5.2243,-22.446
284,-58.865,-10.931
285,41.149,-44.445
286,22.545,52.982
287,-57.605,75.379
288,-7.4978,-6.4926
289,-52.144,44.236
290,-46.301,-39.21
291,43.447,19.622
292,-10.589,-6.6265
293,-44.357,41.367
294,85.484,35.627
295,-21.91,35.07
296,-62.511,59.536
297,-71.043,69.106
298,-81.521,-31.068
299,92.533,-52.54
300,-14.291,96.725
301,-54.884,60.431
302,50.537,-68.832
303,-22.23,79.855
304,-40.513,18.988
305,-8.557,-4.1199
306,-49.174,80.358
307,-90.432,14.024
308,-18.214,-29.353
309,97.012,-62.318
310,-52.007,-55.364
311,67.4,-25.644
312,-23.993,52.259
313,-4.452,-86.782
314,-104.88,35.678
315,-104.87,-0.0039735
316,55.825,-57.945
317,56.773,50.068
318,-13.094,-74.429
319,-88.147,62.471
320,-106.38,0.82012
321,-61.023,-20.926
322,4.8726,-13.624
323,53.397,-22.149
324,53.758,-52.491
325,-93.058,-48.354
326,-65.915,68.019
327,-20.942,-79.216
328,-6.1637,88.504
329,-37.474,28.328
330,-52.434,60.447
331,-13.289,45.736
332,18.219,75.151
333,59.299,-2.7671
334,-4.3969,3.809
335,-60.85,52.985
336,-59.552,56.062
337,-59.096,59.914
338,8.2669,-45.991
339,87.139,8.5132
340,-29.669,56.397
341,65.558,67.225
342,55.304,-15.017
343,68.217,-59.487
344,-43.851,59.059
345,75.232,11.899
346,-55.976,-25.783
347,-86.66,21.765
348,-10.058,84.126
349,44.681,27.557
350,32.204,17.069
351,59.923,-24.899
352,-0.80726,58.295
353,-48.072,61.483
354,12.332,-41.249
355,-24.377,-104.7
356,96.742,-62.629
357,-91.16,22.371
358,37.171,2.0786
359,66.455,-26.109
360,-103.71,-42.623
361,-10.577,-65.81
362,-55.708,-25.455
363,103.98,-55.869
364,-55.698,56.116
365,-3.9283,53.237
366,-60.63,-77.728
367,-10.262,-63.785
368,-45.265,-83.16
369,97.628,-61.707
370,-71.833,-36.662
371,-82.847,-27.572
372,55.224,-24.442
373,63.603,31.593
374,2.1464,66.34
375,-103.71,-42.623
376,51.924,-5.7264
377,47.499,-8.783
378,86.625,-12.677
379,-46.091,-91.162
380,-42.445,-89.661
381,-38.083,-10.996
382,-8.3144,-21.425
383,-31.821,47.197
384,75.071,13.269
385,-57.882,-7.7882
386,-68.263,60.761
387,107.41,-52.524
388,-26.263,52.78
389,41.236,-42.641
390,40.996,6.1547
391,-2.2247,-13.722
392,-95.215,-47.11
393,7.434,-45.166
394,-63.751,57.308
395,-55.479,-9.6543
396,76.467,-76.903
397,94.905,-55.397
398,60.646,-13.93
399,-103.71,-42.623
400,-83.044,59.165
401,-68.741,62.732
402,-28.195,42.191
403,67.499,36.78
404,-2.7845,-16.375
405,-36.794,48.531
406,-9.1222,79.441
407,68.57,-21.907
408,-51.125,69.857
409,-0.98627,-14.594
410,91.982,-19.851
411,-49.477,-50.42
412,100.46,-59.527
413,-9.9273,-37.02
414,-20.379,-2.0936
415,-52.837,60.512
416,-11.507,-6.6721
417,-55.442,53.709
418,-46.09,48.81
419,-103.71,-42.623
420,43.345,-20.192
421,89.564,8.6343
422,-60.195,34.872
423,-23.964,-84.927
424,98.637,-60.952
425,-108.18,-8.5253
426,51.187,-12.476
427,33.798,18.078
428,-49.85,72.518
429,-82.23,-24.785
430,-33.484,51.556
431,-66.947,59.95
432,-85.387,20.072
433,-69.973,-80.11
434,-48.102,-10.326
435,93.192,-57.511
436,48.694,-21.196
437,-51.052,78.715
438,-55.665,52.007
439,-65.897,-81.839
440,-56.359,-10.046
441,-68.28,-35.045
442,-45.695,70.375
443,-45.459,20.021
444,-59.373,54.213
445,-48.312,49.725
446,-103.46,-3.2302
447,70.31,2.2369
448,-62.508,31.413
449,100.23,-59.356
450,-27.833,-99.481
451,-64.915,-32.277
452,41.328,-64.629
453,-83.706,-25.442
454,-21.921,-86.469
455,-71.19,-37.503
456,56.787,-26.135
457,36.871,-40.492
458,-93.173,-48.297
459,-41.038,62.122
460,-11.163,-66.198
461,93.487,-56.167
462,78.157,-52.665
463,-103.71,-42.623
464,-69.357,29.627
465,-2.8422,51.336
466,-10.715,-63.845
467,-15.81,44.429
468,57.272,-48.058
469,-76.606,60.346
470,-93.343,2.1257
471,-68.228,58.65
472,-20.79,-79.009
473,-58.658,44.973
474,49.902,-7.6172
475,100.42,-59.285
476,-42.932,83.42
477,95.402,-57.593
478,-21.005,-88.549
479,-21.762,-78.219
480,45.372,29.517
481,8.8094,-48.339
482,-104.5,-13.402
483,-72.427,59.185
484,11.815,-37.446
485,-54.764,62.831
486,8.3826,-54.486
487,-53.144,-47.111
488,-4.0598,-103.38
489,35.847,3.032
490,-45.457,86.772
491,-58.397,-18.347
492,-23.816,-78.785
493,-60.801,-31.104
494,-41.364,82.914
495,66.622,-58.607
496,-33.133,-27.904
497,-40.519,38.888
498,95.541,-55.871
499,73.986,-12.395
500,-67.78,31.433
501,-57.193,-17.426
502,-51.43,-50.133
503,48.586,-21.138
504,-5.0276,31.773
505,-25.611,62.112
506,-2.4172,28.433
507,42.1,-0.67973
508,97.615,-57.084
509,-68.122,-35.885
510,-43.934,62.311
511,-54.844,-89.338
512,74.929,13.47
513,-41.073,33.596
514,-62.039,-78.189
515,-58.578,45.25
516,-14.309,-49.819
517,-90.761,27.988
518,-29.865,38.094
519,-59.575,-10.629
520,-63.844,-41.818
521,-10.818,-63.343
522,-35.504,-43.035
523,-57.625,68.051
524,-10.373,87.378
525,-42.947,52.585
526,73.66,14.167
527,-27.052,20.445
528,-43.14,15.557
529,-49.213,35.769
530,-11.365,-66.579
531,-59.883,69.882
532,-44.049,12.587
533,-59.128,-28.372
534,99.02,-58.049
535,-71.847,-36.772
536,-58.072,42.954
537,-17.405,-80.566
538,-28.553,44.958
539,-17.823,-87.022
540,60.894,-20.388
541,-13.232,16.381
542,-11.134,-2.6154
543,21.364,25.431
544,-57.017,-10.355
545,-64.432,-29.516
546,84.798,-7.3623
547,-82.066,30.182
548,-103.71,-42.623
549,-56.952,28.062
550,-31.401,6.1359
551,-104.09,18.48
552,-31.753,47.639
553,34.053,11.993
554,-3.6167,42.863
555,16.951,40.397
556,37.457,-69.264
557,-43.899,31.036
558,27.824,15.69
559,-52.759,61.482
560,-32.261,-29.255
561,-58.312,47.143
562,-36.782,44.456
563,0.24319,17.15
564,-44.917,18.973
565,-38.588,43.486
566,-2.9515,42.027
567,-105.5,-3.0172
568,-23.731,65.375
569,-59.309,67.156
570,-49.036,59.588
571,-39.7,37.585
572,-7.614,27.511
573,-13.559,-63.422
574,100.76,-54.681
575,-25.392,37.547
576,-30.732,54.731
577,-11.154,-2.6003
578,-31.553,-5.8334
579,-103.71,-42.623
580,-55.958,51.928
581,69.876,-14.936
582,24.473,80.477
583,-40.054,15.034
584,-26.109,45.85
585,-104.39,0.0062617
586,-79.377,-38.728
587,47.467,-6.7018
588,46.407,-2.4375
589,-46.795,38.323
590,-39.924,14.847
591,-95.742,27.689
592,-103.71,-42.623
593,-55.397,-15.231
594,93.954,-55.268
595,-69.533,40.613
596,-55.255,82.562
597,-36.491,44.812
598,-58.395,54.979
599,-38.472,32.854
600,53.399,-21.228
601,-78.634,60.05
602,34.067,-58.373
603,-59.213,-7.7167
604,-64.688,70.513
605,-51.386,51.109
606,-54.701,64.248
607,-34.2,51.544
608,-29.143,55.058
609,-53.474,-34.741
610,-36.249,-33.07
611,94.508,-62.224
612,10.449,-51.058
613,64.363,66.999
614,10.431,46.135
615,-39.926,-10.614
616,-21.956,-71.487
617,-57.237,-10.783
618,41.117,-64.796
619,-6.8069,28.447
620,-57.063,47.367
621,0.51588,16.179
622,-82.862,19.823
623,-40.488,17.203
624,-44.132,18.945
625,92.626,-53.058
626,-60.468,46.073
627,32.61,49.606
628,-8.2049,-7.8011
629,68.743,-3.0304
630,-46.733,45
631,-59.908,45.332
632,-104.65,1.1466
633,26.217,94.564
634,-69.545,64.59
635,-17.235,38.788
636,-12.999,63.285
637,-5.0941,-55.692
638,6.7416,73.322
639,-34.734,7.2655
640,-63.345,-40.443
641,62.056,-25.409
642,64.984,-27.514
643,63.382,-28.3
644,-39.778,83.098
645,-6.9772,57.14
646,-66.911,58.915
647,-28.688,4.7661
648,-60.563,-19.669
649,-12.218,33.757
650,-47.692,55.427
651,48.267,56.999
652,-104.58,35.507
653,-30.59,57.206
654,-24.98,-88.158
655,-57.281,42.614
656,-55.483,46.227
657,-60.136,73.623
658,-8.2571,102.18
659,-27.927,-66.456
660,13.742,92.336
661,-1.2406,18.404
662,66.989,58.179
663,-21.873,85.047
664,0.64177,13.609
665,33.815,2.2878
666,-44.064,4.9669
667,-62.006,77.272
668,-69.354,64.262
669,66.04,-30.218
670,-55.42,-15.286
671,-57.956,47.492
672,-30.345,57.38
673,96.293,-57.239
674,30.026,-0.50323
675,-59.993,52.889
676,-21.631,16.769
677,-9.9963,82.541
678,-27.638,8.1157
679,35.856,-48.288
680,10.191,61.526
681,-108.1,-8.765
682,-41.079,-33.339
683,-18.661,62.58
684,-33.641,-46.483
685,-71.333,61.488
686,-59.114,48.791
687,-60.442,49.193
688,93.643,-54.091
689,4.8565,-18.268
690,-83.157,20.442
691,-63.943,-27.62
692,93.467,-57.812
693,44.742,-42.16
694,99.256,-67.588
695,-69.444,39.9
696,94.688,-57.061
697,-49.479,12.622
698,-27.275,18.921
699,-50.146,64.979
700,49.502,-25.521
701,-62.366,50.056
702,-39.458,10.381
703,-47.927,7.33
704,-27.04,58.251
705,-39.173,-0.42697
706,-67.023,55.301
707,-24.884,15.6
708,-9.1492,23.888
709,-47.579,53.103
710,20.938,84.957
711,-10.527,44.25
712,-54.757,-36.009
713,-21.889,15.875
714,-20.079,-74.065
715,-7.6221,28.014
716,-54.252,70.285
717,20.052,42.99
718,6.3402,-46.402
719,-1.7329,65.543
720,-57.968,48.124
721,-66.261,55.611
722,94.907,-55.543
723,-7.1562,57.209
724,-40.032,58.825
725,-46.309,41.952
726,24.916,-42.02
727,56.899,-26.447
728,-62.465,75.923
729,-43.389,55.697
730,-44.941,-67.69
731,-57.149,55.674
732,-68.665,62.825
733,96.554,-54.666
734,10.213,61.088
735,-60.074,54.414
736,-2.7452,-15.144
737,-55.331,13.738
738,47.077,-19.323
739,-69.021,56.474
740,-48.525,35.716
741,-4.7928,-102.74
742,-45.966,45.089
743,-84.638,34.754
744,-104.73,-13.147
745,-59.876,44.139
746,-47.191,59.709
747,-43.326,9.625
748,-69.265,64.164
749,2.2759,-13.896
750,-104.64,-14.085
751,96.44,-56.722
752,32.325,2.0934
753,-42.749,41.16
754,41.004,16.969
755,76.342,-77.199
756,-24.024,-92.473
757,-63.217,75.417
758,75.885,-58.559
759,-21.565,-59.062
760,-30.321,56.772
761,63.658,-66.236
762,-15.414,-41.324
763,-37.459,85.668
764,11.418,-1.2326
765,-52.2,-38.791
766,96.109,-54.789
767,19.49,-36.833
768,-53.449,-23.372
769,-15.582,44.823
770,-15.639,87.05
771,-70.446,59.412
772,-43.888,52.074
773,-26.833,20.022
774,27.787,21.615
775,-59.744,45.32
776,-45.913,44.972
777,36.952,-53.317
778,-54.221,70.454
779,-62.504,57.105
780,103.24,-54.849
781,-38.019,29.509
782,-58.033,68.954
783,96.524,-56.407
784,69.029,-26.238
785,-25.133,-10.349
786,17.646,-48.494
787,-66.608,55.37
788,-28.733,91.419
789,-4.7901,0.44094
790,31.357,5.3921
791,-58.961,47.42
792,-99.363,25.081
793,-70.435,-74.673
794,-14.271,-50.137
795,-53.388,80.289
796,-58.448,-11.262
797,41.151,20.5
798,-60.947,43.009
799,-35.428,56.824
800,-35.232,7.0062
801,-53.715,-58.946
802,-50.23,-7.4222
803,46.993,50.668
804,-10.252,33.395
805,-102.75,30.888
806,-59.1,55.237
807,-60.927,51.421
808,8.1135,-10.861
809,51.07,-17.292
810,96.419,-56.42
811,-8.5066,-22.301
812,67.456,-47.972
813,74.786,-35.733
814,-4.2648,-36.486
815,-25.407,30.984
816,-97.297,20.722
817,52.244,-17.907
818,-67.969,58.546
819,-11.346,73.965
820,-62.47,77.273
821,-44.154,36.463
822,-58.725,46.694
823,54.718,-79.409
824,-43.681,79.848
825,-24.605,-103.39
826,39.456,-41.121
827,-104.84,30.195
828,8.8681,44.721
829,23.791,-44.588
830,22.097,63.73
831,-93.89,-48.018
832,-60.357,50.103
833,-2.5517,-34.573
834,-74.454,33.082
835,-53.704,-9.3257
836,-20.22,15.062
837,-40.359,82.795
838,4.5208,79.5
839,65.638,-46.573
840,46.005,-40.952
841,-57.583,-59.799
842,-27.281,19.728
843,-41.194,32.028
844,51.298,-17.494
845,11.448,-33.918
846,28.023,-80.986
847,23.777,-80.888
848,41.957,47.137
849,-82.27,-38.58
850,-6.986,86.607
851,67.893,-16.218
852,-104.92,35.43
853,95.98,-56.954
854,96.553,-57.018
855,-10.284,73.855
856,22.938,70.926
857,67.108,-45.25
858,43.046,-47.982
859,-8.6094,25.993
860,-47.57,83.135
861,-51.983,81.618
862,8.7765,-12.626
863,-102.26,22.915
864,-58.902,53.555
865,-16.964,78.26
866,94.963,-56.061
867,-103.71,-42.623
868,30.371,14.377
869,-63.123,-37.097
870,-11.853,64.582
871,52.038,-8.7794
872,-38.547,-76.343
873,-90.72,23.277
874,96.723,-56.321
875,-47.932,62.031
876,7.9613,-44.83
877,-99.225,23.868
878,48.709,-45.575
879,-82.671,23.988
880,-94.453,26.177
881,2.5432,30.846
882,-64.226,57.657
883,-22.926,16.708
884,-31.916,26.43
885,-34.609,47.69
886,-107.09,-8.746
887,-67.885,56.742
888,-77.167,10.474
889,-35.445,-8.5558
890,96.373,-55.396
891,-46.509,51.706
892,-41.19,32.189
893,38.323,-41.623
894,-45.023,48.581
895,-50.993,61.249
896,66.068,62.485
897,67.014,-58.135
898,-103.71,-42.623
899,-52.574,-87.777
900,30.616,-86.251
901,67.881,-16.746
902,-26.237,29.156
903,-2.8859,33.236
904,-59.736,55.822
905,-85.883,25.188
906,-66.914,66.998
907,68.776,62.724
908,3.0649,71.284
909,-10.57,-4.5885
910,-6.2993,-84.793
911,-31.741,-27.636
912,7.2725,97.868
913,-33.822,-6.5127
914,-91.018,13.698
915,-41.581,-0.20035
916,-8.8847,-35.838
917,10.139,-39.367
918,-50.046,59.768
919,-107.23,28.133
920,93.022,-57.358
921,-55.228,-13.725
922,-33.9,-33.788
923,-29.892,23.211
924,-60.624,53.354
925,-67.21,67.248
926,-41.681,4.219
927,-80.261,-51.072
928,-21.174,9.4989
929,-62.829,57.07
930,-69.074,51.665
931,24.044,-80.709
932,-55.181,48.366
933,-21.014,72.804
934,-55.311,-59.28
935,74.882,-49.894
936,-103.71,-42.623
937,52.485,-82.467
938,-85.925,24.637
939,-6.9384,33.455
940,-2.846,21.302
941,-76.785,56.42
942,-40.29,10.696
943,-26.632,28.016
944,29.144,88.411
945,29.452,-36.74
946,40.698,57.437
947,17.696,39.414
948,12.714,-4.0813
949,-50.973,-17.962
950,-52.756,60.546
951,-52.05,12.794
952,26.774,-92.465
953,-51.613,80.883
954,40.675,12.873
955,41.167,-45.424
956,33.809,-45.586
957,-58.682,48.5
958,-97.69,23.507
959,-22.019,-61.472
960,-53.258,77.302
961,66.64,67.718
962,30.528,94.568
963,-10.225,0.2598
964,-21.781,-68.666
965,95.499,-58.733
966,-32.863,11.796
967,-71.733,-37.34
968,-45.441,83.411
969,-89.897,27.297
970,-81.234,-24.412
971,-72.291,8.4672
972,-28.637,18.748
973,-26.937,82.79
974,-58.657,56.391
975,-59.326,47.076
976,77.223,10.417
977,39.152,-91.074
978,60.986,15.461
979,-66.139,68.933
980,57.408,-76.755
981,-54.706,-59.302
982,-103.98,-1.409
983,-106.27,-12.343
984,13.131,-79.45
985,-71.844,36.126
986,-6.0815,55.996
987,-59.126,47.117
988,21.914,20.801
989,-54.144,25.753
990,-12.018,74.137
991,26.828,-15.513
992,-61.248,50.791
993,-47.502,60.67
994,-32.014,83.988
995,27.07,3.357
996,-55.269,48.394
997,15.295,-17.029
998,-70.722,58.918
999,-12.77,-51.767
1000,10.223,61.288
1001,-54.814,62.717
1002,-62.336,58.148
1003,-41.785,53.316
1004,8.6524,-40.349
1005,-104.96,0.074012
1006,-106.45,-11.938
1007,45.599,-21.898
1008,-8.1304,56.631
1009,-48.245,49.93
1010,-22.925,81.879
1011,47.164,-6.312
1012,-52.059,60.009
1013,77.388,-6.0938
1014,9.0168,77.853
1015,-105.8,-11.591
1016,93.171,-57.543
1017,-88.471,-21.223
1018,95.962,-55.197
1019,-30.862,88.069
1020,42.203,78.866
1021,-57.698,-12.866
1022,33.102,-64.515
1023,-55.549,-38.906
1024,-67.572,67.255
1025,-26.507,19.883
1026,-64.676,56.623
1027,-97.544,23.714
1028,36.977,7.5693
1029,-11.463,50.801
1030,-19.086,79.489
1031,-99.066,25.265
1032,-29.096,54.836
1033,-35.367,-3.0585
1034,69.094,67.897
1035,-1.1372,-62.591
1036,30.893,53.539
1037,27.413,-48.881
1038,-46.657,62.769
1039,-37.132,-10.444
1040,39.818,6.9373
1041,13.699,-41.807
1042,-47.821,34.824
1043,-36.555,70.071
1044,-86.074,-25.19
1045,31.737,74.581
1046,-85.662,25.058
1047,-44.545,56.223
1048,-32.231,90.372
1049,-23.175,-11.22
1050,-10.205,-4.5599
1051,-20.857,14.325
1052,-68.437,57.846
1053,-65.569,55.078
1054,70.922,-16.627
1055,-42,56.635
1056,77.244,10.195
1057,51.324,-10.322
1058,-16.388,-40.935
1059,36.929,-44.153
1060,21.355,-81.822
1061,-14.861,-44.277
1062,-74.346,31.904
1063,66.042,-44.94
1064,52.559,-55.335
1065,-54.259,-17.089
1066,-14.244,-1.7081
1067,29.341,-34.158
1068,76.27,12.622
1069,-78.934,60.554
1070,-103.71,-42.623
1071,-52.269,24.693
1072,52.836,75.27
1073,-53.629,65.026
1074,-69.804,61.636
1075,78.003,-9.4478
1076,-48.194,14.415
1077,46.046,-20.72
1078,-88.54,26.025
1079,-106.46,0.96647
1080,-85.072,38.038
1081,-26.595,-102.55
1082,-54.938,-57.617
1083,-90.412,22.942
1084,-66.571,69.016
1085,51.302,77.499
1086,-52.312,73.97
1087,32.098,10.565
1088,-77.133,57.044
1089,-28.72,55.765
1090,-6.5254,57.981
1091,-36.29,-7.2557
1092,-39.484,-3.6126
1093,59.452,-10.959
1094,-48.714,74.464
1095,30.037,17.44
1096,27.567,91.391
1097,-64.57,55.238
1098,27.108,49.624
1099,7.8982,-10.714
1100,-70.15,59.614
1101,-77.055,59.872
1102,-61.614,51.167
1103,2.9229,79.686
1104,-42.577,0.1473
1105,-36.447,-10.544
1106,-48.321,62.288
1107,52.768,-20.227
1108,-80.629,-27.134
1109,-65.105,58.898
1110,-56.651,-11.179
1111,-47.875,61.285
1112,-30.381,-31.859
1113,77.28,12.054
1114,-2.3828,85.863
1115,-18.042,61.646
1116,-67.049,57.02
1117,-106.65,-13.362
1118,-14.314,-56.536
1119,-36.861,56.557
1120,49.174,-7.5494
1121,34.704,86.159
1122,-72.33,59.772
1123,-0.167,14.599
1124,-67.578,-52.6
1125,82.823,-49.754
1126,30.802,-35.541
1127,-13.5,36.59
1128,-26.333,82.76
1129,-107.5,-8.4052
1130,31.44,-72.121
1131,-86.089,-24.443
1132,-11.474,101.52
1133,22.953,-81.387
1134,32.996,-51.618
1135,-37.927,-8.6652
1136,12.823,99.196
1137,-85.275,-29.536
1138,38.759,-42.066
1139,-68.021,60.445
1140,28.317,-84.366
1141,37.308,79.789
1142,-105.92,-10.855
1143,-55.014,68.8
1144,48.353,57.99
1145,2.1273,-37.059
1146,-36.273,57.183
1147,-55.863,74.957
1148,-52.776,66.818
1149,6.7368,77.867
1150,-61.695,71.47
1151,-66.248,68.254
1152,-68.243,57.478
1153,-66.893,75.431
1154,-31.868,47.473
1155,51.476,77.686
1156,-41.397,77.806
1157,8.342,83.007
1158,-80.903,-25.168
1159,107.41,-52.523
1160,-69.105,56.47
1161,-35.572,56.864
1162,30.524,89.527
1163,-43.399,-0.95204
1164,51.513,-53.921
1165,-76.758,34.172
1166,-60.661,47.668
1167,-31.743,-1.6015
1168,36.524,74.531
1169,-42.077,65.976
1170,-107.11,33.134
1171,-66.843,55.187
1172,-66.366,66.473
1173,-44.993,85.762
1174,-49.17,36.069
1175,-2.0928,9.3695
1176,-105.02,-0.16506
1177,43.289,25.666
1178,26.224,61.028
1179,-16.305,98.891
1180,-31.234,-76.933
1181,-68.131,59.309
1182,-43.538,-5.6216
1183,96.057,-54.369
1184,-3.7507,3.134
1185,-45.666,45.628
1186,-107.22,-8.9035
1187,-59.971,-15.493
1188,-62.35,49.861
1189,77.029,53.546
1190,52.289,-11.119
1191,-54.357,-56.889
1192,-37.961,-6.0551
1193,-98.091,25.554
1194,-85.898,26.079
1195,-42.124,-2.6899
1196,21.093,91.241
1197,17.112,8.0497
1198,-35.765,65.477
1199,-3.366,-5.5604
1200,-42.586,64.69
1201,11.395,91.154
1202,-70.812,8.4227
1203,11.859,71.698
1204,-56.641,44.89
1205,-66.927,55.855
1206,-48.343,60.864
1207,-14.395,-54.837
1208,-28.086,90.479
1209,-67.128,57.45
1210,-70.926,60.106
1211,-99.128,24.152
1212,32.624,6.1217
1213,-14.065,36.581
1214,-51.782,-7.4949
1215,-53.539,80.563
1216,-88.162,62.47
1217,-43.959,-6.522
1218,-41.52,74.285
1219,-24.34,15.349
1220,30.311,-33.684
1221,-6.003,21.221
1222,-33.141,-80.459
1223,-85.636,24.967
1224,-40.832,42.015
1225,-2.025,21.152
1226,-57.969,-24.475
1227,50.992,-17.65
1228,-33.083,74.257
1229,-3.085,53.582
1230,-6.6557,-93.884
1231,-52.844,80.936
1232,-24.768,12.632
1233,-51.206,58.787
1234,44.692,3.9597
1235,-34.029,-85.656
1236,-44.922,-1.6432
1237,-46.832,-4.4576
1238,-42.736,76.907
1239,-67.627,55.394
1240,60.572,54.45
1241,-42.902,0.33773
1242,-27.522,7.8856
1243,57.948,-13.363
1244,-13.657,43.758
1245,-59.463,44.488
1246,-60.326,-17.941
1247,27.524,62.509
1248,-105.79,17.609
1249,-12.594,-56.936
1250,-85.438,-26.134
1251,50.118,-24.34
1252,-55.021,-36.914
1253,-67.246,56.731
1254,-103.71,-42.623
1255,-39.301,-13.859
1256,-3.3582,81.078
1257,-64.517,55.597
1258,-59.602,-40.315
1259,5.1311,55.192
1260,-68.231,58.935
1261,9.8629,-35.145
1262,56.118,75.034
1263,99.346,-57.425
1264,-11.185,101.78
1265,-44.787,63.785
1266,-70.337,7.3519
1267,-58.472,-79.473
1268,-60.078,-11.938
1269,-50.229,59.624
1270,-39.246,-3.3218
1271,2.0788,-36.9
1272,-43.544,51.903
1273,-0.79098,4.4371
1274,-39.681,12.774
1275,-48.699,30.634
1276,53.313,-68.12
1277,-51.096,61.188
1278,60.041,-52.825
1279,-73.044,-25.328
1280,-27.865,52.567
1281,-68.428,60.066
1282,-90.153,26.355
1283,9.2525,-57.523
1284,-14.58,-4.2832
1285,4.6819,-7.6625
1286,-43.828,-33.65
1287,-63.049,29.158
1288,-69.939,69.006
1289,-20.369,42.479
1290,-70.653,12.236
1291,-7.6517,-74.819
1292,19.507,21.289
1293,-78.016,58.875
1294,-67.308,-35.672
1295,23.617,-80.856
1296,63.626,56.142
1297,-59.117,45.057
1298,-99.254,24.861
1299,-89.75,-50.921
1300,-67.053,-62.419
1301,14.799,-3.4331
1302,-57.777,-22.793
1303,18.869,8.2916
1304,107.41,-52.524
1305,-61.061,-21.714
1306,-52.375,62.721
1307,-103.53,-2.5351
1308,-86.837,23.275
1309,-85.898,14.856
1310,-59.539,65.013
1311,33.217,13.385
1312,-36.315,-12.399
1313,-68.099,58.02
1314,66.378,67.094
1315,-44.027,62.04
1316,-33.467,52.062
1317,-36.407,-18.236
1318,-51.603,-38.615
1319,-95.823,25.233
1320,-57.636,-22.114
1321,-44.169,68.369
1322,9.5929,-53.215
1323,-52.547,-86.064
1324,-94.131,24.372
1325,11.732,13.846
1326,-61.439,-10.265
1327,-103.71,-42.623
1328,60.48,-25.42
1329,-75.301,54.252
1330,-68.655,51.595
1331,-60.061,49.136
1332,-57.543,-22.048
1333,10.027,-35.258
1334,-16.414,85.04
1335,-10.424,31.338
1336,-34.933,-7.7837
1337,2.3852,-65.565
1338,-64.104,-38.946
1339,-20.247,60.167
1340,-7.0256,34.091
1341,-46.615,35.818
1342,36.454,40.148
1343,32.635,-51.074
1344,-50.12,79.292
1345,-77.101,29.922
1346,21.997,-7.9668
1347,-61.669,51.688
1348,-6.647,101.77
1349,29.696,-60.976
1350,9.4182,40.363
1351,-41.144,15.712
1352,95.902,-57.46
1353,29.76,-0.66904
1354,-25.418,-69.108
1355,34.505,32.983
1356,-103.39,25.98
1357,-103.71,-42.623
1358,-35.956,-42.468
1359,-70.441,8.599
1360,32.698,-64.114
1361,-42.118,13.455
1362,-21.659,71.789
1363,-25.828,-102.1
1364,-103.02,31.19
1365,94.176,-54.326
1366,52.536,-9.5644
1367,-103.35,18.548
1368,-28.197,84.906
1369,-62.322,78.35
1370,-72.151,-37.49
1371,-53.283,69.78
1372,-99.244,23.935
1373,-11.771,-17.677
1374,-64.187,55.198
1375,-60.192,-18.825
1376,-66.422,-53.101
1377,-30.408,27.942
1378,-58.608,-12.523
1379,26.398,35.902
1380,-14.769,42.388
1381,-59.733,-8.5882
1382,-52.183,64.463
1383,-21.582,-66.525
1384,-17.531,68.092
1385,-5.2387,30.047
1386,-83.663,24.407
1387,-98.783,25.062
1388,-19.914,-35.554
1389,67.261,57.279
1390,-36.052,-9.1815
1391,-26.997,19.959
1392,-103.71,-42.623
1393,3.052,-66.221
1394,6.0852,-79.948
1395,-68.294,58.391
1396,-103.71,-42.623
1397,30.232,-47.792
1398,-6.2539,-89.804
1399,29.23,-48.758
1400,-35.836,56.318
1401,-38.422,57.486
1402,-73.519,-17.572
1403,0.57409,29.642
1404,9.883,-35.466
1405,-0.62943,100.31
1406,43.399,82.864
1407,33.089,-52.284
1408,-16.519,74.806
1409,-69.071,54.837
1410,-86.877,-21.962
1411,0.30759,33.262
1412,-29.252,5.0222
1413,26.003,-81.336
1414,-67.882,-52.604
1415,-35.848,-31.11
1416,-103.97,0.15807
1417,-34.328,6.8495
1418,23.227,-56.345
1419,75.4,12.32
1420,-61.874,50.17
1421,-107.29,28.584
1422,-43.73,16.95
1423,76.298,-44.283
1424,-11.601,72.311
1425,-105.96,-10.444
1426,48.505,-7.6741
1427,-59.15,46.29
1428,44.677,-23.22
1429,-51.171,-19.617
1430,-28.399,90.075
1431,-48.67,35.311
1432,-106.68,-13.609
1433,-7.2554,1.4921
1434,45.268,-8.4168
1435,-59.973,-15.942
1436,-64.975,-43.091
1437,-33.115,-11.204
1438,-41.174,38.36
1439,-59.153,-25.531
1440,47.317,51.894
1441,59.248,75.096
1442,21.846,9.9972
1443,33.163,86.648
1444,5.8091,91.904
1445,-44.798,-10.736
1446,30.326,-21.539
1447,-51.926,-51.397
1448,-42.201,51.51
1449,-85.885,14.749
1450,10.947,-49.686
1451,-8.3027,-74.994
1452,45.12,23.519
1453,-33.67,-80.608
1454,97.94,-59.686
1455,-27.406,21.517
1456,-69.93,36.055
1457,-11.205,32.905
1458,74.746,-9.9701
1459,-59.639,-34.164
1460,-61.446,-10.274
1461,-17.924,61.746
1462,-18.14,61.263
1463,-22.408,-106.3
1464,-63.654,58.898
1465,-67.807,39.237
1466,-50.89,61.318
1467,-37.573,-10.749
1468,-60.751,48.747
1469,-84.103,-27.431
1470,-2.1219,61.104
1471,-61.384,50.889
1472,-60.314,45.467
1473,46.903,101.21
1474,-102.03,21.558
1475,-102.42,16.233
1476,-61.31,58.523
1477,92.288,-58.057
1478,-47.58,61.995
1479,4.3281,97.223
1480,-97.97,24.633
1481,-53.431,25.782
1482,9.8163,-47.269
1483,13.948,-10.328
1484,32.109,-80.067
1485,98.098,-57.534
1486,-80.806,-33.654
1487,-56.938,-60.731
1488,-12.91,-55.165
1489,23.264,-59.92
1490,16.162,7.7387
1491,-12.937,97.813
1492,45.749,63.334
1493,-82.135,-29.456
1494,73.977,-12.663
1495,-49.696,62.982
1496,-75.659,54.909
1497,-14.031,-52.92
1498,-81.42,-30.915
1499,-0.81426,32.061
1500,92.182,-57.992
1501,-55.122,-57.623
1502,-35.86,25.213
1503,-52.828,-31.337
1504,-103.71,-42.623
1505,-59.263,47.897
1506,-62.661,-34.39
1507,-104.29,0.51946
1508,-69.963,65.024
1509,-66.837,54.623
1510,-63.888,-27.515
1511,-4.4652,-57.225
1512,-55.64,60.421
1513,-14.062,-28.129
1514,-12.761,99.4
1515,-80.682,-32.961
1516,-29.934,57.808
1517,4.6108,39.876
1518,33.415,-58.877
1519,-31.009,27.23
1520,-67.154,58.841
1521,-45.779,3.3437
1522,-39.942,10.293
1523,19.39,21.075
1524,-0.15527,69.006
1525,75.349,-79.213
1526,-12.264,-8.1877
1527,97.384,-59.217
1528,-100.2,-30.438
1529,-18.708,-1.7492
1530,67.356,31.432
1531,-37.855,56.896
1532,-14.711,52.623
1533,-48.588,52.972
1534,-89.613,-50.868
1535,-16.467,-51.646
1536,-80.318,-30.843
1537,92.795,-58.548
1538,-73.779,-14.194
1539,22.974,96
1540,-29.942,91.121
1541,-84.953,-26.838
1542,-48.629,-15.542
1543,77.142,10.364
1544,96.498,-56.722
1545,59.486,5.9798
1546,-60.63,-8.4418
1547,-3.4192,102.77
1548,-103.71,-42.623
1549,-58.678,47.171
1550,-61.049,48.787
1551,-59.401,-24.347
1552,-94.361,20.276
1553,91.382,-59.036
1554,-60.752,-14.165
1555,33.842,-50.959
1556,-89.048,17.756
1557,-50.329,60.116
1558,-33.917,-59.418
1559,-58.088,55.249
1560,9.1503,70.021
1561,-54.157,-38.575
1562,-74.033,53.191
1563,-55.14,-22.265
1564,-63.076,-89.583
1565,-13.846,-0.20248
1566,-23.671,16.197
1567,-62.988,50.48
1568,-66.432,67.51
1569,77.192,10.91
1570,4.5727,33.998
1571,-53.757,64.99
1572,-58.194,56.277
1573,-53.16,51.254
1574,25.707,47.076
1575,67.982,-13.14
1576,-19.205,14.91
1577,-34.99,26.017
1578,-53.34,51.137
1579,-106.62,-0.53335
1580,-70.505,33.417
1581,-82.306,-39.19
1582,-89.875,17.788
1583,46.054,54.616
1584,-74.711,-7.0433
1585,-76.775,34.611
1586,-61.251,50.952
1587,-80.307,-27.159
1588,-88.99,30.381
1589,-86.907,-41.279
1590,-63.332,19.309
1591,13.006,33.316
1592,65.274,55.921
1593,-29.65,-74.599
1594,-22.251,39.841
1595,-80.888,-32.975
1596,-11.946,-3.6424
1597,-82.859,3.2998
1598,94.968,-61.985
1599,95.677,-56.52
1600,-76.741,56.349
1601,5.1026,72.609
1602,3.5822,95.471
1603,14.72,96.232
1604,-94.997,18.803
1605,6.8164,-38.238
1606,-36.724,43.063
1607,-64.235,-28.075
1608,96.494,-56.518
1609,-53.268,77.55
1610,-60.328,-12.84
1611,10.817,68.906
1612,-6.2534,35.827
1613,-67.466,-32.522
1614,-15.43,-2.4489
1615,-47.59,34.686
1616,-32.454,44.55
1617,-80.666,-40.946
1618,-83.119,-26.979
1619,-55.231,-36.641
1620,93.383,-57.837
1621,-29.389,5.269
1622,-103.71,-42.623
1623,-38.934,28.992
1624,-31.912,23.229
1625,-11.501,7.263
1626,-56.217,-26.133
1627,-66.712,-63.025
1628,-8.7548,27.229
1629,-53.408,51.004
1630,-65.61,58.646
1631,-52.562,-79.926
1632,-23.308,-82.193
1633,-88.741,28.463
1634,-48.005,34.906
1635,-82.764,32.54
1636,13.246,-31.1
1637,-61.296,52.67
1638,-40.199,37.563
1639,-13.084,75.775
1640,-17.567,-63.957
1641,55.526,55.754
1642,72.975,-49.34
1643,-103.71,-42.623
1644,-48.176,14.437
1645,5.657,0.20398
1646,-13.109,-10.361
1647,93.327,-57.734
1648,-58.94,-11.083
1649,21.79,10.042
1650,-55.208,-44.357
1651,-62.94,-38.717
1652,-65.326,-33.285
1653,-12.627,12.3
1654,-33.774,-3.3079
1655,-42.192,-5.6656
1656,102.22,-58.442
1657,1.6616,-15.125
1658,-63.714,70.408
1659,-80.715,-35.267
1660,-103.36,7.3817
1661,58.025,76.645
1662,-62.128,-30.192
1663,-80.261,-41.891
1664,97.032,-57.375
1665,-31.884,47.439
1666,2.1405,10.728
1667,-81.812,31.263
1668,14.618,96.262
1669,-12.852,87.462
1670,-102.79,30.906
1671,-11.139,-2.6058
1672,-46.493,41.147
1673,-95.624,25.472
1674,-7.7656,26.862
1675,-65.87,-81.994
1676,-18.213,87.264
1677,15.138,41.648
1678,39.07,-57.261
1679,-59.446,-30.424
1680,-73.442,14.945
1681,-32.383,-2.3973
1682,-44.397,51.674
1683,-85.252,-23.368
1684,-21.823,-25.834
1685,-16.646,-38.662
1686,-53.478,-59.968
1687,20.084,-24.34
1688,-27.344,-1.9024
1689,-88.934,-51.66
1690,63.314,10.951
1691,-39.613,10.034
1692,-11.262,44.675
1693,-42.739,37.3
1694,-102.67,-4.9869
1695,-43.564,-90.224
1696,92.718,-57.419
1697,-61.492,13.734
1698,-39.763,46.811
1699,50.641,-26.01
1700,2.7028,96.646
1701,-82.248,-26.758
1702,-59.647,-78.775
1703,-0.70994,15.846
1704,-23.236,-75.218
1705,-78.77,32.486
1706,-71.525,-37.467
1707,-36.13,44.288
1708,27.656,88.466
1709,-27.256,-105
1710,-47.049,-30.839
1711,-71.506,-17.214
1712,-54.96,-58.025
1713,-101.68,19.797
1714,-82.122,-28.941
1715,-69.634,-32.062
1716,-72.291,-16.201
1717,-50.597,62.743
1718,-104.75,-14.541
1719,-46.704,-58.509
1720,34.459,-59.31
1721,-80.011,61.918
1722,-9.8358,6.6309
1723,-44.99,48.375
1724,10.738,-58.754
1725,16.579,-57.179
1726,-80.602,-35.267
1727,-51.954,-89.482
1728,-100.01,-30.434
1729,91.492,-59.529
1730,-62.929,-40.76
1731,-30.718,-75.388
1732,-47.748,34.231
1733,-21.518,-17.899
1734,-51.745,-31.7
1735,-41.239,-90.832
1736,-51.914,-16.974
1737,-47.367,-34.262
1738,42.183,20.579
1739,-58.872,47.144
1740,-59.088,55.267
1741,-48.768,53.352
1742,41.763,1.9448
1743,-60.19,-18.88
1744,-66.846,-22.171
1745,-106.52,-10.463
1746,-53.299,27.715
1747,56.64,-18.486
1748,-61.511,-18.609
1749,39.017,-70.836
1750,6.5064,-7.5063
1751,11.237,33.959
1752,-55.858,-39.194
1753,-72.431,59.319
1754,54.772,-56.284
1755,26.707,17.307
1756,43.428,-22.697
1757,-10.107,-7.3882
1758,-60.594,-8.4851
1759,-56.427,-59.549
1760,-83.735,-24.468
1761,-60.381,-8.9492
1762,-96.28,25.386
1763,-44.742,-6.9754
1764,13.862,91.033
1765,-104.52,-0.9085
1766,-37.439,1.8292
1767,-88.632,-22.795
1768,-2.7058,-58.104
1769,-64.105,-36.728
1770,-67.261,59.227
1771,-59.559,-15.887
1772,70.065,-12.168
1773,-58.626,-60.5
1774,-82.373,-23.36
1775,-34.593,-85.761
1776,-30.572,-31.811
1777,-30.698,17.972
1778,-45.182,-15.664
1779,-67.764,-52.676
1780,-81.665,-30.322
1781,-103.71,-42.622
1782,-11.566,-7.543
1783,-78.915,2.8267
1784,35.729,39.233
1785,33.69,4.3255
1786,34.553,-0.1179
1787,26.659,-48.731
1788,-97.67,25.982
1789,-36.985,52.751
1790,88.02,-24.797
1791,-66.212,68.336
1792,-2.8512,60.601
1793,44.998,-41.531
1794,-53.585,-10.206
1795,-56.389,-16.588
1796,-78.991,-32.31
1797,-74.452,-22.474
1798,-23.743,87.332
1799,-85.437,3.9977
1800,32.473,1.3901
1801,-51.852,82.379
1802,42.424,45.211
1803,-83.601,-27.555
1804,-29.002,26.461
1805,-30.682,18.043
1806,75.543,43.812
1807,-76.66,-46.591
1808,-59.174,47.399
1809,58.764,62.617
1810,37,42.743
1811,-11.387,-54.922
1812,-12.317,-2.3439
1813,-53.961,-1.0786
1814,44.977,49.566
1815,-71.34,36.373
1816,-105.86,-11.352
1817,-116.32,8.0001
1818,-71.965,7.9423
1819,36.915,-63.298
1820,-19.737,42.796
1821,-72.914,62.846
1822,-71.513,36.152
1823,-8.3039,-21.393
1824,19.818,-73.345
1825,-56.381,-26.182
1826,28.855,-44.732
1827,-112.57,14.854
1828,59.226,-51.714
1829,77.275,10.004
1830,-23.636,80.934
1831,-52.338,-7.1143
1832,-9.1366,-65.198
1833,-4.8663,60.254
1834,-84.943,-26.501
1835,27.454,-10.327
1836,-100.8,-30.491
1837,-103.71,-42.623
1838,-11.056,-37.772
1839,-90.652,17.987
1840,29.177,-47.81
1841,-102.4,21.92
1842,-46.192,-0.34106
1843,3.0259,13.213
1844,-51.369,62.396
1845,-28.855,26.197
1846,-25.868,82.433
1847,15.141,56.431
1848,-75.664,18.023
1849,-55.555,-25.53
1850,-68.865,-55.523
1851,-59.849,-16.332
1852,-2.5979,-0.40638
1853,-70.999,7.2295
1854,-90.114,23.133
1855,-67.006,57.907
1856,-68.69,62.923
1857,-72.368,-30.661
1858,-38.049,43.923
1859,41.832,43.835
1860,-0.65652,18.247
1861,0.25094,-15.821
1862,38.024,8.1265
1863,-65.916,59.439
1864,-8.3144,36.459
1865,-48.63,54.966
1866,7.2521,66.524
1867,-20.941,41.524
1868,-102.77,27.993
1869,-51.328,59.171
1870,-51.996,-52.098
1871,-43.676,21.047
1872,-63.041,-76.494
1873,-42.471,76.629
1874,-60.557,64.258
1875,-93.554,12.075
1876,25.8,46.85
1877,8.039,-28.456
1878,28.169,-35.227
1879,-49.139,34.889
1880,46.96,52.152
1881,-98.221,23.542
1882,-40.54,12.557
1883,-59.83,49.169
1884,56.341,-41.371
1885,-2.0189,83.326
1886,-103.75,16.344
1887,-75.174,-22.452
1888,53.078,-50.965
1889,-9.4568,-7.828
1890,-67.265,55.382
1891,21.035,-45.056
1892,20.203,72.883
1893,-58.705,45.166
1894,-11.069,98.107
1895,30.531,53.447
1896,-8.7555,27.236
1897,-4.0161,34.576
1898,53.378,-77.997
1899,-53.751,-59.892
1900,-97.378,25.135
1901,-14.789,-52.826
1902,-36.41,-18.137
1903,-52.558,17.388
1904,-47.635,36.11
1905,-69.559,39.295
1906,-45.345,-10.681
1907,-32.161,-3.7833
1908,-60.824,22.278
1909,39.25,34.265
1910,-45.171,20.103
1911,-61.3,51.2
1912,49.578,55.543
1913,-69.441,-26.162
1914,96.611,-54.741
1915,-36.949,49.767
1916,-43.859,17.801
1917,-9.2374,36.395
1918,-17.138,94.176
1919,-32.934,8.4443
1920,-54.831,52.658
1921,-49.694,77.845
1922,75.289,-48.375
1923,-93.738,24.973
1924,-20.68,46.144
1925,21.321,-59.991
1926,-66.405,4.4688
1927,-40.061,-5.8647
1928,22.396,70.75
1929,95.699,-55.492
1930,-27.237,-102.13
1931,-105.09,-15.298
1932,-103.71,-42.622
1933,4.5174,67.382
1934,-73.528,-17.086
1935,-68.351,58.989
1936,-100.8,-30.491
1937,-48.057,63.206
1938,-37.308,24.052
1939,-50.32,-58.173
1940,-24.888,-95.165
1941,-36.427,-18.077
1942,-72.323,-37.302
1943,89.424,35.752
1944,28.602,22.446
1945,70.807,-34.913
1946,-70.75,65.434
1947,-72.859,33.416
1948,17.879,66.636
1949,-13.977,36.864
1950,-102.83,16.128
1951,-32.377,-3.9507
1952,23.116,6.6084
1953,-71.091,60.267
1954,-40.789,88.009
1955,-89.463,-50.644
1956,-91.651,-1.2516
1957,-59.248,48.091
1958,-101.78,28.123
1959,-57.304,-14.77
1960,-52.026,-11.236
1961,-59.307,53.689
1962,51.024,75.056
1963,-28.376,4.0433
1964,9.5988,-13.391
1965,-59.514,-39.803
1966,37.523,31.355
1967,12.657,-41.469
1968,49.659,-8.2087
1969,-1.3658,73.132
1970,-32.886,-80.756
1971,-60.503,48.535
1972,-82.225,4.1169
1973,53.707,-26.951
1974,67.638,55.415
1975,-80.643,-27.317
1976,-46.755,-88.591
1977,25.416,15.184
1978,-60.737,51.602
1979,-26.661,-97.967
1980,-95.706,-31.879
1981,-52.014,19.693
1982,-103.26,17.402
1983,-48.51,52.483
1984,-44.151,12.51
1985,-26.656,50.953
1986,-58.488,-9.6787
1987,-43.329,-6.1357
1988,-105.55,-3.0292
1989,-4.1757,-103.3
1990,-36.283,-9.1932
1991,-53.582,-45.915
1992,-87.314,-22.317
1993,-76.141,16.849
1994,32.549,1.7264
1995,-34.955,-30.348
1996,-10.52,47.59
1997,-46.904,-9.796
1998,-52.963,-87.344
1999,9.0628,39.887
2000,-81.594,59.238
2001,-38.25,13.757
2002,-42.421,36.83
2003,-64.307,56.96
2004,-103.71,-42.623
2005,30.522,-70.886
2006,-44.269,50.126
2007,-30.774,5.3178
2008,92.997,-53.801
2009,45.136,37.917
2010,6.3209,92.86
2011,-32.193,0.91393
2012,-7.6797,47.876
2013,48.617,-6.4328
2014,-65.905,-34.859
2015,-58.845,-13.331
2016,7.2344,66.434
2017,-51.318,41.909
2018,9.5995,95.394
2019,-65.157,44.245
2020,-44.143,-6.0971
2021,6.4572,36.845
2022,43.975,-45.822
2023,4.0542,37.18
2024,-36.862,69.564
2025,-82.707,-20.595
2026,-54.26,-37.031
2027,-70.476,7.6493
2028,-64.255,56.228
2029,-14.17,89.211
2030,-3.7905,88.394
2031,-36.052,-17.822
2032,-67.875,-79.386
2033,19.781,-5.6721
2034,-95.152,18.5
2035,23.973,-53.617
2036,-22.507,-106.23
2037,104.78,-55.327
2038,40.609,43.863
2039,34.109,-67.205
2040,-30.003,40.295
2041,-26.206,-95.517
2042,29.528,6.303
2043,-76.23,32.578
2044,-38.36,-27.856
2045,36.948,76.3
2046,-94.241,-32.647
2047,-50.56,-59.865
2048,-78.51,-19.413
2049,45.707,80.34
2050,23.253,72.413
2051,-52.672,72.212
2052,-6.6582,-6.3269
2053,-100.8,-30.491
2054,-50.715,60.733
2055,-66.975,57.838
2056,-53.548,-38.99
2057,-47.617,61.591
2058,-9.4547,85.744
2059,-4.3469,83.774
2060,-58.047,48.109
2061,-62.172,49.944
2062,-41.778,-5.6506
2063,-42.574,-14.102
2064,-91.123,-49.797
2065,3.8758,60.832
2066,24.148,-46.743
2067,-14.721,-51.447
2068,-31.973,-86.98
2069,1.0123,68.491
2070,-53.549,65.355
2071,-37.628,-74.433
2072,59.251,54.506
2073,-15.297,76.501
2074,-54.298,-35.191
2075,-73.81,14.468
2076,-15.173,-85.44
2077,-54.619,46.35
2078,49.383,42.332
2079,-63.063,-78.314
2080,44.821,-56.907
2081,-27.836,-104.86
2082,-28.384,52.364
2083,53.374,54.806
2084,-12.296,36.723
2085,48.203,50.164
2086,-68.843,34.818
2087,-22.074,32.771
2088,-25.816,-102.18
2089,-60.722,-40.085
2090,-87.709,-43.16
2091,-28.75,59.709
2092,-69.389,40.079
2093,2.3428,-11.662
2094,-61.229,-66.75
2095,8.4667,45.391
2096,-47.097,60.436
2097,63.761,27.954
2098,-9.2488,35.914
2099,-103.71,-42.623
2100,-59.71,45.42
2101,-15.749,44.926
2102,-70.155,26.958
2103,23.482,52.703
2104,-14.209,27.517
2105,29.588,23.446
2106,-25.062,82.615
2107,-62.739,-38.759
2108,-22.409,-106.3
2109,-5.241,86.073
2110,20.928,78.442
2111,39.638,37.31
2112,29.983,9.9995
2113,26.672,15.488
2114,47.671,57.713
2115,-32.274,0.6384
2116,-63.489,-33.143
2117,-57.781,66.669
2118,-27.007,20.351
2119,-95.939,-30.359
2120,-38.547,-92.404
2121,26.466,-44.964
2122,35.682,-87.182
2123,57.56,-9.9023
2124,-51.526,-10.214
2125,-44.196,38.801
2126,-32.044,-3.8114
2127,-42.931,11.872
2128,-9.8491,-94.757
2129,-64.314,57.759
2130,-49.769,45.548
2131,-105.97,16.632
2132,-65.808,75.684
2133,-79.199,-25.951
2134,-68.791,-26.973
2135,-71.555,-11.616
2136,1.4898,-57.977
2137,-11.778,-67.462
2138,-78.484,59.771
2139,50.508,-52.281
2140,-6.3445,-0.97573
2141,31.901,89.119
2142,31.428,29.658
2143,-16.976,-79.544
2144,-67.8,57.954
2145,-94.991,-47.532
2146,-33.64,87.97
2147,-53.883,-87.34
2148,0.87383,53.608
2149,-8.1473,36.336
2150,-51.645,-10.571
2151,-13.843,-78.481
2152,-81.068,-36.455
2153,-40.172,-5.5691
2154,6.954,-78.131
2155,-28.023,-66.131
2156,32.08,-0.64835
2157,-20.63,46.172
2158,-37.803,47.843
2159,43.428,-60.285
2160,-16.684,-3.6286
2161,-10.122,-37.194
2162,3.5462,-59.388
2163,66.755,-48.017
2164,21.218,-41.268
2165,0.61663,15.047
2166,-54.137,-37.088
2167,6.9584,-20.805
2168,69.277,-51.408
2169,-50.706,84.482
2170,57.206,4.3745
2171,-55.15,-87.217
2172,45.524,-31.621
2173,-26.941,33.137
2174,-29.153,54.658
2175,41.472,20.799
2176,22.634,-87.027
2177,-81.377,-27.665
2178,-67.706,16.786
2179,46.264,56.107
2180,-39.43,54.94
2181,17.653,-11.712
2182,-100.64,-30.469
2183,-6.1954,-37.293
2184,-45.804,-32.938
2185,-0.61608,58.039
2186,-9.4684,-65.929
2187,10.335,-78.245
2188,-74.216,16.494
2189,17.645,-46.955
2190,-79.11,-32.23
2191,-1.9534,23.05
2192,3.3059,-31.396
2193,-31.698,-77.833
2194,-7.4134,26.552
2195,-27.988,-84.123
2196,5.9803,-11.173
2197,-104.78,17.341
2198,37.816,35.38
2199,-35.702,-14.165
2200,43.959,-64.811
2201,8.5761,-48.932
2202,8.1024,-83.665
2203,-3.4472,24.336
2204,-28.47,-82.46
2205,-52.514,51.373
2206,-100.7,-30.47
2207,31.48,6.0588
2208,0.09938,-16.159
2209,-24.718,80.356
2210,7.6208,19.186
2211,18.877,-40.505
2212,-39.345,-91.961
2213,-60.137,70.014
2214,-25.751,-8.7709
2215,-60.826,-33.616
2216,-37.755,-77.081
2217,-13.284,-69.177
2218,29.391,-45.751
2219,35.321,2.3421
2220,-24.897,-87.945
2221,-57.149,-76.233
2222,70.318,32.395
2223,-32.039,64.397
2224,-37.154,-83.105
2225,23.042,42.951
2226,4.5784,9.3722
2227,8.6972,-22.285
2228,-15.075,-55.135
2229,-98.153,-31.269
2230,-70.708,8.7082
2231,-13.82,-68.33
2232,-6.1514,-1.4623
2233,-62.503,58.049
2234,-41.903,41.315
2235,44.156,-64.968
2236,-51.875,-55.248
2237,-35.438,-8.5276
2238,27.022,34.583
2239,-3.8354,93.627
2240,-5.8231,37.652
2241,-32.945,-4.5452
2242,-53.604,-58.646
2243,-23.799,-9.6805
2244,45.921,-81.299
2245,-68.783,-59.538
2246,-19.402,79.279
2247,-88.983,-18.605
2248,-64.653,-74.689
2249,89.565,8.6345
2250,42.245,-84.298
2251,-7.9439,30.634
2252,-12.42,-57.328
2253,-16.95,-29.533
2254,-15.806,47.719
2255,-47.662,63.115
2256,-28.631,29.951
2257,25.444,10.96
2258,-20.332,46.111
2259,-8.7121,37.875
2260,-2.5357,-39.791
2261,14.779,-63.25
2262,1.4713,-17.918
2263,-30.503,-66.045
2264,0.53725,100.67
2265,-95.158,-32.421
2266,-67.296,-17.198
2267,-53.99,31.209
2268,-66.767,-4.5444
2269,-49.885,-21.143
2270,3.4345,46.091
2271,-48.342,14.161
2272,-94.463,26.413
2273,-51.863,52.431
2274,-24.708,-79.173
2275,73.497,89.361
2276,33.094,1.9139
2277,-53.159,53.696
2278,-6.5807,-34.165
2279,-29.893,-75.038
2280,66.433,-22.608
2281,5.2689,28.591
2282,-32.453,10.588
2283,-97.282,-31.193
2284,-6.9688,-7.1758
2285,-32.515,-85.924
2286,40.363,2.9905
2287,20.076,0.70758
2288,25.758,51.426
2289,-78.698,-60.92
2290,-26.141,82.946
2291,-31.681,-28.14
2292,-12.789,-33.655
2293,16.614,-28.787
2294,-55.53,-0.65483
2295,-32.023,30.951
2296,9.1758,-56.517
2297,-0.35912,22.162
2298,-31.951,47.336
2299,-39.28,44.523
2300,-61.335,18.393
2301,-68.08,57.225
2302,39.777,-49.99
2303,-96.978,-46.841
2304,-29.72,-68.432
2305,28.77,-67.243
2306,-9.9,84.135
2307,-80.047,28.164
2308,-54.023,72.803
2309,-18.926,43.251
2310,-32.465,-86.236
2311,-22.517,57.829
2312,-12.11,-53.429
2313,-39.268,0.18117
2314,19.707,-1.215
2315,-8.715,-28.187
2316,16.068,-36.177
2317,-29.742,40.122
2318,-44.296,-6.169
2319,2.3529,-16.58
2320,17.99,66.814
2321,-6.4765,-34.284
2322,-18.659,-33.93
2323,10.317,-34.444
2324,-37.426,-83.474
2325,-103.71,-42.623
2326,3.3741,52.695
2327,66.45,-22.897
2328,-64.084,56.94
2329,-13.508,88.55
2330,-80.038,3.521
2331,-51.875,70.572
2332,-59.954,69.854
2333,-31.892,92.73
2334,3.8966,67.061
2335,-34.413,47.481
2336,31.917,3.4441
2337,-55.556,52.221
2338,-50.157,52.006
2339,-59.14,18.533
2340,21.693,70.853
2341,-55.223,-36.396
2342,2.5512,16.291
2343,-16.271,-40.895
2344,76.396,-53.057
2345,28.245,-51.352
2346,-81.921,-28.82
2347,66.542,-30.05
2348,-74.996,-16.064
2349,-5.6711,88.945
2350,-58.759,23.109
2351,35.541,6.2378
2352,50.076,60.359
2353,-57.846,-34.087
2354,-47.16,51.541
2355,47.24,22.893
2356,48.528,58.242
2357,-82.499,-19.996
2358,-27.143,-84.63
2359,45.168,23.783
2360,-64.27,-43.432
2361,-4.7337,-19.671
2362,-18.222,89.977
2363,-36.168,-9.0514
2364,-71.722,28.422
2365,-12.613,-77.214
2366,-65.218,10.016
2367,-11.382,-63.33
2368,-95.568,-31.953
2369,9.7593,-41.171
2370,-38.896,41.311
2371,-11.213,44.811
2372,-73.049,16.726
2373,21.929,-46.62
2374,-1.2931,55.63
2375,9.0254,-45.168
2376,-9.3633,35.625
2377,-48.786,68.919
2378,-68.65,62.916
2379,-95.274,-32.201
2380,-7.7847,-2.6757
2381,27.734,46.438
2382,-25.286,55.792
2383,-0.90318,32.248
2384,32.202,16.886
2385,70.816,-52.586
2386,40.396,7.9396
2387,49.532,58.474
2388,-19.112,26.573
2389,-89.76,4.2123
2390,10.568,-50.032
2391,48.786,-89.542
2392,22.634,-10.565
2393,10.567,-1.0189
2394,-72.797,-27.716
2395,-88.697,-9.4483
2396,15.224,-16.593
2397,-7.8276,35.406
2398,-49.618,62.469
2399,29.212,4.5626
2400,-7.3103,33.387
2401,-94.969,-32.4
2402,-81.626,-39.604
2403,22.883,70.929
2404,-17.678,-62.291
2405,50.238,-74.3
2406,-49.529,69.565
2407,-98.826,-30.38
2408,65.942,12.689
2409,17.904,-1.6228
2410,40.96,20.691
2411,41.236,52.595
2412,-0.54647,-14.969
2413,-20.326,60.283
2414,0.54379,14.651
2415,52.678,-47.316
2416,12.976,-25.581
2417,42.078,-46.906
2418,-12.498,-57.152
2419,-39.945,37.828
2420,40.642,26.29
2421,-7.025,24.321
2422,-26.338,30.946
2423,-43.197,45.368
2424,2.2059,-15.651
2425,-95.015,9.0791
2426,-23.213,-41.105
2427,-3.0868,33.011
2428,97.579,-58.981
2429,-52.748,60.097
2430,-31.149,-4.6025
2431,-99.984,-30.433
2432,-16.593,54.363
2433,-63.693,-33.206
2434,56.095,36.187
2435,-25.108,-103.13
2436,7.4683,63.172
2437,15.548,-0.33829
2438,-53.711,-45.069
2439,-2.502,35.374
2440,-34.461,11.25
2441,59.234,-5.7682
2442,-42.889,-4.5772
2443,-95.341,-32.017
2444,-8.5647,-0.84103
2445,4.9502,-26.093
2446,-4.5202,60.404
2447,51.002,20.297
2448,34.555,52.057
2449,54.28,-19.384
2450,-63.758,71.669
2451,-53.239,57.108
2452,-39.406,24.974
2453,-2.0814,59.738
2454,-10.077,-79.34
2455,-19.187,-82.611
2456,1.8368,71.007
2457,18.588,60.268
2458,-44.649,-88.147
2459,-42.387,-43.163
2460,3.7351,41.75
2461,48.265,57.393
2462,49.721,-57.508
2463,-26.799,-69.208
2464,35.967,62.457
2465,48.741,39.871
2466,-29.879,80.972
2467,-25.543,52.81
2468,-35.857,65.037
2469,8.1686,-3.6632
2470,11.497,-24.725
2471,-51.344,-19.395
2472,41.482,-44.125
2473,35.72,6.1478
2474,-35.542,64.136
2475,-38.911,82.418
2476,96.663,-56.513
2477,-91.802,-5.4112
2478,39.071,22.035
2479,30.039,9.756
2480,30.429,11.535
2481,75.853,-38.437
2482,-42.015,60.05
2483,27.534,-5.02
2484,-59.258,-40.791
2485,-67.425,20.034
2486,-74.31,-10.533
2487,24.061,-45.176
2488,-50.927,68.535
2489,2.9378,-15.994
2490,45.909,42.091
2491,31.407,41.756
2492,34.047,-61.855
2493,-32.104,74.761
2494,-66.079,7.2484
2495,-50.53,59.55
2496,1.0107,74.735
2497,-85.487,25.894
2498,26.257,10.976
2499,-8.5668,-65.202
2500,2.1091,70.877
2501,26.405,-50.907
2502,-25.865,-69.88
2503,-8.1707,-65.789
2504,-21.836,-86.456
2505,32.964,-13.844
2506,-18.127,-58.838
2507,15.928,-15.582
2508,-33.633,-11.304
2509,7.9366,-13.258
2510,35.168,-7.3076
2511,-21.504,-81.048
2512,-4.2472,46.718
2513,92.451,-52.461
2514,-8.4328,-65.374
2515,5.0842,-7.9664
2516,-62.33,32.501
2517,49.085,19.171
2518,-26.164,-95.372
2519,-71.249,-11.674
2520,40.588,57.56
2521,-6.4534,-34.239
2522,-23.203,-74.841
2523,-40.796,-1.1633
2524,-14.475,-39.376
2525,-60.407,22.399
2526,-19.66,87.841
2527,36.294,32.574
2528,-55.689,-1.0813
2529,35.991,-43.561
2530,-61.083,71.95
2531,50.879,-54.403
2532,-99.177,-30.107
2533,19.965,-1.3185
2534,29.548,40.504
2535,-34.717,52.618
2536,-62.754,73.667
2537,-34.014,-6.7053
2538,-13.332,-62.637
2539,96.751,-62.634
2540,-16.11,33.616
2541,-0.2177,18.469
2542,-20.572,77.37
2543,-99.485,-30.424
2544,-30.583,-70.704
2545,5.9931,64.481
2546,0.73039,-48.128
2547,-50.709,-83.524
2548,-3.5794,31.107
2549,0.82705,79.777
2550,4.0863,23.158
2551,-70.886,14.793
2552,-9.1647,40.995
2553,48.842,-83.57
2554,97.868,45.886
2555,38.428,33.983
2556,-24.138,-11.357
2557,2.3619,79.982
2558,2.1319,-14.043
2559,10.49,-1.3664
2560,29.374,40.421
2561,-80.625,-38.443
2562,-11.132,-2.6565
2563,-80.617,-5.3874
2564,-54.908,-91.574
2565,-4.4635,-47.061
2566,64.268,64.448
2567,-63.424,-77.497
2568,-37.854,84.233
2569,7.2401,70.445
2570,-49.881,63.862
2571,23.033,56.412
2572,-43.813,-35.113
2573,-32.872,-2.9246
2574,-10.996,-85.468
2575,33.629,-50.827
2576,36.809,-86.125
2577,-42.262,59.973
2578,1.4297,-8.0035
2579,1.7451,-36.711
2580,-22.617,-43.812
2581,50.072,25.072
2582,-30.985,-77.072
2583,-18.427,87.868
2584,59.776,57.426
2585,47.034,39.16
2586,-55.001,61.29
2587,-28.397,91.172
2588,43.988,-4.1977
2589,-8.8221,-5.476
2590,14.663,-46.259
2591,6.0747,-44.854
2592,-36.394,-22.511
2593,-31.03,-68.4
2594,-2.51,-15.083
2595,-19.627,87.49
2596,13.681,-61.09
2597,27.802,-42.646
2598,-25.674,-55.262
2599,-36.073,-33.155
2600,54.929,23.787
2601,-55.851,24.532
2602,3.3286,-16.572
2603,22.541,-79.524
2604,5.5132,11.62
2605,36.108,75.055
2606,-4.0494,-56.102
2607,76.255,29.286
2608,-12.902,46.39
2609,28.367,5.3326
2610,-28.922,-67.87
2611,32.037,50.821
2612,7.11,-30.663
2613,-67.946,-16.397
2614,7.519,-76.173
2615,2.4639,-17.761
2616,-50.753,63.3
2617,-56.294,-79.126
2618,-50,45.679
2619,-5.6174,35.122
2620,-30.657,18.165
2621,-10.436,-65.454
2622,42.15,-54.754
2623,3.0683,-7.8876
2624,52.485,-16.941
2625,-65.834,72.389
2626,-14.698,-43.288
2627,40.98,32.165
2628,28.466,11.071
2629,52.427,34.083
2630,50.294,-60.517
2631,-14.157,86.193
2632,-4.6996,91.994
2633,-31.362,1.0399
2634,27.799,-7.1796
2635,8.8039,-2.4209
2636,37.55,-79.355
2637,52.028,59.929
2638,19.04,-59.541
2639,-103.71,-42.622
2640,-73.806,-10.816
2641,1.2592,-58.338
2642,29.996,7.7983
2643,34.03,50.644
2644,92.873,-59.282
2645,35.772,-48.18
2646,74.825,25.744
2647,61.015,-20.129
2648,63.079,-0.51684
2649,6.8753,-54.011
2650,-22.724,-7.0362
2651,-8.0422,-66.177
2652,-6.245,26.603
2653,-17.489,-21.19
2654,52.748,-26.802
2655,-44.092,68.449
2656,-28.442,-82.47
2657,-33.703,69.352
2658,27.773,-7.216
2659,8.6841,-10.627
2660,-21.885,35.925
2661,58.794,-24.242
2662,-20.958,-85.807
2663,-62.25,75.171
2664,-37.223,52.801
2665,-14.427,51.909
2666,2.7658,-62.331
2667,-28.527,91.228
2668,38.016,64.767
2669,35.551,-61.716
2670,3.6432,66.655
2671,5.6301,72.096
2672,4.2925,-63.283
2673,82.121,43.532
2674,-61.437,-87.789
2675,12.977,-58.82
2676,-22.176,-87.668
2677,4.0107,-8.3192
2678,-66.373,-39.774
2679,-69.407,-69.477
2680,-2.0241,-48.494
2681,-13.347,-63.416
2682,43.854,-64.887
2683,-71.804,36.575
2684,111.39,5.4949
2685,-56.093,-82.704
2686,-28.675,3.0547
2687,6.046,96.966
2688,11.301,47.105
2689,-20.904,-92.656
2690,-47.32,-42.896
2691,65.736,-28.812
2692,58.8,48.243
2693,61.349,-66.944
2694,-38.743,40.791
2695,-77.263,-59.521
2696,-43.189,-87.577
2697,43.44,-8.8012
2698,-56.383,-83.503
2699,-12.963,-95.235
2700,9.8272,-57.437
2701,-26.008,-1.2622
2702,11.174,-38.501
2703,22.595,71.811
2704,31.712,56.832
2705,28.3,-2.1194
2706,-0.22662,62.649
2707,50.431,10.798
2708,53.789,-58.318
2709,60.353,-28.987
2710,-81.022,-37.227
2711,-51.331,-83.409
2712,22.828,-63.689
2713,-50.328,84.75
2714,-20.372,-78.678
2715,-41.313,76.288
2716,-6.5777,28.583
2717,-52.919,-38.892
2718,63.122,14.862
2719,-60.904,76.284
2720,-1.0528,42.482
2721,-55.445,-45.739
2722,-1.4715,-59.256
2723,1.9268,-49.61
2724,79.47,-38.306
2725,-66.563,73.028
2726,-18.511,25.652
2727,-34.868,59.759
2728,-20.998,71.418
2729,-50.262,42.228
2730,-38.684,-26.639
2731,-70.56,4.6492
2732,-71.789,7.747
2733,-80.421,62.426
2734,2.6886,-57.986
2735,-31.225,-68.372
2736,69.809,-60.971
2737,21.331,-42.949
2738,-13.382,42.926
2739,32.229,56.501
2740,-59.436,-85.183
2741,-88.117,46.156
2742,67.066,-46.961
2743,21.694,54.864
2744,44.943,-41.278
2745,15.735,45.8
2746,66.5,89.002
2747,66.393,70.444
2748,-2.6606,-30.841
2749,16.766,-0.46121
2750,42.105,-28.892
2751,33.336,-42.32
2752,-25.72,-70.481
2753,-18.19,-82.462
2754,12.983,51.547
2755,-39.062,-33.366
2756,111.39,5.4956
2757,17.624,-59.294
2758,68.819,-59.431
2759,26.88,-18.989
2760,-18.105,-106.16
2761,34.616,-59.2
2762,-61.564,-9.4133
2763,-24.048,-33.561
2764,-67.711,20.209
2765,6.6994,-59.159
2766,-41.337,88.954
2767,7.0855,97.5
2768,-52.837,-89.634
2769,19.016,74.837
2770,7.2516,37.498
2771,42.097,-21.615
2772,6.2898,-56.183
2773,-67.292,5.8555
2774,8.4105,45.599
2775,48.499,58.546
2776,3.5695,71.384
2777,-14.081,88.86
2778,-6.4692,92.514
2779,-33.608,-81.775
2780,-63.168,-41.117
2781,-53.689,-59.006
2782,83.508,44.248
2783,22.141,94.859
2784,21.691,71.257
2785,29.142,40.447
2786,24.942,24.341
2787,-35.618,-14.127
2788,-7.3396,-77.781
2789,55.472,-9.9717
2790,29.553,40.15
2791,-20.009,-57.376
2792,8.9805,-40.699
2793,-11.875,-25.649
2794,2.546,-84.68
2795,-10.159,-66.583
2796,-8.2184,-22.346
2797,-59.877,-16.133
2798,-9.2761,28.529
2799,30.421,84.26
2800,-9.8709,-66.154
2801,-17.067,25.053
2802,-57.877,32.143
2803,72.592,-8.0677
2804,37.843,-29.903
2805,39.182,-71.22
2806,-16.272,84.098
2807,17.938,-0.71635
2808,31.235,-1.6193
2809,7.998,-55.525
2810,-36.245,66.621
2811,-0.62634,32.116
2812,-41.795,-0.83865
2813,-20.832,-83.963
2814,25.916,17.953
2815,-32.827,-2.6827
2816,-18.868,42.944
2817,8.9611,-5.9016
2818,-10.308,-37.135
2819,-84.858,-18.64
2820,-103.94,-1.8302
2821,-53.584,18.126
2822,3.5012,-57.029
2823,27.596,-85.667
2824,-38.561,-77.143
2825,77.217,12.888
2826,-12.33,-39.652
2827,64.227,7.2495
2828,-26.583,-95.678
2829,91.169,-13.655
2830,-74.273,53.484
2831,-45.289,23.028
2832,-61.717,25.683
2833,-97.121,21.184
2834,72.128,-40.32
2835,91.51,-59.289
2836,94.416,-56.347
2837,-67.308,20.166
2838,-36.999,8.5579
2839,-53.463,64.421
2840,36.93,-60.64
2841,-8.1673,12.706
2842,50.807,39.892
2843,-21.115,-60.052
2844,13.23,5.9435
2845,-5.4579,-102.56
2846,-27.499,-3.7607
2847,-89.785,-22.042
2848,45.769,7.6301
2849,42.082,46.036
2850,48.353,40.69
2851,-8.2759,20.819
2852,-75.887,55.172
2853,-81.46,-37.514
2854,10.931,88.063
2855,9.8704,28.353
2856,-43.436,-87.062
2857,-51.078,-39.042
2858,62.642,49.111
2859,12.292,-13.7
2860,39.581,58.83
2861,2.0607,70.882
2862,-69.805,-23.085
2863,42.204,1.8356
2864,7.9848,-55.05
2865,23.112,-77.448
2866,-14.399,44.285
2867,-35.777,-8.8239
2868,63.734,-53.984
2869,-12.038,-90.79
2870,1.7958,-80.3
2871,76.097,12.04
2872,21.103,-8.0776
2873,-55.27,30.304
2874,-54.028,64.516
2875,48.403,-29.696
2876,-33.746,1.1614
2877,-19.571,88.395
2878,16.328,69.566
2879,-19.119,78.582
2880,-87.519,42.854
2881,93.268,-57.849
2882,-57.589,22.465
2883,-34.68,-30.654
2884,-25.925,-1.1622
2885,59.923,-75.768
2886,-51.63,55.756
2887,19.533,-9.9883
2888,27.608,-42.446
2889,8.1541,45.478
2890,42.969,-82.695
2891,30.431,-18.981
2892,47.524,21.313
2893,42.747,-75.183
2894,46.955,-41.793
2895,-62.4,20.66
2896,5.7992,-47.675
2897,-48.039,-40.889
2898,11.263,-58.409
2899,-58.981,59.447
2900,-68.614,-26.304
2901,24.248,-38.103
2902,-10.715,-39.15
2903,96.454,-61.287
2904,2.1801,-11.074
2905,-16.456,-86.666
2906,56.185,-82.895
2907,-18.947,-61.486
2908,-41.988,-4.6961
2909,-56.624,0.50776
2910,57.128,-62.645
2911,22.879,42.774
2912,1.4019,15.483
2913,11.409,-13.988
2914,49.043,-53.264
2915,46.196,2.7668
2916,19.164,-63.451
2917,-10.521,-92.243
2918,-9.2772,-74.663
2919,-26.288,-33.3
2920,47.893,57.229
2921,-75.928,18.214
2922,14.435,-20.721
2923,53.024,-70.173
2924,-70.644,65.608
2925,-64.011,74.836
2926,-12.866,15.398
2927,20.148,-83.72
2928,-40.841,2.3355
2929,-35.704,65.138
2930,-21.114,-87.397
2931,-44.424,10.749
2932,70.613,-59.767
2933,97.718,-61.043
2934,-65.015,-42.111
2935,5.0437,-56.138
2936,3.3243,-15.951
2937,10.958,49.601
2938,-0.22776,42.186
2939,-37.573,-75.153
2940,-63.543,-42.673
2941,-77.127,-58.193
2942,-60.198,-85.235
2943,-70.093,-10.772
2944,54.647,-77.647
2945,12.827,-21.247
2946,-22.315,-69.465
2947,-64.466,5.5657
2948,-8.2127,-85.067
2949,27.351,30.748
2950,45.627,-51.397
2951,-10.721,-38.925
2952,-44.804,-0.75401
2953,-19.452,87.371
2954,-71.038,-77.346
2955,47.673,-65.554
2956,0.35026,16.795
2957,-30.252,27.936
2958,-24.464,-20.313
2959,47.673,-26.473
2960,37.649,-86.884
2961,-58.224,61.472
2962,-33.384,72.261
2963,49.041,43.638
2964,37.199,-30.404
2965,-25.433,-66.572
2966,-69.305,27.527
2967,10.952,49.984
2968,-24.824,29.005
2969,13.749,-13.015
2970,6.3975,-55.687
2971,25.997,18.335
2972,-43.895,-32.088
2973,-38.109,-11.264
2974,-82.702,-13.293
2975,-87.028,24.974
2976,-55.924,24.434
2977,29.17,-21.629
2978,10.12,-25.701
2979,-21.327,-68.507
2980,-36.571,26.761
2981,-56.572,22.977
2982,-55.026,73.504
2983,6.5651,-51.021
2984,-33.652,-81.743
2985,-69.15,16.147
2986,-67.855,1.5796
2987,55.955,-57.14
2988,-19.548,-84.55
2989,43.634,-59.632
2990,10.67,-58.551
2991,30.111,-65.748
2992,-30.693,17.892
2993,-4.1392,34.565
2994,-19.979,88.345
2995,-74.167,33.387
2996,-71.548,-18.564
2997,-69.004,-77.578
2998,46.435,7.2273
2999,47.631,-83.759
3000,56.624,-69.89
3001,0.9464,68.605
3002,10.528,69.071
3003,20.249,-8.1531
3004,33.376,-14.417
3005,45.794,7.0192
3006,-13.721,49.875
3007,-104.13,-0.94295
3008,-57.191,-36.347
3009,6.0766,-32.636
3010,28.097,-67.801
3011,-89.899,23.347
3012,7.3792,-9.5189
3013,-21.261,-88.559
3014,-10.847,-72.39
3015,1.7469,-61.737
3016,88.91,45.54
3017,50.832,-58.332
3018,6.8391,-59.483
3019,-39.397,-0.94279
3020,-59.288,68.521
3021,73.675,51.527
3022,34.125,-43.598
3023,-76.711,11.294
3024,34.641,-51.614
3025,-25.235,-71.742
3026,-20.753,29.962
3027,4.9926,30.117
3028,-15.964,-53.371
3029,-50.419,82.368
3030,-19.284,-69.551
3031,4.9078,-12.231
3032,76.741,-3.8246
3033,0.38191,70.836
3034,-37.094,13.614
3035,-76.697,29.454
3036,-53.534,-34.645
3037,7.9236,-44.731
3038,6.1195,-79.914
3039,42.823,15.047
3040,59.094,62.662
3041,-2.8454,-27.997
3042,33.68,-11.662
3043,12.223,-58.683
3044,5.2232,-14.767
3045,-2.3018,41.722
3046,-9.225,30.754
3047,26.827,70.277
3048,8.7697,-11.338
3049,-17.55,-79.625
3050,-29.839,79.827
3051,-0.4941,22.19
3052,-59.22,20.56
3053,75.01,-36.507
3054,4.3467,-57.348
3055,-13.642,-28.233
3056,5.4044,-5.7992
3057,38.898,70.905
3058,-67.311,19.422
3059,30.395,-20.68
3060,-52.732,-45.485
3061,16.638,-62.256
3062,3.6101,-58.647
3063,-30.166,0.5358
3064,38.875,-39.039
3065,43.8,-84.402
3066,25.468,99.062
3067,-14.324,81.166
3068,-1.5979,27.568
3069,-40.729,-9.5122
3070,-70.943,-14.2
3071,-4.2637,41.806
3072,-39.819,14.648
3073,2.8472,-54.458
3074,45.578,-67.902
3075,38.37,-25.399
3076,50.713,-45.291
3077,-21.784,-87.561
3078,-36.18,65.55
3079,-20.631,-83.832
3080,75.461,-36.774
3081,-20.757,77.133
3082,76.237,54.439
3083,52.359,-7.5806
3084,-11.223,-5.2492
3085,48.399,-66.994
3086,8.9386,44.885
3087,26.474,99.367
3088,-67.368,-13.632
3089,-81.805,5.1473
3090,3.4323,-58.041
3091,-22.931,69.429
3092,-16.775,-33.165
3093,60.852,13.178
3094,58.947,-2.4586
3095,92.227,25.024
3096,-21.527,-25.145
3097,51.74,-66.439
3098,-61.936,76.711
3099,-24.045,-93.164
3100,-18.135,-85.631
3101,-16.313,-78.471
3102,-45.179,-14.658
3103,26.081,52.726
3104,19.567,-64.531
3105,-24.811,-12.489
3106,11.037,-39.123
3107,17.74,60.215
3108,25.151,53.789
3109,49.932,10.02
3110,67.507,24.597
3111,16.107,50.143
3112,-26.108,2.836
3113,2.1586,19.574
3114,3.5457,-60.832
3115,-8.3508,42.929
3116,-1.1097,22.525
3117,0.080338,-14.686
3118,0.96766,100.27
3119,52.523,49.021
3120,53.21,-63.452
3121,10.115,-58.567
3122,26.797,-85.589
3123,10.489,39.423
3124,10.322,78.895
3125,-69.712,27.121
3126,-18.529,35.062
3127,6.9411,-48.256
3128,-15.436,86.775
3129,-51.231,54.598
3130,11.106,52.636
3131,-21.924,-81.814
3132,75.182,87.676
3133,41.942,3.4551
3134,50.346,-9.1253
3135,-43.657,-89.058
3136,2.4178,30.959
3137,-18.163,-26.965
3138,-45.787,36.282
3139,-35.418,4.1983
3140,68.272,-20.747
3141,-4.3569,-36.047
3142,31.014,-21.783
3143,66.528,49.966
3144,-66.947,-22.27
3145,54.685,-60.727
3146,-80.932,-25.663
3147,-20.533,-74.616
3148,-1.573,22.913
3149,-17.521,-63.819
3150,21.778,-47.657
3151,-69.723,71.509
3152,19.313,71.111
3153,37.798,-56.806
3154,79.794,-8.6716
3155,-62.444,75.293
3156,-16.548,-32.742
3157,-70.338,-27.574
3158,9.807,-61.189
3159,73.887,-53.226
3160,-43.286,18.2
3161,-21.064,-88.501
3162,51.045,71.689
3163,10.806,51.468
3164,-45.173,-14.67
3165,4.7799,-77.63
3166,28.088,-35.205
3167,56.898,-86.308
3168,-6.1931,91.264
3169,4.7312,62.47
3170,-39.403,-14.028
3171,25.995,-48.973
3172,-31.657,90.879
3173,-20.819,76.28
3174,26.66,-63.423
3175,-16.256,-79.741
3176,-71.263,11.725
3177,-12.136,-3.4422
3178,19.045,38.667
3179,31.171,11.616
3180,85.36,-21.718
3181,2.3371,-7.0048
3182,-4.6793,-55.428
3183,-4.1587,46.732
3184,-34.071,5.3647
3185,14.118,92.172
3186,2.1665,-62.019
3187,28.482,15.786
3188,51.931,-32.872
3189,-11.881,34.068
3190,68.845,-24.28
3191,6.3108,114.69
3192,0.14694,-47.504
3193,8.6652,-55.953
3194,39.803,-30.903
3195,12.697,99.283
3196,-39.161,-12.349
3197,6.8709,91.805
3198,54.151,-19.726
3199,56.567,-68.085
3200,-2.2439,-50.284
3201,-2.626,30.285
3202,36.6,67.46
3203,29.886,-34.039
3204,46.704,-3.5986
3205,30.287,-62.608
3206,-20.284,-25.486
3207,-20.203,-73.877
3208,75.289,51.599
3209,-29.34,-3.066
3210,23.665,-17.206
3211,-15.427,13.735
3212,42.282,-57.441
3213,-11.097,-66.263
3214,-32.808,70.264
3215,9.217,41.03
3216,-32.535,21.365
3217,10.871,-57.073
3218,13.357,-28.154
3219,2.9711,58.238
3220,-10.371,-76.291
3221,-1.7635,-58.695
3222,45.713,-33.025
3223,56.97,49.083
3224,75.165,-0.08383
3225,25.427,31.897
3226,9.8762,-19.909
3227,10.681,68.812
3228,4.1444,-13.38
3229,-40.143,-7.5956
3230,50.248,39.753
3231,44.925,-34.753
3232,65.224,-64.439
3233,52.705,-53.989
3234,-0.080759,34.252
3235,47.542,-32.573
3236,-12.364,63.221
3237,32.403,-50.786
3238,-34.862,-33.58
3239,38.102,7.9777
3240,59.418,-61.87
3241,30.298,-23.436
3242,10.915,-56.415
3243,37.357,14.911
3244,-8.9316,-75.492
3245,23.338,-42.424
3246,29.536,-20.849
3247,-1.3994,36.748
3248,-50.129,54.738
3249,-0.55914,41.82
3250,-68.649,18.787
3251,-60.892,21.19
3252,-42.147,-68.572
3253,-44.204,41.729
3254,37.239,49.849
3255,36.449,-90.813
3256,-28.772,4.672
3257,12.714,-17.78
3258,-33.413,-5.9789
3259,68.196,26.229
3260,4.349,-56.02
3261,9.7451,75.274
3262,64.394,-1.1054
3263,59.146,27.525
3264,-50.959,61.299
3265,55.039,-68.976
3266,0.93234,38.858
3267,33.455,1.5752
3268,-39.737,-11.556
3269,30.55,-88.482
3270,-17.391,77.906
3271,21.287,93.976
3272,14.85,-58.959
3273,14.232,-69.483
3274,5.8581,-56.722
3275,-12.133,-76.57
3276,43.359,60.095
3277,30.176,56.162
3278,54.401,23.376
3279,16.741,57.953
3280,6.1814,-75.642
3281,18.019,-9.5727
3282,55.039,-69.038
3283,-23.752,64.236
3284,-94.23,23.314
3285,-31.826,78.79
3286,-41.269,75.694
3287,92.366,-41
3288,50.445,-66.56
3289,76.958,-33.764
3290,75.883,-42.086
3291,-46.524,-32.556
3292,-64.416,5.8573
3293,47.08,-74.366
3294,-21.291,30.984
3295,-37.074,68.732
3296,-32.206,70.828
3297,50.579,78.483
3298,32.626,9.5568
3299,51.664,-63.868
3300,18.415,-10.076
3301,-81.791,-29.119
3302,41.192,2.2219
3303,-11.475,-63.522
3304,78.301,-32.512
3305,34.743,-73.47
3306,-12.13,-94.33
3307,-14.909,97.274
3308,-5.2547,79.646
3309,32.444,-67.213
3310,9.5671,-2.3792
3311,-33.889,69.721
3312,-59.026,27.021
3313,84.12,-36.083
3314,15.86,7.2521
3315,-34.296,-0.0072623
3316,-46.258,7.9283
3317,-62.747,65.395
3318,-49.961,52.899
3319,49.398,62.621
3320,-70.849,-16.852
3321,29.446,39.47
3322,7.9648,-82.839
3323,-55.401,-87.031
3324,7.3703,-14.739
3325,40.911,56.709
3326,74.436,27.905
3327,44.37,40.303
3328,-6.5364,-40.471
3329,68.844,-62.275
3330,-29.88,66.072
3331,-50.299,52.59
3332,-12.273,35.792
3333,66.941,-14.498
3334,55.981,-51.22
3335,12.013,-14.235
3336,75.603,-56.28
3337,24.695,-42.917
3338,5.6238,-81.734
3339,38.877,36.246
3340,-42.324,4.8925
3341,-5.5882,91.103
3342,-80.239,-35.086
3343,-40.886,-27.92
3344,61.003,3.075
3345,53.04,-65.767
3346,77.913,-9.2876
3347,4.3817,-6.9205
3348,-1.801,-13.188
3349,45.397,-44.383
3350,-2.7994,-16.308
3351,70.578,-41.493
3352,7.0975,35.84
3353,22.762,-86.979
3354,4.7056,-47.25
3355,-92.032,30.623
3356,-30.484,94.312
3357,48.277,38.996
3358,-54.828,30.179
3359,46.284,55.206
3360,41.124,6.8653
3361,-30.661,-75.674
3362,44.171,-46.028
3363,-59.099,31.082
3364,38.652,2.6846
3365,55.982,48.465
3366,43.321,-71.812
3367,45.878,1.5526
3368,-26.35,34.818
3369,-59.004,-79.025
3370,15.619,-66.741
3371,-19.821,88.246
3372,-7.568,30.862
3373,-42.503,22.558
3374,42.022,-58.148
3375,41.944,76.557
3376,-20.49,91.994
3377,15.607,87.623
3378,-11.421,-71.941
3379,-3.2714,-87.923
3380,12.47,-13.878
3381,7.3646,-19.931
3382,-17.538,15.727
3383,41.737,19.809
3384,-27.13,-55.706
3385,50.056,-77.992
3386,2.8249,74.812
3387,-23.236,-2.8905
3388,56.701,17.826
3389,-15.885,-29.16
3390,-8.0787,48.643
3391,-9.6698,-18.09
3392,-29.788,-70.719
3393,-13.14,-64.08
3394,-68.251,60.992
3395,-48.247,68.649
3396,12.102,-2.9281
3397,34.088,83.508
3398,10.329,61.561
3399,-2.0986,59.483
3400,50.687,-64.265
3401,28.718,35.047
3402,42.317,14.638
3403,-73.292,-10.201
3404,-33.147,-11.256
3405,-8.298,-22.241
3406,52.473,-10.26
3407,-2.0153,18.444
3408,-13.999,52.486
3409,-20.644,-78.81
3410,-38.407,-24.691
3411,38.972,-19.849
3412,-35.357,-12.697
3413,11.171,-57.279
3414,-55.335,13.713
3415,-7.1205,-6.6831
3416,33.313,-15.582
3417,52.207,-84.004
3418,26.517,-21.779
3419,-36.235,66.644
3420,5.943,72.271
3421,4.8968,-6.435
3422,21.106,-62.23
3423,-6.226,102.96
3424,-1.739,-57.629
3425,38.328,-7.8765
3426,65.475,-11.073
3427,55.706,-81.731
3428,9.8228,68.447
3429,39.728,-75.566
3430,57.717,-75.946
3431,-67.804,11.275
3432,46.016,23.116
3433,19.09,75.563
3434,82.337,-49.561
3435,-30.479,-0.41838
3436,37.075,-54.035
3437,-56.147,70.345
3438,-0.64322,76.624
3439,-21.976,-14.794
3440,59.695,37.803
3441,-92.739,-9.716
3442,-29.506,-97.381
3443,-12.107,-76.433
3444,11.785,-7.882
3445,-60.13,-82.545
3446,52.812,52.049
3447,25.211,-16.021
3448,-18.088,-23.692
3449,-4.926,84.438
3450,-24.683,-94.427
3451,-89.604,21.228
3452,45.992,22.228
3453,-24.987,-31.095
3454,20.797,-64.08
3455,-29.003,46.378
3456,-13.405,92.47
3457,8.9287,38.457
3458,-43.18,-19.489
3459,-55.259,-20.355
3460,35.035,-22.493
3461,-31.382,72.491
3462,-10.483,-93.759
3463,61.23,54.851
3464,52.133,-17.639
3465,20.67,-63.278
3466,-31.756,-0.55143
3467,-14.36,-72.085
3468,39.101,-66.799
3469,46.003,-69.204
3470,34.836,-63.64
3471,-19.112,-70.563
3472,87.671,-16.842
3473,10.458,-58.457
3474,39.999,78.311
3475,-29.097,76.837
3476,32.565,61.926
3477,-71.312,34.754
3478,2.4255,-15.122
3479,-70.115,11.912
3480,5.0999,-32.862
3481,48.931,-58.981
3482,1.0716,-26.285
3483,-88.555,8.15
3484,46.372,-83.816
3485,12.482,-3.0749
3486,23.075,49.258
3487,-5.234,-30.309
3488,-3.2263,-57.847
3489,43.099,-74.776
3490,8.105,70.21
3491,2.1525,32.827
3492,-65.505,2.9632
3493,-76.372,5.1922
3494,-5.7172,12.751
3495,18.741,-63.88
3496,-79.36,61.152
3497,-42.593,64.665
3498,56.239,-51.533
3499,-20.169,76.055
3500,14.786,-9.8304
3501,44.583,-65.694
3502,17.695,-64.649
3503,59.587,-63.73
3504,42.345,-64.054
3505,52.619,35.187
3506,75.202,-55.355
3507,-6.7526,-84.809
3508,-1.9922,-50.147
3509,-7.7479,-37.898
3510,40.141,6.2313
3511,9.1857,-58.888
3512,59.818,40.292
3513,-33.506,67.33
3514,30.754,-23.482
3515,42.059,-80.223
3516,11.996,-5.4198
3517,-12.593,76.857
3518,-64.17,56.1
3519,-54.326,17.951
3520,29.114,-30.642
3521,-3.7262,-35.194
3522,70.258,-60.967
3523,11.251,-57.429
3524,35.603,74.789
3525,-40.767,64.153
3526,-13.96,86.005
3527,11.607,-3.6542
3528,10.838,-17.77
3529,-26.153,2.8345
3530,32.798,1.6511
3531,12.701,-54.754
3532,50.789,-65.707
3533,14.783,90.123
3534,49.923,26.736
3535,-69.623,68.229
3536,-22.104,-81.46
3537,-26.088,-57.676
3538,-72.368,16.309
3539,38.206,-4.3279
3540,59.314,-12.087
3541,29.934,-21.227
3542,67.062,-55.671
3543,12.325,-57.669
3544,33.764,-28.141
3545,54.477,-56.584
3546,7.212,-47.664
3547,41.98,-49.194
3548,-22.107,-94.287
3549,-1.7349,-60.06
3550,5.4133,72.121
3551,-19.621,-42.708
3552,-6.6968,-84.994
3553,-25.686,-102.43
3554,-13.867,37.827
3555,39.257,4.4143
3556,55.473,-9.6885
3557,51.555,74.591
3558,10.631,41.614
3559,36.009,-23.493
3560,-5.138,-23.846
3561,-27.852,-83.75
3562,66.929,-14.551
3563,33.616,-64.755
3564,68.632,63.005
3565,-70.316,-15.817
3566,70.84,-58.125
3567,11.352,46.918
3568,50.817,40.655
3569,57.006,15.911
3570,80.873,-25.126
3571,11.863,-1.4568
3572,-36.396,86.522
3573,65.242,-41.863
3574,63.959,-41.469
3575,70.848,-20.027
3576,7.453,-78.148
3577,46.903,18.487
3578,10.048,76.666
3579,88.33,-41.232
3580,28.82,-2.1582
3581,-42.179,14.107
3582,-31.417,13.5
3583,79.642,28.107
3584,-68.447,-69.806
3585,10.239,-49.022
3586,-38.311,11.851
3587,10.249,76.605
3588,-4.367,37.298
3589,-62.07,-80.669
3590,34.231,-36.359
3591,65.09,-64.423
3592,21.439,-66.362
3593,8.5521,-14.226
3594,53.472,-14.014
3595,-68.273,-67.999
3596,-91.613,10.795
3597,28.18,-66.896
3598,1.4473,-55.85
3599,-10.209,-90.068
3600,97.472,45.447
3601,-80.123,35.814
3602,73.355,0.011091
3603,51.978,-55.29
3604,26.269,-15.382
3605,4.572,-33.876
3606,55.095,-53.46
3607,16.671,-61.99
3608,-20.744,-87.884
3609,-70.597,5.0259
3610,52.942,-12.138
3611,-12.642,36.506
3612,68.749,-11.451
3613,0.73608,-12.108
3614,-23.8,-82.371
3615,-52.137,-83.783
3616,10.641,-56.746
3617,-89.432,10.847
3618,-79.355,-25.915
3619,18.661,-61.612
3620,12.931,72.883
3621,-88.515,43.454
3622,40.483,-77.775
3623,19.451,21.591
3624,-75.598,-72.101
3625,59.634,-65.657
3626,53.849,-26.183
3627,87.137,-26.141
3628,-6.4751,77.854
3629,-15.49,-5.5486
3630,53.39,-84.033
3631,-21.477,-72.075
3632,-12.286,-40.488
3633,-62.672,70.403
3634,17.322,-11.645
3635,-21.963,-81.657
3636,-33.679,-25.813
3637,-13.306,-21.953
3638,57.051,-63.002
3639,59.995,-63.144
3640,47.716,-25.718
3641,-27.167,49.029
3642,9.9751,-12.924
3643,-88.317,20.341
3644,-5.2039,88.763
3645,-45.27,-2.1863
3646,59.863,-70.881
3647,44.298,-76.198
3648,54.909,-59.895
3649,-32.543,-4.1983
3650,31.501,20.84
3651,-34.734,11.318
3652,-74.56,-47.444
3653,51.805,12.548
3654,37.014,13.682
3655,30.417,-56.064
3656,68.939,-49.453
3657,-46.001,82.428
3658,-70.253,-69.659
3659,41.741,21.824
3660,-5.1554,27.752
3661,9.488,16.367
3662,-36.917,19.927
3663,-40.956,-26.21
3664,-59.799,-85.736
3665,-37.306,-77.598
3666,-8.6097,-64.759
3667,-27.651,-59.102
3668,13.114,-13.541
3669,-31.127,0.31961
3670,18.064,-65.229
3671,17.011,88.759
3672,67.092,25.65
3673,41.44,24
3674,-0.60914,61.824
3675,11.587,-17.98
3676,-21.267,-77.555
3677,-69.714,13.1
3678,-13.487,9.7682
3679,23.334,-77.013
3680,20.276,-62.33
3681,6.1706,-54.939
3682,40.869,-57.714
3683,-4.3168,37.697
3684,-8.8962,57.853
3685,-13.78,10.284
3686,-80.286,-25.573
3687,53.814,-29.727
3688,-11.922,-63.617
3689,63.668,-54.047
3690,40.549,-57.743
3691,-29.341,71.941
3692,70.016,-10.208
3693,62.968,-19.846
3694,15.789,-43.59
3695,24.39,-61.63
3696,-86.052,32.435
3697,6.168,70.716
3698,53.952,-65.998
3699,53.806,-66.464
3700,9.6482,-3.5847
3701,34.131,-7.5267
3702,34.9,-76.299
3703,21.012,-62.354
3704,23.288,-62.881
3705,-58.804,-41.68
3706,35.294,-13.963
3707,73.82,-6.1589
3708,-4.9021,59.158
3709,-65.164,17.563
3710,45.878,-40.527
3711,21.035,-62.214
3712,28.357,-2.2937
3713,8.6044,-7.8737
3714,55.998,73.347
3715,-32.24,29.923
3716,-33.505,5.179
3717,-78.113,-59.583
3718,55.305,-83.977
3719,59.675,-63.553
3720,36.594,-93.756
3721,-6.4302,85.869
3722,-57.92,68.032
3723,-6.7148,46.042
3724,-59.688,74.793
3725,-32.419,13.54
3726,2.3385,-28.78
3727,-62.977,19.891
3728,11.241,-57.654
3729,46.148,79.547
3730,10.252,-23.255
3731,-31.616,-74.689
3732,14.874,-58.235
3733,40.186,-44.691
3734,-37.002,49.649
3735,51.768,-32.4
3736,-9.8354,-17.948
3737,0.093302,-82.311
3738,10.107,-19.123
3739,72.844,-37.923
3740,-14.491,-0.92414
3741,11.985,-47.601
3742,0.8496,61.99
3743,-2.9681,-88.99
3744,-6.3428,90.187
3745,55.659,42.189
3746,42.988,5.6653
3747,-74.849,-56.923
3748,50.972,-65.999
3749,11.666,-72.366
3750,-58.572,-37.912
3751,-59.143,-40.401
3752,43.725,20.748
3753,74.452,-50.159
3754,27.947,-22.037
3755,26.351,-63.363
3756,6.6069,-51.044
3757,57.306,-70.028
3758,10.815,75.434
3759,-7.1034,13.41
3760,51.336,-59.372
3761,6.7815,35.957
3762,8.542,99.37
3763,-71.555,15.293
3764,-25.601,-102.45
3765,-2.4571,75.716
3766,61.522,6.9935
3767,-41.595,-1.2892
3768,50.52,-58.157
3769,45.41,-31.685
3770,-65.979,16.319
3771,47.617,-76.302
3772,-64.864,65.516
3773,-15.999,-41.13
3774,-58.388,-39.906
3775,46.804,-49.252
3776,-11.286,74.658
3777,-55.058,-15.376
3778,-57.54,22.252
3779,-27.942,-81.705
3780,-9.5796,-74.087
3781,-34.141,3.8864
3782,44.394,6.3131
3783,53.881,-87.734
3784,28.093,-21.596
3785,66.947,-60.504
3786,31.508,-73.001
3787,41.397,8.4916
3788,-3.2174,-13.285
3789,-74.602,11.733
3790,44.826,21.517
3791,-20.867,-72.447
3792,-35.893,68.991
3793,-21.397,-83.404
3794,54.214,-60.891
3795,-32.827,5.2863
3796,73.784,25.974
3797,75.646,-2.1142
3798,6.8251,-53.359
3799,35.489,-19.417
3800,53.563,-86.004
3801,50.596,-47.328
3802,-55.394,77.234
3803,-3.9712,-86.957
3804,24.703,74.142
3805,-58.202,9.1422
3806,-10.653,-29.791
3807,74.478,-1.7479
3808,9.8635,53.871
3809,37.988,83.038
3810,-25.233,-102.33
3811,-103.28,-15.398
3812,70.52,1.5362
3813,48.445,-58.102
3814,-61.612,25.47
3815,48.321,-58.106
3816,50.101,-48.961
3817,91.216,-57.168
3818,-31.742,-2.6109
3819,56.065,63.941
3820,-34.484,-0.24519
3821,54.333,-57.752
3822,77.291,-57.465
3823,40.681,39.042
3824,-13.208,-94.276
3825,-34.735,19.027
3826,10.201,-21.972
3827,-92.125,25.108
3828,48.845,18.02
3829,72.879,-2.6505
3830,-8.6837,-37.514
3831,84.299,-16.252
3832,13.69,7.2938
3833,18.877,-64.084
3834,8.7205,-22.515
3835,-11.312,72.116
3836,-63.209,17.675
3837,33.896,-17.205
3838,-58.06,67.05
3839,-5.2588,90.194
3840,-29.538,-6.3698
3841,84.559,-4.1897
3842,-10.618,-90.504
3843,-68.938,68.12
3844,-39.898,-2.257
3845,46.993,-78.709
3846,22.225,-60.507
3847,-39.316,-13.303
3848,-22.009,-85.875
3849,-4.716,54.176
3850,-1.8203,16.671
3851,58.711,-2.045
3852,-42.881,-0.92655
3853,0.96797,-81.565
3854,48.385,-73.908
3855,10.88,78.037
3856,19.299,-25.279
3857,-66.255,15.33
3858,-58.788,15.236
3859,0.0096226,-28.033
3860,84.338,-15.455
3861,84.474,-10.801
3862,-9.7868,-71.068
3863,74.275,-34.388
3864,-4.281,-75.804
3865,51.975,24.506
3866,-44.391,-0.36589
3867,-22.497,-71.963
3868,-17.453,77.781
3869,-45.289,-35.011
3870,11.336,-70.441
3871,-32.715,73.056
3872,10.678,-56.516
3873,-23.25,-83.311
3874,-26.249,-94.905
3875,88.171,-21.743
3876,24.223,47.099
3877,13.377,-58.129
3878,20.042,-34.285
3879,-9.7091,56.573
3880,-51.659,81.861
3881,-49.69,47.581
3882,56.769,-71.256
3883,55.199,-69.817
3884,-9.4338,11.401
3885,-17.182,15.843
3886,56.833,-67.447
3887,-91.057,18.502
3888,38.133,-5.7363
3889,-31.211,5.4577
3890,-17.3,-85.73
3891,-22.349,35.851
3892,8.341,-46.356
3893,-43.695,0.071205
3894,-1.0249,77.931
3895,-66.825,67.019
3896,46.535,-65.858
3897,3.1637,-58.172
3898,-17.129,-19.79
3899,-19.759,-80.171
3900,-88.234,44.603
3901,17.685,-21.604
3902,38.56,-13.237
3903,12.187,-47.403
3904,-40.917,-89.788
3905,61.164,-68.53
3906,25.831,-44.544
3907,54.432,-57.995
3908,6.5726,-47.884
3909,-26.753,37.731
3910,-31.408,2.9988
3911,-24.836,30.748
3912,4.6257,28.597
3913,66.04,-1.0032
3914,2.3334,-51.224
3915,-82.758,-12.063
3916,-44.627,-68.754
3917,-19.565,-73.481
3918,72.661,26.159
3919,-1.3616,33.287
3920,49.709,55.113
3921,1.5122,66.679
3922,-38.391,76.114
3923,16.062,-26.064
3924,45.549,7.3841
3925,-40.533,-4.7241
3926,47.612,-82.85
3927,62.717,-18.943
3928,-35.458,64.19
3929,48.269,20.789
3930,90.27,-11.89
3931,32.507,35.093
3932,58.531,-52.096
3933,18.867,-61.226
3934,17.825,9.474
3935,-35.528,7.3912
3936,-24.618,82.243
3937,-70.038,11.828
3938,-43.788,-23.659
3939,-89.182,-18.088
3940,30.627,-23.263
3941,54.486,24.064
3942,-12.899,-29.169
3943,79.854,-8.1001
3944,-75.411,-12.433
3945,-5.0733,-14.904
3946,-44.444,-6.4371
3947,17.359,10.304
3948,50.405,-54.181
3949,35.946,31.743
3950,-30.768,17.761
3951,7.9512,-12.769
3952,-1.6918,-55.671
3953,39.105,4.6093
3954,2.4042,-7.4417
3955,64.132,26.108
3956,-61.482,17.66
3957,70.655,-7.8099
3958,2.7244,16.77
3959,23.301,-93.458
3960,111.39,5.4966
3961,95.345,-42.601
3962,38.441,-25.169
3963,58.44,-0.28646
3964,71.408,-13.901
3965,0.54428,-12.095
3966,15.109,-16.449
3967,9.1372,-48.169
3968,-22.507,-82.519
3969,-37.631,49.198
3970,-56.298,-79.083
3971,84.694,-12.682
3972,66.23,-25.933
3973,9.2211,-55.954
3974,5.8304,37.194
3975,-28.378,34.581
3976,-13.516,-0.82662
3977,-56.465,-85.676
3978,-11.89,13.185
3979,-14.59,86.176
3980,30.907,93.849
3981,-41.04,-91.221
3982,-62.851,-76.844
3983,13.601,-55.436
3984,57.715,-86.727
3985,-8.4058,29.15
3986,78.745,-19.004
3987,6.9234,-62.202
3988,-22.997,-85.849
3989,-2.8863,73.856
3990,-38.474,-7.1587
3991,-12.893,75.381
3992,-72.14,15.99
3993,-74.389,-56.224
3994,71.163,-52.604
3995,44.69,-40.841
3996,-17.197,-27.123
3997,42.979,5.5075
3998,20.726,-62.797
3999,-0.070686,27.422
4000,-32.264,90.089
4001,-83.483,-37.902
4002,-103.12,-1.5242
4003,84.855,-37.69
4004,-11.757,-75.201
4005,30.175,88.761
4006,-62.578,-79.062
4007,49.609,-55.025
4008,-64.498,4.9542
4009,-23.194,-73.709
4010,-15.438,44.298
4011,-60.153,56.574
4012,10.869,-3.2209
4013,-23.173,-84.091
4014,70.206,31.771
4015,19.91,-61.33
4016,26.435,-63.298
4017,-27.126,-82.664
4018,94.28,-54.299
4019,67.925,24.889
4020,-7.629,80.114
4021,11.594,90.413
4022,31.2,73.755
4023,-70.148,1.7935
4024,7.0303,-35.798
4025,75.724,-2.0421
4026,49.491,-65.965
4027,53.585,-17.281
4028,-41.521,-24.405
4029,-99.178,1.0564
4030,53.011,-50.02
4031,34.615,1.4564
4032,-34.65,-27.862
4033,32.565,54.09
4034,-65.693,17.773
4035,-11.556,-16.585
4036,12.745,-56.168
4037,-26.423,-87.455
4038,-17.961,-79.264
4039,-16.176,-41.04
4040,-88.172,26.259
4041,0.86538,-44.245
4042,34.835,-18.19
4043,11.672,-57.875
4044,47.872,-44.274
4045,-24.774,-94.584
4046,-4.904,73.014
4047,-64.745,18.775
4048,47.05,38.245
4049,-27.753,-19.725
4050,49.769,-75.079
4051,-35.067,16.069
4052,-74.491,16.743
4053,65.545,66.399
4054,56.279,4.2505
4055,66.306,56.499
4056,3.8447,-77.295
4057,-21.819,-68.926
4058,-51.34,-83.579
4059,37.457,37.374
4060,31.136,5.8949
4061,73.788,-0.33308
4062,-60.735,14.314
4063,63.492,-42.747
4064,9.2681,-57.722
4065,-4.8064,25.674
4066,76.55,-59.047
4067,-15.438,75.485
4068,-72.213,51.341
4069,-103.6,-13.878
4070,-88.189,-1.1333
4071,-24.525,-67.838
4072,23.336,71.493
4073,96.449,-61.303
4074,-73.236,-64.749
4075,48.077,-66.008
4076,1.3733,8.1923
4077,-88.163,62.47
4078,-74.935,-17.341
4079,80.891,-2.8326
4080,-18.106,-79.651
4081,-34.328,79.381
4082,49.762,-17.147
4083,75.193,-57.767
4084,8.9597,-61.073
4085,-12.42,-84.725
4086,-22.738,-10.2
4087,-17.952,-14.084
4088,22.21,41.938
4089,88.336,45.633
4090,-72.89,15.883
4091,-4.7834,-45.211
4092,17.364,-58.79
4093,21.354,-63.807
4094,36.779,-91.947
4095,-75.613,-65.09
4096,-19.527,61.343
4097,66.355,89.221
4098,46.883,40.147
4099,35.297,-8.6325
4100,58.547,59.879
4101,39.72,23.469
4102,-62.103,20.739
4103,8.8118,30.076
4104,-103.71,-42.623
4105,-53.601,0.26806
4106,55.933,40.952
4107,1.8281,-57.59
4108,-49.267,-83.975
4109,100.34,33.93
4110,32.203,-90.446
4111,28.142,0.93328
4112,54.909,-58.04
4113,-21.23,-11.352
4114,-23.826,27.928
4115,-8.9789,84.86
4116,-67.771,16.821
4117,11.526,45.928
4118,17.021,88.597
4119,-31.563,-0.52494
4120,-31.897,2.9174
4121,-62.905,20.219
4122,38.632,71.864
4123,-88.907,17.022
4124,-12.047,9.9798
4125,17.949,-22.065
4126,-28.986,45.232
4127,59.321,31.661
4128,36.96,8.8719
4129,57.552,-48.538
4130,-103.71,-42.623
4131,-22.86,-92.549
4132,-70.348,1.9768
4133,-63.824,71.228
4134,-41.022,83.953
4135,-4.067,58.895
4136,-8.6918,12.474
4137,43.945,-57.809
4138,48.214,80.591
4139,-14.076,-7.8447
4140,62.14,-14.337
4141,42.625,-69.693
4142,17.915,-32.086
4143,52.271,77.668
4144,-38.379,13.739
4145,-77.826,-51.157
4146,-48.081,53.213
4147,-15.082,45.184
4148,60.975,43.298
4149,57.292,-52.091
4150,83.412,-22.949
4151,35.775,-44.406
4152,52.238,-41.527
4153,85.673,-4.1049
4154,7.9464,-55.631
4155,43.411,-79.95
4156,11.053,7.8724
4157,-103.71,-42.623
4158,-9.7573,-46.418
4159,52.589,-57.241
4160,65.211,9.1745
4161,25.403,31.45
4162,4.8225,-59.593
4163,-87.233,27.047
4164,-53.684,0.50019
4165,41.984,50.709
4166,29.347,5.0739
4167,-47.791,-10.438
4168,48.528,20.916
4169,-30.837,14.076
4170,11.689,6.6382
4171,-34.724,-1.2401
4172,-34.307,47.33
4173,48.22,58.027
4174,42.99,59.449
4175,-78.19,-68.602
4176,-77.864,-70.916
4177,-5.392,91.578
4178,-53.047,-47.537
4179,-7.406,21.866
4180,-73.167,-24.617
4181,-19.467,43.25
4182,47.783,38.379
4183,49.286,59.397
4184,81.185,-43.622
4185,-64.654,2.9839
4186,-72.285,-76.232
4187,56.619,-70.285
4188,-26.325,-9.6975
4189,-102.06,30.144
4190,35.936,4.2321
4191,-19.404,78.851
4192,-32.63,-27.948
4193,-31.85,39.206
4194,-8.6401,12.39
4195,56.983,-71.22
4196,-74.545,-74.453
4197,56.669,-54.626
4198,44.965,-64.144
4199,-8.3266,-22.193
4200,-9.1409,-68.369
4201,71.607,32.289
4202,23.23,51.623
4203,-24.957,-71.121
4204,3.6184,-7.9529
4205,61.039,40.747
4206,-69.893,-80.234
4207,65.938,-21.744
4208,81.424,-8.896
4209,-2.2611,-13.663
4210,-39.703,-39.352
4211,-7.7587,-7.4624
4212,-19.77,21.113
4213,-22.829,-72.469
4214,7.3006,89.225
4215,75.504,29.604
4216,36.122,43.42
4217,-27.428,-96.277
4218,-14.004,36.686
4219,97.528,45.501
4220,36.559,-4.4336
4221,32.617,-13.778
4222,0.85334,-55.6
4223,28.102,-52.431
4224,89.565,8.6345
4225,4.0866,-81.231
4226,-50.907,-24.047
4227,-24.563,-19.377
4228,47.971,42.018
4229,-25.695,-5.7716
4230,-7.301,-90.919
4231,45.651,39.755
4232,-74.525,-47.597
4233,76.454,-77.488
4234,70.215,-43.357
4235,-2.4329,-14.861
4236,-37.506,-74.807
4237,-38.302,-93.128
4238,-70.948,4.3291
4239,34.939,-20.049
4240,-55.7,-59.156
4241,-23.288,42.169
4242,-15.171,19.336
4243,69.93,-38.337
4244,6.9593,14.372
4245,42.332,10.074
4246,69.411,-37.743
4247,94.012,-57.091
4248,-42.585,25.627
4249,49.501,42.301
4250,-16.697,26.468
4251,-19.833,20.439
4252,22.466,-64.231
4253,49.239,-34.392
4254,88.088,45.989
4255,86.419,44.287
4256,-75.932,17.37
4257,9.4986,-80.995
4258,-14.269,10.539
4259,38.918,-61.769
4260,-29.625,-2.3803
4261,71.528,58.194
4262,6.2567,25.447
4263,-45.673,49.656
4264,-60.236,-81.993
4265,63.191,-43.21
4266,60.57,-68.551
4267,-68.289,-17.429
4268,-60.87,22.663
4269,74.306,-36.261
4270,-48.473,-85.928
4271,-2.9872,33.165
4272,-5.5223,-52.517
4273,-54.153,52.167
4274,-21.28,-67.924
4275,-24.518,81.435
4276,-3.2378,-88.506
4277,-28.365,-82.38
4278,47.672,15.645
4279,-9.8809,0.89138
4280,-51.295,-78.672
4281,-57.589,-72.975
4282,43.042,15.089
4283,-26.271,-95.364
4284,-81.299,-55.476
4285,-13.431,50.369
4286,-20.716,1.3059
4287,-9.0139,-84.625
4288,-3.1527,80.734
4289,-9.4986,-29.465
4290,-54.754,30.263
4291,-48.337,35.146
4292,74.037,54.717
4293,53.343,-30.612
4294,0.43944,-50.756
4295,14.06,-57.221
4296,-8.5554,20.899
4297,26.634,50.653
4298,66.497,55.514
4299,54.997,-62.096
4300,-55.186,-92.918
4301,-31.004,0.18812
4302,34.303,-5.3921
4303,-49.186,-86.735
4304,-82.167,-23.665
4305,30.927,-61.292
4306,6.868,-55.833
4307,39.992,-2.8015
4308,-38.396,1.499
4309,-58.784,-41.675
4310,68.112,28.05
4311,39.746,8.5988
4312,-40.75,-31.335
4313,18.658,-12.797
4314,-96.306,6.1969
4315,-76.446,-52.692
4316,28.981,-22.184
4317,11.242,-49.89
4318,-18.863,21.419
4319,54.855,57.418
4320,55.109,-83.797
4321,-22.612,-71.739
4322,3.4896,15.523
4323,-32.144,1.2862
4324,-60.164,-82.583
4325,-70.763,-42.219
4326,-16.791,31.055
4327,-33.04,-0.42141
4328,-9.703,-1.2786
4329,65.079,-17.206
4330,65.851,-44.591
4331,38.395,-62.848
4332,-2.6972,19.839
4333,68.079,53.57
4334,47.074,-49.722
4335,-8.8319,-40.086
4336,42.87,86.373
4337,26.855,15.467
4338,-52.602,-86.952
4339,-34.31,-3.268
4340,-78.017,-60.762
4341,-36.604,86.654
4342,-13.26,-40.201
4343,-10.098,35.969
4344,-17.892,-69.46
4345,-20.673,-73.356
4346,0.14077,14.444
4347,28.78,36.522
4348,95.403,-51.463
4349,-2.0908,-75.006
4350,17.35,39.649
4351,-59.255,-78.405
4352,85.69,-4.1219
4353,-7.9649,83.889
4354,1.2006,25.27
4355,55.892,28.701
4356,77.774,-51.3
4357,26.824,5.0657
4358,-1.6691,59.033
4359,24.266,-41.684
4360,28.185,25.447
4361,-57.534,66.326
4362,-49.511,-87.839
4363,-14.408,-72.029
4364,40.685,57.106
4365,-37.741,0.2161
4366,46.838,-49.197
4367,-5.9564,-84.425
4368,-10.118,-5.3091
4369,-69.237,15.614
4370,-60.208,-15.322
4371,52.39,3.0597
4372,55.007,-39.869
4373,-27.354,-7.8502
4374,36.362,14.073
4375,-47.354,51.494
4376,86.598,-18.691
4377,-8.9585,-4.0372
4378,-42.95,-28.038
4379,-12.468,-38.204
4380,-67.528,-79.545
4381,-69.566,6.9797
4382,-56.956,-82.111
4383,44.708,-64.897
4384,-44.228,-34.134
4385,-57.732,-76.754
4386,-23.086,-73.701
4387,8.6883,47.085
4388,4.9613,32.932
4389,24.769,-2.4755
4390,5.0729,25.547
4391,-1.8905,57.462
4392,35.128,-6.4989
4393,25.948,46.796
4394,-56.077,-79.256
4395,37.727,-62.823
4396,-68.381,-34.42
4397,-65.764,-58.896
4398,-63.172,-89.938
4399,-10.468,-96.141
4400,68.71,54.926
4401,-19.744,-57.74
4402,-72.14,-53.615
4403,27.948,-36.633
4404,-60.287,44.127
4405,55.377,-15.021
4406,27.051,49.884
4407,41.757,22.009
4408,72.803,-2.974
4409,-31.333,-31.741
4410,-44.052,17.843
4411,-108.19,-8.3371
4412,-13.051,34.106
4413,17.512,7.9543
4414,-21.873,82.788
4415,-69.229,29.285
4416,-27.101,-74.053
4417,-55.849,-85.269
4418,-33.91,-28.79
4419,-80.288,-53.073
4420,-9.0045,-55.918
4421,-17.125,39.388
4422,65.151,65.697
4423,-2.9541,-15.022
4424,18.141,-18.997
4425,-76.129,11.922
4426,35.689,-39.527
4427,71.396,-3.611
4428,-3.0639,46.803
4429,18.978,-23.584
4430,-68.989,27.541
4431,-6.9776,-22.436
4432,3.2782,-58.35
4433,5.7098,91.725
4434,-58.863,-78.233
4435,-29.114,-20.966
4436,-35.682,28.028
4437,30.384,10.813
4438,13.184,-46.147
4439,-36.946,33.189
4440,-5.8655,91.046
4441,11.162,-56.173
4442,6.1696,-24.574
4443,56.013,76.365
4444,3.4229,54.257
4445,59.167,-47.719
4446,-46.165,-39.107
4447,-28.928,4.9012
4448,24.983,-1.9392
4449,70.366,2.0356
4450,-68.917,-14.144
4451,9.7104,-19.847
4452,48.088,38.151
4453,-81.423,-54.61
4454,37.124,-67.329
4455,-23.024,-74.153
4456,-42.197,20.193
4457,-24.592,76.738
4458,15.766,13.437
4459,98.615,52.347
4460,58.345,-5.3636
4461,-90.936,17.616
4462,-32.958,-3.3086
4463,-96.559,28.423
4464,90.945,-24.92
4465,-31.142,2.3088
4466,64.213,25.871
4467,-65.255,-42.746
4468,-60.289,23.972
4469,-15.677,-71.825
4470,19.097,-46.638
4471,3.3812,36.868
4472,-27.778,82.315
4473,-90.09,5.4877
4474,30.362,41.152
4475,11.88,-57.48
4476,-103.7,-42.621
4477,31.925,56.336
4478,71.087,-13.236
4479,62.776,48.794
4480,44.609,8.7797
4481,41.922,46.749
4482,-5.4239,-38.534
4483,-98.585,27.205
4484,-39.307,-22.827
4485,43.7,-23.171
4486,-72.649,8.5124
4487,68.14,-2.6969
4488,-3.3628,30.934
4489,-15.164,40.021
4490,-60.314,-15.018
4491,-79.937,-52.443
4492,32.362,-21.572
4493,-14.676,51.68
4494,69.514,-3.0382
4495,29.13,-6.0456
4496,-45.238,0.24845
4497,62.836,-21.66
4498,82.163,-22.065
4499,-4.1383,59.383
4500,-9.9369,53.76
4501,-3.8663,32.146
4502,-16.511,-7.6022
4503,31.716,-61.979
4504,-42.539,12.856
4505,-88.65,30.738
4506,-31.251,5.9753
4507,-45.508,0.34508
4508,-9.2973,70.561
4509,-86.497,34.416
4510,60.513,-64.654
4511,76.999,-47.982
4512,30.219,-56.298
4513,47.111,39.086
4514,27.799,-18.84
4515,16.714,-80.727
4516,36.248,-30.587
4517,-31.981,84.033
4518,-72.019,15.567
4519,-66.113,24.221
4520,69.868,47.443
4521,-8.5739,-48.432
4522,-21.074,-89.053
4523,-29.202,80.043
4524,-32.14,4.7861
4525,26.123,-89.526
4526,48.108,39.115
4527,-3.3799,82.471
4528,-73.667,-13.854
4529,-86.714,44.856
4530,22.57,-10.764
4531,-10.361,-17.568
4532,23.571,-45.606
4533,-9.5898,72.599
4534,-57.893,9.0185
4535,-56.773,27.676
4536,83.22,-13.128
4537,-59.453,-68.316
4538,30.85,19.888
4539,10.984,-78
4540,-37.959,2.7186
4541,77.433,-48.863
4542,-6.8624,-52.626
4543,-84.977,-22.784
4544,36.326,32.689
4545,-8.2485,73.079
4546,38.741,28.541
4547,61.775,15.926
4548,-96.072,6.8827
4549,59.652,-9.666
4550,-34.379,-15.027
4551,47.784,-0.26727
4552,-0.47043,16.226
4553,29.852,28.8
4554,-22.771,35.45
4555,17.107,77.487
4556,96.758,44.86
4557,57.909,-23.225
4558,-71.581,15.159
4559,41.497,-4.0429
4560,57.222,-12.645
4561,-52.554,72.479
4562,-9.7994,-4.5553
4563,23.592,-37.439
4564,-40.376,-34.43
4565,52.844,72.341
4566,-68.733,-59.6
4567,21.886,-80.3
4568,-75.47,54.693
4569,-35.794,-42.606
4570,-4.2245,-41.921
4571,54.95,13.143
4572,-20.972,12.132
4573,8.942,-57.659
4574,24.861,9.4159
4575,-39.091,-22.914
4576,-64.634,4.1154
4577,55.998,35.674
4578,-15.255,99.301
4579,-2.0146,23.378
4580,-63.891,23.467
4581,47.396,-32.136
4582,86.974,-36.515
4583,38.023,-62.76
4584,38.745,49.416
4585,-69.507,68.675
4586,-53.876,-47.085
4587,8.5643,-47.207
4588,17.856,-46.832
4589,23.242,95.596
4590,-17.32,-41.161
4591,-10.367,57.777
4592,-44.376,52.716
4593,19.29,36.705
4594,1.2862,-55.712
4595,-72.605,-15.413
4596,71.224,28.011
4597,50.993,20.172
4598,-55.723,24.334
4599,22.657,72.618
4600,28.357,36.772
4601,70.836,33.626
4602,-61.086,14.194
4603,11.105,-19.426
4604,18.562,35.704
4605,-52.216,23.077
4606,50.126,41.609
4607,24.573,-36.577
4608,40.565,23.567
4609,78.594,-18.623
4610,30.727,-60.087
4611,-39.435,-32.498
4612,-28.635,26.512
4613,32.209,54.475
4614,-0.33296,-8.0972
4615,-0.51153,-57.297
4616,-24.14,-69.282
4617,-24.146,-9.2878
4618,-79.711,28.36
4619,33.955,-59.668
4620,-57.989,54.106
4621,21.941,54.729
4622,47.647,18.409
4623,77.312,10.198
4624,73.475,31.979
4625,-8.1867,56.793
4626,-37.734,11.038
4627,-28.905,56.925
4628,-67.692,5.9083
4629,86.615,-5.3433
4630,74.236,-40.966
4631,-32.923,36.494
4632,6.7788,-50.939
4633,-10.492,-62.916
4634,62.545,9.0966
4635,-38.351,75.181
4636,-54.142,-9.644
4637,-24.099,17.65
4638,6.9602,-82.673
4639,-25.133,-79.502
4640,31.91,-5.6701
4641,-71.151,4.7151
4642,-69.939,5.7711
4643,47.184,-4.5779
4644,47.686,38.61
4645,-14.932,-92.456
4646,-1.9034,23.064
4647,26.417,-91.59
4648,-6.6691,-34.626
4649,-38.786,1.7067
4650,25.479,34.059
4651,-28.072,-66.792
4652,-6.7964,-70.651
4653,12.553,41.71
4654,-44.367,69.049
4655,-80.855,30.321
4656,23.596,74.049
4657,-8.8686,-2.566
4658,-23.217,17.637
4659,-26.93,19.838
4660,-83.239,-0.31163
4661,-79.979,4.1096
4662,-11.16,91.482
4663,-11.982,75.649
4664,-14.957,74.985
4665,-6.8454,-2.4638
4666,-74.735,-14.706
4667,10.097,94.711
4668,74.624,50.051
4669,54.476,-16.406
4670,24.707,-9.2109
4671,41.858,-56.654
4672,12.945,-46.597
4673,-16.281,93.573
4674,93.588,-19.121
4675,48.858,69.265
4676,30.676,7.7459
4677,42.539,81.955
4678,22.179,41.818
4679,-3.2346,-73.538
4680,-20.704,-16.453
4681,-75.499,17.488
4682,46.323,-15.763
4683,-40.577,16.138
4684,-44.48,-6.3193
4685,-81.134,33.964
4686,78.33,-30.732
4687,-12.403,88.424
4688,-3.8537,-0.41736
4689,-32.383,10.728
4690,-42.41,0.38954
4691,19.219,36.728
4692,-59.592,-68.189
4693,-91.489,25.387
4694,-74.95,0.77208
4695,-0.15291,-31.144
4696,53.378,-21.001
4697,35.75,5.8775
4698,63.618,66.222
4699,43.172,-26.533
4700,-95.166,4.8555
4701,50.625,63.43
4702,50.954,39.324
4703,60.956,45.874
4704,-84.143,-22.572
4705,7.5902,-82.538
4706,22.941,41.739
4707,-28.263,-71.804
4708,-56.385,-79.052
4709,-3.801,32.076
4710,-43.648,47.817
4711,7.7811,-44.808
4712,-25.973,56.717
4713,-11.402,-3.9088
4714,-104.58,35.507
4715,-18.618,14.321
4716,-23.253,-90.928
4717,63.7,-54.152
4718,27.534,-21.82
4719,-85.278,-25
4720,26.464,60.683
4721,-5.5966,-30.673
4722,68.89,-51.781
4723,16.232,60.465
4724,-11.895,77.489
4725,-8.9824,-6.5846
4726,-53.373,-78.403
4727,-64.648,-2.8414
4728,45.736,42.527
4729,47.327,-55.942
4730,12.794,-22.248
4731,-21.982,10.123
4732,77.215,12.518
4733,25.362,24.53
4734,18.719,-49.575
4735,-36.82,26.569
4736,5.3049,37.731
4737,85.776,-23.279
4738,-27.006,-7.6593
4739,-21.392,8.6082
4740,60.283,-65.629
4741,-26.59,50.892
4742,43.614,13.417
4743,54.291,-18.123
4744,-79.196,-51.932
4745,7.7407,-28.898
4746,-56.195,11.762
4747,36.856,73.833
4748,35.903,22.529
4749,-73.171,-54.547
4750,-58.358,22.363
4751,-28.286,-67.326
4752,79.254,42.589
4753,20.303,-4.5218
4754,34.845,-9.2437
4755,-22.816,-84.546
4756,16.755,-0.080785
4757,4.5665,62.471
4758,9.3529,15.638
4759,-14.772,-2.8044
4760,23.074,21.753
4761,-73.378,10.101
4762,-22.151,-15.038
4763,44.201,-44.358
4764,26.778,15.548
4765,46.497,-0.66141
4766,-80.559,-54.614
4767,-30.886,-3.1071
4768,-34.515,40.524
4769,-22.506,-106.23
4770,-2.9354,30.089
4771,67.258,-19.845
4772,-68.244,18.837
4773,-43.549,-19.358
4774,31.694,53.994
4775,-68.023,-21.721
4776,83.823,-23.879
4777,-74.824,-17.937
4778,-36.478,25.749
4779,74.876,50.655
4780,16.913,-0.48544
4781,-24.594,12.334
4782,-55.528,-78.782
4783,-19.378,40.767
4784,45.968,-46.078
4785,-34.077,69.29
4786,11.485,52.015
4787,15.886,-38.388
4788,14.394,11.633
4789,-30.237,-4.0841
4790,-58.406,-34.103
4791,55.869,10.785
4792,40.17,73.015
4793,-72.582,11.431
4794,43.596,5.1864
4795,74.065,14.007
4796,5.2028,-13.318
4797,64.333,25.311
4798,91.324,33.292
4799,35.246,-18.69
4800,30.687,89.678
4801,76.886,-33.367
4802,-55.011,-18.198
4803,59.33,17.92
4804,45.872,25.863
4805,-75.61,-48.585
4806,29.989,51.898
4807,-11.873,38.826
4808,-103.71,-42.623
4809,84.626,-26.009
4810,-56.907,-87.541
4811,-39.301,-92.368
4812,3.8702,28.488
4813,47.259,-77.467
4814,63.095,-4.3432
4815,-16.148,33.613
4816,-53.608,25.191
4817,11.66,70.917
4818,-29.096,-2.669
4819,-68.167,71.551
4820,3.3659,28.043
4821,-41.044,43.778
4822,-69.229,11.224
4823,-13.925,-9.01
4824,-45.581,15.421
4825,-33.356,-18.937
4826,38.146,-4.2262
4827,-65.232,44.211
4828,94.14,-62.502
4829,90.664,44.388
4830,27.866,53.627
4831,44.528,5.4485
4832,92.655,-64.582
4833,37.728,53.243
4834,4.7657,63.825
4835,-74.82,-73.744
4836,24.31,-50.244
4837,-30.807,5.4098
4838,5.2609,-30.036
4839,8.8608,-12.775
4840,2.6785,16.159
4841,-100.29,-29.401
4842,-53.121,-31.589
4843,-71.22,4.3176
4844,18.34,-39.259
4845,-70.177,16.244
4846,48.169,58.455
4847,-86.82,22.285
4848,50.513,-24.191
4849,-95.943,53.502
4850,4.8555,69.887
4851,12.579,-81.077
4852,-77.389,-60.269
4853,-69.32,3.3213
4854,95.089,-59.833
4855,35.198,-60.118
4856,22.577,-59.548
4857,91.701,43.93
4858,58.178,-0.83481
4859,-57.17,37.636
4860,-59.918,-9.5042
4861,0.27442,-56.232
4862,-24.675,-19.353
4863,70.75,-5.416
4864,-33.716,6.1591
4865,-70.443,1.9303
4866,0.19829,74.947
4867,-48.981,54.374
4868,8.4682,-54.397
4869,-36.422,79.44
4870,-22.409,-106.3
4871,-29.435,39.96
4872,-30.985,7.1669
4873,-43.81,17.271
4874,45.334,-11.615
4875,-5.9425,-77.378
4876,32.978,49.807
4877,-79.568,-11.849
4878,-13.501,24.419
4879,-19.429,41.714
4880,-74.869,-17.715
4881,29.471,49.19
4882,-73.079,16.012
4883,9.3243,40.484
4884,10.116,40.472
4885,-56.23,-61.043
4886,37.491,8.416
4887,49.094,18.99
4888,-89.728,28.313
4889,5.2283,-33.775
4890,66.357,56.196
4891,8.9267,-4.4359
4892,-70.159,-62.854
4893,-65.23,44.212
4894,26.488,69.616
4895,67.892,27.546
4896,42.019,-86.693
4897,-29.643,30.711
4898,-104.35,-2.7273
4899,-103.71,-42.623
4900,-85.781,-25.571
4901,-53.301,-77.807
4902,-80.492,-55.07
4903,-66.687,19.399
4904,-6.1418,-3.6607
4905,-81.122,-53.476
4906,-0.59336,-51.924
4907,87.972,-13.191
4908,-43.875,-3.4295
4909,-57.996,-32.319
4910,-36.998,53.129
4911,-104.02,-2.9083
4912,-79.517,-27.857
4913,-32.693,5.1486
4914,-103.71,-42.623
4915,111.39,5.4963
4916,63.059,-3.004
4917,30.111,56.208
4918,-88.681,20.237
4919,-2.3923,-82.836
4920,-72.979,-14.153
4921,-45.87,49.556
4922,-92.945,13.09
4923,-19.637,8.1638
4924,28.418,94.39
4925,-60.466,27.844
4926,-4.9416,48.261
4927,-41.489,51.63
4928,-55.537,-9.6116
4929,47.623,41.747
4930,-22.865,57.916
4931,84.698,-14.111
4932,46.595,13.24
4933,-96.308,10.501
4934,29.73,5.6921
4935,69.57,-9.5437
4936,-46.897,34.804
4937,-46.798,13.698
4938,71.929,47.438
4939,-44.677,-14.892
4940,-13.323,-2.2559
4941,54.486,71.805
4942,57.832,-9.8234
4943,3.7456,28.445
4944,-70.057,-11.438
4945,-82.066,22.212
4946,105.17,11.984
4947,25.867,-50.94
4948,59.15,53.911
4949,-28.462,39.872
4950,-40.462,-75.342
4951,-63.154,-10.535
4952,20.815,64.269
4953,-81.35,-55.487
4954,-17.904,-77.168
4955,-27.757,-104.89
4956,57.747,20.478
4957,-59.499,20.892
4958,97.625,-60.908
4959,25.846,52.82
4960,-6.6139,-40.898
4961,75.525,-49.978
4962,-14.256,-3.8578
4963,88.719,46.111
4964,-67.754,75.319
4965,71.054,29.454
4966,58.643,22.437
4967,-66.314,-79.192
4968,-86.263,1.5657
4969,-51.066,-28.339
4970,36.144,21.963
4971,-42.937,82.092
4972,25.492,69.304
4973,-43.283,21.766
4974,-75.831,12.221
4975,-33.829,21.947
4976,-42.275,-35.156
4977,-42.528,-1.6699
4978,-11.067,71.876
4979,3.1267,96.066
4980,-25.37,38.23
4981,-15.791,-9.5539
4982,-11.674,8.079
4983,-64.051,18.837
4984,-22.087,-77.966
4985,-75.87,-11.258
4986,17.087,-80.41
4987,55.075,-17.828
4988,20.52,85.097
4989,-35.992,6.9575
4990,-62.252,25.114
4991,-14.92,51.534
4992,-12.067,-1.7628
4993,15.184,-16.767
4994,-43.224,-90.575
4995,-12.293,-2.2776
4996,-13.561,-7.8496
4997,-45.895,0.1074
4998,-40.502,-91.51
4999,-54.369,52.147
5000,8.0087,-10.775
5001,-70.231,16.034
5002,-32.515,-85.171
5003,-53.287,69.84
5004,67.617,-19.019
5005,-5.0957,-2.5917
5006,-57.014,-87.303
5007,37.387,58.287
5008,-15.477,-39.976
5009,73.797,50.882
5010,-9.781,-5.6431
5011,-35.921,-69.938
5012,-71.536,-78.357
5013,-52.685,-86.485
5014,-103.71,-42.623
5015,45.685,21.346
5016,39.45,26.275
5017,-11.608,-16.438
5018,-53.276,-15.45
5019,-24.256,-31.897
5020,-8.8817,-11.765
5021,-74.47,-15.637
5022,-25.856,-104.18
5023,-70.553,49.235
5024,-8.6966,-69.719
5025,37.077,37.268
5026,-61.105,31.431
5027,-42.641,-86.91
5028,-4.0829,39.111
5029,54.498,73.654
5030,77.295,42.014
5031,-44.052,-1.2389
5032,94.858,15.689
5033,82.562,26.528
5034,40.803,-11.004
5035,-10.169,-44.308
5036,-22.851,14.893
5037,54.683,60.388
5038,82.786,30.853
5039,31.129,-14.506
5040,-29.557,55.971
5041,65.275,-27.501
5042,33.53,52.475
5043,48.571,-21.131
5044,-67.855,13.492
5045,-51.889,-46.42
5046,-4.9463,-86.303
5047,84.142,13.509
5048,9.2513,-54.902
5049,-36.029,-9.21
5050,11.552,6.5084
5051,-4.4839,-4.4376
5052,9.1581,42.215
5053,25.972,12.179
5054,-5.6617,-2.0625
5055,-47.034,-24.673
5056,58.65,16.723
5057,-103.71,-42.623
5058,-10.682,-7.204
5059,30.931,97.323
5060,-75.487,12.379
5061,63.538,56.073
5062,-31.372,-72.938
5063,-81.922,3.6304
5064,59.559,-2.1421
5065,18.935,26.39
5066,-0.38478,41.053
5067,-13.842,-63.631
5068,49.46,36.084
5069,-34.493,17.93
5070,-61.858,-21.569
5071,-7.5685,-4.2009
5072,47.809,44.115
5073,-26.975,-95.484
5074,-61.771,72.371
5075,-102.9,17.826
5076,-61.994,13.223
5077,31.299,9.7499
5078,88.605,45.828
5079,47.855,21.801
5080,37.899,-0.47435
5081,-2.1953,63.98
5082,9.3632,40.423
5083,-104.58,35.506
5084,34.221,9.0559
5085,-103.71,-42.623
5086,-28.359,-70.937
5087,-23.052,81.569
5088,-20.941,39.697
5089,-103.71,-42.622
5090,55.335,-9.5671
5091,-13.057,-4.293
5092,51.936,-28.931
5093,62.003,18.572
5094,35.701,6.3762
5095,-34.726,35.904
5096,45.095,62.579
5097,-13.469,-2.8798
5098,-74.996,-16.88
5099,-66.2,15.138
5100,59.513,-45.866
5101,-32.469,-85.789
5102,-25.538,46.416
5103,48.796,37.451
5104,2.0233,-81.94
5105,22.41,-10.734
5106,-13.857,-69.358
5107,70.954,32.059
5108,-73.542,14.065
5109,39.341,39.782
5110,33.548,2.8301
5111,11.063,-36.298
5112,-21.871,32.661
5113,54.948,75.522
5114,-2.0249,-57.3
5115,-35.575,56.874
5116,-9.2428,-11.015
5117,-66.427,14.833
5118,1.9756,-36.308
5119,-34.464,-3.0761
5120,75.674,25.412
5121,19.072,-23.996
5122,-23.464,50.955
5123,-98.547,-28.521
5124,97.772,54.344
5125,94.599,-60.01
5126,-70.317,15.133
5127,-4.2134,-6.6307
5128,-102.51,-5.8469
5129,26.911,6.4643
5130,19.168,34.276
5131,-6.8392,81.794
5132,57.252,-19.696
5133,72.612,46.681
5134,10.94,100.47
5135,-19.557,-58.308
5136,-22.029,-31.645
5137,-20.622,-92.76
5138,-73.247,-10.304
5139,-23.221,-80.885
5140,-6.8066,-3.204
5141,54.248,-26.613
5142,-18.614,12.468
5143,-32.528,-85.62
5144,-25.237,-79.252
5145,-104,18.677
5146,8.0036,46.855
5147,-71.061,12.773
5148,66.348,89.237
5149,43.105,31.263
5150,29.009,48.563
5151,-80.3,-53.019
5152,73.497,89.361
5153,48.194,38.781
5154,6.0546,-12.946
5155,-26.806,-64.261
5156,-38.45,84.572
5157,-61.743,59.278
5158,-67.453,-66.06
5159,37.131,75.939
5160,16.547,-96.494
5161,-103.71,-42.623
5162,89.565,8.6346
5163,-64.79,18.604
5164,-30.284,-69.07
5165,-53.213,70.161
5166,-7.1201,-2.4498
5167,-70.769,12.469
5168,61.46,40.938
5169,-27.293,-104.97
5170,14.789,-9.7151
5171,-12.174,-77.618
5172,73.496,89.361
5173,7.8831,-47.687
5174,-50.497,-31.003
5175,-13.033,13.131
5176,111.39,5.4961
5177,53.216,-21.242
5178,28.179,-66.331
5179,86.365,34.689
5180,-9.9416,43.497
5181,-17.057,-2.4783
5182,0.30103,87.79
5183,-12.33,-3.0312
5184,67.97,-59.532
5185,-33.985,2.3814
5186,48.126,37.374
5187,47.606,56.218
5188,-76.024,30.79
5189,-7.2693,-6.087
5190,-52.73,18.533
5191,-24.864,-95.162
5192,37.634,41.817
5193,-52.595,72.672
5194,47.812,22.528
5195,-27.387,-101.95
5196,-13.892,-4.6224
5197,9.298,-10.687
5198,-31.126,31.981
5199,-72.732,-75.04
5200,-92.359,20.186
5201,-12.009,-6.3962
5202,84.412,-11.875
5203,-38.431,0.73806
5204,-72.242,-29.996
5205,89.565,8.6348
5206,111.4,5.4977
5207,-103.37,25.447
5208,89.565,8.6345
5209,-0.098246,9.1885
5210,60.457,28.045
5211,-52.583,-80.441
5212,21.565,-10.867
5213,58.922,-29.357
5214,36.395,39.666
5215,-88.202,43.651
5216,20.882,85.369
5217,-15.201,87.379
5218,9.4984,-19.56
5219,13.87,0.56029
5220,69.925,30.314
5221,33.262,76.157
5222,-67.52,19.132
5223,-79.878,-52.556
5224,64.828,-26.326
5225,-69.194,-56.2
5226,-45.76,15.303
5227,-13.834,-63.994
5228,-103.71,-42.623
5229,-103.71,-42.623
5230,-75.844,-11.991
5231,0.99122,100.65
5232,-73.19,-59.266
5233,-23.863,-11.647
5234,-70.457,8.2132
5235,24.078,-53.747
5236,-75.929,-72.969
5237,-105.41,-2.8712
5238,-8.6962,-8.3447
5239,-22.723,-88.139
5240,-22.704,44.916
5241,3.4199,-13.46
5242,76.12,47.938
5243,-26.215,-76.721
5244,-53.953,25.369
5245,-24.834,-9.5663
5246,48.649,37.965
5247,-59.42,20.485
5248,-22.529,-77.945
5249,7.7305,-10.86
5250,-33.323,12.889
5251,42.309,37.387
5252,-43.886,5.7876
5253,57.676,32.65
5254,-28.186,33.79
5255,-100.06,10.578
5256,32.073,46.855
5257,94.077,-62.3
5258,-74.277,-30.483
5259,-28.463,-82.175
5260,-13.828,34.182
5261,-38.623,-26.614
5262,95.31,-42.53
5263,50.873,35.589
5264,-5.9012,-32.073
5265,51.676,58.098
5266,7.9523,-55.517
5267,-67.168,18.996
5268,-73.49,-74.32
5269,-6.3956,80.406
5270,-105.03,-0.28122
5271,60.97,-20.34
5272,-72.892,-10.566
5273,73.49,89.361
5274,95.952,57.233
5275,39.798,51.517
5276,53.571,14.944
5277,84.112,43.684
5278,-13.41,-63.287
5279,-40.446,-20.969
5280,-103.71,-42.623
5281,-25.891,32.4
5282,-103.87,-1.5825
5283,-71.705,-33.396
5284,-104.59,35.508
5285,52.566,-57.301
5286,-37.957,26.777
5287,-82.926,3.7576
5288,95.036,15.118
5289,37.467,33.261
5290,-30.53,43
5291,-72.105,15.847
5292,-9.9083,-2.2999
5293,30.236,28.066
5294,89.706,35.625
5295,-57.574,52.693
5296,-25.043,30.08
5297,63.452,31.683
5298,-39.204,10.57
5299,-37.891,-22.894
5300,51.318,71.93
5301,-44.019,18.877
5302,92.802,-52.832
5303,-98.807,8.4905
5304,-79.812,-5.7503
5305,21.263,85.535
5306,-31.699,-82.184
5307,19.907,-10.383
5308,1.7224,34.785
5309,59.353,-10.584
5310,-75.788,-12.94
5311,90.803,44.263
5312,-41.351,-21.306
5313,45.597,13.196
5314,25.066,9.0531
5315,-39.375,-12.677
5316,43.507,-21.055
5317,-7.9357,-4.0721
5318,-103.71,-42.622
5319,-5.1847,37.777
5320,-75.212,-72.879
5321,23.167,52.21
5322,-75.604,17.607
5323,-0.4336,87.845
5324,66.642,56.346
5325,-31.196,30.061
5326,-37.144,13.004
5327,-88.234,44.602
5328,-8.0526,-1.6372
5329,77.789,41.68
5330,46.458,40.477
5331,8.4622,99.285
5332,-31.009,27.838
5333,-3.2084,-64
5334,48.485,18.676
5335,-25.461,30.173
5336,-12.696,-57.873
5337,-49.982,-49.564
5338,-43.581,-34.261
5339,3.4715,25.555
5340,-3.2364,-5.1653
5341,48.004,50.484
5342,66.953,-43.769
5343,-40.319,50.883
5344,-80.874,-36.722
5345,72.178,26.434
5346,111.39,5.4972
5347,22.441,-79.038
5348,25.87,70.147
5349,-25.904,32.609
5350,-6.7636,89.616
5351,-3.7157,-33.751
5352,59.313,-12.312
5353,-36.159,35.726
5354,-53.388,-79.711
5355,97.688,21.864
5356,-25.704,-101.49
5357,-77.917,-70.929
5358,-73.708,15.175
5359,59.746,3.8992
5360,22.748,55.792
5361,55.5,23.821
5362,-62.208,-82.326
5363,-48.98,-33.871
5364,87.833,45.552
5365,-74.103,12.462
5366,28.484,56.531
5367,-23.871,-11.225
5368,-103.71,-42.623
5369,-12.929,78.314
5370,-24.945,47.341
5371,66.082,62.535
5372,-75.673,-72.099
5373,-75.112,17.176
5374,-25.292,29.401
5375,26.774,-18.216
5376,-34.728,7.2388
5377,-31.384,42.557
5378,3.3043,37.694
5379,-5.4097,40.057
5380,-71.224,-22.638
5381,-8.4734,-4.6256
5382,27.647,21.54
5383,92.54,43.552
5384,39.466,-48.012
5385,-60.683,15.928
5386,111.39,5.4956
5387,14.671,-4.3162
5388,-89.605,25.391
5389,-23.582,7.9557
5390,-41.858,28.888
5391,-80.63,2.409
5392,-31.231,12.257
5393,45.224,50.143
5394,-75.624,15.152
5395,-26.839,-91.996
5396,-6.8528,-73.196
5397,-41.873,28.505
5398,-25.289,44.927
5399,-54.944,77.55
5400,67.381,88.028
5401,-10.837,-29.999
5402,-1.1382,77.703
5403,-40.554,-16.79
5404,-81.267,-12.545
5405,43.552,21.985
5406,-23.56,6.8427
5407,-51.274,-1.8463
5408,33.003,52.468
5409,-76.088,15.916
5410,-90.855,24.729
5411,76.683,-49.445
5412,63.963,20.563
5413,-45.237,18.946
5414,-5.3198,39.889
5415,-42.261,-4.2776
5416,48.858,37.665
5417,-7.9604,-35.931
5418,-68.406,-78.908
5419,-72.659,-76.646
5420,-31.966,12.603
5421,48.116,50.371
5422,24.664,72.943
5423,48.105,37.217
5424,-16.838,0.25497
5425,95.797,57.437
5426,-38.611,37.859
5427,-67.63,-37.964
5428,36.874,91.492
5429,-77.107,-54.97
5430,-11.239,-5.2918
5431,-5.5174,-4.6439
5432,-3.0332,-7.8503
5433,-45.644,-88.786
5434,-11.36,-89.863
5435,22.25,72.375
5436,-79.393,-56.124
5437,-22.252,52.838
5438,96.445,56.575
5439,-25.934,40.358
5440,-25.468,30.659
5441,-22.015,40.555
5442,-103.71,-42.623
5443,-9.454,-1.8096
5444,-55.813,-89.317
5445,-25.56,30.745
5446,-75.647,-72.479
5447,-18.828,-40.144
5448,-25.911,-90.763
5449,-5.5046,40.04
5450,-73.404,-23.651
5451,-48.409,-51.958
5452,-39.613,-11.825
5453,-80.604,-34.381
5454,75.422,48.523
5455,-83.548,-37.989
5456,44.866,42.013
5457,-52.151,1.989
5458,-63.406,-77.077
5459,-80.516,-34.514
5460,-6.3626,75.343
5461,49.74,57.835
5462,-19.789,-58.702
5463,-30.887,85.875
5464,-69.589,3.6748
5465,-103.71,-42.623
5466,75.758,-38.508
5467,-68.254,-61.538
5468,-75.79,-13.211
5469,-12.251,9.4303
5470,18.399,32.613
5471,-22.182,41.542
5472,-5.3323,89.696
5473,30.56,-82.037
5474,-10.302,-0.52173
5475,-26.882,44.235
5476,-15.372,76.784
5477,-65.335,4.4773
5478,-12.459,-1.2151
5479,-30.953,2.8387
5480,-29.098,-21.669
5481,-77.658,9.4784
5482,-81.369,-55.168
5483,2.522,-82.322
5484,-17.109,40.414
5485,-33.825,22.491
5486,-103.71,-42.623
5487,-79.863,29.16
5488,-76.581,-25.985
5489,-59.469,59.99
5490,-3.9817,0.72371
5491,-76.345,13.064
5492,29.61,56.909
5493,-40.136,55.885
5494,-15.644,-40.38
5495,-81.842,-4.8895
5496,-35.591,-34.265
5497,-11.215,-17.517
5498,47.842,17.643
5499,-72.284,-74.779
5500,44.628,19.65
5501,-76.132,17.41
5502,18.292,-2.5757
5503,-24.698,83.353
5504,111.39,5.4949
5505,-1.8191,76.955
5506,-2.5652,39.769
5507,-64.442,-38.92
5508,46.369,49.758
5509,-13.352,-3.0042
5510,-72.863,-11.07
5511,-79.514,28.671
5512,-8.5098,40.501
5513,76.863,25
5514,63.817,26.571
5515,-75.07,-11.158
5516,-49.358,-50.496
5517,-32.523,22.586
5518,23.897,-39.786
5519,-10.07,-8.8794
5520,-73.066,-13.71
5521,54.393,-25.844
5522,74.525,25.835
5523,6.3963,-83.423
5524,-6.3978,-85.217
5525,-20.658,36.868
5526,-74.511,-47.51
5527,-31.361,23.209
5528,-60.793,-79.158
5529,-70.385,-78.692
5530,40.635,40.178
5531,-60.403,14.593
5532,5.2149,-61.522
5533,-9.9242,-2.2713
5534,-37.064,-22.625
5535,33.366,53.176
5536,66.262,62.373
5537,-75.834,17.979
5538,-51.945,-85.179
5539,-59.753,20.137
5540,-103.96,-42.898
5541,-103.71,-42.623
5542,25.193,-38.556
5543,-27.812,-83.66
5544,-70.623,2.4328
5545,-24.723,17.353
5546,14.958,-65.669
5547,-25.707,36.169
5548,-19.842,-92.383
5549,-37.091,26.959
5550,4.4695,39.487
5551,24.149,-54.172
5552,-16.112,-28.842
5553,-103.71,-42.623
5554,-14.803,75.869
5555,46.429,9.2085
5556,-103.71,-42.623
5557,38.759,53.92
5558,-59.318,-41.181
5559,-70.521,-14.976
5560,-11.257,-10.715
5561,42.751,3.49
5562,-9.2086,79.381
5563,-72.573,13.201
5564,-103.71,-42.623
5565,3.1514,95.342
5566,89.565,8.6343
5567,-54.387,-56.582
5568,75.506,29.667
5569,-46.57,14.509
5570,65.373,26.875
5571,-54.9,77.31
5572,-82.279,1.9298
5573,-71.825,13.773
5574,74.745,-9.6198
5575,-3.3282,30.413
5576,-77.461,-59.598
5577,-38.577,-76.935
5578,-9.454,-1.8096
5579,-17.613,38.866
5580,10.526,-50.154
5581,58.664,-76.014
5582,31.703,53.826
5583,-65.855,16.542
5584,-72.809,-26.776
5585,-10.692,-78.808
5586,-9.9546,43.316
5587,-8.5283,43.403
5588,-79.307,-9.176
5589,-32.389,23.084
5590,32.69,-4.6385
5591,-19.61,-0.43681
5592,48.275,18.835
5593,18.73,-23.653
5594,-2.7221,-6.6322
5595,-75.935,6.9359
5596,-17.441,-80.462
5597,31.173,-14.246
5598,-28.292,-82.243
5599,-74.397,-74.435
5600,32.514,-2.5786
5601,-10.735,93.736
5602,-30.811,40.965
5603,-0.11691,32.523
5604,21.459,85.803
5605,34.609,18.015
5606,-21.262,-66.234
5607,-102.88,16.136
5608,-103.71,-42.623
5609,47.01,49.929
5610,-17.379,39.589
5611,20.864,64.247
5612,62.512,17.101
5613,56.307,-19.122
5614,-79.287,29.371
5615,-30.163,-68.723
5616,111.38,5.4961
5617,28.506,23.449
5618,-3.2374,32.491
5619,-85.215,0.61411
5620,-40.306,3.3914
5621,33.258,49.361
5622,-38.508,-74.932
5623,-9.1809,-17.617
5624,-62.649,-0.54596
5625,-26.918,-76.195
5626,-65.123,-58.483
5627,-53.854,64.461
5628,-32.885,6.3965
5629,-103.71,-42.623
5630,65.44,67.977
5631,-80.699,32.078
5632,2.4565,53.894
5633,-2.8634,43.449
5634,38.422,53.152
5635,48.225,38.124
5636,-63.411,-31.434
5637,-35.597,30.721
5638,-83.558,-12.889
5639,72.604,88.459
5640,98.491,-61.377
5641,-73.857,14.639
5642,60.671,58.215
5643,-103.71,-42.623
5644,-72.658,-10.749
5645,-71.991,-76.263
5646,-71.051,12.658
5647,-6.8377,-22.35
5648,-75.673,-48.588
5649,-35.017,36.05
5650,45.06,-22.143
5651,-74.992,-15.545
5652,-7.2744,-11.235
5653,-59.521,54.118
5654,6.6623,92.842
5655,-11.753,-16.498
5656,14.935,37.929
5657,40.513,2.1907
5658,38.77,33.605
5659,24.557,76.093
5660,8.943,47.173
5661,-12.832,12.738
5662,20.289,-34.223
5663,-45.728,-30.614
5664,36.18,66.472
5665,29.207,56.789
5666,-58.022,8.2392
5667,1.1598,-64.936
5668,-82.841,-11.763
5669,-75.472,-73.255
5670,-68.23,-79.454
5671,-24.064,15.688
5672,-62.129,20.142
5673,-33.259,12.773
5674,-86.165,-21.92
5675,45.412,41.975
5676,-5.9582,1.1331
5677,-17.404,38.877
5678,25.65,84.172
5679,25.544,10.892
5680,32.54,-57.174
5681,36.081,-5.2664
5682,-58.845,-78.341
5683,-5.0092,73.194
5684,-6.9603,80.972
5685,-66.437,-37.631
5686,-80.492,-58.682
5687,-9.21,38.146
5688,-27.323,18.381
5689,-101.04,-30.584
5690,-65.205,-43.05
5691,26.596,50.529
5692,-88.563,23.162
5693,8.0432,47.106
5694,-31.974,14.5
5695,-75.875,-11.669
5696,-6.0064,-37.017
5697,14.729,-11.936
5698,9.2824,-61.417
5699,46.453,55.704
5700,-24.163,80.891
5701,92.263,-66.803
5702,-9.6433,10.163
5703,-88.91,28.109
5704,50.287,35.823
5705,96.539,-54.834
5706,41.699,6.6042
5707,-81.668,3.4677
5708,-64.966,17.034
5709,48.95,41.807
5710,55.612,-17.173
5711,-55.263,-93.16
5712,34.996,71.191
5713,-103.71,-42.623
5714,-47.924,13.251
5715,-53.058,0.24393
5716,97.202,-60.195
5717,-36.852,-22.65
5718,61.977,21.015
5719,-70.01,-77.054
5720,-39.276,-21.701
5721,-2.1806,52.547
5722,96.539,-56.562
5723,-37.525,45.322
5724,-43.365,11.994
5725,-12.585,9.9288
5726,-56.087,51.579
5727,22.17,63.964
5728,96.885,-54.796
5729,23.733,-45.237
5730,27.303,23.051
5731,22.975,72.609
5732,-46.783,12.841
5733,-103.71,-42.623
5734,-31.396,44.153
5735,-9.9486,79.878
5736,-7.8802,12.943
5737,-103.71,-42.623
5738,-11.13,-2.6366
5739,99.575,-64.723
5740,28.517,51.44
5741,-3.4458,96.032
5742,36.176,51.806
5743,-70.754,26.695
5744,-71.605,-42.202
5745,-103.71,-42.623
5746,18.929,-37.72
5747,31.052,83.542
5748,89.565,8.6346
5749,45.916,39.589
5750,-70.072,-75.702
5751,-85.218,-29.635
5752,29.188,79.996
5753,-16.994,16.607
5754,104.37,-55.416
5755,-103.71,-42.623
5756,49.871,23.356
5757,-22.989,13.264
5758,97.652,-59.297
5759,-6.2973,-36.927
5760,-102.37,-42.689
5761,-25.348,9.2545
5762,-11.14,-2.6301
5763,-79.547,-52.153
5764,47.521,40.358
5765,-78.81,-19.279
5766,22.477,84.209
5767,55.559,23.593
5768,-72.345,-74.468
5769,61.78,8.0544
5770,-58.882,-78.329
5771,-48.345,6.417
5772,-77.118,-59.662
5773,-27.888,-82.547
5774,77.386,41.105
5775,43.539,8.982
5776,84.691,7.6447
5777,-63.749,19.882
5778,27.344,70.674
5779,70.779,56.813
5780,50.5,-7.0995
5781,-1.8129,64.13
5782,-77.122,34.991
5783,-87.931,24.493
5784,-6.2968,91.456
5785,77.804,-30.622
5786,-73.696,-53.785
5787,-11.147,-2.6012
5788,-80.551,-56.541
5789,-7.1795,13.917
5790,-73.34,-59.729
5791,-62.755,-81.595
5792,0.83076,11.293
5793,-38.504,-29.172
5794,47.463,17.412
5795,-11.155,-2.601
5796,4.9007,-29.617
5797,-59.336,-78.661
5798,16.581,-0.33886
5799,56.474,-0.15582
5800,-70.304,16.158
5801,-72.226,11.138
5802,-67.634,-78.973
5803,-11.282,75.315
5804,75.977,11.249
5805,-103.71,-42.623
5806,-72.714,-44.599
5807,3.5667,96
5808,-36.966,-22.65
5809,93.171,-53.219
5810,-79.483,-51.59
5811,-103.71,-42.623
5812,-69.995,-74.976
5813,-63.322,19.705
5814,-4.2375,20.563
5815,25.872,52.72
5816,-89.14,-18.702
5817,-21.429,19.627
5818,-58.14,-17.75
5819,98.552,-62.202
5820,-79.261,-53.442
5821,28.5,10.94
5822,-25.516,45.003
5823,46.271,36.513
5824,-83.449,-12.212
5825,-80.958,-54.881
5826,-67.846,56.579
5827,-79.982,-58.531
5828,-11.151,-2.5886
5829,-72.393,-44.224
5830,-51.185,63.731
5831,-55.958,-29.969
5832,61.782,-26.682
5833,75.342,26.47
5834,-71.672,-74.838
5835,-45.511,-0.46298
5836,57.73,-23.777
5837,-54.019,-79.998
5838,-11.148,-2.6005
5839,-77.882,-70.973
5840,97.315,21.584
5841,-5.0884,73.106
5842,100.94,-59.261
5843,-75.66,-72.336
5844,-41.146,20.483
5845,-103.71,-42.623
5846,92.25,-51.881
5847,79.693,50.018
5848,-74.735,-30.747
5849,-17.598,18.461
5850,-19.944,-81.883
5851,9.2554,40.545
5852,-20.284,9.5248
5853,-74.481,-65.47
5854,47.576,41.614
5855,18.744,-53.164
5856,7.3347,13.885
5857,-8.8326,37.41
5858,-78.313,-59.1
5859,-28.512,18.715
5860,-70.568,-68.62
5861,94.084,-62.993
5862,-11.137,-2.6258
5863,-76.345,0.65179
5864,-55.21,19.684
5865,-34.379,88.213
5866,63.028,25.132
5867,26.064,-75.73
5868,-79.295,-53.989
5869,27.453,81.786
5870,-74.076,-32.939
5871,61.948,-25.802
5872,-81.399,-54.685
5873,78.051,36.82
5874,-30.94,2.4806
5875,-42.223,20.145
5876,-43.474,35.549
5877,-55.555,-78.77
5878,-47.488,-24.368
5879,40.578,6.842
5880,-69.004,-55.851
5881,-9.8354,6.6295
5882,-45.316,3.8185
5883,-73.068,-75.262
5884,-70.049,-75.334
5885,52.453,49.048
5886,-79.326,-53.96
5887,-71.729,14.646
5888,-71.388,-76.378
5889,72.318,14.473
5890,100.75,33.72
5891,-103.71,-42.623
5892,-54.46,-56.601
5893,-17.612,39.806
5894,-32.873,-20.368
5895,63.134,22.117
5896,-24.458,30.699
5897,-38.629,83.583
5898,52.087,40.231
5899,5.2694,-35.503
5900,-96.49,-15.648
5901,-47.148,13.551
5902,75.273,13.511
5903,-6.7578,13.602
5904,-72.999,-10.241
5905,-27.891,37.064
5906,67.163,88.088
5907,90.907,-67.007
5908,-72.175,10.896
5909,67.391,39.03
5910,-74.056,6.7505
5911,-87.863,22.348
5912,-50.36,-23.952
5913,-79.394,-53.557
5914,-49.125,12.417
5915,67.495,9.0084
5916,-68.302,16.068
5917,15.547,39.058
5918,4.8049,41.781
5919,-17.656,78.487
5920,-21.089,-13.309
5921,-72.324,-74.541
5922,-62.95,-83.671
5923,24.08,-53.972
5924,-26.168,-5.5616
5925,49.557,55.135
5926,-58.168,-32.067
5927,-72.209,-37.457
5928,75.447,47.446
5929,26.199,-17.598
5930,-1.3963,41.949
5931,-72.646,-58.769
5932,-75.902,-65.159
5933,-71.347,-77.443
5934,-69.771,-20.331
5935,-11.145,-2.5998
5936,42.71,-81.461
5937,-73.585,18.921
5938,-97.489,15.853
5939,-25.006,31.348
5940,-85.168,25.283
5941,-8.285,74.236
5942,-74.711,-14.567
5943,61.874,-16.132
5944,-69.919,-75.152
5945,-62.268,-81.454
5946,48.013,21.661
5947,-0.60628,60.989
5948,-72.547,-24.611
5949,-27.855,-83.895
5950,-75.711,-65.263
5951,-23.835,23.274
5952,-68.72,-68.265
5953,-82.296,8.9757
5954,-75.254,-73.367
5955,-52.689,19.305
5956,-74.358,-47.469
5957,-46.605,-89.265
5958,47.75,17.448
5959,-84.253,-22.545
5960,-10.082,73.844
5961,56.198,19.683
5962,23.723,-45.279
5963,58.54,22.974
5964,-81.117,-54.09
5965,25.674,-69.068
5966,-33.376,13.017
5967,25.866,70.203
5968,-37.801,43.632
5969,-69.781,-19.678
5970,-11.402,-53.529
5971,8.0194,32.358
5972,-72.413,-58.737
5973,76.754,32.707
5974,-0.91792,-88.758
5975,47.998,-19.993
5976,58.367,17.492
5977,55.742,-21.814
5978,-62.005,17.633
5979,-99.296,-29.175
5980,63.761,26.164
5981,-8.5665,8.9343
5982,-96.657,-32.778
5983,38.717,47.858
5984,-76.942,35.669
5985,-68.59,4.5203
5986,-71.217,-11.467
5987,-48.207,7.5066
5988,65.846,28.373
5989,-14.019,-25.717
5990,-33.66,-25.859
5991,-17.598,39.788
5992,-9.6556,8.0039
5993,28.522,-77.002
5994,54.65,34.972
5995,-40.914,-14.788
5996,-79.527,-67.085
5997,-78.653,-19.376
5998,-17.605,-15.126
5999,9.7313,-22.401
6000,-76.332,30.802
6001,-38.306,15.349
6002,-39.108,-22.663
6003,-76.962,-66.891
6004,37.196,-19.481
6005,-22.047,-29.092
6006,-11.658,-30.527
6007,73.279,-83.009
6008,36.973,2.631
6009,-74.15,-73.956
6010,23.486,-45.605
6011,57.438,-40.392
6012,67.274,-4.5667
6013,78.063,-22.592
6014,48.513,20.545
6015,23.922,66.674
6016,-69.551,11.749
6017,-74.354,-54.011
6018,-47.814,58.43
6019,-36.587,34.218
6020,6.9362,-32.31
6021,0.24532,-22.621
6022,19.471,-19.45
6023,-11.144,-2.5995
6024,-3.8337,-18.979
6025,19.349,-24.048
6026,-23.368,-78.739
6027,-6.8583,-36.241
6028,38.36,-13.702
6029,-66.834,9.3175
6030,-80.812,-56.735
6031,-2.8112,-13.644
6032,41.58,39.513
6033,-4.4038,-16.037
6034,-30.074,26.934
6035,-2.386,-28.437
6036,42.949,-48.207
6037,54.423,26.189
6038,55.303,-69.228
6039,-72.885,-65.13
6040,-64.858,-42.981
6041,11.814,14.034
6042,-66.275,-76.361
6043,-37.995,-92.975
6044,-51.519,2.8638
6045,14.611,-65.867
6046,72.519,46.222
6047,45.091,7.4115
6048,44.051,-88.948
6049,-66.499,-80.461
6050,-95.351,25.796
6051,-71.931,-74.47
6052,22.945,-0.4848
6053,-22.938,-75.132
6054,-11.56,41.86
6055,-3.1015,41.988
6056,-38.493,33.081
6057,48.64,21.019
6058,-82.334,-11.425
6059,-20.017,-92.559
6060,-100.37,-29.551
6061,49.202,-10.763
6062,64.08,88.145
6063,-72.921,-25.33
6064,-65.733,8.6254
6065,-2.4897,75.644
6066,29.733,-12.12
6067,18.885,-24.592
6068,-78.648,-61.041
6069,20.944,-33.3
6070,-38.685,-73.454
6071,79.124,-9.0406
6072,-73.172,0.86864
6073,-79.674,-54.009
6074,-84.124,-28.511
6075,-97.236,25.003
6076,52.962,34.538
6077,12.725,13.32
6078,48.718,38.897
6079,-58.451,-78.273
6080,-49.01,-51.522
6081,-56.345,-79.949
6082,-39.819,-90.756
6083,-12.542,34.266
6084,-15.338,-27.813
6085,7.9133,-25.507
6086,-70.84,3.2547
6087,28.819,-20.897
6088,-68.672,-67.006
6089,-96.104,10.447
6090,-37.434,28.387
6091,-78.638,-60.381
6092,63.041,-41.387
6093,-69.697,-69.332
6094,86.795,-45.024
6095,10.754,92.208
6096,-9.2476,-36.25
6097,-55.239,-78.339
6098,-50.95,-57.625
6099,40.999,52.875
6100,-66.317,3.4536
6101,-0.48117,77.433
6102,17.696,35.764
6103,60.331,-1.0267
6104,11.154,-90.493
6105,-81.225,-54.797
6106,79.354,-0.7568
6107,91.637,-16.119
6108,-79.271,-54.74
6109,-8.1642,71.101
6110,35.61,-76.094
6111,-67.339,6.6634
6112,-55.804,-79.296
6113,76.147,0.7841
6114,-71.929,-74.848
6115,16.915,-5.5734
6116,-68.537,-79.415
6117,37.219,-10.234
6118,48.802,-21.298
6119,45.299,62.631
6120,91.459,-21.488
6121,81.197,-8.3331
6122,51.543,35.447
6123,55.946,7.4031
6124,51.294,2.4712
6125,-80.889,36.462
6126,-35.034,24.976
6127,-92.686,-46.923
6128,-41.011,38.86
6129,-75.784,-11.476
6130,-80.741,-55.042
6131,-57.841,22.192
6132,36.297,4.7529
6133,35.819,32.032
6134,-75.757,35.454
6135,55.95,1.2171
6136,1.1804,1.435
6137,-54.582,19.954
6138,-61.86,27.888
6139,-4.6521,37.781
6140,-79.748,-52.19
6141,-79.32,-53.333
6142,-30.27,-68.669
6143,-77.803,4.4961
6144,61.992,-59.42
6145,-69.855,-42.486
6146,-79.306,-52.654
6147,-74.414,-47.422
6148,-78.053,-59.729
6149,-18.16,-61.62
6150,2.4808,-63.494
6151,82.207,-17.313
6152,-97.457,-13.326
6153,25.679,10.888
6154,-58.176,48.244
6155,-28.535,79.242
6156,27.01,24.199
6157,-69.393,-32.1
6158,-81.474,-54.942
6159,-70.043,-74.976
6160,48.425,-48.004
6161,-62.485,-81.621
6162,57.25,-86.521
6163,25.359,28.451
6164,93.365,-23.93
6165,-81.425,-55.142
6166,-29.041,16.448
6167,-59.463,50.258
6168,83.364,-16.004
6169,-69.67,15.085
6170,41.194,-76.996
6171,-25.166,-79.489
6172,-46.873,-24.575
6173,-71.131,-66.163
6174,-72.17,1.154
6175,50.058,42.144
6176,91.038,-12.804
6177,-85.132,25.907
6178,-78.509,-69.909
6179,-56.92,-80.216
6180,-70.034,-11.652
6181,-71.904,-74.502
6182,-67.804,-79.374
6183,95.666,-53.978
6184,-81.463,-55.311
6185,-10.034,58.1
6186,111.39,5.495
6187,-96.289,-47.109
6188,53.354,-40.977
6189,-9.3201,-36.323
6190,49.432,39.91
6191,-73.09,5.6504
6192,-74.138,13.906
6193,36.44,-66.485
6194,-69.914,-75.674
6195,71.546,32.334
6196,49.225,39.837
6197,-79.238,-53.568
6198,-88.705,-19.209
6199,-2.7778,-73.824
6200,35.5,10.353
6201,-57.889,-77.608
6202,34.722,-19.71
6203,-59.455,-68.325
6204,75.604,29.298
6205,-103.14,-9.9638
6206,42.096,-4.0929
6207,-22.151,-15.506
6208,-68.425,-20.105
6209,-67.543,5.1417
6210,-5.3116,74.285
6211,37.263,58.259
6212,-17.514,-61.087
6213,-72.222,-74.593
6214,-82.451,-20.675
6215,-52.948,-55.435
6216,-27.48,81.625
6217,21.255,73.077
6218,37.651,-62.903
6219,38.918,24.664
6220,-67.403,5.6435
6221,-50.123,-28.365
6222,-46.972,-9.9328
6223,51.008,49.525
6224,28.825,37.587
6225,34.83,7.0917
6226,36.402,81.841
6227,41.394,20.269
6228,-1.3414,-55.985
6229,48.836,18.1
6230,-20.437,-51.287
6231,36.734,-4.7211
6232,21.704,42.181
6233,-78.253,-16.317
6234,-6.5521,-31.362
6235,-68.052,-69.675
6236,-19.692,-58.025
6237,60.501,-10.531
6238,-10.417,-55.783
6239,93.129,-28.39
6240,-79.025,-55.351
6241,59.131,6.269
6242,-70.682,-75.76
6243,-66.752,-52.755
6244,-78.253,-19.477
6245,64.038,8.3478
6246,61.726,-4.1523
6247,45.705,39.866
6248,53.223,51.215
6249,-19.206,-106.68
6250,-44.377,8.6201
6251,50.389,20.549
6252,75.053,28.447
6253,63.246,21.479
6254,8.6287,-49.856
6255,55.402,58.917
6256,-74.92,-10.827
6257,-61.513,17.076
6258,46.262,5.1515
6259,-66.951,18.796
6260,10.272,40.943
6261,-6.9453,52.784
6262,-22.514,-106.23
6263,36.02,44.01
6264,67.537,50.352
6265,77.311,39.39
6266,-63.601,-83.322
6267,23.22,52.041
6268,-4.4899,73.594
6269,-79.884,-67.259
6270,-26.361,-8.2808
6271,-65.982,10.692
6272,-25.617,82.627
6273,-18.406,32.783
6274,49.034,43.397
6275,-60.111,-68.173
6276,8.7687,-49.233
6277,-91.332,3.1871
6278,-4.6159,43.086
6279,28.888,40.22
6280,28.018,33.454
6281,-11.378,-66.42
6282,-47.856,7.214
6283,75.433,13.16
6284,-18.712,-105.61
6285,-66.376,9.9709
6286,55.249,1.0376
6287,-70.093,18.586
6288,6.3281,36.262
6289,21.167,86.038
6290,32.28,-50.949
6291,-63.687,18.317
6292,35.542,-68.697
6293,4.9841,-29.83
6294,43.601,28.295
6295,49.562,-0.65576
6296,-71.578,14.833
6297,24.873,-88.468
6298,17.331,-91.309
6299,-53.834,-56.05
6300,-44.151,56.044
6301,56.406,27.039
6302,60.78,-55.969
6303,26.187,34.095
6304,-71.719,15.056
6305,-77.88,4.4635
6306,-72.49,10.261
6307,-68.081,-24.245
6308,-74.59,-31.056
6309,-17.514,8.3431
6310,79.382,-8.7953
6311,98.42,-59.83
6312,-55.158,21.326
6313,48.839,39.433
6314,-25.894,-63.999
6315,-75.8,10.278
6316,-21.614,-55.871
6317,2.3098,-29.939
6318,-27.729,83.129
6319,36.219,82.273
6320,62.35,-58.939
6321,-76.736,-52.26
6322,-21.696,-85.881
6323,38.14,-69.734
6324,-26.902,-10.872
6325,44.117,-41.455
6326,65.977,-23.16
6327,-6.952,-35.919
6328,1.2146,60.236
6329,80.805,-42.643
6330,13.593,-32.974
6331,27.449,12.278
6332,76.144,-45.341
6333,4.0287,-56.09
6334,-96.565,4.5582
6335,85.332,12.65
6336,-73.148,28.778
6337,-23.822,-74.998
6338,10.468,90.221
6339,26.784,-17.6
6340,65.977,45.155
6341,92.978,-52.989
6342,-22.507,-106.24
6343,-46.275,-89.371
6344,80.53,29.499
