Label,optsne_1,optsne_2
1,47.665,39.406
2,75.913,-38.864
3,-23.214,-79.085
4,-55.774,9.9004
5,-51.406,-19.541
6,71.93,87.654
7,-75.508,-64.953
8,39.532,81.55
9,-80.267,-23.26
10,-77.135,29.196
11,-62.247,-30.343
12,-65.457,62.927
13,43.796,-89.041
14,-88.177,62.458
15,17.945,-60.146
16,11.88,-30.116
17,37.699,34.559
18,-39.23,-4.9943
19,19.896,-47.092
20,3.7093,84.884
21,14.882,-69.615
22,-58.719,67.698
23,-28.636,55.52
24,-23.951,8.9437
25,-30.173,91.549
26,-39.598,75.799
27,3.6858,-14.931
28,-9.9469,-92.704
29,16.059,32.489
30,-14.66,53.561
31,-66.687,-36.74
32,-15.785,55.927
33,-17.706,13.811
34,34.953,-72.191
35,-31.522,0.8091
36,-65.041,-63.354
37,-13.097,67.013
38,45.136,42.181
39,-31.65,41.789
40,-36.999,12.596
41,-14.702,-81.143
42,-9.2809,-65.499
43,-31.42,5.3162
44,-16.986,29.264
45,91.245,-57.794
46,-72.286,-52.611
47,-3.6518,74.582
48,39.91,-49.892
49,-87.016,21.279
50,-8.6665,13.482
51,0.85776,100.71
52,33.798,84.884
53,-32.786,37.095
54,-40.717,72.455
55,-20.185,8.0721
56,-8.8469,15.365
57,7.5365,32.857
58,24.642,98.477
59,-16.533,-70.503
60,2.6563,21.991
61,-85.011,-24.031
62,20.72,-60.222
63,64.046,87.559
64,-65.44,-63.987
65,-31.306,12.975
66,-72.389,-53.201
67,-49.572,63.776
68,1.3195,90.103
69,58.58,73.78
70,-11.067,1.4223
71,2.7718,84.848
72,-11.115,-70.057
73,11.187,-5.4754
74,66.797,-27.594
75,6.1238,74.745
76,-45.568,15.41
77,-33.831,2.8207
78,14.454,82.905
79,74.425,29.54
80,-34.192,66.85
81,-21.24,-88.345
82,-1.8016,101.68
83,-10.01,-64.752
84,-57.001,33.374
85,-39.815,74.102
86,-34.817,41.15
87,-11.52,65.727
88,-3.9894,-73.944
89,1.3996,-7.8081
90,-20.939,16.645
91,24.138,-57.687
92,-49.642,87.188
93,-77.494,-57.444
94,-28.097,-18.264
95,-39.573,52.383
96,11.621,-18.381
97,-28.432,-8.2852
98,-17.874,-86.889
99,-22.263,42.741
100,-81.263,-27.046
101,10.581,68.464
102,-40.453,-40.333
103,22.164,-84.172
104,-4.0544,32.371
105,0.67556,28.573
106,-65.596,-62.157
107,10.754,-3.5836
108,-24.306,89.529
109,-23.217,-26.559
110,2.0682,74.526
111,-46.627,12.818
112,115.98,-16.644
113,-38.312,79.72
114,-33.378,7.9411
115,-47.736,-51.767
116,-29.471,55.12
117,-28.265,-49.301
118,58.823,-28.085
119,-65.898,-61.041
120,37.559,39.476
121,37.707,83.081
122,-79.202,-38.707
123,-31.088,11.636
124,-72.748,-59.496
125,40.976,-52.275
126,44.034,76.125
127,-39.541,78.259
128,-49.461,29.963
129,-17.364,15.614
130,-25.046,24.156
131,15.074,-10.176
132,-30.707,91.824
133,-72.343,61.697
134,-86.995,-22.583
135,57.557,73.438
136,-68.854,-77.428
137,-64.115,-62.33
138,-33.483,57.442
139,-23.444,-39.977
140,52.565,75.168
141,27.64,-63.125
142,-44.498,83.14
143,72.561,87.52
144,-46.677,-41.717
145,-9.123,64.087
146,-32.466,-3.4463
147,12.235,84.05
148,-39.098,89.357
149,-31.565,31.623
150,15.249,-13.25
151,-52.897,34.851
152,41.627,-50.058
153,-52.238,2.3064
154,-47.245,51.484
155,-25.416,96.498
156,-18.67,16.227
157,-14.737,98.052
158,23.951,-8.9522
159,-7.3261,55.826
160,10.997,-11.085
161,5.2019,-6.7679
162,43.72,81.554
163,-3.5854,32.243
164,-33.819,1.096
165,-58.191,-89.099
166,41.779,84.411
167,77.447,10.82
168,71.493,41.558
169,5.3134,-8.6965
170,-17.915,77.819
171,-8.9178,-69.563
172,-1.1235,75.691
173,-22.748,62.943
174,26.075,61.925
175,-27.176,39.263
176,-13.62,-63.648
177,13.346,39.593
178,-20.888,10.778
179,-11.237,67.256
180,9.9426,46.401
181,-67.557,-63.563
182,-17.511,28.321
183,-48.45,50.194
184,-14.799,-21.34
185,-26.618,58.318
186,-76.593,-23.874
187,-77.596,-57.152
188,-72.61,-63.536
189,115.92,-16.658
190,10.472,64.248
191,26.96,69.046
192,-11.518,61.134
193,-16.617,28.515
194,23.089,6.5713
195,6.6086,68.333
196,8.7838,-16.902
197,-32.392,88.639
198,2.6902,-38.163
199,-40.725,-11.44
200,-44.588,-10.696
201,31.698,-68.308
202,-75.263,-64.403
203,12.784,0.75304
204,13.24,73.305
205,-72.278,-58.54
206,-31.469,6.6002
207,14.207,1.0905
208,-76.612,-22.256
209,-7.9666,12.941
210,115.96,-16.645
211,-4.9944,38.575
212,7.2512,66.586
213,1.6541,26.169
214,24.345,-85.544
215,-53.059,-32.051
216,-24.529,29.436
217,-28.126,-18.313
218,43.064,-71.916
219,-32.768,69.357
220,-42.099,36.311
221,-79.091,-67.686
222,-94.369,53.227
223,-13.72,6.0307
224,-11.164,-66.846
225,-31.175,72.717
226,-36.527,-4.7319
227,-32.763,13.509
228,60.724,52.736
229,-0.66606,41.999
230,1.9452,35.591
231,-28.055,-17.765
232,-19.361,3.6086
233,30.347,3.4689
234,-47.792,54.928
235,3.2525,80.997
236,33.836,90.313
237,-22.062,80.1
238,-34.229,13.645
239,-21.627,-84.955
240,4.6298,60.846
241,-11.639,13.948
242,31.652,4.7372
243,18.194,23.745
244,-55.666,39.74
245,-33.918,72.339
246,32.418,-64.095
247,-78.589,-55.413
248,-67.507,-62.164
249,-4.7665,-87.776
250,-7.5371,-72.058
251,-64.627,-62.945
252,-31.214,8.9008
253,-73.225,-59.704
254,-57.174,-88.832
255,-12.845,68.367
256,38.871,-56.589
257,61.42,-64.736
258,16.543,-62.231
259,-69.529,-61.829
260,-41.5,-1.5938
261,-38.443,76.193
262,-69.104,-62.361
263,9.0037,-55.593
264,66.787,70.753
265,43.171,-22.89
266,6.4287,43.822
267,29.923,24.283
268,-65.597,69.934
269,-68.65,18.552
270,105.77,-56.099
271,37.752,88.704
272,-16.497,53.105
273,-71.781,-63.836
274,49.733,-33.092
275,1.0346,21.281
276,28.132,54.878
277,-79.839,-27.397
278,-17.336,28.745
279,-13.827,1.5743
280,-8.2513,29.811
281,9.1093,69.679
282,1.9633,-36.695
283,-46.576,-87.131
284,-3.0734,63.092
285,43.817,61.314
286,8.0255,6.4479
287,14.844,-67.778
288,-25.086,-88.042
289,-65.189,44.231
290,-69.004,19.839
291,-55.899,76.89
292,-56.906,69.759
293,-61.063,-66.519
294,-72.338,-44.281
295,5.2406,-9.5363
296,1.6937,41.642
297,-19.121,52.045
298,11.439,74.567
299,11.587,32.032
300,57.522,-72.901
301,-51.035,80.196
302,-17.124,28.535
303,12.847,-21.114
304,-18.814,92.529
305,2.161,35.382
306,-35.216,19.428
307,26.871,-63.092
308,-26.52,94.907
309,115.93,-16.653
310,-38.877,83.773
311,-70.655,14.613
312,-43.324,45.249
313,-13.444,37.318
314,-50.702,64.217
315,-45.104,-7.5956
316,-57.282,66.375
317,4.2922,-13.681
318,46.447,2.5452
319,16.9,-0.37492
320,-12.281,-57.326
321,-58.888,67.005
322,36.074,40.654
323,-65.793,-76.555
324,-46.887,21.95
325,64.173,41.609
326,-33.216,61.182
327,-97.172,54.668
328,4.65,85.428
329,76.209,-39.07
330,-41.685,-39.333
331,-88.18,62.46
332,-18.143,63.419
333,-8.3886,55.381
334,20.431,-6.6285
335,-54.654,-37.606
336,42.445,-81.326
337,54.343,39.337
338,13.751,57.094
339,-29.673,50.025
340,-36.886,81.473
341,-65.35,-62.667
342,-92.897,52.175
343,-20.816,-85.449
344,-19.372,-82.384
345,11.029,100.53
346,5.5662,-15.974
347,37.704,-50.397
348,6.9044,70.161
349,-33.826,68.708
350,-11.402,67.579
351,52.314,-71.126
352,-64.644,27.333
353,-65.351,-62.003
354,13.284,96.441
355,-37.191,-5.0544
356,59.575,48.506
357,29.176,-6.0603
358,115.89,-16.787
359,-72.414,-58.693
360,-43.027,13.303
361,21.758,55.072
362,-28.411,-20.787
363,-13.412,5.7333
364,-37.497,58.902
365,4.4713,34.454
366,-32.757,-4.0693
367,-59.026,9.3066
368,-46.336,82.817
369,28.327,40.41
370,12.758,-10.549
371,9.3335,-18.876
372,-17.089,-27.327
373,27.582,75.953
374,5.2832,79.433
375,35.854,23.062
376,13.273,-44.001
377,-9.4954,69.577
378,1.8636,69.968
379,-13.503,1.6314
380,1.8691,56.853
381,60.571,37.487
382,-71.276,-19.768
383,-55.8,39.695
384,-24.972,27.526
385,-5.0218,38.96
386,-10.303,-66.396
387,7.3293,6.9107
388,-38.586,86.422
389,-59.044,-40.821
390,-44.119,-13.132
391,-38.047,-6.2087
392,6.2618,34.532
393,44.264,35.396
394,-75.513,-57.322
395,-60.751,33.511
396,37.143,-66.691
397,-47.371,30.789
398,-67.86,-63.386
399,-6.9915,28.938
400,-62.331,65.096
401,-49.472,29.912
402,-32.777,89.883
403,-73.635,18.913
404,-80.072,-32.888
405,-94.631,-13.601
406,-51.994,23.29
407,2.1646,32.991
408,-32.647,71.818
409,36.421,71.964
410,-64.284,27.737
411,-25.392,96.487
412,105.15,-45.322
413,22.618,-6.6998
414,44.267,59.803
415,-17.122,30.028
416,7.7423,72.728
417,-0.059729,-76.255
418,-7.417,64.458
419,30.756,6.0044
420,-73.04,-60.063
421,-69.64,-57.02
422,12.989,38.715
423,8.0515,-2.6461
424,2.0018,-36.751
425,45.011,60.541
426,-71.855,-55.421
427,8.9164,-2.1662
428,-36.788,68.305
429,57.594,73.811
430,-28.15,1.1759
431,-34.079,70.124
432,32.701,-59.927
433,-42.747,-14.255
434,-68.465,-27.695
435,22.698,94.473
436,-23.644,21.709
437,-37.244,22.155
438,-38.35,89.993
439,-28.346,-77.383
440,-0.46399,31.463
441,6.2099,78.587
442,8.8463,-1.4301
443,36.492,91.888
444,1.2591,93.225
445,-61.486,-73.575
446,-58.508,6.2462
447,4.1273,28.133
448,8.904,84.525
449,-21.663,-55.871
450,-41.995,-39.442
451,-65.041,-62.953
452,-67.707,-61.043
453,-93.099,52.312
454,5.3927,74.507
455,11.421,73.06
456,13.093,57.988
457,76.094,11.674
458,91.463,-52.745
459,-37.236,79.791
460,-28.627,-0.23103
461,3.921,80.442
462,40.268,-52.673
463,-88.18,62.46
464,-24.992,93.565
465,-20.85,-60.055
466,-71.812,-55.769
467,-53.761,71.609
468,38.807,36.278
469,49.7,41.183
470,-47.413,-20.678
471,-72.446,-64.166
472,47.64,104.16
473,27.974,77.844
474,53.456,-13.871
475,-84.783,27.309
476,-1.366,28.74
477,-53.341,-14.214
478,-59.847,77.312
479,-74.324,-63.725
480,-29.641,-42.453
481,-10.957,4.3903
482,-26.885,-16.32
483,7.9381,78.844
484,37.935,-50.482
485,-96.563,-30.394
486,0.67186,87.76
487,-46.995,25.861
488,-57.358,31.268
489,0.43702,42.674
490,-38.725,14.073
491,-66.211,-60.682
492,-68.172,-61.041
493,31.903,-62.321
494,-50.354,41.409
495,-29.541,62.811
496,-28.431,0.67287
497,46.065,42.349
498,-14.889,74.282
499,58.901,37.583
500,-40.872,-4.1275
501,1.6991,-55.549
502,-55.047,62.424
503,-12.805,2.1306
504,-23.763,87.383
505,-19.069,63.326
506,-56.065,39.125
507,-62.758,66.217
508,-47.63,61.076
509,-63.049,-1.1724
510,-38.367,-8.0125
511,-59.034,7.5639
512,18.276,-9.8238
513,54.206,39.367
514,13.035,-11.641
515,-5.2939,37.91
516,-17.93,-48.195
517,6.6525,40.524
518,29.513,-10.445
519,43.285,-56.24
520,-35.132,71.444
521,43.041,57.552
522,30.579,42.762
523,-0.97614,40.146
524,-20.951,83.379
525,28.273,-7.3244
526,-5.4671,30.619
527,35.758,-62.741
528,-67.512,73.904
529,-21.086,21.087
530,-65.057,67.817
531,3.8326,55.891
532,-55.766,76.974
533,-9.3607,-65.903
534,-34.054,-2.319
535,27.563,88.254
536,11.884,52.504
537,-11.183,-71.028
538,-64.699,22.761
539,22.627,-39.171
540,-71.812,-58.207
541,-58.764,7.4732
542,31.041,-48.149
543,0.48326,88.085
544,-9.7909,-46.69
545,3.0901,15.856
546,-72.663,-58.922
547,16.886,-64.039
548,-4.1325,66.722
549,-6.6209,60.368
550,-14.216,1.4824
551,12.469,0.067654
552,-5.8443,101.19
553,63.273,52.249
554,-6.2965,-36.826
555,-39.153,77.494
556,52.437,-56.986
557,-14.863,-38.534
558,7.1309,62.84
559,12.676,-2.8121
560,3.2127,76.23
561,-48.55,34.206
562,-73.527,-64.551
563,59.893,-24.843
564,8.1442,84.297
565,15.074,-27.295
566,-36.48,-9.5828
567,-31.502,95.581
568,29.888,74.842
569,-5.3307,66.562
570,0.42502,61.095
571,-13.496,69.324
572,34.953,1.7417
573,-37.117,56.284
574,11.509,47.058
575,22.012,27.47
576,-42.452,-7.0934
577,0.9121,100.89
578,41.26,73.35
579,5.9853,-0.64468
580,21.323,3.0931
581,-10.755,29.636
582,24.308,9.3309
583,-63.622,-63.451
584,25.245,84.285
585,7.1292,-16.713
586,-17.438,26.867
587,-38.103,-10.696
588,-24.714,-7.2177
589,13.366,-13.814
590,9.1966,29.754
591,-67.161,-63.393
592,-40.978,-9.7531
593,-42.534,-11.679
594,6.5898,32.811
595,-48.357,87.189
596,-6.3185,33.016
597,11.883,-6.6771
598,28.63,6.6887
599,-1.3938,71.166
600,-55.611,39.734
601,-64.443,-59.492
602,1.3359,-30.433
603,35.365,-29.17
604,8.0058,-0.092483
605,-3.1841,28.391
606,-87.191,44.779
607,-18.07,-69.019
608,-59.173,0.31428
609,-14.631,25.571
610,44.179,54.188
611,19.893,82.06
612,-30.217,-8.0051
613,15.83,-43.023
614,-16.43,28.373
615,-85.201,-19.909
616,8.0502,-16.345
617,-39.099,12.631
618,30.631,23.287
619,27.597,38.913
620,-73.647,-65.095
621,-0.0078809,17.682
622,11.549,74.098
623,15.149,45.15
624,-17.234,30.625
625,-48.769,36.415
626,-11.521,66.995
627,-1.1194,-37.434
628,-63.053,-61.172
629,-24.037,-81.277
630,-66.253,-62.605
631,-30.011,4.8557
632,-56.013,-31.612
633,-2.0616,76.311
634,32.616,-50.554
635,-57.416,72.122
636,-25.696,-8.4336
637,26.149,17.919
638,-46.38,-39.776
639,-20.424,59.892
640,28.834,6.2376
641,-79.265,46.832
642,26.218,-89.365
643,-43.286,20.503
644,-40.4,53.903
645,-6.293,58.293
646,43.966,61.853
647,61.481,35.842
648,0.87122,-9.7054
649,12.24,73.358
650,-68.741,-4.7637
651,-6.9838,54.856
652,-37.012,-15.703
653,-6.2392,-37.665
654,4.824,77.406
655,3.5209,-7.9013
656,-60.357,-7.1304
657,-59.573,-37.188
658,15.081,50.013
659,-32.04,5.2126
660,-44.665,87.564
661,-32.923,69.822
662,13.981,13.07
663,-18.613,-82.389
664,3.4961,-17.888
665,12.956,-4.48
666,49.871,-48.807
667,-15.919,1.4955
668,-59.015,32.533
669,-33.867,-5.5776
670,38.731,-61.745
671,-9.9836,65.374
672,8.3786,-49.981
673,-65.899,-63.342
674,-74.561,-63.911
675,-38.422,39.17
676,14.846,57.618
677,-4.5716,-102.97
678,13.754,83.182
679,-5.9182,-66.928
680,25.821,-50.881
681,7.1398,-52.961
682,30.408,1.7488
683,51.644,72.494
684,-2.0042,61.771
685,40.468,34.794
686,-28.458,-95.879
687,23.198,-86.66
688,2.2393,16.674
689,-20.233,15.832
690,31.487,-70.132
691,-100.34,-29.55
692,5.014,83.064
693,33.085,-77.992
694,-51.167,84.084
695,17.189,-10.597
696,-60.008,69.856
697,32.703,-60.996
698,3.5772,-6.1478
699,64.528,52.205
700,19.282,-60.989
701,-72.09,-26.148
702,73.702,14.222
703,49.137,-72.835
704,-43.531,89.195
705,-3.9756,31.82
706,-31.068,-8.9306
707,13.092,-80.97
708,10.482,-19.32
709,4.5844,-3.7796
710,-47.559,71.784
711,-51.905,52.046
712,-21.079,93.393
713,7.4372,13.728
714,-77.292,-58.099
715,-50.515,53.251
716,-43.918,78.116
717,-46.657,82.964
718,10.577,-22.624
719,92.561,-66.558
720,-49.748,-12.899
721,-31.838,-3.0379
722,-71.674,-26.292
723,-71.189,-29.223
724,9.717,-20.779
725,-51.604,67.457
726,14.158,8.4818
727,-63.649,78.467
728,-47.135,36.238
729,-56.93,41.085
730,-34.673,18.053
731,14.384,73.311
732,71.217,-35.052
733,12.231,-7.159
734,-34.131,0.66024
735,-68.046,-62.695
736,-67.94,-60.057
737,29.64,-60.908
738,30.111,84.739
739,3.3594,84.719
740,8.9697,79.42
741,-9.3398,-72.946
742,-7.9707,29.935
743,-62.996,24.39
744,28.138,-66.545
745,46.478,-2.7819
746,32.884,26.324
747,-65.054,-62.679
748,-38.121,-6.9275
749,-38.847,76.408
750,0.35318,57.717
751,-11.415,-67.041
752,-43.732,5.073
753,-19.844,-81.622
754,34.317,-55.286
755,-53.958,51.252
756,-68.201,71.19
757,3.5264,21.377
758,3.4613,83.186
759,43.855,59.601
760,-49.379,-22.875
761,9.8793,-83.756
762,-21.713,-66.954
763,12.589,-4.121
764,50.159,51.433
765,1.081,-81.961
766,-28.3,0.62501
767,-13.925,-80.603
768,-49.97,-50.411
769,23.241,-77.106
770,13.375,-39.393
771,-34.775,6.0748
772,-10.976,-57.994
773,18.488,40.157
774,-43.464,-0.50437
775,-15.084,25.939
776,-6.4943,3.2023
777,-71.397,-18.545
778,54.66,71.548
779,3.1575,71.345
780,25.748,18.891
781,-10.138,-66.602
782,-18.491,77.121
783,-35.836,2.9385
784,-19.653,8.1942
785,3.8893,75.696
786,61.378,60.376
787,5.7716,84.522
788,14.731,57.799
789,-73.539,-26.865
790,-36.657,80.225
791,-16.287,-26.44
792,16.545,-13.738
793,47.479,-26.531
794,-49.453,86.233
795,-32.984,1.5627
796,-0.41292,22.365
797,-22.047,68.868
798,-69.479,68.436
799,15.018,-67.691
800,-80.064,48.474
801,25.078,-47.803
802,-17.112,2.5615
803,-1.0254,41.196
804,1.0651,-5.6903
805,-61.926,31.754
806,24.08,67.044
807,11.68,-13.573
808,-19.537,-27.796
809,-4.1268,32.192
810,-7.9138,26.685
811,10.461,100.22
812,-37.469,79.99
813,-10.846,-74.307
814,-34.742,65.989
815,-53.448,-59.64
816,-10.286,30.343
817,27.546,38.233
818,28.624,43.576
819,-11.636,-73.549
820,-83.169,58.864
821,41.729,-47.795
822,21.813,-38.967
823,6.1436,-17.588
824,-30.52,66.479
825,-10.327,-53.032
826,15.334,45.347
827,-38.478,-1.6416
828,-22.11,7.2291
829,16.901,-10.014
830,2.0091,70.681
831,25.404,-84.579
832,-10.84,-58.047
833,-13.906,43.734
834,34.264,82.101
835,-45.875,-0.27374
836,-38.372,11.594
837,-72.918,-64.229
838,-68.656,-32.585
839,-32.58,-4.3495
840,13.076,78.583
841,52.453,-9.7285
842,32.283,-66.049
843,6.0265,15.098
844,-44.392,79.878
845,-37.981,-13.119
846,12.857,72.889
847,11.275,85.887
848,-19.973,88.605
849,0.13059,68.51
850,-100.55,-30.404
851,-3.6911,32.6
852,-15.823,-79.344
853,30.749,-3.7322
854,-53.825,-1.1141
855,-1.6371,14.166
856,-49.561,-50.493
857,-16.317,90.435
858,-10.031,-72.622
859,0.36528,102.48
860,-0.70324,31.52
861,8.2024,15.121
862,-26.032,11.652
863,-40.549,8.8172
864,4.1946,34.109
865,-79.321,47.281
866,-41.164,84.137
867,-47.677,75.137
868,-34.756,71.153
869,17.508,59.619
870,9.2427,80.147
871,-40.325,-11.751
872,0.67076,26.279
873,-38.535,11.258
874,-39.218,46.497
875,30.215,-34.156
876,-44.983,67.797
877,-13.368,67.852
878,-29.831,66.048
879,-12.785,34.765
880,-46.891,83.34
881,57.84,73.172
882,3.5385,-60.016
883,23.244,49.286
884,-15.323,3.0615
885,34.174,82.272
886,-52.133,55.22
887,7.9741,68.095
888,-88.179,62.461
889,44.5,81.034
890,-57.596,30.306
891,-26.746,5.4757
892,-63.732,77.3
893,-95.009,54.882
894,47.542,41.551
895,-13.202,99.91
896,-36.478,-5.0993
897,72.153,47.911
898,-73.976,-62.88
899,-41.796,-14.127
900,16.984,-46.076
901,5.4123,-0.53834
902,34.012,90.681
903,-22.847,-11.137
904,-0.17797,25.888
905,-34.773,-3.3703
906,-17.502,14.265
907,-50.029,63.647
908,-53.437,18.894
909,-41.664,78.733
910,-64.858,62.805
911,-28.068,-17.682
912,-14.336,-25.308
913,-34.767,-0.14082
914,-42.033,89.449
915,39.129,53.552
916,21.609,27.661
917,-14.631,61.054
918,-80.337,-27.4
919,-16.725,-77.552
920,6.5892,-77.433
921,-0.13361,76.15
922,-50.444,52.287
923,-16.296,-83.296
924,-14.591,25.455
925,21.686,3.0706
926,-39.752,78.345
927,5.4442,-14.742
928,11.872,70.57
929,-58.327,80.074
930,-2.3969,30.102
931,37.121,68.95
932,-29.173,-1.7219
933,-16.712,-71.072
934,-6.8897,13.569
935,-6.9882,57.015
936,8.5152,-10.639
937,79.548,46.989
938,1.3284,88.209
939,-25.823,28.793
940,36.847,39.659
941,-19.831,88.509
942,-7.4328,-74.502
943,-17.621,77.398
944,-42.037,-23.388
945,-70.034,16.724
946,20.658,92.645
947,-73.271,68.09
948,-15.55,62.008
949,-33.862,69.526
950,18.285,35.621
951,11.666,-3.4176
952,-39.416,75.608
953,-52.456,54.507
954,22.958,-7.1355
955,15.165,53.725
956,18.699,-9.5697
957,-81.42,21.553
958,14.808,84.11
959,9.1803,80.91
960,-8.0062,26.774
961,12.718,-3.9548
962,-23.402,-75.244
963,0.18503,3.1322
964,-47.341,-42.477
965,-21.017,-28.727
966,31.366,74.496
967,18.291,-86.411
968,-46.783,66.891
969,-22.771,62.924
970,-76.264,-65.029
971,16.69,-3.3916
972,32.586,79.058
973,-71.028,-22.537
974,-66.44,-78.3
975,21.693,25.738
976,-40.743,74.192
977,21.692,-4.4021
978,15.547,80.21
979,-40.893,77.64
980,-12.56,63.671
981,-32.559,-8.3369
982,-55.195,3.8152
983,15.134,54.63
984,-1.3129,-83.879
985,23.166,6.5116
986,-42.418,87.975
987,-63.944,-82.235
988,58.305,-59.492
989,-51.392,53.199
990,-31.319,66.927
991,1.7774,12.663
992,37.543,79.64
993,5.3757,-17.731
994,4.5818,77.545
995,36.72,92.429
996,-76.629,35.014
997,-30.044,-62.452
998,-59.714,69.401
999,49.148,5.0193
1000,59.306,41.497
1001,22.608,-52.089
1002,-62.744,66.184
1003,-36.505,13.162
1004,10.317,83.031
1005,29.061,48.377
1006,-36.921,86.966
1007,-45.608,36.774
1008,-28.197,-98.229
1009,20.226,-6.9251
1010,39.769,22.67
1011,47.047,-6.23
1012,-1.4092,71.697
1013,-4.3754,20.581
1014,3.9768,-15.559
1015,-19.95,37.223
1016,-64.253,-84.697
1017,3.5917,-5.5741
1018,4.8729,-2.6669
1019,-25.839,28.721
1020,-62.469,64.257
1021,11.432,-13.948
1022,11.407,-13.697
1023,-19.846,-81.6
1024,-31.537,4.2388
1025,39.216,48.182
1026,9.3954,70.916
1027,30.145,78.738
1028,15.191,-2.7882
1029,58.363,40.422
1030,-83.839,17.418
1031,-57.957,-64.835
1032,-26.164,2.8776
1033,51.119,-56.552
1034,49.279,38.465
1035,-23.922,29.545
1036,-15.233,62.56
1037,7.731,72.096
1038,-51.885,2.4084
1039,-10.352,-72.779
1040,12.886,73.464
1041,-20.279,89.088
1042,-19.454,-20.346
1043,-14.423,97.513
1044,17.246,-2.9969
1045,-37.335,69.684
1046,-34.025,15.69
1047,-0.2498,16.385
1048,47.077,75.529
1049,-4.0506,54.89
1050,-19.24,88.658
1051,24.262,96.941
1052,34.198,-58.475
1053,-11.63,-85.043
1054,-52.758,-13.308
1055,22.268,-91.845
1056,43.407,50.629
1057,22.469,79.739
1058,-21.826,-15.714
1059,27.906,91.797
1060,-76.344,55.764
1061,-38.061,-41.63
1062,26.725,-75.311
1063,56.05,-40.74
1064,26.792,3.375
1065,-30.296,66.748
1066,2.5919,-15.699
1067,13.309,34.476
1068,-7.4756,62.98
1069,-26.853,-21.228
1070,16.201,61.835
1071,-24.407,92.458
1072,-21.557,-86.442
1073,-28.218,-18.457
1074,-20.477,-22.754
1075,-30.072,-0.36645
1076,11.32,40.431
1077,-44.875,74.601
1078,-51.942,4.2478
1079,-66.775,-60.091
1080,30.233,19.638
1081,-46.508,65.883
1082,-35.623,-13.909
1083,-70.638,58.926
1084,-11.429,-71.223
1085,1.8576,41.715
1086,-61.78,-1.4498
1087,30.225,4.239
1088,1.7373,93.415
1089,-37.327,22.201
1090,-24.571,53.583
1091,7.2775,28.003
1092,-13.229,62.178
1093,-65.843,-60.257
1094,-23.02,-74.55
1095,3.8971,40.782
1096,11.087,32.464
1097,66.958,-13.542
1098,-4.0086,67.556
1099,-45.066,63.595
1100,32.111,74.568
1101,-72.551,61.585
1102,-6.659,51.362
1103,-31.209,-80.825
1104,-71.752,-63.39
1105,24.365,73.559
1106,-21.153,29.942
1107,4.9524,-0.26615
1108,-21.814,-92.55
1109,-38.683,89.668
1110,8.8313,-59.816
1111,-10.626,-66.323
1112,-3.9151,17.887
1113,-37.807,12.881
1114,4.3081,85.224
1115,11.276,-13.872
1116,-44.419,-85.99
1117,-31.276,71.657
1118,-9.0948,-66.788
1119,-13.652,-80.309
1120,-51.613,-85.262
1121,47.314,-7.731
1122,-19.171,77.014
1123,-14.655,98.835
1124,-83.37,-24.115
1125,6.3821,-8.0974
1126,-15.867,63.455
1127,38.916,22.406
1128,96.597,44.754
1129,-16.554,-81.496
1130,-8.7434,-70.039
1131,15.981,9.4534
1132,16.617,59.382
1133,16.791,-43.063
1134,22.192,95.052
1135,3.8353,-17.891
1136,35.231,16.257
1137,-25.084,-18.864
1138,7.363,15.254
1139,-66.124,24.174
1140,-70.049,19.043
1141,-0.57855,40.854
1142,-9.9817,65.432
1143,-2.3471,41.651
1144,18.215,-37.817
1145,3.221,68.937
1146,5.4034,97.118
1147,-23.833,29.906
1148,-8.1889,14.971
1149,7.3521,42.187
1150,-53.126,-31.772
1151,70.137,-35.629
1152,7.1549,-18.362
1153,-38.297,74.193
1154,-6.0228,63.085
1155,20.778,-7.6296
1156,-34.328,0.50429
1157,56.252,8.6646
1158,-3.6276,-58.561
1159,-28.142,-16.499
1160,-102.49,-5.0085
1161,32.541,37.005
1162,-48.817,64.446
1163,-78.5,59.578
1164,-68.89,69.823
1165,-56.297,29.226
1166,-19.2,27.064
1167,-40.16,74.44
1168,-7.802,13.889
1169,13.123,98.775
1170,-26.283,65.882
1171,-2.8701,54.503
1172,6.5936,49.301
1173,28.932,-3.1202
1174,-66.909,72.019
1175,-5.5939,26.59
1176,37.917,-57.896
1177,6.9541,24.96
1178,-13.575,100.89
1179,-3.9029,28.573
1180,17.15,59.182
1181,-22.822,72.171
1182,115.89,-16.787
1183,21.019,22.902
1184,-3.9018,-57.725
1185,-11.654,-86.084
1186,13.97,47.895
1187,57.917,-13.681
1188,-60.325,70.677
1189,0.39257,94.577
1190,-3.9672,68.914
1191,3.3568,84.568
1192,11.673,-12.154
1193,-65.875,68.552
1194,42.621,-49.963
1195,-41.205,72.542
1196,-10.067,65.742
1197,16.969,3.2187
1198,5.7407,70.357
1199,-62.542,56.827
1200,49.029,-76.791
1201,-0.16666,44.504
1202,-13.375,77.337
1203,-65.853,-62.303
1204,-13.354,60.611
1205,-34.104,72.751
1206,3.7653,46.045
1207,-24.842,-87.745
1208,-26.714,-8.7946
1209,-42.989,86.883
1210,-72.063,8.3751
1211,-48.544,78.952
1212,-20.347,-76.579
1213,-27.978,-18.032
1214,-93.799,52.838
1215,-8.7248,12.083
1216,15.263,79.792
1217,-55.525,40.036
1218,-51.275,73.326
1219,-12.915,0.16525
1220,-50.344,72.5
1221,-5.6078,-67.07
1222,-8.8766,-64.957
1223,-39.907,-10.686
1224,-55.871,39.49
1225,5.8322,71.947
1226,3.4217,70.053
1227,3.6321,-16.42
1228,5.3539,-18.349
1229,-58.266,79.558
1230,-66.446,-61.167
1231,-36.937,68.175
1232,5.5097,-0.0061506
1233,5.8913,79.81
1234,-16.343,64.874
1235,4.5578,-14.819
1236,5.7345,-6.1684
1237,23.899,92.501
1238,-38.981,85.274
1239,-14.611,65.019
1240,-9.3478,90.341
1241,7.9728,-2.7868
1242,-9.8678,65.163
1243,-10.118,-69.756
1244,-3.9685,25.35
1245,-49.711,24.083
1246,-62.889,46.653
1247,-39.082,82.997
1248,-48.852,74.843
1249,0.44647,10.244
1250,-13.452,-74.389
1251,-51.809,-38.733
1252,-56.105,-17.34
1253,-9.1598,95.123
1254,40.102,35.273
1255,39.87,36.657
1256,-37.192,68.822
1257,11.481,-7.1537
1258,-37.54,-10.571
1259,29.09,73.995
1260,3.5151,-16.045
1261,-10.893,0.12124
1262,6.8885,84.145
1263,47.724,-61.166
1264,20.346,22.317
1265,-18.189,0.26482
1266,-90.224,45.376
1267,17.196,-61.524
1268,-3.105,66.914
1269,3.6373,34.173
1270,-66.289,-60.949
1271,-85.209,-19.208
1272,-98.64,-14.909
1273,-10.665,-66.846
1274,18.141,-6.4738
1275,28.408,98.283
1276,-70.612,18.906
1277,4.1508,77.058
1278,-20.906,-68.481
1279,-20.629,-74.766
1280,-27.341,2.4428
1281,-47.879,74.924
1282,-40.478,59.262
1283,-94.996,54.886
1284,-30.803,69.157
1285,-33.293,61.228
1286,12.013,-67.812
1287,-5.7323,38.117
1288,6.915,32.486
1289,-18.803,26.919
1290,18.61,-7.6014
1291,-2.467,61.5
1292,-2.4387,28.388
1293,-93.762,52.811
1294,-69.945,-21.45
1295,37.592,79.68
1296,37.177,38.407
1297,86.301,-23.45
1298,-56.551,73.188
1299,-18.722,-22.818
1300,31.183,-69.226
1301,-17.192,28.624
1302,-4.1344,90.516
1303,-8.1012,14.691
1304,-1.7042,27.893
1305,21.053,-39.421
1306,18.809,35.451
1307,-1.8904,22.578
1308,-79.459,-28.03
1309,0.47917,68.731
1310,-46.745,65.972
1311,-64.864,-61.133
1312,-63.145,68.157
1313,-21.833,-61.206
1314,-13.708,28.356
1315,50.769,-57.801
1316,-26.933,-9.792
1317,86.485,44.018
1318,-55.727,46.13
1319,8.4313,-6.2435
1320,-51.888,82.53
1321,-50.383,-83.566
1322,-17.953,77.951
1323,-57.844,27.977
1324,16.904,46.722
1325,1.3774,90.729
1326,7.332,-2.768
1327,5.2733,84.408
1328,-65.988,-60.38
1329,-8.7591,12.608
1330,-7.9617,3.0703
1331,1.5953,66.953
1332,0.54673,101.19
1333,9.9397,70.442
1334,16.278,80.025
1335,3.6203,78.41
1336,-41.022,87.78
1337,0.56252,18.512
1338,-13.066,26.196
1339,115.91,-16.66
1340,-5.9429,-74.996
1341,13.737,-0.031965
1342,14.261,-28.073
1343,-36.766,68.046
1344,58.621,39.495
1345,-32.815,69.008
1346,-51.801,-38.621
1347,-31.385,68.111
1348,17.639,56.511
1349,64.318,45.293
1350,-8.4728,102.69
1351,-37.171,69.765
1352,-63.357,79.147
1353,36.191,77.325
1354,51.193,-19.231
1355,-46.59,65.5
1356,16.91,3.347
1357,-33.16,11.821
1358,-48.223,50.664
1359,-49.816,52.674
1360,77.037,-75.478
1361,-16.525,0.57142
1362,-13.646,94.847
1363,-5.8427,66.739
1364,-9.5944,-75.798
1365,65.559,69.074
1366,-3.1296,28.582
1367,-69.963,58.82
1368,-24.721,15.159
1369,-43.328,4.9748
1370,24.957,87.913
1371,-58.948,-7.5693
1372,12.486,-46.853
1373,33.704,36.688
1374,-59.72,77.785
1375,38.711,-56.758
1376,-20.433,89.278
1377,17.627,-3.9521
1378,-37.885,80.121
1379,23.598,74.455
1380,7.8219,40.119
1381,-66.042,-60.263
1382,-34.509,-0.024894
1383,4.4601,-13.028
1384,19.664,-78.498
1385,-25.653,66.715
1386,68.181,37.085
1387,-90.571,45.596
1388,-76.029,-11.306
1389,-25.222,-8.1471
1390,-36.681,-15.323
1391,29.734,73.782
1392,-54.849,25.331
1393,-2.6699,31.972
1394,-69.05,-62.039
1395,31.752,-70.392
1396,-34.046,4.704
1397,13.626,56.503
1398,-37.673,69.73
1399,4.3863,79.849
1400,14.281,-19.057
1401,-26.957,2.5671
1402,-42.235,76.024
1403,-67.694,74.812
1404,-25.001,-95.505
1405,15.301,-28.345
1406,-18.186,29.353
1407,-32.08,-3.7514
1408,62.359,64.975
1409,-12.694,90.714
1410,-9.4274,-77.192
1411,-28.138,-16.015
1412,41.006,61.587
1413,-15.583,0.10701
1414,-1.801,37.776
1415,-15.187,0.42403
1416,38.35,48.207
1417,-21.367,18.674
1418,74.418,1.6287
1419,10.872,70.971
1420,-35.283,64.619
1421,19.598,-40.682
1422,5.9824,-18.088
1423,-11.93,100.69
1424,-95.924,53.554
1425,7.2913,5.776
1426,37.764,79.516
1427,15.952,60.42
1428,24.296,-43.2
1429,-66.087,63.196
1430,-51.782,-33.037
1431,-31.466,-7.8746
1432,-60.619,37.014
1433,-41.927,-42.228
1434,33.649,-60.089
1435,13.982,-46.77
1436,-34.217,66.187
1437,-62.586,31.653
1438,-53.252,51.429
1439,19.64,22.219
1440,54.741,43.993
1441,5.8748,-13.317
1442,-53.858,-37.318
1443,53.729,80.014
1444,12.867,-25.109
1445,-3.9895,49.385
1446,-14.106,24.636
1447,-72.852,68.288
1448,29.973,-64.027
1449,-41.064,5.3981
1450,-55.54,55.892
1451,42.224,-85.238
1452,-51.684,-32.169
1453,4.5992,-5.3092
1454,-7.8433,-71.075
1455,-18.007,29
1456,-0.81174,54.434
1457,5.0911,78.483
1458,14.073,73.426
1459,-11.228,102.52
1460,-56.024,39.386
1461,10.538,-9.9853
1462,-62.572,64.868
1463,16.613,63.591
1464,-22.802,-66.929
1465,-0.10405,76.132
1466,-20.073,-23.725
1467,-18.335,29.358
1468,-28.501,-20.96
1469,4.0244,-12.076
1470,-18.859,-82.802
1471,4.4943,-6.6772
1472,-80.217,-27.468
1473,64.473,-30.788
1474,6.1861,32.617
1475,-49.659,53.038
1476,-58.862,37.57
1477,-8.3578,15.223
1478,-73.608,18.924
1479,115.94,-16.652
1480,4.2381,-15.494
1481,56.705,50.236
1482,-33.701,68.534
1483,-44.059,-7.8923
1484,3.3181,84.577
1485,1.0816,23.461
1486,4.4933,76.386
1487,13.88,53.462
1488,-31.574,72.145
1489,15.019,59.812
1490,4.8354,-7.1494
1491,-81.587,-26.302
1492,-38.634,-7.4639
1493,11.841,72.823
1494,28.063,78.772
1495,-14.31,-89.607
1496,-66.096,24.478
1497,-7.9592,13.708
1498,-19.452,4.2978
1499,-17.874,-77.311
1500,13.279,-30.317
1501,3.5691,84.208
1502,-62.748,76.204
1503,6.4477,0.022435
1504,3.7296,-0.70205
1505,15.247,60.095
1506,-26.541,93.961
1507,-11.713,-71.454
1508,-38.568,89.326
1509,8.0631,52.214
1510,19.606,48.098
1511,-11.67,-74.923
1512,-9.9339,66.804
1513,38.773,49.218
1514,32.17,90.886
1515,-22.831,-61.483
1516,-16.102,-78.339
1517,-48.092,6.6683
1518,68.405,30.278
1519,-23.213,-83.319
1520,-74.399,-33.925
1521,5.1754,-12.805
1522,2.3476,93.58
1523,63.589,40.35
1524,27.697,6.8404
1525,-17.33,0.76152
1526,-93.872,52.913
1527,-53.601,54.684
1528,-99.373,-29.202
1529,47.599,69.339
1530,21.279,-78.462
1531,-52.448,51.446
1532,-19.396,3.9971
1533,-22.145,-83.01
1534,-16.055,-25.701
1535,42.223,50.448
1536,17.172,-6.9307
1537,-63.782,23.894
1538,7.5242,68.292
1539,-56.099,39.266
1540,-33.815,69.999
1541,8.299,73.211
1542,30.476,7.9019
1543,15.983,-1.133
1544,21.111,78.727
1545,-75.843,-56.363
1546,9.3249,54.365
1547,-11.474,67.239
1548,17.733,1.721
1549,-14.644,95.58
1550,-28.858,33.369
1551,-52.431,41.264
1552,-40.331,-68.24
1553,-30.875,0.14581
1554,-34.057,92.52
1555,9.3748,87.038
1556,-8.1346,28.028
1557,57.262,-34.87
1558,-44.797,73.87
1559,-18.715,92.559
1560,-32.853,24.239
1561,-25.748,93.136
1562,-5.953,33.946
1563,17.927,-9.2933
1564,21.85,-78.584
1565,-45.02,-6.3937
1566,-18.473,-39.083
1567,4.4429,-66.477
1568,-32.949,9.3508
1569,1.1715,26.328
1570,-71.193,12.962
1571,-17.975,66.209
1572,-7.4175,21.904
1573,0.96626,68.782
1574,-27.957,42.38
1575,19.025,50.456
1576,38.391,-57.141
1577,-2.5688,30.04
1578,-31.958,74.541
1579,10.075,46.406
1580,-8.8884,42.66
1581,-95.924,53.554
1582,-5.7812,41.579
1583,9.6094,-1.5141
1584,-36.803,28.017
1585,-51.546,-38.199
1586,-46.574,14.799
1587,115.9,-16.789
1588,-38.108,53.356
1589,-10.285,30.529
1590,31.488,39.975
1591,21.07,-75.081
1592,53.413,36.436
1593,3.7218,-6.542
1594,12.728,74.431
1595,-33.194,90.802
1596,-65.288,-62.272
1597,21.169,25.343
1598,-99.748,-29.565
1599,12.833,-21.984
1600,-95.924,53.554
1601,-72.287,-52.866
1602,-49.38,79.806
1603,-48.494,55.144
1604,-91.567,-49.509
1605,6.5784,-12.819
1606,-67.836,20.711
1607,-24.55,37.309
1608,-4.5267,87.498
1609,-31.957,66.678
1610,12.49,13.621
1611,17.071,-3.2461
1612,-25.439,67.68
1613,4.0675,70.93
1614,12.284,-14.09
1615,-26.779,58.455
1616,16.33,83.188
1617,-55.406,39.477
1618,-36.934,69.463
1619,57.433,73.133
1620,13.835,-27.796
1621,10.777,-11.929
1622,35.213,44.807
1623,-88.198,44.147
1624,-18.157,76.574
1625,-46.882,44.927
1626,-87.424,21.435
1627,29.864,75.925
1628,8.7002,-17.448
1629,-14.343,64.846
1630,-32.038,10.32
1631,23.99,-93.594
1632,-0.80416,76.705
1633,10.541,90.381
1634,3.1273,84.623
1635,-1.877,33.957
1636,-19.658,-82.947
1637,11.754,-13.696
1638,11.313,-10.191
1639,-21.394,9.6185
1640,17.393,55.631
1641,-45.343,45.674
1642,26.102,92.367
1643,-10.115,65.006
1644,-2.6022,100.42
1645,-41.353,83.26
1646,-52.388,59.958
1647,-73.286,-59.844
1648,-95.421,24.691
1649,-24.112,9.8603
1650,23.718,-45.639
1651,-16.907,63.046
1652,-55.873,8.1911
1653,-19.567,-1.8823
1654,-15.678,78.34
1655,1.1702,66.748
1656,-3.7435,65.696
1657,-19.414,55.923
1658,-43.975,-71.791
1659,5.8213,-8.6655
1660,32.035,-62.655
1661,11.542,-25.626
1662,5.15,78.958
1663,-12.663,34.176
1664,3.5871,18.45
1665,-23.495,6.5071
1666,-4.5978,19.751
1667,32.334,79.42
1668,7.5588,15.451
1669,3.8511,-0.47208
1670,-75.527,17.496
1671,-90.283,45.417
1672,-62.162,56.579
1673,-44.24,1.5073
1674,-21.591,-67.469
1675,-18.999,10.476
1676,-24.535,12.306
1677,-58.506,36.131
1678,-2.931,82.381
1679,1.3916,88.734
1680,-35.944,-4.4596
1681,-35.55,-58.245
1682,4.8791,59.155
1683,-33.335,6.7571
1684,-66.444,24.662
1685,-67.662,-37.384
1686,-86.043,-20.368
1687,-5.1909,84.587
1688,-30.39,73.303
1689,-48.043,-41.344
1690,-58.391,66.51
1691,-3.3598,22.139
1692,-60.325,75.685
1693,15.727,0.958
1694,-4.2114,67.445
1695,6.0555,-5.4783
1696,-5.4107,42.794
1697,50.412,81.192
1698,-35.114,13.953
1699,34.074,-43.363
1700,2.361,-15.763
1701,11.161,-3.2906
1702,26.569,-94.839
1703,-0.054551,26.338
1704,2.6751,-16.328
1705,8.9488,72.044
1706,-39.309,-52.117
1707,17.305,75.527
1708,-23.153,-11.114
1709,-25.079,-88.022
1710,14.877,53.999
1711,-11.728,-68.073
1712,4.7615,40.267
1713,-73.159,62.963
1714,-60.764,-39.116
1715,-41.411,74.1
1716,-23.44,-11.02
1717,8.9068,77.656
1718,-55.673,54.292
1719,-8.4199,-68.082
1720,-1.3271,50.068
1721,-31.726,-75.281
1722,-37.322,-73.092
1723,-32.177,-2.0875
1724,-21.446,17.698
1725,-35.993,-5.3492
1726,-37.224,69.403
1727,-11.711,91.218
1728,-14.466,62.467
1729,16.658,32.121
1730,-17.227,-79.74
1731,-40.041,45.06
1732,-28.562,-21.468
1733,-12.175,3.3982
1734,5.0877,14.276
1735,-38.817,12.477
1736,12.8,79.045
1737,0.17431,80.848
1738,-11.428,33.084
1739,-74.018,18.782
1740,5.3745,-9.346
1741,-30.323,-56.257
1742,-19.831,-82.594
1743,-49.643,86.312
1744,-24.979,28.39
1745,6.1616,8.0969
1746,4.3975,-2.3668
1747,52.648,-70.354
1748,34.735,3.5982
1749,33.093,54.546
1750,-8.8575,-74.365
1751,-1.6683,18.689
1752,4.5323,29.558
1753,-17.87,52.373
1754,11.778,54.281
1755,-83.202,-39.495
1756,-60.197,31.69
1757,-32.121,67.666
1758,-14.004,65.171
1759,21.17,27.734
1760,23.715,-41.338
1761,-14.846,-67.182
1762,7.1315,55.967
1763,40.971,-51.026
1764,27.627,17.997
1765,18.176,-9.4611
1766,39.169,35.885
1767,-18.06,77.724
1768,62.839,47.816
1769,59.303,73.753
1770,-65.607,-62.737
1771,-39.526,-3.6494
1772,-80.806,-29.855
1773,-23.478,19.928
1774,5.3951,63.568
1775,-14.829,-27.046
1776,-9.8253,65.515
1777,-36.091,-5.4958
1778,-51.873,62.782
1779,-71.964,-21.968
1780,-96.05,-31.695
1781,-33.514,-80.34
1782,8.7048,-7.9671
1783,-83.572,61.308
1784,-50.681,40.437
1785,19.106,-4.7224
1786,-38.367,-8.1704
1787,-17.958,56.427
1788,16.417,-28.678
1789,8.334,-0.85553
1790,-10.889,32.75
1791,12.647,-6.4623
1792,-4.8684,38.154
1793,-55.928,-23.946
1794,27.947,-91.301
1795,50.578,-9.6845
1796,-55.292,40.483
1797,2.3855,38.118
1798,-0.32866,27.124
1799,-58.603,6.7483
1800,-0.88159,36.336
1801,-43.575,9.5488
1802,7.3038,84.384
1803,-51.867,23.467
1804,-25.215,-32.686
1805,16.936,46.93
1806,-6.9189,-24.238
1807,-28.967,72.001
1808,-16.759,-80.107
1809,-1.4207,55.361
1810,-20.985,60.421
1811,-4.2519,17.782
1812,-0.18901,27.485
1813,-63.061,74.089
1814,-71.79,-55.591
1815,-80.644,-35.268
1816,41.839,-47.948
1817,24.204,-45.473
1818,-4.1573,66.788
1819,8.5898,56.727
1820,-18.194,-23.712
1821,-85.151,-10.601
1822,-11.499,-71.109
1823,-27.13,32.069
1824,2.0066,37.841
1825,77.102,-75.309
1826,21.834,-4.6094
1827,3.0302,37.882
1828,-73.302,60.464
1829,-21.424,-73.588
1830,-0.77092,37.471
1831,-35.095,-8.0143
1832,-81.641,-39.325
1833,30.537,76.651
1834,32.227,-71.031
1835,-34.921,67.765
1836,-61.893,-65.585
1837,-4.9518,27.113
1838,-33.503,-18.866
1839,-45.081,5.7728
1840,5.6366,59.122
1841,5.4968,-0.18932
1842,30.93,1.7009
1843,-19.006,92.477
1844,-11.584,67.592
1845,-9.2649,28.561
1846,-42.37,5.2872
1847,9.0993,-2.9149
1848,41.873,-46.84
1849,-72.736,64.136
1850,20.631,7.1252
1851,-62.674,32.195
1852,-2.9781,70.041
1853,33.088,-63.856
1854,-57.484,32.189
1855,35.522,3.8597
1856,-29.683,70.667
1857,-12.188,-71.882
1858,0.46881,40.931
1859,29.991,74.22
1860,-41.172,75.509
1861,16.612,50.486
1862,-49.987,23.972
1863,-2.3772,63.172
1864,-25.933,75.011
1865,-117.5,41.535
1866,-76.987,-50.27
1867,19.597,83.615
1868,-9.9345,-64.139
1869,15.683,60.172
1870,1.2419,96.86
1871,2.5094,41.991
1872,56.849,61.69
1873,44.951,42.309
1874,-17.324,-79.871
1875,-2.4438,43.255
1876,-59.751,28.201
1877,21.263,-77.826
1878,14.853,-30.913
1879,-95.924,53.554
1880,-37.684,-8.6184
1881,-55.126,1.1522
1882,-50.389,23.758
1883,-40.504,-12.61
1884,-27.504,66.941
1885,0.16966,80.769
1886,-4.4347,67.972
1887,-86.534,44.859
1888,29.812,-91.444
1889,-15.757,-70.971
1890,-31.184,-6.6775
1891,-48.749,-15.674
1892,-12.978,53.859
1893,13.293,51.632
1894,-22.001,88.464
1895,-57.045,-36.337
1896,-57.912,-39.52
1897,51.425,-87.169
1898,-36.688,42.162
1899,-14.705,89.367
1900,3.995,74.006
1901,-34.489,81.956
1902,-53.115,-38.581
1903,63.366,55.576
1904,13.615,57.829
1905,-38.616,89.715
1906,-19.06,14.556
1907,-60.473,34.884
1908,-49.542,65.525
1909,8.3246,-0.51462
1910,-42.098,74.151
1911,30.375,-19.282
1912,-5.7032,72.988
1913,-19.556,77.876
1914,20.456,2.1512
1915,-20.279,92.48
1916,2.179,71.136
1917,-55.363,40.602
1918,-5.0057,26.947
1919,59.126,39.492
1920,17.26,58.999
1921,-4.8627,67.221
1922,6.4128,59.5
1923,-37.175,79.736
1924,-25.29,-102.84
1925,66.982,-11.675
1926,-18.551,6.6959
1927,-41.849,-5.1395
1928,53.554,-13.719
1929,-18.27,-75.582
1930,-4.5736,43.205
1931,-58.164,66.773
1932,-6.5736,26.148
1933,-18.385,-75.585
1934,4.9259,79.99
1935,3.3068,85.564
1936,19.482,-4.4042
1937,-81.63,21.23
1938,3.6537,92.53
1939,13.738,53.273
1940,-13.973,63.493
1941,-59.972,-15.721
1942,3.0055,-17.137
1943,-36.259,67.076
1944,-2.7272,66.642
1945,3.2634,84.524
1946,-18.731,-24.862
1947,19.444,-39.554
1948,-18.617,75.777
1949,-73.816,-64.29
1950,-20.332,9.0663
1951,-77.988,-32.247
1952,-13.793,91.785
1953,-45.2,-0.35424
1954,-8.9102,36.026
1955,8.8525,-40.711
1956,33.826,24.516
1957,-22.897,90.309
1958,29.197,5.8174
1959,-22.529,-88.079
1960,-95.924,53.554
1961,-38.68,76.598
1962,54.315,60.233
1963,-5.2555,94.236
1964,-3.0853,17.371
1965,-41.848,-14.265
1966,-28.204,-18.587
1967,1.6985,-65.405
1968,34.265,-78.468
1969,-73.801,34.889
1970,27.168,4.912
1971,15.478,-42.275
1972,-10.183,-72.227
1973,8.3988,-1.401
1974,-34.712,66.157
1975,20.867,83.132
1976,7.0592,-15.501
1977,-97.046,-46.809
1978,35.96,-86.623
1979,10.361,-1.6336
1980,23.854,-39.712
1981,-17.324,68.127
1982,28.296,43.697
1983,40.504,-57.398
1984,-62.384,63.962
1985,-49.006,53.004
1986,-10.229,-65.673
1987,-37.031,-3.9729
1988,-78.242,-68.366
1989,-25.004,-95.078
1990,-32.449,-1.9313
1991,-14.448,96.914
1992,0.83639,52.272
1993,2.3938,37.701
1994,-60.334,-78.023
1995,-34.078,-6.509
1996,34.151,-58.623
1997,-32.655,-8.733
1998,4.0954,87.234
1999,-14.025,81.603
2000,32.519,-65.996
2001,1.4668,-14.332
2002,22.745,94.712
2003,-48.99,-34.301
2004,-32.152,-6.7118
2005,23.032,42.693
2006,9.0077,56.5
2007,8.096,52.639
2008,-8.4036,-66.064
2009,-23.031,79.201
2010,-88.197,44.149
2011,15.887,84.938
2012,48.908,-29.592
2013,-59.842,26.241
2014,-35.568,-14.149
2015,28.949,7.2973
2016,20.27,22.287
2017,46.116,41.39
2018,17.145,52.136
2019,34.893,-64.275
2020,-34.527,71.236
2021,-1.6348,40.478
2022,-14.751,-78.841
2023,25.803,61.71
2024,-64.503,-62.476
2025,-72.035,-28.03
2026,22.199,-6.5307
2027,50.919,-15.829
2028,-40.266,16.047
2029,-17.141,91.336
2030,29.016,39.024
2031,-0.78215,27.711
2032,-5.0959,20.201
2033,-58.178,-65.096
2034,21.451,27.195
2035,-28.56,-21.448
2036,-59.263,28.015
2037,-21.105,71.057
2038,-88.18,62.461
2039,28.507,75.044
2040,-0.033147,22.026
2041,51.981,-55.041
2042,16.201,-67.627
2043,51.777,48.269
2044,60.215,52.904
2045,-2.4107,24.18
2046,-0.41435,27.03
2047,-35.763,3.0337
2048,29.732,1.2851
2049,-11.786,-71.129
2050,-30.191,-80.047
2051,-34.538,6.1131
2052,0.4972,100.96
2053,-31.918,74.594
2054,-68.807,52.159
2055,-73.593,7.0507
2056,-14.576,61.884
2057,-2.4579,95.907
2058,32.358,2.8566
2059,0.30471,74.446
2060,-37.872,-42.177
2061,-3.2946,18.243
2062,-76.998,-59.391
2063,-53.25,-39.116
2064,29.984,74.665
2065,-16.938,-80.352
2066,-8.1853,66.341
2067,-64.019,-41.715
2068,-24.931,8.9034
2069,28.264,-67.332
2070,-75.219,-64.264
2071,15.26,56.848
2072,-0.9071,40.586
2073,-52.912,26.336
2074,-24.747,-99.653
2075,-64.848,-1.4643
2076,-15.304,100.16
2077,-70.443,15.914
2078,-5.5393,42.092
2079,-24.125,54.754
2080,-34.529,69.694
2081,32.987,79.003
2082,-27.356,66.911
2083,-3.6271,-56.249
2084,27.39,0.55491
2085,-4.3018,66.047
2086,27.449,58.487
2087,4.8114,34.232
2088,-40.725,84.673
2089,2.7116,102.11
2090,-41.468,67.449
2091,34.19,65.466
2092,12.041,-10.801
2093,59.162,41.283
2094,7.3391,-16.943
2095,12.141,-10.87
2096,-65.442,-59.034
2097,-0.51194,88.798
2098,13.063,82.803
2099,-55.585,40.232
2100,-46.085,-24.589
2101,30.13,0.47957
2102,14.112,0.12959
2103,-31.319,-4.1498
2104,7.6133,85.921
2105,-12.04,65.194
2106,9.306,-20.878
2107,-63.3,-1.8518
2108,-74.752,-22.606
2109,-46.494,65.872
2110,42.746,-58.801
2111,77.695,51.765
2112,-64.128,-3.2647
2113,-56.511,-25.475
2114,19.801,23.678
2115,66.25,87.801
2116,30.928,24.305
2117,10.527,93.43
2118,-4.3488,93.111
2119,13.58,52.276
2120,-46.618,8.4355
2121,-34.382,-5.7525
2122,-58.421,-16.036
2123,23.152,-78.002
2124,12.902,0.098278
2125,-19.115,-84.207
2126,-1.0923,13.917
2127,3.8991,31.122
2128,-7.678,31.076
2129,-28.015,-16.427
2130,-37.014,-9.8957
2131,69.521,-38.573
2132,-24.623,18.518
2133,32.697,-80.173
2134,-3.6977,67.88
2135,-18.478,-85.693
2136,0.11148,93.601
2137,-45.519,85.557
2138,32.98,92.102
2139,-77.102,-58.17
2140,-33.395,3.0273
2141,-51.648,-50.811
2142,2.2126,-6.8511
2143,-61.316,59.398
2144,17.292,58.678
2145,-81.095,-10.184
2146,59.49,-65.758
2147,-18.041,67.409
2148,43.452,62.756
2149,22.7,96.975
2150,16.432,-9.7504
2151,5.0212,-9.6779
2152,-42.191,46.438
2153,-67.144,-61.003
2154,15.684,-72.421
2155,-28.738,84.918
2156,36.971,74.135
2157,-28.863,76.4
2158,-8.3125,-65.239
2159,16.847,-10.09
2160,-106.08,17.581
2161,6.6346,5.3088
2162,-93.425,-48.181
2163,-2.2079,42.564
2164,33.839,94.296
2165,16.582,63.305
2166,-41.366,-2.9058
2167,10.484,92.302
2168,2.9805,71.312
2169,-10.309,-71.268
2170,-2.5187,42.154
2171,35.318,68.431
2172,23.356,-43.449
2173,4.8543,24.274
2174,-33.886,-69.339
2175,55.522,47.226
2176,-8.563,-69.579
2177,-10.658,-69.775
2178,4.1801,71.884
2179,-95.451,53.423
2180,-8.4984,43.087
2181,-7.6014,62.933
2182,-11.601,29.967
2183,53.638,-54.501
2184,-58.464,74.663
2185,22.236,-83.838
2186,23.628,82.328
2187,1.9535,74.579
2188,-18.726,-75.792
2189,-17.001,-25.212
2190,-47.819,-13.238
2191,47.948,103.24
2192,1.2957,95.007
2193,-48.128,35.6
2194,-83.671,-28.739
2195,-53.004,-39.091
2196,-49.42,71.041
2197,-17.032,-77.109
2198,-16.857,94.959
2199,11.246,-11.642
2200,-61.944,67.755
2201,-11.077,67.708
2202,-94.877,-47.573
2203,-11.585,2.9615
2204,-18.824,-22.341
2205,-81.621,23.376
2206,-72.043,-63.365
2207,-33.31,67.011
2208,-27.368,-39.992
2209,7.2463,-14.939
2210,-70.386,7.521
2211,-33.646,6.6015
2212,-28.318,-16.003
2213,0.6411,101.96
2214,-67.122,-63.493
2215,42.496,60.531
2216,-77.981,-52.041
2217,-41.695,85.719
2218,10.424,-38.815
2219,-49.053,55.763
2220,6.4684,1.0948
2221,14.47,74.696
2222,-55.818,-36.871
2223,-71.708,60.157
2224,-21.537,-38.504
2225,-72.809,-64.378
2226,-71.097,31.5
2227,15.723,45.756
2228,-50.774,55.868
2229,-8.2592,36.412
2230,-6.5564,26.433
2231,13.594,19.92
2232,-39.861,-75.353
2233,32.573,-80.309
2234,50.663,-52.33
2235,6.0313,79.23
2236,3.6412,83.145
2237,6.7604,-0.2691
2238,-14.57,101.44
2239,33.486,26.543
2240,-2.081,30.274
2241,-9.3652,30.045
2242,60.299,58.748
2243,-3.5903,81.282
2244,29.324,96.846
2245,-39.298,-13.035
2246,-8.2827,-65.878
2247,5.3998,-0.34112
2248,-34.322,74.61
2249,17.975,-4.5255
2250,-7.8788,2.2835
2251,-14.931,1.5112
2252,-21.477,-87.69
2253,-12.446,-74.598
2254,-0.95278,27.387
2255,3.2082,15.566
2256,-18.244,-105.9
2257,1.6726,26.351
2258,-29.024,-18.103
2259,-23.46,-109.93
2260,-41.562,-13.879
2261,56.809,-51.166
2262,-20.449,60.026
2263,4.81,77.237
2264,2.8317,-13.116
2265,115.95,-16.651
2266,38.18,48.068
2267,-17.135,29.205
2268,-91.56,-49.103
2269,17.852,-11.541
2270,11.301,-4.5164
2271,-48.063,6.0142
2272,-12.128,-70.457
2273,47.19,38.928
2274,-71.803,50.512
2275,78.942,49.048
2276,53.183,-17.468
2277,20.841,49.232
2278,2.3358,35.307
2279,-10.561,-71.243
2280,48.896,77.482
2281,4.8984,60.194
2282,-59.75,31.593
2283,-29.451,40.069
2284,57.458,71.287
2285,8.0697,26.352
2286,-75.716,-64.984
2287,16.55,-70.991
2288,5.6716,59.242
2289,8.9451,80.069
2290,-48.706,30.108
2291,-97.165,54.663
2292,3.4539,37.397
2293,-17.971,77.368
2294,21.397,-46.937
2295,-64.646,-32.743
2296,39.585,-69.116
2297,11.186,-26.369
2298,0.85149,-13.175
2299,54.728,44.269
2300,30.707,74.389
2301,-42.076,-3.803
2302,-17.162,-71.714
2303,33.637,6.8173
2304,15.677,-0.25488
2305,-67.492,19.705
2306,21.75,-4.1166
2307,-24.655,-99.56
2308,-35.668,-5.1467
2309,-60.078,34.705
2310,3.731,39.442
2311,-1.1171,68.222
2312,23.795,92.582
2313,-43.88,33.455
2314,-2.7233,30.41
2315,0.61633,50.827
2316,-20.758,16.389
2317,-11.797,44.274
2318,-102.47,27.437
2319,-5.9556,-75.814
2320,17.682,-4.7354
2321,-43.042,-5.5008
2322,-95.924,53.554
2323,-66.92,21.289
2324,31.553,-66.526
2325,-76.411,-55.873
2326,-29.544,-18.248
2327,-88.685,-22.892
2328,-58.098,32.236
2329,-14.855,-66.816
2330,6.6755,-16.454
2331,-82.035,33.433
2332,-44.106,0.99202
2333,-0.26382,18.489
2334,-29.865,-3.909
2335,12.285,49.772
2336,-39.187,12.413
2337,16.948,-39.981
2338,-32.177,-2.9052
2339,-28.789,4.1488
2340,32.557,-77.626
2341,-105.88,17.702
2342,-74.487,53.645
2343,-54.788,31.536
2344,2.9486,-13.346
2345,-37.005,78.866
2346,-15.239,-24.065
2347,-51.898,-38.815
2348,-37.663,-5.8833
2349,-60.328,-28.853
2350,-73.169,-19.756
2351,-13.201,-77.123
2352,4.8606,-15.134
2353,-15.335,-21.87
2354,-13.465,69.671
2355,-14.828,24.019
2356,-81.072,-26.902
2357,11.847,0.44597
2358,9.6259,90.076
2359,27.01,-86.509
2360,0.60552,78.751
2361,-57.335,32.507
2362,65.236,49.608
2363,-26.154,-5.5596
2364,-55.48,73.235
2365,31.757,40.04
2366,-28.148,-19.181
2367,-32.615,-80.244
2368,-1.7602,37.127
2369,-11.113,-38.05
2370,-62.042,64.769
2371,-51.403,52.278
2372,-34.243,71.291
2373,-89.327,44.965
2374,-5.9727,56.064
2375,-40.871,5.128
2376,-44.793,1.6107
2377,-8.0903,30.24
2378,-32.44,4.9436
2379,-73.036,-63.983
2380,35.729,14.682
2381,-38.28,80.256
2382,-10.402,58.558
2383,65.037,-42.053
2384,36.605,17.115
2385,11.184,-12.683
2386,8.5802,-1.7591
2387,-14.97,96.429
2388,7.3777,-11.736
2389,-31.006,85.395
2390,-28.763,-93.592
2391,-27.084,50.312
2392,45.698,-75.139
2393,17.206,-71.941
2394,47.064,70.465
2395,-30.646,67.413
2396,27.436,74.234
2397,16.037,-7.4682
2398,-14.177,-25.623
2399,-75.472,-60.876
2400,-0.83869,26.905
2401,-5.7965,91.697
2402,-64.312,-2.8527
2403,-72.544,68.831
2404,-16.044,63.743
2405,-49.242,55.725
2406,-9.4261,2.313
2407,-34.335,-31.567
2408,-101.63,22.372
2409,-93.718,29.161
2410,2.3546,8.6286
2411,12.182,-1.6275
2412,-31.15,37.236
2413,95.262,-55.267
2414,-24.5,-94.278
2415,-30.57,0.055822
2416,-52.328,-31.556
2417,-15.103,-25.002
2418,4.2086,20.311
2419,28.3,-45.266
2420,8.9704,70.225
2421,-71.538,-17.409
2422,106.39,-54.162
2423,28.753,4.9644
2424,-21.909,-85.352
2425,-22.594,-60.394
2426,-65.479,70.654
2427,-62.105,70.259
2428,-26.167,-101.76
2429,-56.045,8.0121
2430,-0.13588,26.449
2431,-1.0134,76.533
2432,-77.547,-58.056
2433,4.1423,-13.708
2434,-7.26,33.166
2435,-90.794,45.756
2436,26.255,38.072
2437,-34.663,-10.246
2438,22.296,-63.626
2439,26.542,-94.807
2440,25.746,-96.133
2441,-76.884,-58.854
2442,7.7073,-0.43564
2443,1.6364,35.529
2444,-27.002,-33.765
2445,-11.497,14.685
2446,-13.159,-0.87015
2447,-59.014,-40.771
2448,-71.483,-18.534
2449,-1.9017,93.557
2450,38.351,23.012
2451,-16.996,-84.804
2452,14.012,53.608
2453,-18.075,56.526
2454,-5.124,20.108
2455,-6.4796,25.656
2456,9.3836,71.399
2457,-26.668,-5.0692
2458,72.272,45.96
2459,-22.856,22.276
2460,6.9289,15.116
2461,41.765,-79.497
2462,30.484,-53.69
2463,-17.017,-78.774
2464,7.7375,-0.022346
2465,-56.514,31.455
2466,-7.4295,102.32
2467,-37.262,58.94
2468,-4.0332,17.852
2469,77.081,-75.368
2470,-7.8672,14.414
2471,-27.887,-16.455
2472,-34.321,17.601
2473,-9.3571,-74.742
2474,-19.369,-42.771
2475,-30.111,1.1383
2476,7.1741,6.4647
2477,-85.702,44.815
2478,-63.944,-3.4466
2479,-51.923,-38.223
2480,-41.967,-39.245
2481,16.283,7.816
2482,32.853,-1.7506
2483,11.044,100.78
2484,-18.89,-75.453
2485,13.539,69.711
2486,-16.682,-77.67
2487,-29.193,-61.227
2488,-39.75,9.5876
2489,14.766,54.702
2490,-65.943,75.359
2491,-12.973,99.484
2492,-24.147,-78.475
2493,5.6856,0.35838
2494,-49.062,47.028
2495,16.972,81.032
2496,13.867,35.872
2497,-55.917,39.406
2498,-82.971,-38.544
2499,-55.515,-35.164
2500,-15.607,56.543
2501,79.641,47
2502,-10.523,66.434
2503,6.7274,-80.778
2504,-33.163,49.806
2505,-39.368,77.621
2506,-16.494,81.839
2507,-31.232,-7.6408
2508,-33.105,12.466
2509,-52.732,-35.655
2510,-60.67,35.352
2511,-10.651,-66.455
2512,11.757,71.549
2513,17.303,47.059
2514,3.8447,18.257
2515,-0.59416,87.625
2516,-6.3277,99.053
2517,5.656,64
2518,-51.85,52.886
2519,-49.117,-14.604
2520,35.779,21.218
2521,-65.238,44.227
2522,44.056,-41.538
2523,-1.8476,22.504
2524,-78.786,-55.341
2525,-51.826,41.895
2526,-103.24,19.261
2527,-0.59727,39.396
2528,-50.74,55.817
2529,-39.324,-3.5648
2530,-43.857,5.5816
2531,-44.34,73.627
2532,-47.959,7.3948
2533,-37.762,-83.537
2534,-37.652,-83.587
2535,4.2437,83.565
2536,56.715,-71.144
2537,32.179,-80.107
2538,-31.333,5.319
2539,-27.535,-16.901
2540,-81.373,21.39
2541,36.562,-87.339
2542,34.886,-76.53
2543,37.996,-73.436
2544,-54.472,-27.331
2545,-59.918,76.555
2546,93.357,42.423
2547,-42.313,73.251
2548,17.328,67.054
2549,-32.416,30.462
2550,-81.775,-38.443
2551,9.5547,-40.129
2552,6.6056,58.475
2553,-33.693,68.822
2554,20.527,-6.6783
2555,32.422,76.048
2556,-40.362,-1.4673
2557,-41.892,-39.472
2558,94.217,-62.484
2559,31.861,73.195
2560,-18.997,76.942
2561,-39.782,-41.548
2562,-42.447,75.965
2563,-24.335,92.445
2564,-88.197,44.148
2565,-42.49,87.933
2566,-39.536,-90.22
2567,-14.56,7.3007
2568,-29.139,-17.487
2569,-0.99999,12.453
2570,32.63,-63.016
2571,4.2498,36.779
2572,-66.227,63.399
2573,3.0284,15.784
2574,0.022402,40.74
2575,-22.287,-64.988
2576,-1.7084,78.228
2577,-38.668,89.697
2578,-73.417,-60.009
2579,-46.292,45.551
2580,-10.057,66.077
2581,48.873,43.985
2582,4.3315,70.007
2583,48.833,70.321
2584,-73.719,18.897
2585,92.265,-58.098
2586,-38.987,2.2774
2587,-50.839,-52.625
2588,-5.2681,66.412
2589,8.4863,40.869
2590,-65.199,44.248
2591,-46.19,-0.11078
2592,-29.168,62.168
2593,-52.603,41.239
2594,-2.2762,44.316
2595,-48.66,35.441
2596,-45.387,-87.977
2597,-32.901,-5.7714
2598,-21.257,-38.689
2599,25.221,-46.803
2600,-0.78936,50.668
2601,5.6598,59.694
2602,29.486,35.761
2603,9.7295,70.27
2604,-24.379,67.525
2605,0.036815,41.532
2606,37.827,79.131
2607,0.41755,101.7
2608,-49.41,50.674
2609,9.0391,33.887
2610,-52.478,74.666
2611,17.215,59.901
2612,31.392,-66.385
2613,31.602,42.085
2614,5.2541,30.863
2615,-67.148,-80.81
2616,5.9704,71.841
2617,5.1832,-14.746
2618,5.4155,11.494
2619,-81.863,21.759
2620,-5.8396,100.46
2621,-11.145,5.8841
2622,-87.617,42.962
2623,0.095412,19.765
2624,29.471,76.337
2625,-39.335,68.559
2626,-29.963,86.596
2627,39.531,9.04
2628,-68.007,-81.122
2629,-38.35,59.025
2630,-71.58,-54.369
2631,-33.358,87.711
2632,-57.207,29.859
2633,-38.325,80.649
2634,-3.8402,30.798
2635,-18.578,-82.03
2636,8.0354,-83.836
2637,-1.0913,27.364
2638,-21.115,92.718
2639,-44.595,1.2942
2640,52.143,34.418
2641,9.0873,-40.697
2642,-9.386,-70.079
2643,7.7819,-7.6483
2644,-11.107,51.394
2645,-60.72,35.225
2646,-64.617,27.95
2647,-2.2953,74.125
2648,39.991,-49.955
2649,10.991,-40.286
2650,-64.775,67.884
2651,29.145,-61.972
2652,-9.1109,-71.818
2653,56.578,46.991
2654,12.535,16.176
2655,32.435,5.8415
2656,-13.239,-78.517
2657,-33.499,-11.3
2658,-79.241,-55.738
2659,-31.852,-3.7672
2660,-83.308,24.583
2661,1.6857,-15.056
2662,-8.3086,33.697
2663,-4.9017,52.087
2664,-69.082,-27.262
2665,-66.797,-60.433
2666,-66.427,-61.836
2667,-8.6189,-56.099
2668,-51.992,82.357
2669,-29.017,76.737
2670,58.467,40.345
2671,-9.0051,-65.768
2672,4.3648,-12.738
2673,23.352,4.1272
2674,7.5808,-13.51
2675,-9.5395,-78.844
2676,-23.24,-42.932
2677,-4.1311,65.74
2678,33.601,-4.4071
2679,-24.906,-87.889
2680,-46.258,35.759
2681,-78.519,-54.84
2682,-64.75,-32.938
2683,-0.63709,-51.904
2684,-18.501,56.684
2685,-15.804,65.112
2686,9.7838,78.544
2687,7.3942,63.145
2688,-59.09,9.0397
2689,-15.971,-71.097
2690,15.736,-47.608
2691,-66.096,63.682
2692,50.609,-61.204
2693,35.94,-84.658
2694,-14.861,-74.46
2695,-72.356,60.322
2696,57.048,-84.382
2697,18.836,-81.557
2698,19.522,50.613
2699,13.457,6.1896
2700,-18.143,56.48
2701,-73.949,-64.165
2702,-1.0941,39.417
2703,13.519,35.065
2704,-44.999,-0.64379
2705,-59.473,59.255
2706,-100.9,-12.902
2707,9.5891,46.219
2708,-26.326,35.019
2709,3.6674,78.586
2710,-4.546,42.971
2711,-69.398,-60.92
2712,-29.396,-17.745
2713,-55.335,-24.141
2714,-72.191,6.5397
2715,6.015,93.197
2716,-17.95,75.167
2717,52.558,45.541
2718,-50.098,86.655
2719,-72.527,68.836
2720,-10.549,102.7
2721,0.02483,22.848
2722,-3.8729,30.522
2723,-64.794,-84.618
2724,-72.517,66.714
2725,-3.9615,50.652
2726,-61.446,38.35
2727,-33.886,66.839
2728,7.1468,-8.355
2729,-3.9952,27.557
2730,-29.751,-3.5107
2731,-30.267,-31.672
2732,-17.858,-27.471
2733,49.359,-56.108
2734,22.118,-83.904
2735,12.108,-80.731
2736,-33.925,67.533
2737,-59.892,69.73
2738,7.8391,79.116
2739,3.1352,15.756
2740,-65.373,-63.144
2741,-100.55,-4.3147
2742,-44.066,68.271
2743,14.721,75.279
2744,8.2285,70.137
2745,38.616,48.746
2746,-73.557,-64.96
2747,-4.6155,92.531
2748,13.952,34.764
2749,3.2373,37.541
2750,-31.536,-3.5527
2751,69.261,-17.657
2752,-31.258,-80.962
2753,-45.016,22.449
2754,-39.638,77.824
2755,-54.85,80.74
2756,-29.889,-8.0074
2757,-28.928,-20.045
2758,-32.77,-77.832
2759,-89.251,27.826
2760,-9.9292,65.376
2761,15.234,-5.1783
2762,-15.646,-79.436
2763,-84.502,-25.085
2764,0.16845,89.15
2765,33.461,27.447
2766,-34.954,66.219
2767,-75.041,-73.576
2768,-76.82,29.322
2769,-44.837,-41.765
2770,-1.0906,53.92
2771,-36.253,66.121
2772,-1.9165,14.175
2773,-94.514,53.304
2774,-53.149,54.289
2775,-13.591,36.754
2776,-51.413,54.898
2777,28.414,15.944
2778,-63.93,-27.676
2779,11.068,-42.463
2780,-7.9669,87.19
2781,6.1881,83.919
2782,-49.776,85.937
2783,10.895,19.362
2784,-20.001,-35.753
2785,20.846,-79.322
2786,32.242,-67.995
2787,-16.451,62.95
2788,-40.591,-2.3965
2789,-16.085,64.806
2790,-2.7088,98.153
2791,-6.7892,13.651
2792,2.115,24.086
2793,14.297,80.81
2794,3.7036,-15.486
2795,14.933,96.163
2796,15.326,57.861
2797,-83.894,-26.925
2798,-52.782,53.399
2799,-75.544,-15.822
2800,-83.368,17.896
2801,-32.645,-27.79
2802,15.356,59.887
2803,-19.614,87.421
2804,-42.666,-1.5882
2805,-43.245,-11.208
2806,-3.6701,34.919
2807,-0.50566,34.204
2808,-27.93,91.512
2809,-56.438,-29.261
2810,-16.185,5.892
2811,-73.783,18.855
2812,-49.987,87.239
2813,47.95,29.805
2814,-15.152,95.083
2815,5.0056,-82.294
2816,18.329,22.825
2817,-9.4136,-70.55
2818,-81.858,21.322
2819,0.66523,36.082
2820,43.847,18.867
2821,-53.06,2.3649
2822,-24.943,22.737
2823,64.671,67.057
2824,-30.804,12.612
2825,20.784,-84.129
2826,-33.546,88.039
2827,-44.158,6.3421
2828,-33.338,67.322
2829,-3.6058,68.468
2830,-34.384,5.2151
2831,-57.102,37.708
2832,-73.907,33.596
2833,-22.961,91.415
2834,12.678,78.403
2835,30.657,-61.333
2836,-14.163,-42.59
2837,-11.598,-79.934
2838,-64.097,-2.9758
2839,7.4869,23.387
2840,-86.367,-21.929
2841,-3.0655,43.413
2842,-25.523,28.623
2843,47.239,-26.54
2844,48.516,41.882
2845,-31.908,12.176
2846,2.6864,18.243
2847,-18.168,28.039
2848,30.588,77.086
2849,10.887,84.378
2850,-68.063,-59.515
2851,-33.936,-1.431
2852,-81.131,-13.446
2853,4.9128,55.504
2854,3.6609,77.613
2855,14.634,52.03
2856,-18.991,92.386
2857,-72.977,68.523
2858,-14.906,54.544
2859,-70.325,-62.357
2860,-53.598,-40.805
2861,-102.54,22.948
2862,7.906,84.175
2863,17.9,-39.944
2864,-15.197,5.222
2865,-41.234,7.7024
2866,35.649,-58.199
2867,-31.417,1.9122
2868,-16.256,5.497
2869,-44.694,5.4426
2870,40.498,37.424
2871,36.05,38.012
2872,10.287,40.636
2873,-18.984,14.47
2874,2.812,21.311
2875,-75.877,-14.966
2876,53.4,-30.737
2877,-102.93,20.384
2878,12.4,-41.28
2879,-16.634,88.958
2880,115.94,-16.651
2881,-42.102,46.408
2882,-51.44,-86.43
2883,-43.786,89.233
2884,41.213,-50.735
2885,-69.357,-60.306
2886,-16.371,65.279
2887,-80.423,-9.2845
2888,-32.491,2.531
2889,13.635,20.076
2890,-29.84,-3.2589
2891,9.9467,73.597
2892,-8.925,-78.496
2893,8.6795,79.036
2894,12.634,-24.841
2895,-73.568,-60.133
2896,25.801,94.2
2897,-30.621,10.866
2898,-15.154,5.8703
2899,-22.159,-87.749
2900,15.321,79.729
2901,-22.115,30.833
2902,-13.175,53.689
2903,-31.077,-76.955
2904,-3.8094,33.854
2905,7.8437,29.449
2906,28.577,93.175
2907,-16.759,28.525
2908,43.321,37.494
2909,-43.213,15.837
2910,5.894,72.616
2911,-19.474,-83.115
2912,-63.885,-3.5188
2913,2.4478,32.988
2914,-8.2725,65.178
2915,-6.9305,28.915
2916,-25.801,32.473
2917,-36.276,-9.2321
2918,-47.487,69.426
2919,15.631,-39.301
2920,-14.855,98.856
2921,-34.116,13.506
2922,-93.928,52.957
2923,65.482,70.229
2924,-44.087,68.376
2925,-25.344,44.735
2926,-33.807,-4.7625
2927,-41.725,72.374
2928,-30.893,79.662
2929,-17.378,77.22
2930,-31.08,19.781
2931,14.022,53.779
2932,-58.455,66.751
2933,-34.279,67.023
2934,9.7506,46.371
2935,2.2131,96.97
2936,4.7535,-7.4796
2937,-54.74,-91.388
2938,13.252,-43.609
2939,74.229,47.095
2940,15.384,85.233
2941,8.6946,-1.2727
2942,5.3254,86.032
2943,10.662,-17.698
2944,19.313,-85.12
2945,-32.536,12.365
2946,6.8912,33.868
2947,22.286,26.155
2948,48.952,39.865
2949,-25.855,-88.931
2950,19.482,-35.316
2951,30.84,3.0008
2952,8.3233,-16.825
2953,-31.811,92.928
2954,-28.124,-82.585
2955,-3.4949,28.838
2956,-38.487,-28.449
2957,-29.206,-17.906
2958,-41.956,-4.0579
2959,-37.117,81.591
2960,-94.875,27.839
2961,-42.068,10.948
2962,31.617,8.2612
2963,35.151,-53.935
2964,5.3575,0.63161
2965,-12.059,-74.712
2966,31.868,46.707
2967,2.272,33.585
2968,-11.169,33.42
2969,-26.358,93.766
2970,1.3862,-58.255
2971,2.5947,-7.3569
2972,-83.422,-25.766
2973,-31.869,75.393
2974,-60.1,28.5
2975,-63.382,-63.318
2976,-7.9387,14.675
2977,50.095,-24.097
2978,-23.023,-43.306
2979,-56.795,-83.833
2980,11.989,-6.8768
2981,-18.292,-69.841
2982,38.497,12.618
2983,-67.563,40.009
2984,4.8806,39.486
2985,-10.77,102.88
2986,-31.971,67.863
2987,5.7682,-49.064
2988,6.7408,84.064
2989,-72.862,52.091
2990,-34.591,-4.4824
2991,-10.953,98.367
2992,30.88,-83.831
2993,-63.422,71.344
2994,-21.296,-86.248
2995,5.8145,0.53085
2996,-22.517,-70.384
2997,31.566,-62.791
2998,-17.905,-34.593
2999,-48.743,54.532
3000,-38.84,76.891
3001,31.541,74.819
3002,-34.156,0.89514
3003,-19.449,4.2396
3004,-21.323,-35.957
3005,-8.0354,48.542
3006,14.837,49.56
3007,-5.8845,66.38
3008,7.3635,78.797
3009,8.8938,40.575
3010,-15.569,26.073
3011,-48.313,-32.179
3012,-42.662,-87.209
3013,-2.4373,49.96
3014,9.2778,-20.271
3015,-60.695,77.821
3016,-14.837,-21.541
3017,-39.059,89.515
3018,20.722,49.251
3019,19.128,35.573
3020,-8.4701,41.758
3021,22.427,-83.845
3022,-37.175,69.86
3023,-13.409,-74.457
3024,22.308,82.358
3025,30.601,-60.319
3026,-77.298,-57.765
3027,-41.633,84.508
3028,15.93,-41.952
3029,13.67,83.563
3030,3.4761,20.971
3031,-39.632,3.8284
3032,27.408,75.232
3033,-20.954,-68.618
3034,30.64,83.912
3035,-53.795,-33.2
3036,-28.116,-104.8
3037,-42.977,76.603
3038,-4.6079,28.496
3039,5.9675,71.226
3040,-45.171,-39.38
3041,-33.582,-2.1111
3042,-22.201,-59.929
3043,41.345,-69.181
3044,-16.957,-39.561
3045,-25.452,58.964
3046,-51.41,63.699
3047,14.224,79.776
3048,1.1413,-5.7078
3049,-97.014,54.636
3050,-74.198,-5.9763
3051,-25.58,31.342
3052,2.4674,10.781
3053,-37.433,80.015
3054,8.926,69.161
3055,-11.381,51.208
3056,8.5529,78.965
3057,10.855,88.042
3058,-63.959,76.835
3059,-29.894,3.2148
3060,-38.766,86.548
3061,10.82,-9.9794
3062,5.0575,0.47731
3063,5.9123,72.762
3064,-32.176,-80.164
3065,10.815,46.423
3066,-16.373,5.1145
3067,12.506,32.679
3068,-6.6633,13.788
3069,-8.9654,-70.609
3070,11.741,-23.085
3071,-94.62,26.121
3072,-63.125,-62.982
3073,-51.206,73.125
3074,-10.514,-77.507
3075,-11.044,66.921
3076,-20.727,92.45
3077,2.3209,-7.8645
3078,-18.417,12.602
3079,30.004,0.076453
3080,-44.512,-3.4995
3081,-1.9987,49.615
3082,32.296,1.9941
3083,-0.6787,39.751
3084,12.471,-10.915
3085,-11.871,-74.746
3086,-29.914,-68.562
3087,5.1336,20.695
3088,12.866,75.922
3089,31.813,-45.749
3090,9.488,67.506
3091,16.149,-4.5205
3092,-20.493,-22.529
3093,31.03,75.141
3094,-30.213,0.76165
3095,-19.737,3.5515
3096,-74.224,-54.171
3097,50.764,-88.873
3098,-42.877,62.861
3099,19.147,-76.339
3100,25.409,-92.659
3101,-19.437,89.551
3102,10.955,73.33
3103,-18.675,-70.122
3104,-22.857,22.348
3105,7.8614,32.546
3106,1.1879,16.425
3107,-93.188,52.378
3108,-44.344,87.736
3109,-56.363,38.846
3110,-88.32,23.542
3111,-57.008,-84.238
3112,-2.3711,49.976
3113,-16.826,11.305
3114,11.077,66.736
3115,-35.163,-78.995
3116,13.001,-68.664
3117,15.91,56.003
3118,-29.307,92.601
3119,4.1315,-13.165
3120,-9.4069,66.694
3121,-88.016,22.31
3122,-75.865,-53.701
3123,5.1726,84.578
3124,-60.117,77.688
3125,-67.827,-81.514
3126,-40.885,3.678
3127,-63.923,67.474
3128,-38.604,82.909
3129,69.48,48.674
3130,-16.31,-83.823
3131,30.913,40.865
3132,-57.419,-15.619
3133,-10.959,29.664
3134,34.799,-63.907
3135,-97.161,54.669
3136,-78.497,-60.944
3137,-13.845,59.449
3138,-40.429,-41.006
3139,22.461,28.459
3140,10.404,75.837
3141,15.627,-13.739
3142,-34.62,2.068
3143,23.016,72.391
3144,3.6584,55.981
3145,-38.023,-10.624
3146,61.318,34.811
3147,-27.571,7.923
3148,-9.3568,-75.981
3149,8.7512,79.477
3150,28.705,77.841
3151,-21.043,1.5903
3152,-38.321,-3.6445
3153,-55.025,5.886
3154,-63.325,-86.305
3155,-59.744,27.738
3156,-11.062,-70.807
3157,21.281,26.31
3158,-39.478,-0.38414
3159,14.171,0.68799
3160,9.5414,-3.4472
3161,18.683,66.724
3162,-74.731,-14.676
3163,-44.806,-0.67789
3164,-38.174,23.171
3165,34.88,-53.717
3166,-18.587,56.483
3167,-18.217,-22.358
3168,23.149,25.512
3169,11.476,-0.93011
3170,27.497,-47.316
3171,-61.034,30.026
3172,-24.556,-95.532
3173,-4.7108,54.341
3174,7.3197,86.214
3175,23.565,3.5497
3176,3.7372,79.187
3177,6.7735,1.1828
3178,1.4737,-6.001
3179,-10.79,51.466
3180,-16.521,-70.983
3181,-32.233,7.157
3182,76.081,11.904
3183,8.8392,68.569
3184,-47.858,-83.385
3185,-54.78,-41.217
3186,27.029,-91.866
3187,-55.252,36.21
3188,-14.866,-21.214
3189,-95.472,53.424
3190,-39.851,0.77111
3191,-102.08,28.368
3192,22.692,95.729
3193,-80.343,-67.472
3194,-6.8806,85.955
3195,39.787,-42.692
3196,9.889,50.166
3197,25.974,99.099
3198,58.696,40.287
3199,9.452,54.27
3200,-39.804,75.923
3201,-12.771,-53.63
3202,-42.853,-0.80968
3203,8.8544,41.144
3204,-45.275,86.587
3205,60.224,49.956
3206,4.3004,-6.4868
3207,61.242,42.36
3208,-95.925,53.554
3209,-22.719,79.297
3210,-62.077,68.391
3211,-61.153,72.992
3212,-15.175,-6.81
3213,77.013,-75.533
3214,-44.975,-7.4985
3215,-53.794,-39.065
3216,-32.266,89.178
3217,-65.526,66.268
3218,79.917,38.076
3219,1.6198,-79.756
3220,66.622,69.256
3221,-30.037,40.384
3222,-57.803,25.616
3223,-38.654,13.08
3224,-30.869,-27.549
3225,29.742,25.143
3226,3.9566,77.066
3227,35.9,39.243
3228,-35.899,66.336
3229,-13.267,74.156
3230,17.287,-35.108
3231,27.255,-95.695
3232,-34.204,-3.072
3233,-20.863,16.676
3234,-69.567,68.71
3235,-21.023,20.369
3236,-33.177,-25.538
3237,-48.207,8.1489
3238,-75.896,-11.498
3239,-7.4494,21.911
3240,-30.153,9.7213
3241,-19.52,4.6971
3242,-57.016,35.709
3243,-61.29,54.974
3244,55.397,52.076
3245,-42.704,-39.388
3246,18.59,84.392
3247,-3.3225,22.07
3248,-14.912,27.854
3249,-23.957,23.551
3250,19.207,-84.319
3251,-95.237,27.205
3252,-17.721,-80.303
3253,-35.406,66.151
3254,8.2042,85.482
3255,-18.747,75.845
3256,-72.971,-64.548
3257,-54.519,64.361
3258,-2.8766,98.636
3259,27.402,39.069
3260,-9.8724,65.66
3261,-23.164,-26.569
3262,-1.9051,14.201
3263,-78.234,-61.06
3264,52.291,70.698
3265,-44.633,-0.76479
3266,11.132,-9.5192
3267,-85.169,-16.432
3268,4.8756,-1.1786
3269,-14.491,-25.867
3270,-23.509,37.356
3271,-82.059,-37.833
3272,-22.518,-26.711
3273,-39.654,52.355
3274,14.759,85.415
3275,48.987,-62.262
3276,-40.765,87.372
3277,48.319,-25.85
3278,4.2232,21.413
3279,-34.675,57.582
3280,15.303,-37.953
3281,33.057,-60.084
3282,-3.5423,18.617
3283,-60.872,68.707
3284,11.611,-71.632
3285,-9.2816,79.278
3286,-0.53048,87.71
3287,7.4164,13.485
3288,-30.681,90.948
3289,38.778,-67.08
3290,-18.535,-23.31
3291,-44.887,64.078
3292,5.6235,72.435
3293,73.487,55.344
3294,-63.689,-77.374
3295,-2.42,75.611
3296,-29.906,49.076
3297,17.184,-3.8904
3298,12.632,-6.3195
3299,-35.584,-3.3077
3300,-31.364,0.27905
3301,-34.208,-0.68378
3302,11.911,-14.202
3303,-39.381,75.59
3304,-28.689,87.495
3305,24.167,93.422
3306,34.605,41.264
3307,-59.727,45.399
3308,-73.307,-24.009
3309,-73.707,-59.573
3310,-48.931,-4.6808
3311,-44.907,3.703
3312,22.13,-91.525
3313,-42.216,73.858
3314,-33.967,7.5246
3315,-51.149,52.208
3316,-23.212,91.135
3317,11.911,-6.6226
3318,19.523,48.953
3319,29.743,73.773
3320,-48.289,6.7807
3321,-85.031,-19.27
3322,-71.149,-77.91
3323,-2.6144,24.065
3324,5.8741,39.781
3325,-41.46,20.228
3326,24.891,44.881
3327,116.06,-16.785
3328,33.089,8.202
3329,22.397,-97.066
3330,50.392,-88.157
3331,13.812,-28.452
3332,-12.396,64.074
3333,-11.616,14.004
3334,-43.891,-88.095
3335,15.67,-38.531
3336,-5.3542,58.85
3337,-74.224,60.249
3338,-38.789,12.066
3339,-37.16,79.824
3340,-67.506,-75.166
3341,-45.522,4.1505
3342,5.8983,-17.953
3343,50.021,80.784
3344,14.994,73.888
3345,-5.4984,-1.753
3346,116.07,-16.779
3347,-39.91,-9.4625
3348,16.232,84.888
3349,-57.834,71.602
3350,-33.813,-19.379
3351,-4.3915,39.507
3352,-28.219,36.05
3353,-11.521,-71.574
3354,-18.332,-83.79
3355,-8.8347,-65.419
3356,-73.442,34.356
3357,21.445,27.662
3358,-50.533,-86.325
3359,-6.641,78.612
3360,-46.621,70.567
3361,-20.165,-24.35
3362,-67.767,39.494
3363,-10.531,-69.754
3364,7.0912,-18.908
3365,-31.98,-86.974
3366,42.865,36.086
3367,-22.179,71.867
3368,2.8971,14.37
3369,-92.988,52.247
3370,-24.604,-34.142
3371,10.619,-33.828
3372,-58.789,71.851
3373,38.219,38.875
3374,-6.4825,26.452
3375,-62.593,31.626
3376,29.311,1.7379
3377,-42.826,87.435
3378,-52.368,81.69
3379,-59.366,33.828
3380,16.414,59.271
3381,-4.0334,68.349
3382,-1.7413,36.725
3383,22.315,41.808
3384,-60.537,55.36
3385,-14.588,-21.107
3386,-3.534,34.017
3387,11.615,-13.837
3388,-33.168,3.017
3389,-79.533,-50.41
3390,-69.907,-61.727
3391,-73.524,-59.883
3392,-5.6441,57.969
3393,6.6191,-8.5549
3394,5.5448,72.176
3395,-10.027,-2.0357
3396,1.936,28.804
3397,-68.312,-81.117
3398,-25.326,20.636
3399,95.233,-42.466
3400,29.475,73.623
3401,50.771,77.6
3402,11.124,-10.177
3403,-36.499,68.817
3404,28.283,76.017
3405,-52.329,-12.999
3406,52.123,-70.359
3407,-45.949,-38.928
3408,-85.649,25.157
3409,68.362,41.362
3410,-36.737,-9.2007
3411,4.1709,27.706
3412,-50.361,54.469
3413,-15.04,-3.7544
3414,-16.667,-9.4803
3415,-72.246,60.336
3416,-19.34,51.253
3417,-11.305,102.66
3418,-69.798,6.8581
3419,-75.574,-63.512
3420,-68.941,-59.712
3421,17.057,31.913
3422,-39.666,77.736
3423,-21.17,-37.907
3424,13.329,-43.248
3425,38.541,-58.282
3426,72.656,-83.934
3427,-69.359,70.486
3428,-50.545,-86.378
3429,-17.251,30.339
3430,65.016,62.073
3431,29.157,50.245
3432,28.703,41.967
3433,25.674,93.768
3434,-59.184,-39.451
3435,-30.562,2.0785
3436,-65.708,76.039
3437,31.404,73.576
3438,49.867,-7.8906
3439,46.517,71.02
3440,-33.293,6.2029
3441,-74.523,-63.431
3442,-16.864,-22.733
3443,-52.876,26.446
3444,-44.85,82.561
3445,-9.2032,-70.997
3446,-21.626,-87.801
3447,10.36,83.204
3448,-11.01,-68.487
3449,-42.035,74.847
3450,-17.83,77.371
3451,14.951,61.343
3452,-74.528,-54.325
3453,-18.545,55.567
3454,-61.471,-85.819
3455,-8.1098,84.02
3456,-37.162,56.435
3457,-64.389,69.569
3458,-59.499,75.603
3459,1.655,-6.014
3460,63.939,-28.511
3461,-20.163,77.91
3462,-25.841,-90.791
3463,-66.6,69.568
3464,-67.332,59.463
3465,19.784,49.025
3466,10.391,-0.75621
3467,-17.682,-7.456
3468,-5.9234,-9.831
3469,39.67,88.214
3470,-38.35,39.159
3471,11.494,83.572
3472,-61.847,25.284
3473,63.198,-67.731
3474,2.1087,93.521
3475,4.7999,77.263
3476,45.024,80.817
3477,-41.596,-5.3421
3478,-24.349,32.303
3479,-70.313,-62.445
3480,34.566,23.71
3481,2.7511,8.546
3482,-16.504,64.717
3483,41.01,61.597
3484,-45.668,-0.086243
3485,-4.1186,28.358
3486,36.863,-87.204
3487,-8.2912,57.461
3488,-28.884,88.58
3489,-4.6633,84.475
3490,-88.18,62.461
3491,-53.525,-34.872
3492,19.925,-95.592
3493,86.742,44.587
3494,-37.317,-4.7575
3495,-88.198,44.151
3496,-46.503,35.614
3497,14.497,71.419
3498,-43.856,10.069
3499,3.6614,-14.322
3500,-64.304,-35.144
3501,-79.308,47.247
3502,-44.431,56.203
3503,-39.188,-13.229
3504,-7.9852,-11.225
3505,16.499,-10.969
3506,31.396,74.835
3507,9.4618,67.345
3508,2.7791,13.007
3509,-7.8848,32.753
3510,-31.139,10.564
3511,-49.548,-17.815
3512,-57.686,-7.3143
3513,-58.481,74.333
3514,-62.822,27.963
3515,33.448,-59.83
3516,-6.6852,60.554
3517,29.908,-64.485
3518,-7.1601,21.378
3519,-19.96,-22.829
3520,-24.502,-91.316
3521,17.399,-46.429
3522,-47.815,-13.087
3523,-77.595,-57.127
3524,-27.629,-15.372
3525,-59.314,-27.064
3526,86.051,30.547
3527,-49.579,-17.547
3528,-61.43,55.263
3529,-90.773,17.96
3530,75.578,-38.699
3531,8.2849,50.34
3532,3.2261,79.514
3533,24.366,-60.072
3534,-55.935,-0.58835
3535,-45.038,21.105
3536,-24.554,37.734
3537,-32.549,-1.7019
3538,-54.717,2.0772
3539,-36.325,24.217
3540,12.394,83.817
3541,-39.428,75.48
3542,-65.904,-60.248
3543,-46.037,-41.855
3544,-13.989,-1.7085
3545,31.483,-65.13
3546,-38.339,49.787
3547,-53.927,-46.074
3548,24.621,-86.643
3549,5.4759,84.084
3550,22.085,-95.433
3551,3.8272,55.507
3552,0.7547,62.23
3553,50.988,76.538
3554,-19.179,-75.022
3555,-56.907,-13.002
3556,-63.419,-63.428
3557,-62.471,65.349
3558,70.807,63.675
3559,9.46,40.115
3560,23.446,-87.87
3561,-13.115,88.611
3562,-60.604,-12.091
3563,-15.004,64.393
3564,4.889,68.853
3565,3.7913,93.581
3566,66.004,47.01
3567,7.2276,42.321
3568,4.1862,-12.547
3569,2.8181,75.789
3570,-11.273,-32.359
3571,-41.083,-4.9928
3572,18.691,51.92
3573,-72.893,-14.704
3574,-57.692,72.928
3575,5.4969,47.562
3576,-24.274,-105.52
3577,-34.179,-3.2782
3578,24.167,74.092
3579,-44.562,53.046
3580,-26.058,46.253
3581,115.95,-16.65
3582,-73.706,-15.42
3583,-36.473,-14.072
3584,-41.544,63.018
3585,-34.584,66.282
3586,-11.831,0.10965
3587,-0.57433,81.009
3588,-38.381,13.973
3589,-81.1,-11.01
3590,50.875,80.157
3591,-3.0054,-89.646
3592,-68.671,20.135
3593,-10.178,65.736
3594,4.1828,84.738
3595,-24.324,92.12
3596,-27.401,-16.807
3597,17.528,75.847
3598,37.75,85.873
3599,-24.163,78.696
3600,68.574,63.227
3601,38.719,-90.439
3602,28.711,-48.161
3603,-35.886,65.803
3604,-33.75,72.454
3605,-22.813,36.811
3606,-34.797,0.12643
3607,115.96,-16.649
3608,-96.355,6.476
3609,-62.142,64.351
3610,38.248,-42.256
3611,9.4607,76.142
3612,-20.261,89.59
3613,-14.094,63.828
3614,0.72751,102.78
3615,13.529,53.232
3616,-13.449,62.055
3617,-83.754,-24.454
3618,-65.031,-83.224
3619,1.9821,32.863
3620,-90.51,17.256
3621,-55.364,24.229
3622,15.505,60.326
3623,-95.924,53.554
3624,27.729,86.84
3625,72.816,-81.858
3626,-54.471,53.494
3627,5.6736,58.87
3628,-30.708,73.248
3629,-19.023,-73.6
3630,-59.457,69.996
3631,-77.784,58.374
3632,47.345,-51.282
3633,-59.068,25.92
3634,-32.784,10.205
3635,-85.719,-24.818
3636,8.3235,49.701
3637,47.419,-8.8494
3638,14.075,33.006
3639,-65.931,-54.129
3640,-63.341,-63.363
3641,-44.954,-39.281
3642,20.57,84.433
3643,-36.624,27.903
3644,-35.37,6.9185
3645,-83.188,-27.803
3646,-41.566,79.399
3647,34.062,-80.861
3648,-82.136,22.327
3649,-13.096,67.395
3650,31.896,-80.009
3651,37.459,90.22
3652,12.083,76.56
3653,-10.135,-75.452
3654,-48.1,51.74
3655,-59.573,33.282
3656,15.846,83.008
3657,-32.342,90.786
3658,-55.729,2.3655
3659,-63.014,-1.7679
3660,17.875,-47.575
3661,-65.483,64.951
3662,-55.58,35.476
3663,-14.346,-25.333
3664,3.3848,93.932
3665,-10.458,-66.028
3666,7.022,68.016
3667,-19.152,14.836
3668,-34.554,-2.219
3669,-71.654,-18.149
3670,-28.176,-19.154
3671,-0.44197,24.386
3672,10.444,-40.152
3673,33.752,-59.959
3674,-1.4108,44.356
3675,-6.249,88.582
3676,-19.64,-83.181
3677,54.993,7.6651
3678,-39.83,3.7597
3679,-52.584,-38.548
3680,14.511,79.281
3681,15.903,55.975
3682,-5.3748,26.491
3683,-20.443,62.008
3684,-12.354,88.377
3685,6.6207,-0.29502
3686,12.351,-1.0337
3687,0.55384,65.198
3688,-14.99,66.451
3689,-82.82,-12.641
3690,-10.817,-3.926
3691,-4.4853,90.152
3692,-39.742,-14.305
3693,-75.808,55.078
3694,13.218,-0.9595
3695,-26.423,48.717
3696,25.455,80.075
3697,-40.12,20.383
3698,47.698,-80.524
3699,32.089,-80.072
3700,32.569,-55.756
3701,-14.405,-53.523
3702,-20.179,37.197
3703,-53.973,33.338
3704,30.547,75.286
3705,-62.617,64.428
3706,116.07,-16.779
3707,-39.171,18.348
3708,-28.714,29.876
3709,-19.528,27.088
3710,11.201,17.084
3711,-75.672,18.296
3712,20.666,85.197
3713,-17.944,68.115
3714,-42.292,74.444
3715,-61.65,62.979
3716,-12.188,-1.9959
3717,4.2708,54.933
3718,14.146,-0.47992
3719,-63.29,70.46
3720,-19.836,61.294
3721,-2.6177,52.801
3722,-43.732,53.879
3723,19.028,-93.462
3724,14.465,56.802
3725,5.0047,83.31
3726,-40.644,71.857
3727,-42.411,-14.273
3728,12.267,10.016
3729,42.019,-41.561
3730,-40.229,-15.058
3731,-1.3119,52.843
3732,37.793,-76.551
3733,45.443,22.161
3734,4.0627,-84.912
3735,-48.065,7.9193
3736,-84.674,-20.739
3737,-55.545,39.788
3738,-68.182,-61.292
3739,-16.858,40.482
3740,66.691,33.546
3741,-32.091,14.197
3742,-42.603,-5.9723
3743,-46.655,85.796
3744,-1.1325,53.949
3745,38.077,-73.851
3746,16.017,58.446
3747,-41.302,72.134
3748,-19.229,16.289
3749,-88.198,44.149
3750,-60.227,-18.561
3751,-54.654,-13.823
3752,30.606,75.163
3753,-34.903,-7.9268
3754,-64.376,70.155
3755,58.932,24.773
3756,-7.547,64.153
3757,38.583,31.763
3758,4.4124,58.851
3759,-10.809,67.51
3760,6.2729,-16.046
3761,63.057,43.724
3762,-85.584,-18.358
3763,-14.449,64.072
3764,-46.485,87.658
3765,-44.465,-3.543
3766,-39.984,-11.078
3767,-68.01,69.464
3768,-25.828,75.077
3769,37.064,46.814
3770,30.401,97.573
3771,9.1963,-40.744
3772,-0.72115,51.088
3773,54.55,-84.987
3774,-15.069,54.943
3775,22.43,-81.753
3776,-42.34,-13.054
3777,-79.155,-25.98
3778,-6.2423,91.362
3779,28.047,-36.719
3780,45.686,40.996
3781,-7.5187,28.419
3782,-63.294,68.264
3783,13.063,-6.1943
3784,-9.6743,2.5837
3785,-86.546,-24.145
3786,-37.276,22.217
3787,49.731,42.269
3788,-79.432,-34.325
3789,-39.898,44.662
3790,-41.572,78.149
3791,-41.155,76.169
3792,10.699,-4.7476
3793,11.836,-14.317
3794,-6.4948,-7.9378
3795,-47.811,35.672
3796,-28.516,29.98
3797,-49.082,68.453
3798,59.337,51.22
3799,-11.088,-63.329
3800,13.606,44.024
3801,18.27,33.694
3802,-5.092,94.403
3803,-61.165,-11.148
3804,33.574,-47.51
3805,-44.757,74.688
3806,-55.187,28.559
3807,23.056,96.857
3808,-32.01,67.79
3809,-37.799,-8.7904
3810,-58.445,15.352
3811,-38.668,30.801
3812,-26.918,-2.5207
3813,21.32,-60.558
3814,57.301,-86.623
3815,49.029,76.494
3816,-13.359,-1.6863
3817,-34.199,-4.3704
3818,-75.689,35.686
3819,65.82,-26.369
3820,-1.9145,-55.915
3821,-39.018,51.908
3822,-32.416,10.644
3823,-94.139,27.986
3824,30.666,85.7
3825,-22.807,-86.647
3826,-26.835,37.88
3827,29.471,21.922
3828,-32.375,88.952
3829,20.314,1.0174
3830,-50.719,55.364
3831,16.583,62.452
3832,5.0574,74.143
3833,33.873,59.644
3834,-42.382,10.87
3835,-41.167,75.192
3836,-45.943,-67.569
3837,-29.702,66.262
3838,-21.846,32.954
3839,-5.8502,48.53
3840,-28.477,-94.493
3841,48.958,-21.224
3842,-72.396,-17.597
3843,-60.67,-34.366
3844,-16.576,93.587
3845,78.441,53.282
3846,115.9,-16.791
3847,1.4088,68.791
3848,31.61,26.465
3849,21.148,94.009
3850,43.296,-49.235
3851,83.031,-50.895
3852,-88.182,62.462
3853,-88.205,44.149
3854,-41.459,-39.211
3855,18.766,-41.054
3856,-55.544,74.982
3857,17.647,55.643
3858,16.19,59.365
3859,-88.185,62.464
3860,-3.9369,79.634
3861,-44.936,-42.007
3862,-11.465,14.241
3863,-104.22,35.186
3864,16.12,-41.716
3865,-39.862,77.956
3866,2.1227,102.04
3867,74.526,52.895
3868,-16.569,60.974
3869,-59.415,65.283
3870,-56.666,28.538
3871,-35.796,-1.6399
3872,-52.546,78.403
3873,-9.3083,-75.937
3874,-79.932,-28.304
3875,19.427,83.811
3876,-34.479,2.6448
3877,18.709,35.367
3878,-52.027,55.794
3879,-30.369,70.517
3880,9.1587,84.201
3881,-19.055,89.786
3882,-18.511,25.354
3883,-25.072,47.345
3884,-13.94,-2.8878
3885,-21.586,3.2081
3886,-63.696,59.217
3887,3.6342,92.329
3888,-63.663,73.554
3889,23.797,76.072
3890,18.769,2.231
3891,-57.648,67.508
3892,-16.342,-26.486
3893,-58.398,28.121
3894,-15.859,-1.4986
3895,-14.522,-9.384
3896,-42.482,90.182
3897,21.439,54.813
3898,-67.309,-60.533
3899,-84.911,-20.452
3900,-56.169,-31.502
3901,42.426,-47.071
3902,-51.674,67.091
3903,-14.272,43.669
3904,-10.651,-72.089
3905,-41.656,76.697
3906,7.4186,5.2945
3907,5.9293,57.518
3908,-18.352,-58.94
3909,5.3695,-9.6287
3910,-62.968,73.897
3911,16.13,-43.388
3912,26.711,1.9227
3913,6.9885,68.291
3914,16.225,32.43
3915,-13.907,61.997
3916,-54.971,61.161
3917,30.036,97.477
3918,-6.6569,34.994
3919,-21.633,-77.182
3920,-15.523,53.813
3921,16.36,73.218
3922,-4.2163,-55.857
3923,-73.073,62.935
3924,-16.513,-25.688
3925,-41.941,-5.8466
3926,58.903,60.335
3927,23.469,76.877
3928,37.526,80.576
3929,47.702,-64.946
3930,-34.502,28.365
3931,-69.331,72.415
3932,-11.78,-67.808
3933,-19.14,-84.103
3934,-60.085,77.266
3935,78.195,54.18
3936,-64.886,-31.286
3937,28.811,-67.526
3938,-57.039,23.987
3939,-3.0335,54.379
3940,11.891,-0.17428
3941,-42.883,89.312
3942,-77.826,58.46
3943,20.517,-84.046
3944,-75.241,54.435
3945,63.95,45.754
3946,-39.204,75.848
3947,-81.756,-28.287
3948,-69.599,66.445
3949,-56.46,38.476
3950,-61.907,74.528
3951,-74.106,34.923
3952,3.2326,-11.661
3953,-14.188,70.363
3954,-59.089,-38.061
3955,-32.782,4.9567
3956,-37.684,51.206
3957,-25.516,-102.58
3958,9.8098,-2.8812
3959,-0.087598,-58.562
3960,3.2042,13.206
3961,5.8838,96.832
3962,-69.535,40.623
3963,17.001,-45.283
3964,5.9487,84.359
3965,5.3578,86.103
3966,-19.624,-79.896
3967,47.331,44.924
3968,-65.408,-0.44715
3969,35.872,-79.009
3970,-59.883,35.886
3971,13.131,-31.026
3972,-48.108,7.4137
3973,29.318,-69.349
3974,-8.1419,94.836
3975,8.5112,-44.986
3976,-32.792,42.995
3977,-12.686,-11.194
3978,63.386,52.217
3979,46.419,39.287
3980,-102.16,21.343
3981,24.84,97.524
3982,-24.599,92.541
3983,-17.636,11.695
3984,-102.95,31.381
3985,-46.8,81.748
3986,6.0752,-17.614
3987,-75.118,-31.133
3988,3.0311,76.558
3989,-72.289,69.249
3990,39.536,39.093
3991,-7.372,13.305
3992,24.172,14.215
3993,-16.201,-3.7654
3994,-34.201,82.034
3995,-62.93,73.991
3996,14.365,54.578
3997,-14.857,64.224
3998,-12.129,-25.787
3999,29.479,88.69
4000,-1.6383,102.59
4001,-76.775,-67.938
4002,-31.185,-7.6385
4003,-86.306,-23.486
4004,-34.315,-70.314
4005,13.884,54.567
4006,18.271,2.1672
4007,-62.332,72.384
4008,-52.542,22.537
4009,40.225,-91.595
4010,33.273,53.925
4011,-63.062,71.556
4012,-51.021,-0.22845
4013,-64.326,-43.248
4014,2.1618,57.865
4015,-65.781,62.967
4016,-39.717,-12.717
4017,116.09,-16.736
4018,3.9032,86.262
4019,9.5784,-15.565
4020,-71.877,60.214
4021,-31.041,12.535
4022,-33.371,-4.2629
4023,64.764,87.283
4024,-21.923,9.9336
4025,-46.42,64.369
4026,10.667,-82.148
4027,-39.544,77.248
4028,27.467,-47.257
4029,-34.797,66.231
4030,-17.831,68.28
4031,-8.3478,-8.8039
4032,-12.339,-2.56
4033,-35.746,6.2531
4034,15.49,-66.946
4035,-34.399,-2.7301
4036,52.135,-63.979
4037,-45.151,5.6443
4038,8.0856,74.889
4039,-8.5714,-71.343
4040,-66.862,21.251
4041,-0.29786,44.37
4042,-33.138,-10.791
4043,-36.756,-71.671
4044,-21.878,68.896
4045,56.97,63.629
4046,8.7035,79.433
4047,-37.452,-10.622
4048,-56.347,31.449
4049,35.307,86.566
4050,-14.609,-54.506
4051,-30.666,-7.1278
4052,35.071,-43.823
4053,-53.296,77.975
4054,-15.441,50.555
4055,-22.283,-35.963
4056,3.3858,80.847
4057,10.61,75.618
4058,-11.753,-71.58
4059,-51.788,23.327
4060,-7.3783,64.239
4061,-3.1837,54.332
4062,-16.774,63.177
4063,-42.617,81.139
4064,-64.945,-62.41
4065,17.141,41.055
4066,-58.956,-83.883
4067,-51.197,-38.871
4068,-12.966,90.577
4069,-106.12,18.126
4070,30.138,85.431
4071,70.15,-55.834
4072,-68.656,-30.939
4073,-36.193,-5.4614
4074,-55.868,-36.153
4075,-46.887,65.095
4076,-9.8036,-89.842
4077,-59.508,-66.84
4078,21.676,79.809
4079,-55.842,-33.527
4080,-40.969,65.936
4081,-7.2451,32.28
4082,5.5243,0.1053
4083,-16.246,-82.879
4084,2.9885,84.505
4085,-66.04,-60.195
4086,30.082,-45.535
4087,-42.158,12.747
4088,58.631,45.852
4089,56.889,-58.848
4090,6.9234,-17.097
4091,-30.289,66.214
4092,56.721,51.136
4093,-2.2114,30.414
4094,-63.4,75.476
4095,-103.64,19.261
4096,-42.577,77.012
4097,-38.416,89.993
4098,-55.3,0.26489
4099,-87.366,-22.548
4100,2.3286,18.382
4101,45.276,101.4
4102,-35.672,87.613
4103,15.937,33.141
4104,-26.877,53.774
4105,8.4414,-55.271
4106,-32.415,-80.24
4107,-64.77,68.135
4108,-66.108,63.787
4109,-38.601,68.904
4110,4.6635,52.441
4111,61.239,45.706
4112,-57.852,-40.654
4113,91.074,43.66
4114,-65.991,-60.262
4115,115.94,-16.655
4116,-94.109,27.132
4117,-34.085,-58.165
4118,30.11,-71.659
4119,27.272,22.649
4120,2.9465,12.329
4121,-7.2602,-24.501
4122,-25.704,50.164
4123,97.718,45.702
4124,-24.308,77.4
4125,13.518,54.79
4126,5.6481,78.062
4127,16.379,56.499
4128,-67.212,57.81
4129,-41.235,-5.9036
4130,-37.16,-9.546
4131,14.771,58.907
4132,-50.949,82.737
4133,78.347,51.906
4134,-62.988,-62.449
4135,-69.324,-55.808
4136,-75.484,-53.249
4137,-88.415,-22.734
4138,-54.317,-38.801
4139,-35.998,65.818
4140,8.003,79.49
4141,31.088,17.249
4142,3.9091,75.958
4143,-14.131,64.107
4144,14.374,0.53153
4145,-22.496,35.93
4146,-5.3708,-39.14
4147,115.94,-16.653
4148,-76.677,-67.808
4149,-11.292,-4.6973
4150,-47.77,48.094
4151,-38.945,87.112
4152,-24.588,70.634
4153,23.459,-63.359
4154,-21.437,-88.795
4155,-79.4,61.184
4156,30.341,-4.4505
4157,-14.833,54.836
4158,11.924,-7.3432
4159,-4.6413,37.887
4160,58.214,46.788
4161,-55.155,-40.197
4162,2.2057,-36.658
4163,-38.068,85.324
4164,-28.963,93.792
4165,-5.6233,66.523
4166,-15.538,-4.893
4167,-65.004,-34.151
4168,-34.175,2.6496
4169,-38.093,-8.1428
4170,47.384,40.967
4171,-37.18,69.566
4172,-25.175,-79.659
4173,-12.313,-32.929
4174,-60.693,70.497
4175,-43.67,-3.2522
4176,-36.078,31.221
4177,18.407,-46.393
4178,31.361,-86.542
4179,-82.927,19.284
4180,4.0289,59.782
4181,-27.647,68.643
4182,11.661,-6.7518
4183,-1.5236,-1.3835
4184,-88.198,44.147
4185,-9.9145,-3.0624
4186,-44.141,64.257
4187,4.5329,-15.796
4188,-29.121,71.109
4189,-61.681,-66.381
4190,-52.678,-39.044
4191,-79.664,-49.72
4192,73.066,45.24
4193,-46.038,72.298
4194,29.836,-71.557
4195,-38.351,11.262
4196,-71.164,-26.913
4197,-46.748,-40.211
4198,-23.969,89.535
4199,1.025,52.113
4200,-6.1737,-66.555
4201,-48.636,-15.91
4202,-90.915,-49.958
4203,29.12,-91.552
4204,-68.492,67.325
4205,-4.0176,68.543
4206,-59.057,9.1079
4207,-61.117,18.12
4208,-10.589,-9.5228
4209,-52.884,-39.051
4210,-82.035,-38.503
4211,-31.876,68.096
4212,11.834,-2.583
4213,-16.687,-81.322
4214,-11.871,-68.56
4215,58.294,48.195
4216,-21.793,30.293
4217,-34.649,-7.4595
4218,-90.852,-50.01
4219,-63.756,65.814
4220,-17.879,88.811
4221,-28.46,-20.915
4222,-64.426,63.365
4223,-43.049,74.01
4224,40.346,-74.888
4225,9.7445,-22.345
4226,-18.476,70.532
4227,-51.299,82.584
4228,-54.876,-86.986
4229,-80.78,-33.224
4230,-60.199,14.777
4231,2.4821,92.132
4232,4.3035,85.977
4233,-11.183,-84.925
4234,26.091,-91.848
4235,13.487,69.036
4236,-51.782,-88.221
4237,-43.323,-42.14
4238,-28.309,50.979
4239,5.0195,72.18
4240,12.631,51.535
4241,-17.83,-69.227
4242,-10.545,-72.26
4243,-53.437,-17.08
4244,-12.084,-0.61345
4245,-83.46,25.761
4246,-54.228,-41.63
4247,13.703,35.249
4248,-27.541,29.034
4249,-73.038,35.647
4250,-21.51,-85.17
4251,15.821,45.802
4252,-34.546,-7.334
4253,-82.419,-21.75
4254,-33.825,-5.7448
4255,-0.98241,12.545
4256,-88.174,62.459
4257,-5.0533,37.962
4258,115.91,-16.657
4259,-88.303,31.041
4260,-70.752,37.679
4261,-45.488,87.466
4262,-2.6234,95.254
4263,11.275,-5.5351
4264,-29.791,49.337
4265,-7.5383,-10.941
4266,-86.484,21.394
4267,-67.073,-37.769
4268,-92.398,-48.633
4269,33.723,-81.671
4270,-8.9858,29.49
4271,3.6635,72.227
4272,-15.757,97.555
4273,-62.653,-0.54955
4274,14.338,58.588
4275,-29.801,58.061
4276,13.662,-41.324
4277,84.48,42.148
4278,8.1561,72.846
4279,-6.1735,38.358
4280,-16.587,62.971
4281,-113.73,13.646
4282,115.94,-16.653
4283,5.762,14.49
4284,6.6956,14.932
4285,30.926,4.7686
4286,15.743,56.851
4287,-19.088,89.661
4288,-32.185,29.405
4289,-11.702,61.201
4290,25.876,-16.022
4291,8.225,6.5215
4292,28.16,-47.398
4293,29.039,2.5256
4294,-2.0787,41.734
4295,32.276,65.038
4296,29.25,75.004
4297,32.193,44.074
4298,-16.734,-23.888
4299,31.704,37.488
4300,-10.122,-4.3573
4301,-3.7385,-5.0553
4302,72.502,88.328
4303,-74.401,-63.672
4304,-7.6908,66.725
4305,-13.305,-74.883
4306,-58.57,7.145
4307,-88.198,44.147
4308,-11.801,-8.1594
4309,-39.565,36.525
4310,-80.124,-33.865
4311,12.344,18.206
4312,-68.33,-35.574
4313,33.967,-82.563
4314,9.0818,-16.919
4315,-59.353,-40.581
4316,-53.948,-37.781
4317,75.802,50.849
4318,-8.0192,-4.587
4319,52.159,-82.552
4320,-22.723,62.996
4321,41.853,-7.557
4322,33.76,-60.292
4323,-4.8746,58.82
4324,6.2269,1.2312
4325,6.1634,-0.16197
4326,27.989,36.199
4327,-12.692,-2.4476
4328,30.29,-57.042
4329,-81.899,-27.561
4330,-18.187,-22.95
4331,-62.053,-78.602
4332,14.485,-42.6
4333,2.6984,72.245
4334,-38.617,-3.5194
4335,-38.521,1.4318
4336,-52.872,-31.309
4337,-21,11.528
4338,-63.566,70.811
4339,-19.718,-67.917
4340,47.825,53.565
4341,-75.996,-64.162
4342,-46.87,-19.833
4343,-70.353,36.014
4344,27.625,-95.128
4345,52.467,63.593
4346,15.939,53.305
4347,-29.801,-0.6649
4348,-57.724,30.999
4349,22.311,-43.328
4350,31.998,-84.329
4351,-23.338,-84.735
4352,-63.531,-85.945
4353,-52.166,-38.795
4354,-80.817,-27.25
4355,2.6026,33.871
4356,65.087,88.505
4357,20.672,-84.131
4358,-43.715,59.155
4359,30.175,25.536
4360,-63.041,69.026
4361,-63.752,77.104
4362,13.563,57.47
4363,6.8306,85.059
4364,-13.202,-6.9145
4365,-65.493,-33.022
4366,-33.807,7.3594
4367,-75.077,-66.269
4368,-45.751,-3.3266
4369,-56.375,-0.4203
4370,-104.35,35.309
4371,52.302,16.043
4372,11.345,-11.691
4373,-44.717,0.93276
4374,4.1259,-15.634
4375,-53.885,-33.443
4376,-78.736,35.015
4377,-47.522,67.454
4378,9.336,-18.959
4379,4.4913,72.697
4380,-58.478,-26.4
4381,-71.967,-31.837
4382,23.213,6.5357
4383,-2.3065,67.235
4384,-30.232,67.822
4385,-48.782,-21.25
4386,10.014,41.928
4387,-20.218,9.0544
4388,36.073,81.086
4389,-59.386,67.366
4390,-3.7371,67.713
4391,-18.382,87.374
4392,41.069,38.898
4393,-70.121,13.743
4394,-34.726,6.0355
4395,-63.831,-37.12
4396,-88.18,62.461
4397,-36.725,49.266
4398,-32.509,-82.066
4399,-19.592,-48.215
4400,28.783,-46.457
4401,-67.624,69.317
4402,8.4389,80.902
4403,-14.486,101.38
4404,7.2823,66.446
4405,17.744,55.185
4406,-43.098,-16.167
4407,-51.811,-13.07
4408,-15.895,23.902
4409,-73.572,35.035
4410,6.3696,77.362
4411,20.464,-12.544
4412,-10.602,41.48
4413,-95.929,53.556
4414,-14.621,64.671
4415,-6.8527,27.296
4416,13.715,83.351
4417,61.829,5.5709
4418,-9.6063,63.578
4419,1.7098,39.397
4420,18.562,49.553
4421,-37.863,57.329
4422,-70.129,65.47
4423,-13.765,-3.0878
4424,-85.482,-24.021
4425,-41.964,13.322
4426,-68.522,62.627
4427,-42.993,86.688
4428,115.96,-16.652
4429,-42.293,-12.84
4430,-25.369,12.814
4431,-5.7833,-3.7246
4432,-75.741,-65.286
4433,-32.858,-8.9255
4434,-43.57,56.708
4435,30.314,94.428
4436,20.584,92.614
4437,-25.344,-96.266
4438,-66.702,75.395
4439,-4.3468,38.682
4440,26.823,-62.793
4441,-96.406,-46.976
4442,38.376,48.297
4443,-81.002,-11.947
4444,-7.3811,27.498
4445,-62.372,68.481
4446,-52.647,54.492
4447,-30.581,95.662
4448,-16.217,88.68
4449,-39.525,-10.503
4450,-6.0565,-6.3462
4451,71.718,85.228
4452,-63.359,74.122
4453,-2.1068,101.73
4454,-63.82,74.817
4455,-63.179,72.168
4456,-8.6476,31.777
4457,-30.413,95.628
4458,-4.7395,-4.0455
4459,-53.124,-34.738
4460,-54.433,-33.394
4461,-35.791,-9.0112
4462,-6.0707,33.768
4463,-33.592,-9.1109
4464,25.864,97.678
4465,-93.231,3.0073
4466,59.32,13.184
4467,-50.375,65.815
4468,7.9275,85.367
4469,-26.666,42.502
4470,-33.358,18.047
4471,-101.3,-12.981
4472,-45.048,19.162
4473,51.328,63.189
4474,4.9893,72.365
4475,-20.13,-23.401
4476,-1.4885,36.582
4477,0.30086,60.316
4478,-87.575,-55.263
4479,-11.482,91.622
4480,-60.214,70.495
4481,23.657,-39.171
4482,-52.418,-12.984
4483,36.019,-64.246
4484,-24.131,-40.761
4485,50.808,-54.377
4486,-10.022,70.506
4487,9.5582,85.025
4488,-39.971,-10.67
4489,-57.321,30.569
4490,0.33544,33.061
4491,3.4218,71.2
4492,-19.491,18.507
4493,-9.0086,-0.64634
4494,-34.9,-7.7563
4495,-6.2226,77.069
4496,-11.786,13.519
4497,11.646,-57.681
4498,-11.514,101.49
4499,-27.875,-84.455
4500,43.664,76.692
4501,7.3971,-0.078832
4502,36.096,-67.899
4503,-35.631,63.931
4504,33.866,85.063
4505,-34.291,56.215
4506,-39.819,-5.1685
4507,11.108,-13.175
4508,-50.442,-88.407
4509,-51.876,53.282
4510,-66.257,65.028
4511,41.624,35.562
4512,-82.993,-21.545
4513,-83.018,-24.618
4514,-0.034143,14.261
4515,-88.198,44.148
4516,48.724,-86.029
4517,-2.8868,63.345
4518,-51.956,2.3346
4519,-2.2285,0.49384
4520,116,-16.647
4521,73.348,89.209
4522,-41.61,-2.3004
4523,19.434,55.99
4524,-17.304,77.006
4525,1.8698,96.068
4526,13.071,83.055
4527,18.826,-36.107
4528,19.929,-6.0626
4529,-94.582,-47.699
4530,-85.804,-23.474
4531,-34.195,-6.6653
4532,-34.064,2.7673
4533,-80.802,-10.224
4534,-7.2697,26.914
4535,-34.293,-2.3743
4536,40.118,2.5135
4537,-62.689,67.739
4538,8.4912,85.065
4539,2.9007,17.385
4540,-2.1017,23.091
4541,-51.792,-12.724
4542,-39.57,-12.768
4543,10.061,40.793
4544,-26.879,-2.5856
4545,-97.021,-2.9854
4546,13.859,58.014
4547,34.481,-91.081
4548,34.202,-58.519
4549,-16.421,-70.859
4550,-3.1865,22.096
4551,-38.162,-10.635
4552,-20.983,51.802
4553,-7.7828,-6.0466
4554,-55.013,-37.716
4555,-55.591,-34.386
4556,-23.313,56.683
4557,-53.019,-36.001
4558,-34.133,-6.657
4559,-74.133,-63.984
4560,67.566,-22.037
4561,-14.606,-25.948
4562,-34.423,86.533
4563,-2.1637,101.69
4564,-19.916,88.544
4565,13.675,48.089
4566,-42.007,72.693
4567,-65.944,24.178
4568,-59.55,-0.76747
4569,-53.019,77.34
4570,-22.778,62.987
4571,-12.181,92.333
4572,28.443,78.674
4573,-19.493,18.586
4574,-49.83,-34.228
4575,20.177,83.553
4576,-99.727,-14.22
4577,-12.115,92.393
4578,42.702,50.667
4579,-34.629,71.431
4580,5.464,0.74052
4581,-50.266,53.505
4582,-34.823,-7.6698
4583,96.395,-64.236
4584,-55.658,39.931
4585,-11.102,-72.332
4586,65.72,62.352
4587,-72.79,-27.576
4588,-31.311,12.298
4589,-72.802,-64.33
4590,-63.278,68.164
4591,-19.336,-79.705
4592,25.754,88.229
4593,-22.74,90.924
4594,0.28023,-82.353
4595,54.417,80.525
4596,-9.8071,-2.7375
4597,-8.9185,-8.6094
4598,-5.4212,42.261
4599,-39.649,-30.954
4600,-65.208,65.22
4601,34.94,-81.236
4602,-67.867,39.344
4603,-37.91,74.405
4604,-15.882,-20.769
4605,-28.786,57.973
4606,39.163,-50.593
4607,-17.527,77.076
4608,-39.829,-14.759
4609,-23.837,80.164
4610,20.086,84.818
4611,55.239,-57.834
4612,3.9404,91.573
4613,-50.88,82.479
4614,-80.941,-30.43
4615,72,-84.932
4616,0.9079,26.35
4617,-37.026,13.01
4618,-101.7,23.518
4619,-8.3028,-64.283
4620,27.258,-53.027
4621,-13.323,-86.733
4622,4.6976,19.444
4623,73.318,-82.845
4624,47.029,-85.433
4625,-48.592,62.62
4626,-41.24,68.181
4627,-46.414,70.272
4628,-61.677,73.311
4629,0.0099051,34.06
4630,11.802,46.153
4631,-24.536,89.765
4632,-33.638,-4.9908
4633,-27.895,90.612
4634,-61.683,64.155
4635,-24.817,-94.865
4636,-39.703,-11.205
4637,-12.795,-3.6055
4638,-81.174,61.601
4639,-1.0449,12.565
4640,12.809,99.157
4641,-35.374,0.44348
4642,-100.67,-42.971
4643,-62.408,29.608
4644,3.5701,-67.102
4645,-95.996,25.386
4646,-9.9381,66.429
4647,41.238,81.466
4648,-40.991,-14.158
4649,-46.511,-10.409
4650,-43.605,-5.1114
4651,16.162,63.672
4652,-35.697,6.5361
4653,-40.769,-40.854
4654,-56.774,-0.8336
4655,-19.535,18.524
4656,-102.85,20.48
4657,-12.399,92.323
4658,31.815,-80.076
4659,17.034,66.263
4660,-14.823,65.665
4661,-34.041,-6.3536
4662,-54.388,-0.28326
4663,-2.7249,28.7
4664,-25.892,28.942
4665,-49.778,-88.427
4666,47.287,75.448
4667,-60.272,-28.001
4668,-49.971,-21.819
4669,-36.358,-9.6025
4670,-65.686,59.306
4671,3.6806,48.351
4672,-1.148,39.153
4673,41.193,36.308
4674,-94.259,53.17
4675,-44.083,-45.694
4676,10.211,-67.362
4677,31.599,-81.016
4678,35.688,89.469
4679,3.7667,78.875
4680,24.474,-42.106
4681,2.2266,93.542
4682,-19.799,-36.224
4683,13.594,54.428
4684,-14.991,28.077
4685,-25.793,28.663
4686,-68.586,-61.158
4687,11.557,47.498
4688,16.403,62.562
4689,-6.4169,-74.893
4690,6.2722,39.974
4691,-10.114,64.25
4692,-12.773,34.799
4693,-41.608,-14.302
4694,-52.675,63.74
4695,-2.9034,42.923
4696,15.266,55.058
4697,-52.362,-39.005
4698,39.985,-40.577
4699,-58.987,29.259
4700,32.31,43.983
4701,-18.89,66.937
4702,-76.614,56.143
4703,-77.353,-66.965
4704,-68.208,-61.485
4705,-40.027,-13.517
4706,-57.666,71.991
4707,-20.586,-74.287
4708,-36.214,-8.7738
4709,-44.98,-2.1018
4710,-30.997,12.652
4711,-51.427,42.675
4712,-93.527,27.244
4713,-1.8528,53.739
4714,2.6525,36.202
4715,-24.349,-32.622
4716,90.101,28.834
4717,-64.264,-38.993
4718,-26.536,-33.624
4719,-78.796,-53.045
4720,65.477,57.767
4721,-0.083616,51.767
4722,28.293,-7.1685
4723,-51.792,41.935
4724,-77.233,-51.269
4725,-40.736,72.066
4726,3.6579,41.776
4727,70.327,33.642
4728,-42.236,82.107
4729,-51.231,52.585
4730,-1.2779,101.86
4731,-63.939,-36.99
4732,67.452,36.436
4733,71.958,47.021
4734,-45.54,-0.63659
4735,43.397,59.256
4736,-37.404,21.671
4737,-43.917,69.08
4738,-39.813,87.81
4739,-29.151,66.856
4740,13.657,57.304
4741,-4.0967,31.035
4742,53.691,-86.884
4743,-95.924,53.554
4744,-63.67,27.313
4745,-76.648,56.199
4746,-36.59,79.111
4747,35.152,-54.527
4748,-19.956,-23.327
4749,18.233,49.309
4750,-15.543,24.846
4751,-18.904,17.984
4752,-72.718,-28.33
4753,-30.61,61.922
4754,-103.79,17.858
4755,9.6638,-53.164
4756,16.177,56.901
4757,-21.995,-24.333
4758,-61.194,-66.429
4759,-11.909,85.479
4760,-7.5816,72.858
4761,17.834,-46.887
4762,-41.099,6.6443
4763,-63.318,67.314
4764,9.5154,-2.5725
4765,-29.874,40.333
4766,-40.004,-41.476
4767,-21.42,9.6329
4768,52.537,-18.235
4769,-38.803,72.662
4770,-41.499,77.874
4771,12.301,-1.5214
4772,-17.276,12.202
4773,13.19,-43.65
4774,-72.548,61.597
4775,-34.462,-0.99455
4776,43.819,61.576
4777,-29.209,62.172
4778,42.257,37.932
4779,-18.152,66.281
4780,15.055,60.178
4781,-6.6192,31.473
4782,57.67,48.279
4783,-33.001,-5.3337
4784,-38.031,-10.697
4785,-28.423,-20.883
4786,13.594,-41.505
4787,-14.351,-81.236
4788,-8.8017,59.707
4789,-19.527,-75.02
4790,-35.578,-4.8464
4791,7.0457,-50.649
4792,-59.132,-86.49
4793,7.182,-13.141
4794,-41.356,-42.35
4795,-34.235,-6.9602
4796,74.306,56.963
4797,-9.4852,63.653
4798,-24.558,67.998
4799,5.3632,30.774
4800,-36.162,68.565
4801,17.89,54.286
4802,-42.535,-0.068747
4803,-65.804,23.825
4804,-54.348,-46.871
4805,57.562,-58.658
4806,-48.264,68.423
4807,50.621,77.935
4808,-10.554,31.458
4809,-43.864,64.255
4810,-59.012,46.884
4811,-6.7531,13.637
4812,-68.259,-81.165
4813,-50.026,23.748
4814,27.664,76.462
4815,-27.58,-15.444
4816,-44.303,85.898
4817,-18.767,62.815
4818,-22.274,-88.663
4819,29.415,74.501
4820,-46.459,-10.405
4821,-43.233,-45.33
4822,-41.184,-14.162
4823,-36.418,7.1866
4824,-75.306,-64.938
4825,-40.003,82.335
4826,0.59333,-13.001
4827,20.165,-6.6895
4828,6.5284,70.024
4829,-16.995,82.855
4830,-64.563,-28.339
4831,-48.627,39.616
4832,-59.009,-27.117
4833,7.0981,0.74188
4834,-36.091,-9.0058
4835,-34.451,-7.6418
4836,-21.514,16.278
4837,4.6506,69.048
4838,-20.669,-35.934
4839,-21.499,17.365
4840,-34.221,2.6264
4841,-12.192,-39.873
4842,-71.2,-42.598
4843,-20.08,8.5936
4844,-71.248,13.024
4845,33.833,-78.529
4846,49.164,-56.148
4847,32.887,42.274
4848,41.545,36.928
4849,3.7576,-16.227
4850,-33.854,66.206
4851,14.34,70.891
4852,-10.601,58.796
4853,115.98,-16.65
4854,-41.957,-5.0597
4855,-55.694,-37.815
4856,98.587,52.431
4857,-35.281,59.407
4858,-104.4,35.361
4859,-14.054,28.797
4860,37.959,72.911
4861,-14.922,64.397
4862,-30.82,-49.105
4863,-29.328,-17.219
4864,-75.654,-52.583
4865,72.561,87.516
4866,31.729,62.072
4867,90.676,44.213
4868,32.288,-65.291
4869,-11.349,102.73
4870,-7.8496,-2.0302
4871,-75.861,-65.374
4872,-83.497,-37.968
4873,57.974,-58.547
4874,-23.318,-91.338
4875,-64.203,66.473
4876,14.589,54.57
4877,19.867,49.166
4878,-48.652,35.489
4879,22.941,41.364
4880,115.95,-16.654
4881,-70.94,35.049
4882,-40.698,71.949
4883,-83.62,61.464
4884,-32.154,14.951
4885,-92.701,-48.498
4886,-53.138,77.908
4887,-28.55,92.268
4888,-42.355,-20.483
4889,36.792,-67.564
4890,23.596,3.7555
4891,-11.949,33.573
4892,-17.443,78.036
4893,-10.409,67.252
4894,42.005,-69.078
4895,2.5666,71.256
4896,13.249,-6.7727
4897,-54.913,68.288
4898,55.181,74.573
4899,-59.44,37.689
4900,-16.567,12.102
4901,57.903,-58.288
4902,20.609,-84.746
4903,8.1881,70.513
4904,-26.773,54.843
4905,27.932,-36.802
4906,19.774,-95.225
4907,-51.039,55.08
4908,36.464,-67.922
4909,-11.699,34.161
4910,28.483,-19.106
4911,-35.459,37.802
4912,74.05,-81.567
4913,-16.694,25.414
4914,11.558,-40.62
4915,77.445,-54.213
4916,2.6893,-16.576
4917,-53.088,-39.109
4918,-80.168,-65.472
4919,-63.29,-36.843
4920,31.499,1.8365
4921,27.061,97.615
4922,36.238,66.488
4923,-13.435,-78.424
4924,14.514,55.508
4925,73.07,54.91
4926,72.608,46.838
4927,40.009,-40.307
4928,20.677,-45.71
4929,9.4234,54.419
4930,29.835,-64.335
4931,0.45541,-11.319
4932,-66.056,58.941
4933,-29.36,4.9565
4934,-32.362,-4.2719
4935,64.743,87.039
4936,11.821,-70.135
4937,-6.5782,-34.844
4938,-68.83,-59.599
4939,28.142,98.341
4940,21.938,-4.1984
4941,33.855,78.047
4942,-11.583,-57.131
4943,-72.694,-28.686
4944,-31.399,-3.428
4945,115.9,-16.79
4946,38.946,-42.642
4947,-105.83,17.834
4948,5.3516,73.216
4949,-13.625,-80.853
4950,-51.674,-38.358
4951,-36.436,-11.139
4952,-60.107,-37.414
4953,0.36992,29.511
4954,-15.882,53.922
4955,-79.018,-67.76
4956,98.864,47.995
4957,30.826,1.6897
4958,-11.777,91.896
4959,35.625,21.477
4960,-26.309,67.237
4961,-35.774,6.9503
4962,-67.1,-63.299
4963,-20.121,8.7386
4964,-16.77,-1.4237
4965,-48.496,8.0996
4966,-12.188,100.45
4967,-32.828,69.15
4968,7.0786,59.08
4969,-27.82,-17.353
4970,52.43,80.242
4971,-71.838,68.561
4972,57.776,62.027
4973,17.921,56.095
4974,-72.644,-59.234
4975,-62.963,-34.752
4976,-11.74,-1.5323
4977,-37.317,52.328
4978,24.862,81.569
4979,-63.913,66.012
4980,-59.267,65.147
4981,-36.974,79.925
4982,-8.1721,-38.131
4983,-33.798,-6.1542
4984,38.447,49.302
4985,-72.733,-28.129
4986,32.915,47.107
4987,-47.144,4.7718
4988,-72.056,69.09
4989,-0.77791,35.521
4990,-1.735,50.22
4991,-17.605,-79.67
4992,17.097,54.1
4993,-42.042,10.463
4994,10.805,84.887
4995,-51.208,51.885
4996,-29.736,10.958
4997,-57.551,-40.582
4998,-84.824,44.739
4999,5.0394,51.465
5000,55.586,-64.359
5001,19.656,-80.62
5002,-39.827,-42.045
5003,98.735,42.407
5004,25.103,73.027
5005,107.41,-52.522
5006,-11.015,-11.485
5007,-12.607,87.734
5008,-14.648,-23.375
5009,89.707,7.4631
5010,-28.37,32.151
5011,-45.281,-20.602
5012,-35.881,31.461
5013,-79.081,-54.712
5014,3.0234,-20.301
5015,3.8668,78.877
5016,42.319,45.952
5017,-83.711,-28.266
5018,-46.188,8.4373
5019,18.555,-49.846
5020,35.218,94.376
5021,-95.721,-46.974
5022,73.468,89.389
5023,-20.872,11.55
5024,-5.7702,66.702
5025,-35.18,71.432
5026,31.029,30.992
5027,-30.462,79.14
5028,-30.832,12.763
5029,-30.61,81.046
5030,-32.332,49.992
5031,-43.073,84.748
5032,-35.594,69.835
5033,-77.14,30.059
5034,-62.797,28.414
5035,-72.221,69.161
5036,26.982,-68.671
5037,-18.478,91.449
5038,-44.393,-34.336
5039,-59.293,1.5738
5040,-54.5,-34.155
5041,-30.804,-71.289
5042,48.42,50.777
5043,-12.207,-36.066
5044,116.07,-16.779
5045,31.159,-1.5677
5046,30.734,-71.495
5047,3.2098,67.361
5048,18.13,23.644
5049,0.33437,36.472
5050,-9.8154,-78.68
5051,5.271,-9.7227
5052,-26.925,-101.83
5053,23.832,74.814
5054,-2.0591,-59.463
5055,-82.516,20.27
5056,73.285,-53.579
5057,12.097,96.533
5058,8.1842,68.274
5059,-40.864,76.174
5060,-75.995,-67.94
5061,-9.2408,-4.8997
5062,-35.762,7.0579
5063,-42.309,-42.232
5064,-76.021,-65.938
5065,-66.051,-60.159
5066,26.448,37.941
5067,12.623,67.009
5068,6.9789,77.009
5069,-18.394,60.944
5070,-16.263,25.287
5071,-69.525,40.618
5072,16.641,-46.676
5073,-41.008,39.213
5074,9.2534,-2.4711
5075,-30.763,66.632
5076,-46.117,83.994
5077,30.509,-45.91
5078,-6.8165,36.465
5079,-1.4785,-2.0217
5080,-72.488,-52.889
5081,-79.409,-31.292
5082,-41.323,62.697
5083,-58.449,75.955
5084,-27.041,92.3
5085,16.433,-11.513
5086,-28.973,92.62
5087,-105.74,0.23564
5088,-10.038,-4.9011
5089,36.131,-65.54
5090,-5.6926,41.928
5091,0.32992,21.906
5092,-11.936,-3.672
5093,44.105,61.546
5094,-58.645,-40.333
5095,-82.076,-38.339
5096,16.232,-5.6748
5097,1.8191,54.203
5098,28.556,-48.569
5099,-72.249,68.795
5100,-77.844,-68.546
5101,19.317,37.32
5102,109.95,4.1443
5103,29.587,1.2933
5104,10.279,85.147
5105,-3.5344,49.831
5106,41.229,72.359
5107,2.4644,-17.097
5108,-44.091,-6.0874
5109,-88.182,62.458
5110,-79.017,60.678
5111,-34.517,-7.0977
5112,115.89,-16.785
5113,-35.12,86.084
5114,18.153,23.635
5115,18.661,52.55
5116,-9.7804,66.07
5117,-15.342,-22.124
5118,-19.021,-21.74
5119,-18.268,-85.738
5120,71.181,48.253
5121,64.782,26.707
5122,-80.427,-34.561
5123,-66.526,-60.975
5124,-16.064,-10.215
5125,-18.584,-3.0466
5126,-59.833,74.459
5127,37.37,-67.979
5128,-16.635,95.001
5129,10.16,1.7604
5130,78.845,33.072
5131,-17.506,18.264
5132,116.07,-16.779
5133,-58.135,-34.112
5134,-19.647,8.1865
5135,-13.072,-38.483
5136,-50.691,46.649
5137,37.295,-88.288
5138,48.986,76.273
5139,-10.268,66.789
5140,-57.952,-40.394
5141,-71.036,-54.222
5142,-7.1388,82.942
5143,-38.744,35.294
5144,-19.656,54.992
5145,-80.883,-12.789
5146,-50.545,81.583
5147,30.396,-4.4464
5148,29.96,3.9931
5149,19.492,47.931
5150,5.8037,80.66
5151,-39.693,-20.618
5152,26.474,-94.77
5153,-1.2913,102.83
5154,-34.811,15.92
5155,-50.58,-17.249
5156,115.89,-16.786
5157,-43.647,-3.6585
5158,29.367,98.279
5159,7.173,77.21
5160,-24.695,-99.58
5161,26.201,62.458
5162,-55.508,-35.244
5163,-19.123,-42.418
5164,-8.508,43.062
5165,10.053,-1.2041
5166,30.009,74.69
5167,-66.395,63.379
5168,-39.351,-42.259
5169,39.379,48.028
5170,-32.979,49.912
5171,-60.416,67.567
5172,32.298,43.658
5173,7.0103,-16.707
5174,6.9881,-8.6308
5175,-18.188,79.801
5176,-54.456,-38.982
5177,-17.72,56.363
5178,-72.428,-59.802
5179,-11.472,14.302
5180,53.807,-80.993
5181,32.473,64.923
5182,-58.003,74.632
5183,-63.129,24.781
5184,-67.782,-63.565
5185,-15.685,56.096
5186,-16.75,-6.3344
5187,-67.935,-52.866
5188,15.03,84.948
5189,-24.76,89.8
5190,-46.601,63.538
5191,-43.567,75.51
5192,31.582,22.393
5193,-8.9461,-63.841
5194,11.739,-0.92151
5195,6.0933,0.11398
5196,-16.531,54.321
5197,-0.27085,14.577
5198,-10.886,67.442
5199,6.0961,84.082
5200,-63.435,75.406
5201,-33.669,21.926
5202,-14.411,-56.208
5203,-45.266,-82.112
5204,-62.962,-38.781
5205,23.385,68.423
5206,-39.764,73.346
5207,10.494,-41.044
5208,-46.588,63.584
5209,7.9189,-14.468
5210,-28.01,-16.537
5211,62.698,48.813
5212,16.815,84.862
5213,2.3894,102.18
5214,116.07,-16.779
5215,-69.716,57.017
5216,-27.117,59.72
5217,42.747,83.122
5218,-3.9565,68.478
5219,-47.931,74.924
5220,33.445,92.968
5221,-80.5,-32.279
5222,-33.239,-19.092
5223,-73.84,-66.456
5224,115.9,-16.792
5225,97.625,54.628
5226,-81.623,-30.558
5227,-62.958,23.653
5228,-41.824,80.159
5229,-19.989,-24.111
5230,-63.747,66.427
5231,-47.252,67.521
5232,63.285,51.935
5233,9.4175,50.64
5234,-42.348,75.582
5235,-7.0877,13.465
5236,-49.951,63.627
5237,-16.47,61.656
5238,-3.3617,54.785
5239,27.262,-48.324
5240,-71.723,70.032
5241,5.4826,0.37788
5242,-88.197,44.149
5243,34.865,-34.197
5244,-49.732,23.973
5245,-58.563,-37.774
5246,-7.2255,-0.41614
5247,21.115,-42.667
5248,57.399,-57.84
5249,-27.512,83.087
5250,42.335,37.745
5251,-8.6993,-65.255
5252,-2.2121,78.989
5253,-15.751,95.38
5254,-79.501,-49.788
5255,-39.473,-11.839
5256,43.774,-22.154
5257,-88.83,22.311
5258,-16.329,55.716
5259,-14.505,52.419
5260,28.237,77.189
5261,17.272,-3.6079
5262,0.31838,81.173
5263,-32.073,40.037
5264,-42.297,-20.86
5265,116.07,-16.779
5266,-89.363,-51.445
5267,-63.836,73.75
5268,38.016,89.098
5269,68.355,37.725
5270,-36.643,-9.666
5271,-25.284,77.278
5272,-14.687,-24.197
5273,8.628,80.262
5274,-32.071,92.925
5275,73.465,89.389
5276,-42.516,75.252
5277,-73.69,53.603
5278,4.359,78.964
5279,-8.531,12.712
5280,-54.052,-37.046
5281,-5.9914,4.5921
5282,71.763,85.656
5283,45.176,61.626
5284,28.032,95.453
5285,115.96,-16.647
5286,48.506,50.293
5287,-58.253,72.387
5288,30.673,0.25499
5289,-15.763,63.366
5290,7.5157,85.96
5291,4.8165,80.484
5292,-42.297,73.595
5293,-35.666,48.956
5294,-60.132,44.362
5295,-23.019,-43.268
5296,116.06,-16.786
5297,-19.319,3.5977
5298,49.398,53.829
5299,-42.107,-22.583
5300,-68,74.974
5301,14.708,47.524
5302,-11.807,13.463
5303,-51.138,40.103
5304,-38.461,-42.394
5305,3.7352,16.958
5306,62.104,65.179
5307,-41.864,76.29
5308,12.135,71.829
5309,43.808,58.751
5310,-15.154,-1.5141
5311,-19.033,-23.467
5312,21.967,-78.367
5313,17.034,57.284
5314,-29.625,-50.134
5315,-29.135,73.859
5316,16.267,54.827
5317,-40.123,-11.704
5318,-41.209,-4.3499
5319,-95.924,53.554
5320,28.27,-47.053
5321,-29.342,90.216
5322,-63.624,31.367
5323,11.839,-5.7087
5324,-42.266,74.247
5325,14.565,54.028
5326,14.097,47.599
5327,74.66,28.247
5328,46.705,48.577
5329,-47.61,64.827
5330,-30.528,66.161
5331,-14.323,101.4
5332,-35.225,64.836
5333,16.341,84.94
5334,-65.321,74.83
5335,-9.1924,2.1547
5336,-0.92995,30.614
5337,18.148,-41.131
5338,10.017,-19.146
5339,18.234,-48.691
5340,-65.394,73.031
5341,-31.899,-1.1069
5342,-32.38,90.663
5343,59.341,75.138
5344,-77.569,-71.369
5345,-13.774,-6.4605
5346,16.137,83.943
5347,-11.675,-3.7985
5348,115.99,-16.649
5349,7.7087,17.796
5350,-87.877,-22.813
5351,-11.014,102.59
5352,-77.496,28.084
5353,24.765,-2.2242
5354,5.3337,62.694
5355,36.601,-84.567
5356,-11.788,91.496
5357,49.293,81.645
5358,29.545,75.794
5359,4.7882,83.573
5360,-7.2367,33.218
5361,-56.935,32.376
5362,-64.134,-33.552
5363,-52.358,-39.91
5364,-31.705,95.526
5365,-67.575,68.032
5366,-64.82,18.795
5367,19.255,-80.298
5368,15.6,84.728
5369,-9.5806,-65.131
5370,-68.473,55.256
5371,-6.3152,32.457
5372,-95.924,53.554
5373,-42.343,-39.616
5374,-22.574,-109.38
5375,-14.476,45.605
5376,-6.1457,92.649
5377,41.98,-48.615
5378,-7.9108,89.339
5379,-31.779,14.184
5380,-7.5091,-1.4798
5381,-83.375,60.742
5382,48.894,70.547
5383,29.355,-35.41
5384,-44.599,84.967
5385,-86.105,-24.224
5386,-19.348,3.641
5387,-105,25.765
5388,-17.468,68.125
5389,-7.4281,-73.89
5390,1.8695,70.757
5391,-19.478,88.948
5392,-52.819,-39.057
5393,-60.315,-13.506
5394,12.952,51.729
5395,-38.617,68.817
5396,-35.449,69.447
5397,4.2462,75.318
5398,-34.385,-58.16
5399,74.312,56.957
5400,115.98,-16.647
5401,-85.544,-12.569
5402,10.086,-41.084
5403,21.054,85.289
5404,-32.463,56.644
5405,-36.664,-5.8316
5406,-9.0071,102.96
5407,-28.538,-20.117
5408,115.99,-16.647
5409,2.1344,29.301
5410,-12.12,-4.3289
5411,-36.525,25.598
5412,-14.744,24.409
5413,-77.814,-68.435
5414,39.269,-66.95
5415,4.3382,33.973
5416,-47.657,53.389
5417,-21.401,-86.348
5418,57.11,51.246
5419,2.2536,50.956
5420,-3.6621,-0.62937
5421,-61.471,62.86
5422,-69.31,72.793
5423,-20.674,92.181
5424,17.513,-11.174
5425,27.133,36.205
5426,-16.619,-78.361
5427,38.075,82.742
5428,-25.429,65.938
5429,5.3974,77.328
5430,-17.877,-77.634
5431,-43.301,-8.7668
5432,24.43,71.579
5433,-62.669,64.439
5434,-60.379,44.526
5435,9.3814,41.481
5436,-9.9305,-3.1061
5437,-5.2902,92.596
5438,-13.45,100.1
5439,-0.17439,68.796
5440,14.197,75.621
5441,-3.5597,102.78
5442,62.647,64.692
5443,-68.037,67.955
5444,4.6983,80.267
5445,11.94,-30.126
5446,49.2,81.536
5447,-34.529,70.144
5448,-29.461,62.378
5449,-54.784,53.458
5450,-5.7494,2.3266
5451,-41.194,19.567
5452,-8.5834,-0.47025
5453,10.746,-40.049
5454,-35.467,77.582
5455,9.2644,54.255
5456,15.251,85.037
5457,-60.188,69.037
5458,47.987,48.19
5459,66.5,25.657
5460,-20.547,91.701
5461,-16.354,70.925
5462,7.3078,-17.819
5463,5.812,0.15846
5464,-47.864,74.975
5465,-15.069,-21.815
5466,-9.328,-65.678
5467,-14.47,-5.7806
5468,-13.166,-4.6937
5469,22.863,93.987
5470,-58.336,73.566
5471,-69.547,69.158
5472,18.989,-93.737
5473,-88.198,44.145
5474,64.785,88.504
5475,-87.635,-55.166
5476,46.091,39.346
5477,-0.27722,19.084
5478,47.429,-72.978
5479,-13.052,46.293
5480,-4.0472,74.728
5481,-11.533,13.933
5482,45.875,-41.448
5483,23.82,94.954
5484,-88.18,62.46
5485,-16.509,97.39
5486,-43.955,82.267
5487,-31.404,67.761
5488,-58.147,73.751
5489,-68.138,70.731
5490,-1.713,44.358
5491,-36.446,-5.6092
5492,-64.327,-3.1683
5493,-95.925,53.554
5494,-44.626,-10.691
5495,48.708,-59.615
5496,27.333,39.689
5497,-13.012,-64.186
5498,-50.881,-37.75
5499,78.464,23.207
5500,25.953,-80.481
5501,-52.623,-38.867
5502,115.98,-16.644
5503,-14.793,-1.9623
5504,-51.43,52.382
5505,-75.608,35.784
5506,43.39,77.285
5507,40.513,25.407
5508,10.733,-17.749
5509,51.369,44.037
5510,-47.551,-18.978
5511,34.728,50.253
5512,13.57,-41.56
5513,-60.886,35.465
5514,-5.1878,22.691
5515,-15.993,-1.6817
5516,-86.398,-27.192
5517,-10.313,3.043
5518,107.41,-52.521
5519,40.075,22.04
5520,11.222,-13.671
5521,-47.222,62.834
5522,14.045,52.924
5523,-18.052,-2.5667
5524,11.468,-25.341
5525,39.993,-32.494
5526,13.771,-40.628
5527,79.792,38.544
5528,-40.769,79.424
5529,19.383,48.855
5530,-43.908,-6.837
5531,-56.748,28.557
5532,-26.331,-33.542
5533,50.222,-60.475
5534,-22.822,91.61
5535,-18.52,75.499
5536,10.455,-8.9805
5537,3.6671,78.581
5538,33.316,89.058
5539,-9.2455,101.7
5540,49.672,55.661
5541,-7.4466,-3.8541
5542,-16.156,14.604
5543,-61.49,62.735
5544,9.4214,-40.559
5545,12.319,98.362
5546,34.154,-79.355
5547,4.0267,70.06
5548,30.536,84.067
5549,-88.198,44.147
5550,-81.065,-35.831
5551,21.016,77.762
5552,-28.44,-20.818
5553,-17.752,69.389
5554,9.6377,-0.98639
5555,-11.581,-71.731
5556,-33.789,67.042
5557,50.052,51.326
5558,-37.929,-20.404
5559,58.986,63.238
5560,-51.261,61.479
5561,81.302,30.827
5562,-35.642,64.127
5563,-39.321,-6.4367
5564,-56.514,-31.293
5565,-8.2789,95.471
5566,-67.338,-59.859
5567,-55.413,35.889
5568,4.9628,-50.054
5569,32.026,-72.715
5570,-40.968,75.924
5571,-10.805,-65.835
5572,76.623,-76.492
5573,-36.091,-8.7431
5574,-16.328,27.97
5575,-70.471,33.752
5576,60.066,60.678
5577,-9.6772,63.056
5578,-42.961,72.176
5579,-22.393,35.532
5580,-59.508,28.56
5581,-40.028,82.337
5582,4.4679,79.923
5583,-35.459,95.123
5584,9.0205,42.242
5585,-72.018,50.987
5586,-78.974,-60.907
5587,-80.255,-34.802
5588,115.98,-16.651
5589,17.232,-39.86
5590,-12.328,88.535
5591,-6.7263,-31.227
5592,-93.058,23.165
5593,17.174,-46.474
5594,16.804,-46.5
5595,-29.885,66.762
5596,-11.013,-69.869
5597,-37.097,33.278
5598,104.99,-55.5
5599,-59.448,-40.733
5600,17.88,-72.912
5601,29.574,-59.445
5602,42.384,36.011
5603,13.399,-1.4692
5604,-19.292,55.227
5605,-78.105,-67.637
5606,115.91,-16.66
5607,-2.0765,50.168
5608,5.5747,-0.062773
5609,-20.629,89.74
5610,-36.451,-5.23
5611,-22.649,42.181
5612,45.004,105.35
5613,-17.841,-5.1905
5614,33.845,54.939
5615,-43.346,54.534
5616,27.047,-48.238
5617,5.3811,71.034
5618,-25.114,-102.46
5619,13.361,54.24
5620,11.688,28.671
5621,-54.028,-57.92
5622,-14.774,-2.7892
5623,-33.573,52.224
5624,20.104,-92.116
5625,-30.284,72.204
5626,-67.068,70.324
5627,11.925,52.469
5628,-38.667,-4.7801
5629,-88.197,44.147
5630,-74.464,-59.389
5631,85.918,46.163
5632,-95.365,-47.38
5633,-35.316,25.648
5634,11.27,-14.722
5635,7.5738,-14.883
5636,22.37,-85.646
5637,50.844,-86.81
5638,22.236,-38.924
5639,8.0971,-54.316
5640,-35.665,66.195
5641,17.652,56.212
5642,2.2499,80.184
5643,2.2494,-8.2761
5644,43.281,32.277
5645,-35.294,4.0808
5646,4.8724,14.376
5647,-8.4751,-6.3276
5648,116.04,-16.653
5649,-81.371,-37.762
5650,69.353,-12.843
5651,-24.772,-101.86
5652,27.943,74.019
5653,-19.846,89.396
5654,8.0085,-15.999
5655,13.799,-5.3591
5656,-8.9682,91.761
5657,-79.915,-35.724
5658,-35.724,-5.2707
5659,-81.908,-28.255
5660,-87.549,-42.151
5661,13.735,-47.596
5662,26.155,-94.977
5663,44.911,-77.016
5664,8.0473,-59.704
5665,-21.333,93.427
5666,-33.335,-0.29979
5667,-37.334,-10.367
5668,-52.201,1.9534
5669,31.315,54.438
5670,-22.021,-85.898
5671,32.156,-79.819
5672,48.521,-71.528
5673,23.573,-4.8123
5674,5.5476,-6.8589
5675,15.142,37.967
5676,11.776,84.219
5677,-33.737,-4.8377
5678,40.805,61.859
5679,-102.27,22.151
5680,-52.973,79.015
5681,41.703,-79.682
5682,-17.87,27.029
5683,-17.322,-7.9098
5684,-37.472,-6.2637
5685,50.334,53.797
5686,-41.361,77.172
5687,-18.123,-9.5499
5688,-39.308,-6.8674
5689,-19.985,8.5923
5690,16.407,-42.409
5691,40.364,35.352
5692,-20.353,87.915
5693,-16.395,-83.594
5694,-45.902,-29.891
5695,-20.664,66.674
5696,-42.956,33.542
5697,7.086,-14.362
5698,-42.129,76.352
5699,28.783,35.338
5700,-95.083,-47.491
5701,-80.86,-33.614
5702,25.158,69.907
5703,-8.6109,-1.5418
5704,13.873,53.249
5705,-18.672,-23.447
5706,-41.686,-20.93
5707,-18.394,-21.981
5708,36.734,-85.067
5709,-15.344,-2.6393
5710,-48.988,-20.78
5711,-8.5227,-1.4146
5712,2.58,41.538
5713,-61.456,63.009
5714,-59.543,76.944
5715,4.8244,-12.527
5716,-9.229,41.526
5717,-10.007,98.184
5718,-50.04,23.204
5719,-31.726,13.904
5720,-24.346,41.201
5721,8.1555,-0.08344
5722,10.546,91.155
5723,52.642,-86.023
5724,16.843,-42.011
5725,14.098,-65.874
5726,-15.294,98.566
5727,32.205,-49.211
5728,37.65,46.052
5729,9.2257,80.376
5730,8.3238,79.304
5731,-29.078,73.726
5732,-35.59,-4.4377
5733,-74.936,-65.182
5734,43.473,61.261
5735,-102.25,30.335
5736,-9.1313,-72.143
5737,-103.14,27.573
5738,30.185,0.86798
5739,12.845,0.41152
5740,7.2461,0.83612
5741,-24.361,92.44
5742,-23.075,18.556
5743,-32.572,24.347
5744,-14.189,24.957
5745,-31.516,12.934
5746,-81.574,-37.364
5747,20.89,-45.82
5748,-0.14975,52.946
5749,-62.972,75.276
5750,-39.937,76.248
5751,-14.289,65.715
5752,-11.183,-94.856
5753,-74.359,53.517
5754,5.1551,11.483
5755,-16.592,28.376
5756,-20.917,12.785
5757,-37.73,-8.5411
5758,0.42405,-9.9118
5759,30.196,15.826
5760,41.934,-72.544
5761,45.125,-80.352
5762,-69.591,67.462
5763,40.417,34.078
5764,8.6833,-1.7467
5765,-0.70403,27.91
5766,-60.153,30.018
5767,-86.74,44.845
5768,7.3019,7.4532
5769,-94.92,0.51709
5770,77.188,-46.945
5771,56.74,-68.26
5772,-14.577,52.803
5773,4.2156,-13.389
5774,-51.425,-38.753
5775,27.26,-48.165
5776,-21.657,83.07
5777,-63.507,79.059
5778,-53.377,-34.165
5779,-26.58,-33.645
5780,48.15,51.808
5781,-13.057,77.634
5782,21.278,27.46
5783,-63.626,72.513
5784,17.417,55.75
5785,8.6626,78.891
5786,60.209,58.631
5787,-2.0462,101.69
5788,-24.494,29.541
5789,65.025,88.839
5790,116.02,-15.67
5791,-80.29,-32.527
5792,-7.5122,-4.9018
5793,2.5447,52.021
5794,15.471,56.443
5795,-53.087,-20.44
5796,-39.877,-17.639
5797,-52.972,51.185
5798,-43.89,58.886
5799,-58.848,-40.739
5800,-95.985,25.512
5801,-57.831,-40.477
5802,48.832,-71.585
5803,-70.219,-78.348
5804,15.587,-85.927
5805,-64.073,72.634
5806,-49.703,68.525
5807,6.746,-17.94
5808,-84.041,-16.131
5809,-35.879,18.402
5810,-95.924,53.554
5811,-43.055,-18.944
5812,36.162,36.894
5813,72.191,-56.735
5814,-18.413,-25.305
5815,10.827,-5.1397
5816,0.2776,81.057
5817,3.7318,67.591
5818,103.43,-54.563
5819,-45.771,28.392
5820,26.597,-53.021
5821,35.548,-62.715
5822,-13.788,56.414
5823,-41.705,43.871
5824,27.021,29.349
5825,13.623,53.135
5826,13.556,-5.9871
5827,28.733,38.783
5828,3.2997,77.245
5829,12.339,-6.4376
5830,-42.597,20.286
5831,-74.268,-64.091
5832,-45.24,-22.286
5833,-26.25,-39.872
5834,-78.678,-56.063
5835,41.38,55.278
5836,3.6512,93.822
5837,58.442,76.128
5838,1.1346,88.872
5839,45.491,48.951
5840,115.96,-16.649
5841,-72.322,33.538
5842,17.472,-46.436
5843,-32.146,85.664
5844,11.377,-1.2024
5845,5.4456,-9.9339
5846,-42.884,13.018
5847,79.514,35.812
5848,-20.096,-74.44
5849,-52.602,-12.849
5850,-17.255,67.156
5851,59.813,50.264
5852,-48.2,50.645
5853,-29.537,-2.5972
5854,37.13,-88.235
5855,17.339,-38.337
5856,-25.064,-102.27
5857,8.5882,72.462
5858,-57.651,-40.598
5859,-54.054,-37.558
5860,-39.938,-14.29
5861,5.0191,-82.815
5862,18.367,-50.306
5863,-29.636,66.809
5864,-36.292,68.584
5865,19.523,36.495
5866,-30.428,96.318
5867,-6.3246,33.052
5868,-74.455,-62.326
5869,-69.875,-23.1
5870,-34.305,26.222
5871,-53.644,-39.293
5872,7.7322,-79.184
5873,-81.815,30.987
5874,-22.87,89.988
5875,14.853,85.678
5876,50.434,54.497
5877,-41.728,-4.8533
5878,-58.656,16.944
5879,74.271,51.526
5880,-81.027,-32.425
5881,-11.07,93.13
5882,5.2895,0.64787
5883,5.4953,92.974
5884,-63.656,67.773
5885,-20.236,88.845
5886,16.117,-7.3391
5887,-2.862,66.14
5888,-19.145,19.374
5889,-13.314,101.94
5890,73.468,89.389
5891,41.812,59.528
5892,-33.721,49.994
5893,-95.636,-31.677
5894,13.806,-13.085
5895,-6.3781,102.95
5896,-67.564,70.869
5897,30.162,41.083
5898,13.387,39.288
5899,-55.278,-36.308
5900,-59.527,-25.227
5901,-13.042,26.251
5902,39.63,-68.941
5903,11.999,-71.191
5904,-54.879,62.639
5905,16.869,-45.152
5906,-52.963,-31.305
5907,-17.779,27.069
5908,73.851,-81.935
5909,42.806,25.599
5910,-67.002,66.291
5911,-53.436,37.265
5912,-19.022,16.647
5913,-32.11,3.9153
5914,-71.767,-55.462
5915,-95.922,53.556
5916,34.093,55.724
5917,-37.85,-8.7011
5918,-28.126,-18.274
5919,47.037,76.289
5920,17.936,54.947
5921,16.697,57.094
5922,-15.607,88.358
5923,46.644,48.898
5924,-80.494,-38.03
5925,-54.728,-38.795
5926,-67.992,-14.835
5927,-0.11244,61.335
5928,-18.375,52.691
5929,58.502,-80.376
5930,-48.723,21.964
5931,59.662,13.099
5932,-64.346,73.949
5933,22.698,-77.949
5934,-39.811,77.475
5935,54.97,76.489
5936,-45.27,63.592
5937,-32.474,88.304
5938,62.893,47.825
5939,-93.888,23.59
5940,-57.265,-38.864
5941,116,-16.644
5942,15.022,85.166
5943,-23.265,-90.995
5944,34.885,86.016
5945,-67.566,39.066
5946,-24.314,32.416
5947,48.396,-26.822
5948,14.493,-26.389
5949,35.512,-71.012
5950,20.558,92.652
5951,14.074,83.561
5952,-72.457,61.617
5953,-11.407,14.414
5954,27.352,-48.889
5955,49.262,-61.928
5956,39.855,-48.292
5957,3.9312,0.1736
5958,-44.084,85.017
5959,-12.088,-64.647
5960,-41.668,48.07
5961,-41.066,82.841
5962,97.899,-55.433
5963,11.404,10.352
5964,-86.068,-24.336
5965,-71.061,37.444
5966,-44.004,87.699
5967,8.7186,98.122
5968,-50.396,86.074
5969,9.4444,-47.549
5970,13.648,1.0257
5971,8.5968,69.861
5972,-35.866,6.9263
5973,-60.404,35.038
5974,-46.743,14.677
5975,11.986,18.031
5976,-75.322,-31.682
5977,-83.366,20.473
5978,11.394,-40.218
5979,38.161,33.874
5980,-33.448,68.791
5981,17.266,47.348
5982,45.867,42.328
5983,-54.77,-36.712
5984,-10.383,-65.372
5985,-55.323,35.982
5986,25.703,-52.275
5987,-34.128,-58.568
5988,-1.1185,28.564
5989,-60.704,20.733
5990,-5.2969,82.036
5991,-68.849,-63.419
5992,-14.691,-54.742
5993,-0.35687,-76.069
5994,33.492,-72.967
5995,13.772,53.349
5996,40.847,85.124
5997,-39.315,52.453
5998,-52.889,-31.019
5999,24.978,75.118
6000,-69.254,-62.435
6001,-18.812,37.448
6002,51.164,78.409
6003,31.732,-92.289
6004,9.4006,-31.25
6005,-19.267,92.629
6006,26.318,1.5185
6007,-16.113,94.793
6008,-30.192,9.0024
6009,-41.114,20.608
6010,43.89,61.922
6011,-77.017,-51.832
6012,-77.002,-52.365
6013,-80.488,-34.836
6014,41.004,-69.14
6015,-27.801,52.768
6016,14.766,54.961
6017,33.557,93.438
6018,-40.967,72.159
6019,56.395,34.955
6020,-76.385,-52.511
6021,-55.132,-47.014
6022,-63.899,77.698
6023,13.454,-41.669
6024,-3.1873,50.909
6025,-24.973,27.651
6026,-75.329,-57.585
6027,-95.925,53.554
6028,-77.31,-57.74
6029,72.199,45.818
6030,-76.294,-52.58
6031,-58.389,-34.093
6032,-93.805,23.466
6033,-21.569,-87.498
6034,-49.811,-10.052
6035,1.9877,93.503
6036,51.9,-63.91
6037,21.419,27.099
6038,-29.173,89.299
6039,59.061,73.528
6040,-40.498,-7.1943
6041,-39.06,55.357
6042,-24.82,12.433
6043,-80.232,-31.167
6044,-33.577,-3.5426
6045,23.242,68.66
6046,-52.093,17.402
6047,35.498,-28.318
6048,-15.664,56.808
6049,-33.275,72.773
6050,7.1119,-16.226
6051,61.311,59.308
6052,-64.505,70.883
6053,77.724,42.479
6054,-32.476,-3.0786
6055,-16.352,28.256
6056,-13.548,-86.618
6057,20.45,23.573
6058,27.215,-91.512
6059,15.881,70.05
6060,-16.71,25.76
6061,-84.972,-25.855
6062,48.653,-21.169
6063,-52.57,62.283
6064,7.1489,-35.987
6065,51.075,-70.652
6066,6.461,92.787
6067,-29.21,71.263
6068,-11.875,92.061
6069,-20.935,51.63
6070,-0.14998,25.85
6071,-1.9512,60.685
6072,65.219,88.411
6073,-37.153,-33.232
6074,-10.876,67.315
6075,-16.071,63.457
6076,17.32,-34.504
6077,-76.669,-67.633
6078,-31.404,10.399
6079,33.06,59.591
6080,-34.731,-0.74316
6081,-52.898,-39.065
6082,12.266,-41.281
6083,-33.552,-94.513
6084,-39.706,-5.8494
6085,-0.19475,30.167
6086,-33.483,-59.205
6087,32.904,-87.818
6088,-12.9,-77.401
6089,-5.6887,40.495
6090,40.795,61.686
6091,-14.736,25.55
6092,53.759,72.412
6093,-32.514,-7.174
6094,-43.266,-42.146
6095,11.586,-14.695
6096,41.114,36.173
6097,-13.487,-68.399
6098,28.642,76.691
6099,-88.238,-22.565
6100,-76.924,-58.26
6101,-62.928,-41.632
6102,52.754,-64.088
6103,6.9127,59.067
6104,-12.647,67.965
6105,4.9013,83.53
6106,-59.814,77.437
6107,7.3782,0.11652
6108,8.1162,-16.831
6109,57.58,-57.985
6110,25.526,-51.88
6111,35.916,65.111
6112,63.026,43.962
6113,-38.781,-1.3986
6114,96.593,-56.106
6115,-0.22709,15.103
6116,-38.906,42.972
6117,96.634,44.776
6118,-55.799,-38.953
6119,-2.6648,24.195
6120,-73.415,33.454
6121,21.23,-36.813
6122,-14.001,86.081
6123,-20.341,89.52
6124,16.655,47.93
6125,44.18,74.174
6126,-1.7022,76.12
6127,-71.298,-63.139
6128,-48.198,7.1107
6129,-11.326,89.219
6130,0.2629,81.132
6131,2.9816,68.732
6132,7.2549,-76.669
6133,10.948,40.519
6134,-33.586,7.6263
6135,-27.175,32.945
6136,-68.3,19.265
6137,25.752,52.851
6138,69.709,-11.983
6139,0.68133,59.392
6140,-6.0445,30.052
6141,-11.161,-77.588
6142,-40.374,74.552
6143,-31.344,71.213
6144,-48.864,19.798
6145,-33.838,0.35386
6146,-10.705,2.3976
6147,66.817,62.202
6148,58.642,76.138
6149,36.596,69.855
6150,48.223,50.654
6151,65.711,28.208
6152,18.074,-59.102
6153,76.046,-36.072
6154,-41.202,-11.364
6155,38.687,-88.681
6156,-71.488,66.953
6157,-16.526,-23.119
6158,-20.318,-76.571
6159,-65.863,-60.817
6160,-5.7709,40.265
6161,-43.062,-3.3906
6162,116.09,-16.735
6163,116.02,-16.65
6164,13.053,-13.454
6165,3.0307,39.502
6166,8.1964,74.625
6167,-1.808,22.695
6168,65.256,87.265
6169,-36.879,-8.9422
6170,-69.498,-31.98
6171,-59.386,-39.572
6172,10.046,-39.453
6173,-71.065,37.305
6174,-83.007,18.904
6175,-72.988,68.33
6176,25.535,-52.109
6177,11.819,-14.146
6178,-14.188,-82.42
6179,-17.317,28.961
6180,115.93,-16.655
6181,-12.132,1.6882
6182,11.136,-6.191
6183,7.7375,85.711
6184,57.303,-19.914
6185,-0.71923,-76.505
6186,-51.765,56.137
6187,-58.269,73.567
6188,17.386,-10.343
6189,-21.024,-35.909
6190,28.882,48.768
6191,18.328,-50.234
6192,-60.748,35.172
6193,-1.5038,50.623
6194,-9.8612,-66.003
6195,-17.291,-23.735
6196,20.885,-9.8755
6197,2.3052,33.154
6198,-24.382,-82.066
6199,17.945,75.501
6200,-34.278,2.4941
6201,11.888,31.875
6202,-14.637,25.671
6203,32.414,49.552
6204,-19.537,-69.125
6205,12.006,-41.231
6206,-1.8476,77.56
6207,-27.278,33.064
6208,27.696,76.009
6209,-14.262,45.703
6210,-34.203,5.3475
6211,-32.949,24.299
6212,-94.15,27.028
6213,-50.682,-80.472
6214,-3.5995,30.627
6215,-80.715,-29.708
6216,30.242,42.48
6217,3.1409,77.325
6218,14.452,58.742
6219,-4.8404,-5.3805
6220,-40.349,-4.1881
6221,-27.876,2.274
6222,-15.928,44.805
6223,-44.952,88.708
6224,47.216,44.516
6225,-17.32,-24.129
6226,3.3294,79.307
6227,-6.7878,-68.096
6228,-24.387,-81.564
6229,10.464,-13.94
6230,-64.758,24.616
6231,-27.819,-17.054
6232,-31.091,95.528
6233,-23.882,15.828
6234,-42.314,-20.371
6235,-81.805,-37.749
6236,10.858,17.158
6237,39.571,-30.942
6238,40.878,-50.985
6239,-23.777,53.968
6240,-19.166,89.46
6241,21.419,27.699
6242,8.6641,79.803
6243,11.581,-1.2919
6244,-39.01,86.566
6245,-63.321,-64.156
6246,-4.6983,37.693
6247,-80.624,-29.384
6248,-55.079,-26.107
6249,-55.49,-38.713
6250,116.02,-16.649
6251,-26.393,35.136
6252,31.351,79.801
6253,-35.924,69.795
6254,-66.89,21.073
6255,63.072,43.961
6256,26.468,-46.522
6257,-23.55,37.068
6258,34.061,14.229
6259,-3.5828,56.469
6260,-19.107,76.637
6261,26.568,0.39815
6262,13.838,-13.673
6263,14.916,-3.2871
6264,-5.4295,40.031
6265,-28.119,-16.48
6266,1.1402,89.202
6267,58.246,53.807
6268,33.934,-46.91
6269,29.071,4.0146
6270,-49.825,68.612
6271,7.8665,71.052
6272,-10.549,-70.935
6273,-66.714,69.427
6274,-71.776,-63.679
6275,33.047,-74.035
6276,47.163,18.713
6277,-96.976,24.681
6278,-17.648,26.656
6279,34.064,51.869
6280,-37.19,-4.3676
6281,-13.199,-75.354
6282,30.887,-86.619
6283,13.9,57.93
6284,-34.589,17.234
6285,-14.153,-4.3944
6286,-27.112,37.974
6287,116.01,-16.648
6288,-10.767,-71.379
6289,35.134,68.526
6290,-40.73,75.817
6291,13.237,52.031
6292,21.731,54.143
6293,-93.783,23.54
6294,34.466,91.68
6295,42.528,85.5
6296,-77.616,28.12
6297,-23.81,33.528
6298,69.862,-2.0241
6299,16.647,48.859
6300,-32.055,94.861
6301,17.946,-4.2053
6302,37.179,12.217
6303,-37.538,-6.2715
6304,29.511,96.909
6305,-35.134,86.059
6306,12.988,76.646
6307,-63.298,68.068
6308,-25.002,28.292
6309,-32.441,22.393
6310,37.208,53.879
6311,-84.238,-26.818
6312,-84.839,-20.221
6313,-55.851,52.449
6314,13.03,51.709
6315,54.645,44.654
6316,54.72,55.635
6317,-3.024,67.008
6318,-26.54,-72.324
6319,-13.746,-55.868
6320,24.757,70.128
6321,44.608,57.501
6322,-70.81,71.928
6323,46.375,51.333
6324,51.389,-58.314
6325,-42.481,76.698
6326,-59.356,65.008
6327,6.5601,84.432
6328,-48.664,36.19
6329,-27.935,-18.116
6330,-15.445,13.269
6331,-30.165,1.7011
6332,19.262,36.256
6333,-57.902,-29.069
6334,-7.8173,82.138
6335,-5.9577,19.18
6336,0.78049,77.023
6337,-32.459,88.617
6338,17.116,45.031
6339,5.3431,84.545
6340,41.598,-2.3601
6341,-52.584,54.686
6342,-81.278,-30.209
6343,-81.931,-38.52
6344,18.096,66.767
6345,-44.831,6.6855
6346,28.777,20.217
6347,-18.759,76.16
6348,-63.055,29.27
6349,-21.5,93.459
6350,14.716,71.47
6351,-22.554,90.261
6352,2.2954,94.128
6353,32.927,64.147
6354,-36.241,-1.713
6355,0.83179,89.372
6356,-37.215,78.541
6357,3.8978,93.868
6358,31.462,-61.955
6359,4.4008,0.28891
6360,8.3474,38.916
6361,-16.439,62.642
6362,-29.246,16.417
6363,-19.032,14.519
6364,31.085,17.525
6365,-14.46,24.097
6366,-69.211,-62.302
6367,70.907,53.97
6368,57.833,-23.174
6369,-29.153,94.525
6370,-72.114,-54.387
6371,-21.802,-70.031
6372,13.366,-42.571
6373,33.04,41.123
6374,-55.775,33.897
6375,-19.276,-20.4
6376,0.2663,40.853
6377,48.146,-20.922
6378,74.541,48.003
6379,-65.978,-60.278
6380,-58.99,-40.449
6381,4.9838,34.195
6382,-71.643,49.768
6383,9.6083,84.906
6384,12.634,54.36
6385,27.459,75.191
6386,-58.932,-40.484
6387,-42.34,73.279
6388,19.454,72.754
6389,-1.3273,18.793
6390,75.278,37.229
6391,20.934,46.535
6392,4.5226,-12.439
6393,40.867,82.084
6394,31.465,85.646
6395,-24.236,92.436
6396,-16.09,25.279
6397,41.527,86.861
6398,47.416,75.881
6399,-24.036,-31.676
6400,-9.2684,-75.823
6401,-1.785,-13.428
6402,30.414,-2.6422
6403,16.949,-41.863
6404,-23.443,-2.8898
6405,23.331,-87.777
6406,-80.074,-35.636
6407,107.42,-52.527
6408,-46.409,-21.533
6409,34.994,94.389
6410,-85.142,-20.318
6411,-35.158,-40
6412,-4.1342,89.436
6413,-33.414,61.331
6414,16.246,55.781
6415,-59.16,65.273
6416,13.285,-41.793
6417,-29.848,78.558
6418,-33.521,-5.194
6419,-75.207,-21.422
6420,53.178,-67.223
6421,27.012,-48.329
6422,-59.35,65.254
6423,-68.699,-62.266
6424,-13.299,16.439
6425,-46.5,-24.385
6426,-11.81,64.914
6427,-48.043,-24.924
6428,-21.152,-40.864
6429,51.796,-69.278
6430,-15.403,95.373
6431,33.904,89.975
6432,-55.041,-84.721
6433,3.5227,36.399
6434,-24.655,31.554
6435,-76.387,-65.776
6436,71.238,34.314
6437,-38.184,-11.017
6438,5.7776,79.575
6439,-17.147,28.828
6440,68.597,62.984
6441,96.498,44.706
6442,78.425,-53.923
6443,-34.17,69.67
6444,7.5677,-5.5303
6445,1.5756,92.868
6446,20.623,-60.078
6447,32.805,-1.6982
6448,-101.68,23.289
6449,-62.357,67.474
6450,-22.258,35.797
6451,-77.344,-59.459
6452,1.9259,89.278
6453,23.751,68.069
6454,-79.409,-38.701
6455,70.416,-36.03
6456,7.3136,-80.093
6457,6.1501,58.876
6458,67.202,53.035
6459,29.248,-5.9529
6460,4.0907,-0.141
6461,42.848,-69.796
6462,-34.633,65.75
6463,16.365,61.911
6464,-30.504,30.341
6465,-14.443,24.055
6466,59.138,50.934
6467,32.707,54.139
6468,62.102,7.8308
6469,-40.867,72.413
6470,30.953,-86.406
6471,1.6108,-7.9529
6472,51.793,-16.669
6473,-35.385,71.691
6474,-4.3953,54.221
6475,6.65,-12.845
6476,-25.274,94.138
6477,34.563,51.72
6478,40.827,-76.985
6479,3.2659,-59.941
6480,-41.461,12.155
6481,-58.296,72.971
6482,27.47,-67.438
6483,-59.684,28.735
6484,36.874,-58.848
6485,30,42.669
6486,28.747,74.56
6487,10.418,72.383
6488,-42.082,-10.768
6489,-61.055,-32.928
6490,-8.6451,27.278
6491,-33.354,22.557
6492,-61.44,-66.483
6493,29.098,31.484
6494,-96.363,25.871
6495,41.825,86.625
6496,-13.352,98.199
6497,12.798,-11.038
6498,-4.5952,30.972
6499,-73.648,-65.104
6500,-43.673,-21.101
6501,-65.053,-34.575
6502,-36.936,48.805
6503,-7.8245,93.076
6504,10.955,-45.929
6505,6.805,33.56
6506,-38.246,14.212
6507,-85.596,-25.768
6508,1.5565,61.223
6509,6.8381,5.2938
6510,-50.12,66.913
6511,-77.865,35.913
6512,14.904,73.705
6513,21.987,-4.85
6514,5.0206,-17.812
6515,59.394,74.781
6516,38.92,86.753
6517,37.094,54.362
6518,59.926,6.9443
6519,-7.4682,-25.147
6520,33.346,-73.06
6521,-41.209,79.689
6522,3.5716,-8.2609
6523,-45.471,-0.90767
6524,47.203,70.743
6525,12.75,32.065
6526,-91.937,-49.157
6527,46.334,5.0042
6528,-11.796,-1.5766
6529,34.416,-19.454
6530,-51.101,52.432
6531,4.8661,93.791
6532,-16.588,-77.82
6533,-59.841,77.609
6534,-53.599,54.323
6535,10.814,87.895
6536,66.299,69.782
6537,-4.9154,101.28
6538,45.217,-32.196
6539,-58.141,56.159
6540,14.779,85.538
6541,10.691,-17.81
6542,30.042,24.634
6543,-9.4909,-38.283
6544,-34.135,26.409
6545,55.742,72.947
6546,-28.056,46.654
6547,0.20313,101.37
6548,50.971,69.208
6549,-102.52,15.824
6550,-20.568,-83.88
6551,-29.945,66.025
6552,-8.4265,12.499
6553,29.036,35.481
6554,-25.623,75.247
6555,20.298,-10.931
6556,-19.245,-67.833
6557,-18.111,-23.832
6558,-9.691,43.776
6559,-15.947,63.003
6560,-28.26,-19.023
6561,44.334,80.954
6562,-38.795,1.0879
6563,16.126,59.382
6564,-30.224,66.504
6565,-10.209,66.073
6566,13.507,-14.36
6567,-8.0402,65.903
6568,12.319,96.234
6569,43.824,59.268
6570,-27.584,86.98
6571,-31.584,95.314
6572,-22.353,35.423
6573,-65.705,-38.763
6574,5.9672,53.084
6575,45.18,20.646
6576,11.744,-0.19846
6577,5.6175,-0.031584
6578,41.619,44.749
6579,-48.463,49.892
6580,-5.629,-9.5794
6581,35.842,-9.072
6582,-64.834,77.727
6583,43.67,-70.284
6584,21.346,26.041
6585,2.8962,-66.236
6586,0.67131,96.621
6587,44.143,59.367
6588,-60.185,-31.821
6589,-43.269,73.758
6590,54.337,-21.026
6591,-31.686,-27.524
6592,-6.3407,61.149
6593,-22.637,-86.957
6594,-33.957,18.547
6595,44.456,82.155
6596,77.394,52.082
6597,-9.0888,30.914
6598,16.327,-43.861
6599,-102.74,20.189
6600,-46.758,-64.123
6601,60.886,60.805
6602,15.144,61.361
6603,25.654,93.664
6604,29.164,74.2
6605,-89.313,44.957
6606,42.068,74.484
6607,-85.638,-41.061
6608,24.304,-65.573
6609,-16.123,86.533
6610,36.24,-86.888
6611,1.285,28.265
6612,1.9533,69.526
6613,6.7757,-17.784
6614,-30.114,49.132
6615,31.407,53.205
6616,-69.126,-62.989
6617,34.961,65.636
6618,116.02,-16.65
6619,-82.065,-38.942
6620,-51.849,82.598
6621,31.33,-86.032
6622,17.486,-7.0397
6623,-31.692,-4.2912
6624,-9.9759,9.017
6625,-95.922,53.555
6626,-8.8811,-7.144
6627,-59.77,-33.001
6628,33.886,11.329
6629,23.848,-33.169
6630,15.078,56.982
6631,54.345,50.794
6632,-9.4734,-74.161
6633,10.421,46.252
6634,-28.703,92.412
6635,20.664,-84.551
6636,-9.0412,99.67
6637,31.075,2.5945
6638,-16.093,-22.269
6639,-41.237,-3.7418
6640,-21.298,9.556
6641,-78.223,-52.099
6642,-77.859,28.175
6643,-33.57,18.771
6644,-24.319,36.268
6645,-79.632,-39.932
6646,13.106,82.361
6647,12.078,48.909
6648,17.292,-9.025
6649,-19.704,88.513
6650,-32.051,30.279
6651,28.853,52.843
6652,31.737,42.827
6653,4.5338,69.879
6654,-59.084,33.971
6655,-1.3712,26.334
6656,3.7639,66.431
6657,-40.312,-0.9989
6658,-32.961,23.477
6659,-10.677,-3.8691
6660,-48.56,27.437
6661,48.535,77.284
6662,42.405,88.985
6663,-15.892,-3.3534
6664,-28.423,-19.827
6665,73.517,57.031
6666,29.719,87.404
6667,-14.914,-5.0973
6668,-40.564,-41.424
6669,-16.954,-79.529
6670,-12.903,66.599
6671,-11.207,0.25258
6672,43.765,81.173
6673,-25.387,96.504
6674,25.678,93.393
6675,44.087,-31.367
6676,26.115,-63.087
6677,-83.143,17.995
6678,15.962,-10.979
6679,38.78,80.32
6680,56.888,47.428
6681,-0.025373,14.947
6682,45.084,101.36
6683,34.783,66.404
6684,-81.976,-38.601
6685,17.521,58.423
6686,-36.246,66.386
6687,-2.0713,60.574
6688,-42.942,74.106
6689,11.282,41.342
6690,-42.809,89.205
6691,-39.892,-18.375
6692,11.754,74.574
6693,59.096,41.667
6694,31.977,73.266
6695,-20.782,9.2791
6696,1.2404,100.04
6697,-60.872,31.079
6698,22.555,-87.538
6699,48.376,59.457
6700,2.2608,15.622
6701,-38.049,76.522
6702,-11.171,-3.9323
6703,66.109,67.436
6704,-58.189,-34.126
6705,-33.696,22.547
6706,22.624,12.915
6707,60.362,-64.141
6708,6.4892,-0.50081
6709,44.58,-49.056
6710,-53.333,65.468
6711,44.709,22.583
6712,-1.9125,67.629
6713,0.47247,51.991
6714,-42.522,34.448
6715,-11.689,-5.714
6716,-43.2,-5.7127
6717,-86.632,-42.195
6718,-8.7746,-37.38
6719,43.466,-7.0501
6720,33.301,-43.616
6721,72.552,50.54
6722,6.849,73.687
6723,-34.402,37.476
6724,13.129,39.231
6725,-23.667,77.886
6726,-33.903,-94.36
6727,-80.157,-51.116
6728,37.034,-19.635
6729,75.902,-33.852
6730,42.081,74.282
6731,31.145,5.6697
6732,-53.014,66.795
6733,33.965,-62.721
6734,-3.1423,97.787
6735,20.706,50.908
6736,-59.251,65.137
6737,-35.484,64.615
6738,-18.237,-82.846
6739,-54.725,-38.194
6740,17.016,55.953
6741,-86.187,-27.077
6742,-45.642,-41.947
6743,-11.742,-5.5303
6744,-66.436,-60.194
6745,-3.7965,68.137
6746,-40.407,48.591
6747,-50.588,-23.985
6748,-13.779,-1.7598
6749,-81.159,-36.014
6750,50.4,77.348
6751,76.889,-75.844
6752,-41.985,-24.374
6753,73.597,47.667
6754,-9.2729,-64.41
6755,27.205,38.817
6756,5.2716,84.735
6757,-7.1794,-1.5026
6758,74.392,13.936
6759,-49.213,-24.3
6760,-59.567,34.52
6761,7.5204,77.708
6762,27.4,74.273
6763,49.53,41.04
6764,14.767,60.304
6765,-68.368,-59.923
6766,49.068,50.835
6767,-24.22,-37.3
6768,46.685,-14.639
6769,5.6127,79.105
6770,-5.9542,55.935
6771,1.0644,22.211
6772,-39.517,77.584
6773,-40.605,2.6235
6774,-88.758,-22.736
6775,-75.53,-64.988
6776,-55.066,74.838
6777,45.218,-33.257
6778,-17.321,77.452
6779,0.8632,88.456
6780,-39.455,-14.649
6781,11.116,-10.877
6782,-30.179,68.094
6783,-78.817,-57.694
6784,32.364,49.492
6785,-41.356,-23.532
6786,-63.811,9.3402
6787,11.921,73.102
6788,5.4981,-5.2764
6789,37.476,-87.364
6790,8.3148,-1.8056
6791,-13.547,60.392
6792,-77.731,58.263
6793,-32.551,-0.71744
6794,16.807,35.031
6795,72.076,55.057
6796,-48.862,-4.6332
6797,50.083,76.18
6798,0.48584,14.565
6799,19.946,-83.711
6800,-41.59,75.144
6801,9.2919,67.749
6802,30.535,77.109
6803,11.657,-25.744
6804,-60.578,-19.531
6805,-52.999,78.227
6806,-59.648,-40.245
6807,8.5842,79.481
6808,-13.814,50.44
6809,27.24,-74.774
6810,17.973,-45.558
6811,-30.691,0.90412
6812,-7.2635,-2.9297
6813,-9.8299,-6.4683
6814,40.998,61.652
6815,-78.598,-54.301
6816,43.036,15.137
6817,-57.71,68.143
6818,69.695,47.549
6819,-68.78,38.838
6820,76.884,-53.873
6821,-27.733,15.281
6822,-4.8287,-3.1431
6823,104.08,-55.979
6824,40.539,63.757
6825,-88.18,62.46
6826,29.661,78.626
6827,17.995,-70.169
6828,-33.553,-59.169
6829,-11.317,-67.759
6830,-88.877,21.974
6831,55.243,81.884
6832,-9.8682,-0.20133
6833,16.935,62.059
6834,-80.896,-34.646
6835,-46.101,70.292
6836,-9.5164,102.28
6837,-15.319,-22.018
6838,-29.752,91.242
6839,91.399,-24.576
6840,17.366,-46.066
6841,44.866,-73.025
6842,10.762,-5.7177
6843,-15.851,78.403
6844,-11.341,14.257
6845,-38.362,-21.321
6846,63.151,49.085
6847,44,28.296
6848,7.2163,-16.668
6849,-40.099,-16.51
6850,-65.551,63.017
6851,-90.222,45.376
6852,45.22,85.31
6853,24.128,66.401
6854,-32.47,23.456
6855,-79.888,-49.787
6856,-21.209,-35.97
6857,-12.619,55.847
6858,-77.1,56.978
6859,34.144,35.978
6860,8.9239,-1.9233
6861,-45.588,35.518
6862,-1.8899,78.903
6863,17.137,54.297
6864,115.97,-16.645
6865,-3.5975,-0.0052706
6866,-42.208,89.618
6867,48.665,-28.751
6868,18.96,1.7385
6869,-43.594,69.21
6870,5.9685,0.18757
6871,5.5838,-6.4523
6872,-17.096,29.044
6873,73.279,-45.508
6874,-47.463,64.697
6875,44.288,0.16324
6876,-72.612,33.486
6877,13.564,-47.815
6878,65.872,-21.376
6879,16.301,30.593
6880,-12.072,-74.783
6881,4.5627,71.115
6882,-3.146,-5.9331
6883,16.829,35.05
6884,116.02,-16.652
6885,42.737,12.4
6886,35.177,-68.252
6887,-61.498,54.461
6888,-14.726,25.535
6889,-80.86,-33.66
6890,-68.177,67.726
6891,58.89,40.364
6892,-49.371,53.836
6893,17.6,47.834
6894,-75.714,-65.27
6895,0.17702,101.07
6896,-80.549,-34.984
6897,78.372,-47.602
6898,-94.147,20.223
6899,-15.774,63.373
6900,-19.833,-81.834
6901,-59.704,61.411
6902,-30.638,15.237
6903,21.389,30.984
6904,-76.924,-67.648
6905,-29.543,-3.1003
6906,-43.314,5.3164
6907,-12.736,-55.083
6908,48.356,-73.273
6909,32.217,-60.823
6910,10.923,-50.551
6911,2.5615,-17.31
6912,30.171,74.126
6913,10.454,-4.6532
6914,43.67,-56.343
6915,-48.713,65.495
6916,-44.117,2.3777
6917,-50.705,-49.769
6918,24.477,-20.037
6919,-95.924,53.555
6920,0.22257,88.275
6921,-37.361,-10.395
6922,-62.391,-64.949
6923,-0.67048,-48.296
6924,44.993,-79.215
6925,20.122,-40.709
6926,-18.367,62.505
6927,-23.609,71.817
6928,14.206,33.205
6929,-35.643,65.659
6930,7.7217,81.994
6931,-61.588,54.453
6932,-29.862,62.306
6933,-66.749,-60.908
6934,66.614,25.587
6935,-33.672,30.359
6936,-68.979,-55.828
6937,12.829,78.496
6938,-61.732,29.012
6939,-21.458,92.573
6940,1.6954,32.37
6941,-71.69,70.027
6942,83.056,43.531
6943,-78.215,-68.545
6944,-61.022,34.39
6945,-0.97751,67.983
6946,-34.811,86.961
6947,-19.39,-23.076
6948,32.864,-70.078
6949,-42.011,13.414
6950,-35.957,-9.0332
6951,26.869,99.583
6952,-15.105,66.364
6953,-91.257,-49.697
6954,-56.083,-37.763
6955,49.514,-51.604
6956,15.377,85.078
6957,13.862,-13.959
6958,10.319,64.278
6959,-15.087,-24.457
6960,-33.719,4.5518
6961,-13.111,-1.098
6962,39.784,90.954
6963,-15.857,-54.819
6964,-33.241,-5.8441
6965,-83.405,-26.547
6966,43.294,-78.654
6967,34.39,-52.708
6968,48.713,-71.46
6969,27.77,-86.061
6970,-20.235,91.608
6971,7.3531,76.857
6972,-33.355,-4.7543
6973,52.257,-8.7538
6974,66.498,69.194
6975,-11.125,99.51
6976,-74.431,-65.498
6977,42.267,-81.047
6978,31.98,-50.479
6979,-61.558,67.633
6980,-16.016,63.152
6981,52.466,-70.187
6982,15.631,-10.601
6983,-40.71,71.908
6984,33.877,-79.849
6985,60.094,49.901
6986,22.838,-86.446
6987,54.122,-79.586
6988,11.324,-13.367
6989,14.44,-6.0824
6990,-34.01,-59.583
6991,-59.812,76.87
6992,-39.63,-17.029
6993,63.517,53.39
6994,-38.554,89.663
6995,67.149,-18.893
6996,-5.5067,-85.663
6997,6.605,68.561
6998,13.449,0.32426
6999,7.9295,71.885
7000,46.982,-43.864
7001,-66.033,-60.601
7002,-14.163,25.003
7003,-80.639,-27.157
7004,24.041,69.985
7005,-44.01,-0.90307
7006,-24.895,28.44
7007,40.939,63.618
7008,-32.808,-5.3011
7009,-81.675,-37.829
7010,34.253,14.55
7011,32.056,63.594
7012,3.6807,70.063
7013,-19.607,-80.806
7014,-17.037,-79.817
7015,57.402,51.408
7016,12.287,-10.969
7017,-45.041,-0.34153
7018,-54.142,-35.572
7019,-21.943,-65.061
7020,-3.8,-76.529
7021,-48.49,9.3482
7022,-2.7289,99.733
7023,-34.237,66.539
7024,1.1903,-8.8653
7025,-39.324,-2.8338
7026,0.0162,102.01
7027,-78.642,-55.418
7028,-15.358,-8.9463
7029,-24.306,-73.2
7030,35.625,-36.577
7031,26.416,-37.576
7032,-83.231,17.971
7033,-18.645,66.477
7034,30.151,-36.123
7035,-29.377,94.216
7036,7.2931,-36.246
7037,-14.44,24.127
7038,-5.6905,102.96
7039,16.03,-39.844
7040,-38.919,35.675
7041,-28.368,-20.815
7042,-17.334,-1.7051
7043,-67.755,74.693
7044,17.148,87.579
7045,-19.623,-69.859
7046,49.036,-85.623
7047,66.218,-58.185
7048,30.101,-71.501
7049,40.27,-73.714
7050,9.5007,74.167
7051,37.334,46.88
7052,-16.529,84.132
7053,0.94515,30.596
7054,50.122,-62.5
7055,-13.243,53.951
7056,38.916,33.752
7057,0.95104,-4.5497
7058,4.7827,-16.327
7059,-45.033,35.078
7060,78.903,44.256
7061,14.909,55.541
7062,-16.061,24.976
7063,-84.67,-27.119
7064,-88.585,21.552
7065,7.0826,28.975
7066,17.459,-29.971
7067,6.6504,84.331
7068,-15.493,99.876
7069,-76.56,-65.768
7070,72.102,59.036
7071,-80.508,-27.716
7072,34.325,-60.52
7073,31.676,18.565
7074,-65.857,72.524
7075,-17.628,66.775
7076,43.385,50.518
7077,-2.7805,49.62
7078,-33.609,-61.642
7079,-16.117,-80.773
7080,6.7821,83.817
7081,42.487,-46.442
7082,-20.644,60.56
7083,-61.13,-66.665
7084,-55.777,39.739
7085,109.95,4.1471
7086,-49.072,-27.479
7087,81.558,49.818
7088,-13.348,67.664
7089,8.522,-3.5475
7090,38.161,39.72
7091,-8.2937,-70.044
7092,-14.951,-25.84
7093,5.9401,48.06
7094,7.4401,85.217
7095,-16.899,-84.088
7096,-51.031,40.238
7097,-32.328,-1.8236
7098,-17.788,-25.09
7099,-20.37,13.573
7100,-2.0403,31.174
7101,64.117,27.953
7102,-88.861,-51.306
7103,-30.772,-4.3166
7104,45.068,-31.248
7105,59.182,74.971
7106,-46.954,-24.68
7107,-96.948,-46.837
7108,38.496,-21.637
7109,-12.579,87.824
7110,24.417,80.552
7111,29.94,77.013
7112,-34.301,81.925
7113,-24.013,-92.731
7114,-20.821,-74.94
7115,-47.674,-13.133
7116,5.4502,22.814
7117,-27.499,91.39
7118,-14.771,26.517
7119,-89.871,-50.77
7120,-48.165,-25.655
7121,-72.778,-26.005
7122,43.351,3.8859
7123,85.788,-22.488
7124,19.018,48.741
7125,-2.7888,40.973
7126,31.72,-60.886
7127,-32.823,12.147
7128,-43.549,-8.5463
7129,-87.143,-23.569
7130,-41.552,3.4605
7131,-5.4174,26.281
7132,106.59,-53.658
7133,95.881,-59.453
7134,-80.852,-34.042
7135,54.931,-85.099
7136,-50.029,67.033
7137,4.3122,-5.667
7138,-7.2629,55.693
7139,15.302,-50.302
7140,28.845,73.932
7141,-84.363,-24.045
7142,-28.06,-18.414
7143,-33.19,-19.271
7144,-58.284,-34.028
7145,1.4642,63.098
7146,30.279,-71.707
7147,4.2056,-13.588
7148,75.708,54.596
7149,3.6103,-16.174
7150,6.0471,85.909
7151,-87.974,-23.395
7152,89.403,-13.705
7153,-59.935,33.291
7154,49.768,-71.711
7155,58.11,48.01
7156,40.97,61.671
7157,-9.2233,-6.1795
7158,-1.5044,-75.059
7159,66.612,-57.81
7160,13.199,-26.525
7161,14.531,47.612
7162,12.613,51.751
7163,3.9136,-7.1871
7164,47.576,45.146
7165,16.161,-3.0419
7166,-15.88,-78.202
7167,14.443,1.2808
7168,-19.741,88.52
7169,-83.439,18.497
7170,-74.808,-16.879
7171,-55.212,40.567
7172,15.543,89.273
7173,26.445,-91.883
7174,-17.682,68.16
7175,63.906,66.158
7176,39.765,68.122
7177,42.737,84.117
7178,51.375,53.657
7179,68.373,36.185
7180,12.41,-1.2938
7181,-0.16094,69.052
7182,14.673,-3.4153
7183,16.658,56.803
7184,1.0989,62.069
7185,-1.0542,21.513
7186,-26.281,69.881
7187,-71.001,-62.365
7188,66.557,58.13
7189,-58.432,-40.38
7190,-82.353,-28.453
7191,59.449,-58.446
7192,15.352,-45.441
7193,-70.017,69.399
7194,10.569,-13.346
7195,7.3203,-0.44357
7196,-74.743,-66.023
7197,107.4,-52.508
7198,45.01,61.523
7199,42.991,2.347
7200,30.869,23.12
7201,26.341,-91.489
7202,-18.27,-24.529
7203,-69.523,66.248
7204,-88.198,44.145
7205,-25.675,86.86
7206,10.746,91.402
7207,-59.598,25.946
7208,-32.415,88.795
7209,-21.818,-70.851
7210,-14.393,64.412
7211,-4.4988,38.906
7212,-80.905,-9.895
7213,-2.4447,28.845
7214,-20.837,-88.764
7215,-61.599,35.258
7216,-38.986,85.913
7217,44.578,80.443
7218,109.95,4.1428
7219,-40.958,76.481
7220,-39.68,4.8577
7221,-14.516,-25.131
7222,2.1066,17.49
7223,11.886,46.464
7224,-37.654,80.945
7225,-80.7,-35.261
7226,-63.894,-27.375
7227,11.76,-25.424
7228,-21.068,-74.481
7229,-3.2501,17.297
7230,16.381,77.168
7231,19.037,1.4203
7232,-6.889,56.192
7233,5.928,79.324
7234,14.626,55.936
7235,11.296,78.459
7236,-69.79,69.304
7237,-37.276,-11.314
7238,-20.803,20.444
7239,16.732,35.011
7240,29.523,-37.184
7241,-9.1351,-64.359
7242,4.4456,-13.246
7243,53.213,72.298
7244,-40.774,20.494
7245,30.5,74.006
7246,76.758,54.971
7247,87.611,-20.847
7248,45.442,37.856
7249,41.264,-57.837
7250,26.172,92.3
7251,-30.352,1.0018
7252,-31.32,-2.9538
7253,22.12,55.068
7254,-12.503,-5.9458
7255,44.87,-57.203
7256,-38.766,76.717
7257,19.07,34.83
7258,-15.446,54.39
7259,-48.132,-25.401
7260,-59.63,-40.401
7261,41.667,-68.655
7262,69.539,-40.945
7263,30.375,41.928
7264,-41.797,73.194
7265,-4.7674,53.195
7266,86.039,45.147
7267,-21.27,-83.674
7268,50.729,77.996
7269,-16.998,15.548
7270,-29.1,-18.717
7271,8.6703,72.549
7272,-42.859,77.532
7273,-30.451,84.378
7274,27.665,76.283
7275,-16.669,-79.574
7276,31.391,41.85
7277,-18.692,70.77
7278,-58.154,33.534
7279,64.171,27.792
7280,-81.937,-29.949
7281,54.275,-72.88
7282,20.175,11.902
7283,-14.532,60.934
7284,47.902,-90.467
7285,-29.801,73.792
7286,18.615,49.484
7287,-1.7946,65.504
7288,-82.069,-10.77
7289,-79.261,-53.701
7290,-91.638,-49.391
7291,-80.421,-34.893
7292,37.553,-30.629
7293,31.763,-51.534
7294,-20.206,89.505
7295,2.349,96.786
7296,-39.92,77.75
7297,-65.669,-63.542
7298,-87.597,-41.767
7299,74.416,-44.678
7300,47.028,-71.763
7301,0.97302,-48.892
7302,-16.11,-24.185
7303,9.4325,81.096
7304,40.969,36.744
7305,8.7888,76.815
7306,27.931,76.05
7307,82.941,44.378
7308,18.046,67.591
7309,-31.263,12.795
7310,-14.846,24.929
7311,115.9,-16.789
7312,-10.314,-69.316
7313,59.867,75.366
7314,21.134,10.168
7315,-16.195,-24.968
7316,-89.042,22.859
7317,-8.2085,14.956
7318,-68.003,-62.863
7319,-81.002,-37.454
7320,10.609,-17.607
7321,-60.522,76.981
7322,40.494,37.225
7323,-40.86,75.793
7324,-34.309,-3.7547
7325,-40.619,10.707
7326,7.8826,0.18985
7327,-53.347,-59.545
7328,19.494,68.756
7329,6.5161,79.107
7330,-41.428,11.994
7331,29.07,48.504
7332,40.478,84.312
7333,-81.849,-39.354
7334,-38.775,-22.811
7335,43.519,-32.272
7336,-58.268,23.599
7337,-31.532,71.92
7338,-10.407,-65.22
7339,-43.931,-64.144
7340,14.549,82.325
7341,-33.33,-2.6408
7342,-58.824,48.732
7343,66.01,45.721
7344,15.883,-67.121
7345,-15.413,-20.303
7346,16.559,62.219
7347,-20.067,70.392
7348,-60.26,68.964
7349,48.529,-60.587
7350,-69.684,68.363
7351,14.675,58.831
7352,-11.021,-73.702
7353,27.269,41.55
7354,-58.714,7.8695
7355,-29.397,88.35
7356,23.883,71.342
7357,58.401,-39.68
7358,-10.399,64.002
7359,8.86,-22.733
7360,9.2579,69.082
7361,-23.467,-92.364
7362,-65.102,-62.681
7363,47.694,69.589
7364,28.512,42.788
7365,6.0633,-83.118
7366,5.435,84.434
7367,-54.853,68.354
7368,-13.253,-38.376
7369,-14.592,100.21
7370,34.779,-19.687
7371,1.9836,70.322
7372,-58.861,76.833
7373,39.618,35.306
7374,3.5847,77.447
7375,-68.745,-24.25
7376,-29.184,-19.539
7377,-5.8459,-42.18
7378,16.937,-3.5566
7379,-15.53,-71.214
7380,-18.62,-85.67
7381,69.307,39.945
7382,0.47578,87.734
7383,60.71,56.337
7384,10.417,7.4085
7385,82.234,-21.9
7386,0.75688,-13.359
7387,-24.439,65.424
7388,84.797,-10.557
7389,-13.774,28.397
7390,-72.153,14.412
7391,25.048,69.589
7392,-15.501,44.671
7393,4.4143,97.254
7394,-8.6925,95.242
7395,-5.0376,91.617
7396,-18.871,75.518
7397,37.009,49.92
7398,79.011,40.704
7399,-27.473,-17.353
7400,-82.247,-25.15
7401,-41.96,11.263
7402,-4.0409,67.885
7403,16.921,-29.186
7404,-59.672,30.28
7405,-13.22,-80.741
7406,-32.037,-18.877
7407,42.363,58.969
7408,-29.215,-21.406
7409,13.424,-15.282
7410,30.239,-53.683
7411,8.8373,-47.72
7412,14.08,-40.939
7413,20.405,-82.163
7414,4.4851,-18.59
7415,34.765,63.499
7416,-16.631,-78.975
7417,99.078,-61.074
7418,19.143,35.706
7419,15.372,-56.951
7420,88.56,-10.884
7421,-21.795,-70.7
7422,-13.804,-80.106
7423,61.433,42.339
7424,46.318,85.296
7425,27.65,55.16
7426,-32.317,23.599
7427,116.07,-16.778
7428,-17.444,-47.586
7429,56.664,50.619
7430,40.202,-78.525
7431,3.473,-12.506
7432,5.0998,80.027
7433,-8.5594,66.578
7434,-8.8757,0.36786
7435,-7.8007,80.819
7436,-41.233,-14.203
7437,44.722,80.378
7438,-86.791,-22.842
7439,-77.655,38.074
7440,11.027,69.285
7441,29.217,36.565
7442,40.195,78.59
7443,35.966,90.118
7444,-29.453,71.089
7445,-5.9122,66.449
7446,40.018,49.203
7447,-17.013,26.807
7448,107.41,-52.529
7449,-7.1401,-52.696
7450,2.6093,-16.765
7451,-82.078,35.17
7452,7.9622,-30.763
7453,58.323,46.895
7454,59.848,50.151
7455,31.175,26.101
7456,8.0005,-14.582
7457,-27.851,32.941
7458,-33.301,-8.791
7459,-70.002,-61.975
7460,-41.491,73.174
7461,-24.244,92.538
7462,-11.217,66.334
7463,-19.166,-73.212
7464,44.535,62.08
7465,-66.177,-60.315
7466,40.794,61.786
7467,15.628,98.017
7468,35.307,-55.547
7469,32.067,-6.2797
7470,46.017,85.241
7471,8.0468,57.194
7472,12.979,-6.9351
7473,11.871,74.421
7474,-9.2459,-75.284
7475,16.239,60.661
7476,44.05,80.38
7477,96.04,-60.167
7478,-31.871,30.34
7479,45.233,42.146
7480,-56.38,-32.74
7481,-51.181,-39.016
7482,-7.2247,-46.837
7483,116.06,-16.787
7484,-11.016,-64.737
7485,-16.378,-79.392
7486,-47.737,48.15
7487,-68.676,-60.641
7488,75.669,53.215
7489,52.398,-66.093
7490,88.723,-22.44
7491,-2.9716,-43.06
7492,-53.78,1.2941
7493,-18.169,89.819
7494,11.657,74.297
7495,21.245,24.994
7496,32.1,53.727
7497,-31.128,5.6692
7498,-19.021,-47.212
7499,0.68459,87.576
7500,45.441,75.644
7501,58.781,43.703
7502,54.805,-61.499
7503,27.947,36.864
7504,31.548,29.752
7505,0.94549,-5.6369
7506,-12.654,45.1
7507,58.631,48.168
7508,-22.733,10.46
7509,-66.638,-37.684
7510,62.393,-61.93
7511,45.214,-33.439
7512,-6.3844,0.4404
7513,-61.015,48.465
7514,-67.102,74.977
7515,-45.563,67.375
7516,35.169,-65.45
7517,-54.321,0.73697
7518,-70.131,35.851
7519,-14.5,25.849
7520,44.782,56.772
7521,-33.168,-19.106
7522,-67.823,-38.734
7523,29.634,-60.996
7524,15.566,-4.8246
7525,55.265,60.903
7526,28.014,-36.686
7527,11.544,-11.353
7528,-27.064,-19.724
7529,-55.895,39.58
7530,-9.1026,-34.212
7531,-41.978,76.134
7532,-11.559,70.169
7533,-30.634,91.269
7534,-51.278,52.268
7535,-24.286,92.451
7536,37.745,23.85
7537,52.832,79.063
7538,23.285,67.858
7539,-37.632,13.998
7540,16.151,53.568
7541,-28.468,55.48
7542,11.025,74.257
7543,-10.627,-66.829
7544,13.278,-17.903
7545,-43.153,-90.568
7546,8.4694,79.362
7547,15.015,59.4
7548,15.172,85.564
7549,-73.49,-63.594
7550,67.789,57.937
7551,74.654,13.811
7552,-14.356,24.997
7553,30.211,49.843
7554,-0.58028,20.388
7555,-46.44,65.97
7556,5.1558,54.441
7557,8.2845,72.111
7558,-35.161,-8.1041
7559,-66.362,-60.018
7560,-34.122,-2.7876
7561,-13.043,-38.231
7562,-17.886,-71.264
7563,-13.798,97.428
7564,37.242,-87.529
7565,-10.855,-66.892
7566,-32.326,71.401
7567,-29.992,62.14
7568,-51.043,84.015
7569,-37.865,29.68
7570,42.205,88.911
7571,-33.332,-18.866
7572,100.82,-58.978
7573,36.618,-20.551
7574,50.598,-3.5586
7575,7.3103,86.13
7576,33.984,-60.296
7577,33.66,-52.933
7578,-8.5299,-76.231
7579,-32.505,4.6831
7580,45.17,62.451
7581,12.948,-24.628
7582,32.456,91.291
7583,31.594,54.648
7584,30.001,50.801
7585,21.457,43.852
7586,29.131,93.547
7587,-28.44,-21.014
7588,50.353,78.51
7589,1.4479,45.155
7590,28.103,75.711
7591,11.536,32.167
7592,3.9949,-18.209
7593,54.762,47.443
7594,8.0323,-15.862
7595,-40.981,-40.49
7596,-27.241,86.97
7597,0.16135,27.041
7598,-49.408,87.263
7599,68.22,35.297
7600,-8.5342,2.5493
7601,88.707,-12.134
7602,23.738,-95.268
7603,27.728,78.498
7604,-63.156,67.878
7605,15.9,31.471
7606,34.077,-32.695
7607,16.512,56.112
7608,-25.314,30.756
7609,-24.521,53.265
7610,-53.877,-0.42425
7611,34.278,-27.574
7612,77.865,-37.396
7613,-21.017,-85.963
7614,3.7659,78.986
7615,83.168,-16.522
7616,-10.351,-66.15
7617,21.555,-4.3803
7618,18.107,51.867
7619,7.7859,-17.559
7620,18.95,74.897
7621,-68.601,-31.969
7622,78.326,23.272
7623,-30.563,-52.587
7624,64.172,43.536
7625,-35.679,64.156
7626,-36.126,-13.912
7627,-28.492,-21.02
7628,-10.347,4.1452
7629,2.309,13.685
7630,50.003,-56.625
7631,54.128,-56.917
7632,-37.061,68.302
7633,26.533,35.962
7634,48.245,-85.301
7635,29.857,76.376
7636,21.686,26.097
7637,33.142,40.714
7638,-9.8485,-70.784
7639,7.1103,-0.46861
7640,-36.69,-6.1368
7641,63.025,65.169
7642,26.369,61.398
7643,84.517,41.665
7644,-57.634,-33.74
7645,33.716,43.239
7646,21.629,27.615
7647,29.905,-63.973
7648,33.691,40.652
7649,13.862,57.068
7650,56.521,46.945
7651,75.037,53.371
7652,-67.841,57.981
7653,-56.293,-28.755
7654,48.503,-66.102
7655,35.803,-63.963
7656,23.27,41.206
7657,3.5019,-17.884
7658,-3.3112,66.967
7659,-81.739,-37.601
7660,6.9697,59.283
7661,10.621,73.027
7662,6.6053,-0.077766
7663,38.758,49.381
7664,64.49,27.935
7665,-24.83,12.36
7666,-8.312,12.639
7667,-28.44,-21.543
7668,-66.488,-62.499
7669,38.722,-31.294
7670,4.7696,-60.192
7671,9.6473,-2.4937
7672,56.162,40.844
7673,8.5491,-1.1254
7674,-21.332,20.978
7675,-30.965,12.539
7676,29.777,88.018
7677,45.244,62.59
7678,0.41489,-82.17
7679,24.237,-92.024
7680,0.46234,-60.099
7681,82.473,27.292
7682,-4.8579,92.982
7683,-43.062,-3.7772
7684,71.255,54.06
7685,19.313,36.763
7686,-34.532,3.3667
7687,-20.103,87.05
7688,6.8026,76.749
7689,-19.493,89.656
7690,-14.993,-24.486
7691,1.8324,-17.657
7692,-4.5806,67.238
7693,-34.283,-0.76139
7694,27.074,-67.986
7695,-14.725,26.615
7696,32.509,-67.075
7697,11.05,-12.079
7698,23.145,97.079
7699,13.863,38.085
7700,24.853,73.29
7701,-28.319,-21.532
7702,-63.581,-63.346
7703,-35.793,-33.358
7704,-15.725,-53.39
7705,19.315,-77.553
7706,-5.6504,68.356
7707,-36.072,68.394
7708,2.8026,94.178
7709,-42.5,75.889
7710,22.083,43.136
7711,11.299,46.097
7712,9.9571,46.368
7713,-12.74,100.98
7714,4.1848,34.486
7715,-43.412,5.7514
7716,90.925,-11.91
7717,37.459,-30.729
7718,-52.455,78.682
7719,10.903,10.564
7720,15.062,79.908
7721,12.381,-11.314
7722,65.743,47.256
7723,6.1827,77.014
7724,-64.354,27.053
7725,-3.9157,30.487
7726,-25.377,28.076
7727,-34.791,27.919
7728,-4.2857,32.219
7729,-78.896,-55.777
7730,29.046,35.542
7731,-8.5505,-66.244
7732,-69.221,69.63
7733,-25.233,-95.67
7734,-87.472,-22.476
7735,-85.69,21.532
7736,-14.676,26.365
7737,-64.694,-34.972
7738,0.74888,-12.495
7739,48.033,-90.75
7740,-34.364,71.494
7741,-13.133,26.14
7742,-19.467,14.845
7743,-10.332,85.016
7744,-28.036,-17.767
7745,17.759,35.879
7746,17.678,-34.856
7747,19.823,-34.723
7748,-42.535,87.68
7749,8.0908,58.381
7750,21.276,-8.6475
7751,-60.706,-34.393
7752,47.293,-8.9678
7753,34.304,29.636
7754,13.3,73.614
7755,-48.899,-89.226
7756,39.985,24.018
7757,-6.9892,26.503
7758,0.39456,81.249
7759,37.188,49.743
7760,72.755,26.128
7761,-60.021,44.539
7762,58.471,76.037
7763,-4.795,20.46
7764,-3.4643,67.595
7765,-58.625,66.645
7766,-66.052,63.72
7767,72.155,81.647
7768,-33.841,51.958
7769,-82.058,-37.832
7770,-33.56,67.009
7771,-60.32,79.959
7772,-12.052,67.003
7773,57.536,61.124
7774,27.87,76.144
7775,12.805,-5.5268
7776,-1.088,36.589
7777,12.659,17.574
7778,-9.2592,69.664
7779,-29.317,-92.934
7780,49.12,-55.44
7781,36.598,29.039
7782,24.619,-17.834
7783,8.4379,-46.004
7784,7.741,-19.978
7785,-45.64,5.5242
7786,13.166,-10.844
7787,56.934,62.535
7788,69.71,41.671
7789,64.848,88.379
7790,20.609,-8.5277
7791,9.0468,-2.7892
7792,-77.638,58.062
7793,-4.9381,37.57
7794,-29.808,94.039
7795,-72.247,-74.574
7796,-28.432,-20.983
7797,-65.675,-60.297
7798,85.769,33.894
7799,-2.5559,19.81
7800,-22.477,-61.394
7801,-57.653,71.858
7802,-33.475,-58.001
7803,-47.87,78.666
7804,65.413,87.898
7805,74.224,30.006
7806,-100.83,19.999
7807,-64.039,73.593
7808,49.415,53.942
7809,7.8803,-14.377
7810,15.243,-10.803
7811,23.109,13.323
7812,9.8391,78.415
7813,-89.922,5.3473
7814,-58.031,0.14765
7815,69.708,-12.321
7816,98.589,52.426
7817,36.768,-20.239
7818,36.767,-53.145
7819,36.402,66.641
7820,-42.969,-43.241
7821,-49.115,36.037
7822,77.936,-38.519
7823,32.232,-86.902
7824,34.937,16.181
7825,58.718,48.192
7826,55.433,41.244
7827,68.088,-61.522
7828,16.212,-3.1943
7829,-9.2174,91.698
7830,-28.392,-20.403
7831,95.601,44.232
7832,-33.539,39.26
7833,-47.337,6.639
7834,4.7022,-46.805
7835,57.166,-66.487
7836,-22.741,-64.158
7837,-20.659,88.903
7838,6.951,70.375
7839,7.7915,-10.603
7840,52.62,41.896
7841,-21.827,-69.118
7842,-39.635,-13.627
7843,-79.752,-66.602
7844,93.946,-62.147
7845,-60.734,-19.325
7846,-54.921,60.461
7847,-41.93,-1.8698
7848,36.584,-85.228
7849,26.471,-72.164
7850,10.3,-41.244
7851,41.701,37.759
7852,14.868,59.859
7853,2.1342,70.992
7854,7.1294,14.604
7855,109.95,4.1427
7856,44.463,56.921
7857,24.819,75.372
7858,115.9,-16.79
7859,31.012,-23.454
7860,-45.592,7.2444
7861,-3.9669,28.513
7862,74.395,52.134
7863,73.453,52.487
7864,-105.13,-10.598
7865,38.631,-56.694
7866,5.9662,79.373
7867,21.07,93.991
7868,17.432,76.994
7869,-10.243,30.192
7870,-66.203,73.433
7871,-14.596,77.624
7872,64.454,64.44
7873,-46.412,-33.956
7874,25.802,93.147
7875,14.393,58.071
7876,8.8374,74.695
7877,15.507,-45.47
7878,-18.732,17.65
7879,-31.253,12.343
7880,16.852,35.063
7881,34.72,-19.145
7882,35.953,-9.1305
7883,30.558,27.17
7884,-62.935,-89.09
7885,-29.572,11.428
7886,-44.487,84.287
7887,115.89,-16.788
7888,7.4441,-76.585
7889,-7.5519,54.519
7890,-41.27,-69.112
7891,-47.353,48.747
7892,-35.213,-2.5442
7893,61.936,53.641
7894,65.015,89.108
7895,-42.436,3.4746
7896,-41.497,1.7613
7897,84.269,41.95
7898,-18.523,-83.704
7899,-8.788,43.3
7900,44.215,81.779
7901,36.844,84.869
7902,84.347,39.263
7903,16.584,40.857
7904,46.883,-86.702
7905,3.3892,17.11
7906,-36.918,-59.835
7907,-12.234,36.649
7908,-64.685,73.52
7909,-49.381,71.515
7910,7.4146,-0.77575
7911,16.594,59.553
7912,1.9475,41.374
7913,-28.382,-20.513
7914,-59.707,-66.721
7915,5.9136,96.393
7916,3.3115,61.824
7917,-11.705,100.51
7918,49.983,-29.585
7919,17.49,47.648
7920,10.539,79.399
7921,-42.534,-14.454
7922,69.148,26.459
7923,-65.828,-60.606
7924,-69.195,-59.881
7925,-38.815,13.388
7926,-61.539,25.028
7927,-6.9734,26.469
7928,-10.933,67.2
7929,-20.908,-85.541
7930,-15.093,-21.684
7931,-31.96,72.415
7932,40.504,84.547
7933,-78.083,-68.226
7934,-88.18,62.46
7935,-64.295,-38.991
7936,-9.5926,-39.335
7937,67.221,-11.255
7938,44.726,-43.099
7939,41.98,-66.459
7940,9.0664,79.361
7941,-10.928,67.14
7942,-6.7984,13.6
7943,44.713,62.163
7944,19.964,18.068
7945,58.347,-6.653
7946,-38.449,14.464
7947,9.7029,77.208
7948,17.059,58.755
7949,2.7524,74.286
7950,38.267,-40.226
7951,-21.768,16.807
7952,66.816,71.04
7953,53.339,36.456
7954,-35.219,-8.1399
7955,14.603,55.864
7956,41.978,23.84
7957,-40.068,78.988
7958,63.4,39.356
7959,-38.876,68.727
7960,-24.186,69.168
7961,39.13,82.26
7962,-49.855,23.723
7963,-40.108,-11.798
7964,-53.869,31.332
7965,18.913,51.916
7966,8.8649,38.352
7967,-98.813,-14.708
7968,-97.044,54.645
7969,67.424,-47.475
7970,-43.247,0.48103
7971,13.223,79.117
7972,17.035,3.3498
7973,2.3995,93.69
7974,-21.712,91.75
7975,-41.06,-5.0468
7976,-15.609,24.719
7977,-81.84,-55.346
7978,-95.924,53.554
7979,-52.476,51.438
7980,51.129,-47.505
7981,-13.234,-53.156
7982,81.326,-16.716
7983,14.013,53.976
7984,-62.931,74.352
7985,28.791,35.242
7986,34.138,51.851
7987,44.712,56.821
7988,-20.273,-23.415
7989,57.368,-67.821
7990,37.752,78.95
7991,1.9376,39.014
7992,55.264,-17.156
7993,-14.333,24.71
7994,-96.455,-46.985
7995,69.175,-60.782
7996,55.502,-57.233
7997,37.662,82.693
7998,-11.609,-86.072
7999,-68.127,74.132
8000,15.336,58.824
8001,9.5263,67.857
8002,5.1599,24.07
8003,42.384,87.275
8004,29.436,-22.066
8005,38.976,-31.529
8006,-28.829,40.051
8007,-19.647,-81.707
8008,15.424,-7.6364
8009,-31.907,90.958
8010,-3.0341,-75.277
8011,9.2257,67.282
8012,-26.774,93.557
8013,6.5891,68.461
8014,-72.631,-64.797
8015,-41.132,-23.993
8016,115.95,-16.654
8017,-72.306,-29.719
8018,5.99,-46.419
8019,69.885,-34.701
8020,-17.33,66.828
8021,-48.267,80.383
8022,4.8883,78.024
8023,-68.419,70.585
8024,33.977,-57.968
8025,-85.074,-23.987
8026,-51.554,-54.412
8027,71.896,48.463
8028,-0.7813,42.011
8029,4.43,-30.309
8030,-49.98,77.261
8031,-20.055,-35.494
8032,17.004,-11.554
8033,32.96,76.339
8034,-80.935,-12.856
8035,-61.733,-64.307
8036,36.873,50.095
8037,19.95,84.139
8038,-25.955,38.433
8039,-4.5919,21.085
8040,50.462,50.327
8041,6.4837,84.392
8042,10.889,-9.4069
8043,21.004,24.721
8044,41.039,16.934
8045,-34.577,-22.124
8046,89.217,-12.784
8047,35.843,22.475
8048,13.128,-4.2704
8049,-9.711,-73.7
8050,-25.613,75.21
8051,33.807,76.421
8052,15.921,-15.489
8053,4.5803,69.764
8054,-39.27,75.77
8055,-42.003,73.293
8056,-21.545,9.8789
8057,21.656,25.74
8058,-80.988,-11.241
8059,22.001,-96.791
8060,-13.025,13.075
8061,-18.924,50.076
8062,87.273,46.059
8063,37.998,4.6455
8064,-3.1764,41.859
8065,60.86,42.696
8066,-35.086,65.958
8067,60.327,59.604
8068,28.853,93.731
8069,36.137,-18.369
8070,86.065,-5.646
8071,-8.2002,44.403
8072,3.8193,61.288
8073,-31.847,72.363
8074,-30.67,66.252
8075,107.41,-52.523
8076,74.848,13.731
8077,109.95,4.1428
8078,-85.526,-26.036
8079,-7.3595,-88.781
8080,7.4553,-15.167
8081,86.367,34.787
8082,41.381,-31.68
8083,1.2021,60.603
8084,-50.562,81.291
8085,47.516,-51.351
8086,-18.022,-14.004
8087,-36.408,-18.205
8088,4.1189,79.635
8089,14.539,55.786
8090,-19.392,35.368
8091,-52.55,-33.14
8092,44.701,60.082
8093,-35.003,-1.27
8094,-80.969,-35.638
8095,38.958,-31.076
8096,22.723,47.618
8097,36.906,74.055
8098,-71.643,49.768
8099,13.026,8.9388
8100,-26.843,-78.166
8101,79.896,49.954
8102,20.555,-55.612
8103,-26.533,-102.7
8104,47.96,-78.814
8105,44.53,-76.169
8106,-32.375,3.4529
8107,12.63,76.103
8108,-20.311,-87.924
8109,3.1081,-11.582
8110,8.364,-16.762
8111,-32.125,74.343
8112,27.843,-51.843
8113,-14.823,74.775
8114,-78.905,-60.495
8115,116.01,-16.649
8116,60.529,-64.062
8117,36.423,-67.133
8118,-23.382,-74.517
8119,-24.497,91.748
8120,-59.904,32.039
8121,-13.685,-75.03
8122,53.983,50.844
8123,-45.704,45.696
8124,-75.671,-51.755
8125,-77.829,-68.523
8126,-39.412,-22.306
8127,72.328,-16.691
8128,1.9051,74.395
8129,0.38,101.86
8130,-4.5795,28.583
8131,115.94,-16.651
8132,32.616,20.194
8133,-22.523,-61.833
8134,-96.918,-46.847
8135,115.97,-16.649
8136,46.075,55.09
8137,-13.936,66.451
8138,-15.342,-21.676
8139,6.8898,-12.396
8140,69.522,30.781
8141,-41.339,84.27
8142,-88.18,62.46
8143,38.509,3.9842
8144,-24.427,93.95
8145,45.079,60.547
8146,-14.764,25.999
8147,43.949,-60.168
8148,21.521,-37.71
8149,11.974,-10.496
8150,-0.90083,26.482
8151,0.35229,40.738
8152,38.346,36.777
8153,3.1492,84.597
8154,-9.3491,-87.852
8155,44.052,-56.142
8156,52.965,63.397
8157,21.409,81.942
8158,-54.121,18.07
8159,-11.13,-77.583
8160,-15.593,-65.799
8161,14.333,58.275
8162,-17.746,38.119
8163,-81.185,-36.873
8164,-14.673,-44.066
8165,87.626,-21.647
8166,-5.0764,19.836
8167,-0.47149,54.271
8168,15.424,85.134
8169,-10.852,-71.292
8170,30.292,84.564
8171,8.0177,80.742
8172,40.719,84.624
8173,-6.8368,82.443
8174,-15.894,24.94
8175,-33.303,-18.852
8176,60.715,-63.082
8177,4.7981,-12.797
8178,36.232,89.957
8179,77.397,-3.5055
8180,40.39,-57.594
8181,-33.411,90.092
8182,-9.9296,-66.016
8183,-19.065,-83.955
8184,-36.502,-9.2978
8185,-19.336,19.778
8186,-13.617,99.808
8187,109.95,4.1429
8188,-8.2044,62.414
8189,48.483,-86.719
8190,-18.398,-82.741
8191,-14.015,-2.4976
8192,28.408,36.637
8193,-49.295,31.281
8194,99.174,-62.972
8195,-28.485,-21.154
8196,65.026,88.518
8197,28.768,0.82092
8198,-9.996,66.833
8199,14.321,80.355
8200,13.239,76.232
8201,-71.598,-37.233
8202,102.15,-56.672
8203,-71.303,-42.888
8204,42.763,33.206
8205,-11.204,66.781
8206,80.47,41.12
8207,40.927,61.734
8208,61.626,-61.148
8209,47.058,-30.216
8210,-15.833,-29.423
8211,43.083,76.694
8212,10.811,31.908
8213,15.038,85.912
8214,-14.041,91.657
8215,8.8673,77.131
8216,-58.124,56.613
8217,-76.644,54.84
8218,-62.921,64.674
8219,-67.589,-62.077
8220,109.95,4.1448
8221,-57.159,32.909
8222,-21.763,89.637
8223,31.413,43.681
8224,33.1,64.869
8225,7.8558,84.383
8226,-51.022,-38.959
8227,5.428,54.508
8228,-84.145,-23.464
8229,-81.804,-38.611
8230,-3.6809,93.688
8231,-15.444,-80.238
8232,-9.1443,29.835
8233,32.613,86.855
8234,-42.576,8.0619
8235,0.025237,75.642
8236,-19.635,-82.3
8237,-73.906,-65.427
8238,88.68,29.714
8239,91.817,35.722
8240,43.186,-78.617
8241,-12.002,-93.36
8242,30.442,-43.452
8243,10.549,-0.88395
8244,-19.001,86.283
8245,10.156,-1.5722
8246,26.817,17.348
8247,31.701,-61.391
8248,-28.103,33.524
8249,-66.103,24.256
8250,92.425,61.315
8251,-8.6175,-90.855
8252,-5.6536,66.404
8253,31.399,75.074
8254,-6.9101,60.293
8255,14.692,47.558
8256,30.909,86.287
8257,-18.575,18.323
8258,31.273,6.8142
8259,43.641,61.272
8260,74.247,47.008
8261,-29.723,-19.195
8262,-44.006,2.8222
8263,3.9464,29.62
8264,-69.786,56.802
8265,36.828,50.836
8266,-42.346,-23.044
8267,58.588,-58.934
8268,78.24,-49.788
8269,-35.302,71.707
8270,-42.099,74.526
8271,-84.93,-7.0754
8272,35.455,78.047
8273,-11.894,101.24
8274,-11.299,-63.049
8275,-36.611,-10.24
8276,0.97676,59.462
8277,55.821,-60.461
8278,37.002,-32.56
8279,3.6369,19.103
8280,3.7261,78.612
8281,-3.94,67.937
8282,-0.41681,68.707
8283,-72.106,-26.975
8284,-56.423,-29.096
8285,52.927,56.133
8286,71.937,32.872
8287,81.271,50.153
8288,55.189,42.204
8289,-0.13382,88.642
8290,33.969,55.642
8291,35.045,-59.708
8292,-23.129,-73.27
8293,-22.153,-87.861
8294,11.302,-3.8951
8295,-23.433,89.832
8296,-69.855,66.82
8297,-65.241,77.454
8298,-33.813,8.0068
8299,-64.702,-35.231
8300,96.283,-59.258
8301,-14.202,23.569
8302,79.644,-15.482
8303,46.549,2.516
8304,32.431,-79.665
8305,-17.297,62.217
8306,30.739,74.057
8307,12.986,-7.0826
8308,-0.099902,78.923
8309,17.472,75.756
8310,20.863,77.954
8311,-0.44436,88.587
8312,25.693,72.83
8313,38.126,22.95
8314,-19.835,62.394
8315,-32.056,72
8316,-32.133,90.775
8317,10.093,72.887
8318,-19.056,11.926
8319,-32.754,23.197
8320,73.888,51.084
8321,68.006,54.289
8322,-71.387,-37.469
8323,-14.001,53.806
8324,-58.259,76.85
8325,2.2661,55.607
8326,11.284,-55.392
8327,29.321,77.164
8328,-2.9626,102.14
8329,99.058,49.13
8330,-52.774,18.726
8331,-97.202,-46.767
8332,-7.1413,67.121
8333,92.429,-58.082
8334,43.591,61.64
8335,88.34,-21.621
8336,46.822,-2.0007
8337,53.387,-57.984
8338,-10.618,-39.107
8339,73.13,49.266
8340,-12.349,-65.251
8341,28.556,76.522
8342,30.589,-57.354
8343,-29.038,-18.377
8344,13.949,-87.824
8345,1.1341,88.877
8346,-36.47,-18.461
8347,-88.197,44.147
8348,-81.497,-29.812
8349,32.202,-18.599
8350,-8.7578,-65.375
8351,9.4049,67.919
8352,8.7807,75.831
8353,-5.5441,42.601
8354,-68.822,-67.446
8355,53.003,81.169
8356,-57.986,28.407
8357,38.514,-30.518
8358,43.349,-59.338
8359,34.526,-46.509
8360,5.9514,0.20076
8361,-19.776,88.622
8362,63.147,53.1
8363,-33.973,70.353
8364,-36.109,-8.9792
8365,5.348,39.137
8366,25.237,-61.407
8367,5.5493,84.448
8368,18.507,60.134
8369,11.858,-11.742
8370,4.9185,78.635
8371,-20.677,-75.722
8372,0.99948,100.86
8373,115.99,-16.646
8374,-7.6488,-41.141
8375,63.55,-54.271
8376,6.209,78.578
8377,-7.9279,-76.936
8378,-24.416,92.413
8379,3.2124,84.527
8380,-13.104,67.827
8381,11.577,-10.955
8382,-35.119,14.344
8383,-71.86,-43.699
8384,33.353,25.074
8385,47.714,28.357
8386,-15.7,-24.342
8387,-10.362,-65.673
8388,-89.462,24.155
8389,-31.077,-3.2098
8390,-3.7241,39.675
8391,35.082,51.813
8392,-72.489,-64.413
8393,-16.471,-79.198
8394,76.175,-77.531
8395,116.07,-16.778
8396,61.541,57.286
8397,32.641,52.615
8398,-80.562,-30.667
8399,3.5782,18.005
8400,-38.729,72.854
8401,5.9565,-17.907
8402,-18.337,66.668
8403,4.1399,56.884
8404,-11.404,-75.327
8405,7.719,33.251
8406,22.1,79.211
8407,-7.8312,4.6162
8408,45.771,-92.617
8409,34.938,40.359
8410,-51.582,63.941
8411,29.602,74.365
8412,9.6115,76.788
8413,-14.566,53.964
8414,-11.289,0.77329
8415,23.579,76.76
8416,-60.176,24.083
8417,-72.857,58.555
8418,102.53,-57.751
8419,57.893,56.148
8420,-85.53,-25.842
8421,-86.392,-42.154
8422,43.406,-58.911
8423,7.8779,-52.053
8424,-20.252,69.091
8425,58.181,43.669
8426,9.9547,76.691
8427,-18.357,-85.559
8428,-46.674,-23.28
8429,-74.128,-31.999
8430,31.527,-48.407
8431,15.53,38.874
8432,-16.751,-29.497
8433,-33.25,3.0126
8434,92.139,-59.415
8435,47.742,-77.738
8436,43.8,-83.049
8437,-35.973,8.5723
8438,-16.026,25.061
8439,44.912,-34.493
8440,14.545,59.479
8441,-48.332,51.698
8442,-34.237,65.641
8443,45.69,38.09
8444,6.6784,-17.883
8445,-13.966,-66.948
8446,36.483,48.238
8447,-47.404,49.423
8448,-58.947,-31.004
8449,-68.692,-67.393
8450,94.242,59.367
8451,-85.887,15.221
8452,82.16,43.133
8453,-9.1907,4.3678
8454,63.917,8.184
8455,1.5414,12.136
8456,46.373,73.27
8457,3.8768,-15.363
8458,9.6021,-3.1334
8459,-26.904,-74.266
8460,53.703,81.365
8461,86.16,43.737
8462,51.773,-51.328
8463,10.863,49.796
8464,33.704,63.737
8465,28.41,43.883
8466,-9.9477,66.665
8467,14.066,-14.382
8468,-20.925,-73.229
8469,36.294,90.225
8470,61.29,45.707
8471,-33.283,-19.532
8472,-31.472,11.202
8473,74.965,12.022
8474,-88.597,20.49
8475,61.151,-56.547
8476,14.012,-13.019
8477,12.813,0.2248
8478,-58.444,16.363
8479,-3.5554,67.98
8480,0.73617,89.69
8481,-68.247,-59.427
8482,-5.3356,97.732
8483,6.1239,49.103
8484,46.262,-15.798
8485,26.261,-47.991
8486,13.858,-47.535
8487,35.247,81.463
8488,46.499,80.879
8489,91.991,-60.382
8490,-78.904,-60.695
8491,6.5401,36.834
8492,3.4246,22.122
8493,33.518,77.854
8494,28.482,43.734
8495,7.123,76.103
8496,-10.724,-78.898
8497,-39.451,-6.3747
8498,-88.102,62.434
8499,-78.208,-68.479
8500,-72.609,-58.781
8501,6.9516,97.395
8502,-88.368,-23.144
8503,43.756,18.207
8504,-8.8612,-70.222
8505,10.563,-1.2208
8506,-12.04,67.737
8507,-18.158,66.829
8508,-0.2524,56.12
8509,15.767,55.834
8510,-77.119,-67.845
8511,-9.4203,-0.32015
8512,76.416,23.634
8513,50.533,-52.14
8514,-14.835,-74.446
8515,-56.865,-37.746
8516,-60.045,-15.31
8517,-60.49,-13.607
8518,1.2043,89.313
8519,91.467,-11.984
8520,-6.9235,-92.818
8521,52.823,24.728
8522,-16.159,88.526
8523,51.128,43.869
8524,-19.86,92.799
8525,14.119,80.517
8526,-5.477,42.171
8527,-52.274,-40.02
8528,-63.97,-36.954
8529,98.536,47.064
8530,-61.006,-33.698
8531,-25.091,-91.532
8532,-19.801,88.451
8533,-4.1055,68.799
8534,-15.935,98.651
8535,-29.473,62.486
8536,44.534,87.778
8537,-46.393,26.151
8538,-81.12,-30.767
8539,-41.456,-20.728
8540,-72.81,-64.813
8541,-59.295,-15.186
8542,35.159,63.559
8543,-46.07,-33.104
8544,-18.439,89.85
8545,18.584,40.053
8546,-22.779,-89.128
8547,-57.729,22.937
8548,7.5242,88.844
8549,-65.443,-59.044
8550,-92.962,-48.306
8551,46.622,51.845
8552,32.903,50.706
8553,-80.887,-33.614
8554,29.418,-18.8
8555,-17.759,-81.839
8556,-39.318,52.822
8557,-10.12,-70.717
8558,11.877,74.248
8559,15.329,85.451
8560,-22.499,-85.482
8561,41.455,86.84
8562,-10.007,-3.3425
8563,31.708,-8.4812
8564,20.29,-6.6182
8565,14.674,58.029
8566,12.852,28.292
8567,8.8755,-1.9492
8568,14.587,47.887
8569,-51.741,-38.419
8570,-31.874,3.3146
8571,-68.946,-61.562
8572,-82.022,-30.404
8573,45.094,62.485
8574,96.413,44.573
8575,-93.474,-48.165
8576,44.045,-9.0745
8577,16.24,-28.916
8578,3.8141,-49.412
8579,-13.357,-27.855
8580,14.339,57.742
8581,-20.685,-68.689
8582,-12.129,-75.167
8583,-4.3915,67.867
8584,-24.926,1.0288
8585,-39.138,15.87
8586,-11.73,-6.8943
8587,37.069,-1.5286
8588,-3.4993,79.496
8589,58.485,46.662
8590,60.496,75.315
8591,-4.5277,-77.34
8592,75.455,-3.8518
8593,41.811,50.759
8594,-3.029,67.924
8595,13.78,53.062
8596,8.2696,80.093
8597,-1.7516,37.335
8598,-55.295,-33.048
8599,-82.818,21.186
8600,87.699,45.211
8601,39.773,-31.949
8602,53.681,-80.851
8603,-10.468,-66.957
8604,-17.954,-26.701
8605,18.121,-9.714
8606,-46.385,6.101
8607,116,-16.648
8608,2.4876,9.6463
8609,-34.597,-59.857
8610,64.013,15.926
8611,-31.746,2.8069
8612,29.803,76.139
8613,-11.635,-80.396
8614,-58.839,35.188
8615,-25.498,94.148
8616,28.476,77.768
8617,-16.084,25.464
8618,-70.677,-56.764
8619,-19.081,18.449
8620,91.109,-60.048
8621,-9.9319,-3.332
8622,-96.446,-46.988
8623,-10.316,-69.262
8624,-14.709,60.973
8625,-3.4788,69.208
8626,50.171,-70.854
8627,55.56,54.501
8628,-12.312,-54.481
8629,-68.06,54.689
8630,-15.427,12.225
8631,-21.588,3.2196
8632,-5.4208,-77.454
8633,-10.801,67.096
8634,-14.089,-56.133
8635,39.108,54.302
8636,-8.2822,75.044
8637,44.805,5.5385
8638,83.605,-35.124
8639,-41.51,74.226
8640,9.8648,13.698
8641,27.928,35.253
8642,8.1135,-8.0437
8643,95.639,-59.864
8644,-16.912,18.053
8645,-37.322,31.811
8646,-80.998,-35.762
8647,-35.54,65.281
8648,-33.867,-59.364
8649,-19.985,-23.897
8650,74.406,47.217
8651,14.988,57.972
8652,32.375,42.692
8653,-20.593,9.152
8654,72.562,46.217
8655,78.783,45.984
8656,-76.888,-58.074
8657,13.796,-9.1447
8658,17.075,48.259
8659,-36.714,65.568
8660,-58.314,73.427
8661,-39.467,75.063
8662,-70.032,56.908
8663,-51.84,-38.335
8664,46.559,-2.4451
8665,87.419,-6.3011
8666,5.6782,76.811
8667,18.141,-36.074
8668,0.42109,26.668
8669,10.642,74.627
8670,7.2133,-15.081
8671,4.0935,0.040687
8672,-32.772,23.204
8673,-33.998,2.3606
8674,106.03,-55.321
8675,-57.908,-33.237
8676,60.276,-68.285
8677,-24.751,92.746
8678,14.288,58.048
8679,5.9325,79.95
8680,-8.8064,-77.043
8681,37.656,79.223
8682,31.086,91.193
8683,46.887,50.753
8684,-71.223,-37.549
8685,47.473,-79.952
8686,2.4025,64.297
8687,36.248,63.568
8688,-0.89492,39.467
8689,16.686,84.348
8690,63.7,87.052
8691,-16.594,78.261
8692,-89.089,24.753
8693,-3.832,17.404
8694,-2.0554,28.064
8695,-47.622,-13.223
8696,-53.041,0.0068767
8697,101.16,-57.109
8698,74.602,25.833
8699,-19.211,18.356
8700,115.96,-16.648
8701,57.61,-35.002
8702,17.653,8.828
8703,48.356,-87.776
8704,44.417,-56.228
8705,-19.037,-25.705
8706,9.9354,67.473
8707,38.688,52.528
8708,71.862,38.135
8709,60.822,52.823
8710,42.354,-46.678
8711,59.547,50.819
8712,-8.5496,65.265
8713,-35.35,-57.892
8714,-4.1431,17.952
8715,27.214,79.72
8716,19.882,0.59057
8717,38.284,-40.053
8718,-25.386,94.041
8719,-7.7183,14.14
8720,-6.9862,13.522
8721,115.95,-16.652
8722,13.536,54.099
8723,-36.1,70.218
8724,-21.35,-35.279
8725,-12.73,-2.374
8726,80.942,42.983
8727,-42.205,-20.415
8728,-60.157,51.109
8729,-81.347,-40.44
8730,38.92,22.346
8731,43.022,-29.725
8732,-9.9949,-86.425
8733,74.074,25.892
8734,36.004,50.735
8735,-9.8979,-6.0615
8736,56.238,8.741
8737,11.362,-56.228
8738,78.629,-4.8413
8739,-42.602,75.925
8740,-5.8072,48.314
8741,82.493,26.874
8742,-41.013,72.632
8743,-9.4812,44.172
8744,-68.522,74.221
8745,-69.095,-61.065
8746,93.784,-57.859
8747,83.059,31.846
8748,29.449,48.587
8749,52.006,4.7409
8750,15.054,60.009
8751,-36.173,71.641
8752,5.8648,-17.563
8753,-20.305,-23.203
8754,-65.939,-62.533
8755,56.808,73.843
8756,91.449,-59.836
8757,-82.055,-37.965
8758,-10.475,-75.507
8759,25.667,-40.951
8760,38.534,86.102
8761,6.3631,24.674
8762,38.134,33.878
8763,-0.454,37.603
8764,-86.625,-23.008
8765,75.959,28.405
8766,16.557,63.546
8767,12.899,-18.072
8768,5.1114,77.485
8769,-24.947,27.399
8770,4.6526,70.102
8771,-56.677,-67.702
8772,56.744,-35.139
8773,51.168,77.855
8774,54.6,-65.332
8775,41.317,-31.485
8776,49.239,-67.473
8777,-42.636,80.541
8778,32.565,-62.714
8779,4.7072,51.395
8780,-37.232,78.336
8781,8.2581,79.588
8782,-10.419,-93.679
8783,71.356,-85.788
8784,16.25,63.687
8785,-51.245,-28.271
8786,50.629,77.554
8787,-15.295,-79.182
8788,-6.1711,19.347
8789,39.767,-40.587
8790,-13.515,-55.027
8791,-68.89,-60.533
8792,70.797,31.614
8793,-3.0765,-38.954
8794,54.165,-56.775
8795,48.109,-84.861
8796,-33.83,74.642
8797,15.817,-8.0111
8798,0.96173,-5.6462
8799,-19.369,-36.25
8800,16.073,-6.9632
8801,-35.089,83.769
8802,5.3028,67.105
8803,0.40132,15.087
8804,66.239,53.526
8805,-44.295,68.192
8806,-29.492,93.791
8807,46.723,85.31
8808,17.772,76.252
8809,-74.215,-65.571
8810,93.428,-58.241
8811,115.98,-16.646
8812,46.543,2.6877
8813,90.47,-19.052
8814,57.385,-58.958
8815,68.419,-52.518
8816,68.739,-49.543
8817,36.224,-68.012
8818,37.832,81.475
8819,14.653,57.207
8820,-46.543,-51.043
8821,25.1,97.45
8822,-29.359,55.618
8823,-79.943,-65.425
8824,10.012,-19.22
8825,44.879,21.62
8826,32.637,43.857
8827,10.758,87.847
8828,71.732,85.084
8829,-17.374,-83.949
8830,26.261,-95.285
8831,16.811,-75.816
8832,4.8496,63.64
8833,8.9703,15.275
8834,-1.1458,42.006
8835,11.751,45.428
8836,-81.626,-28.113
8837,-31.752,95.512
8838,-96.422,54.319
8839,-77.035,-52.113
8840,-42.823,-42.15
8841,-70.066,-24.23
8842,-81.727,-39.789
8843,-12.929,-86.61
8844,-9.2559,27.259
8845,2.1091,-6.1018
8846,47.628,29.991
8847,83.455,45.951
8848,-73.593,18.928
8849,-28.194,-19.141
8850,40.91,61.943
8851,-8.5257,-95.359
8852,30.012,-64.76
8853,-18.181,89.767
8854,-51.711,55.965
8855,22.14,-77.959
8856,-59.561,61.616
8857,-32.087,89.97
8858,115.95,-16.65
8859,116,-16.651
8860,32.106,-23.895
8861,-36.8,65.318
8862,-3.3421,24.45
8863,-33.203,3.031
8864,-15.117,96.847
8865,-16.776,-6.7944
8866,-68.579,-60.264
8867,-28.402,-20.824
8868,-1.7075,-83.356
8869,30.048,-64.99
8870,-17.098,-29.583
8871,5.7413,84.607
8872,-40.148,78.973
8873,59.41,37.71
8874,-27.261,62.754
8875,-7.9981,14.159
8876,-14.548,26.006
8877,76.164,48.156
8878,57.892,48.43
8879,-25.738,-91.07
8880,-12.61,-85.92
8881,16.104,32.55
8882,90.087,34.896
8883,-13.636,44.011
8884,-12.765,98.648
8885,-15.637,95.43
8886,96.684,-64.627
8887,-80.839,-35.329
8888,42.601,-58.243
8889,56.457,50.031
8890,57.58,72.702
8891,-72.543,-58.819
8892,8.0079,79.687
8893,-75.069,32.989
8894,-17.147,-76.809
8895,-4.5304,67.847
8896,41.002,61.667
8897,41.77,61.411
8898,68.941,-38.081
8899,-21.273,-86.085
8900,19.157,-61.882
8901,58.893,51.021
8902,0.96183,-5.6607
8903,-10.999,66.865
8904,75.916,-33.656
8905,-28.326,-21.248
8906,115.93,-16.652
8907,-2.3216,-45.151
8908,4.7851,82.194
8909,2.0985,94.591
8910,-10.779,-0.65759
8911,86.346,44.11
8912,42.497,-73.108
8913,-14.405,-69.469
8914,-0.96965,-81.789
8915,28.552,-65.321
8916,-18.214,-22.124
8917,-25.168,-93.141
8918,-41.974,73.231
8919,-47.127,7.2306
8920,-14.878,-24.467
8921,37.021,87.755
8922,-78.313,-60.829
8923,-16.459,-34.651
8924,-61.522,28.755
8925,-5.838,-75.088
8926,8.5037,79.365
8927,-52.042,28.157
8928,26.485,99.34
8929,-28.517,-21.589
8930,79.331,42.082
8931,-39.356,-22.991
8932,87.665,-6.5373
8933,50.081,3.8577
8934,-4.0171,-38.303
8935,10.739,-22.547
8936,35.308,-64.18
8937,-11.498,-70.581
8938,-32.87,-30.774
8939,-26.022,24.399
8940,-74.306,-66.472
8941,-8.0072,14.415
8942,115.95,-16.647
8943,-80.527,-39.782
8944,42.887,-74.05
8945,50.173,-87.749
8946,-10.311,59.027
8947,30.953,42.3
8948,-20.333,-22.675
8949,-14.747,51.775
8950,-14.512,24.869
8951,75.072,0.83428
8952,-26.969,-10.126
8953,2.1946,38.897
8954,40.284,7.6192
8955,-52.974,-20.959
8956,-78.18,-68.286
8957,108.18,-52.959
8958,-29.068,-17.744
8959,87.11,-25.153
8960,-4.1852,66.742
8961,44.767,-32.151
8962,-3.8216,63.244
8963,11.491,-2.7591
8964,79.215,41.278
8965,-88.45,22.11
8966,39.962,14.823
8967,2.3402,54.602
8968,8.6742,67.956
8969,-30.543,67.517
8970,-27.554,-94.404
8971,-74.942,-66.125
8972,-72.038,-58.316
8973,16.853,57.128
8974,-69.079,-61.079
8975,41.694,-56.914
8976,-33.473,90.667
8977,-39.57,77.098
8978,4.7693,53.484
8979,40.915,83.291
8980,31.979,42.734
8981,69.781,29.527
8982,60.232,38.488
8983,16.185,83.174
8984,-21.059,-36.543
8985,73.041,89.093
8986,-15.62,27.163
8987,-88.198,44.145
8988,31.912,-19.219
8989,-4.2435,-26.134
8990,12.545,-14.176
8991,-8.1107,89.364
8992,-18.619,-84.25
8993,4.1799,-8.6402
8994,21.275,-10.562
8995,18.604,51.882
8996,-5.1781,22.24
8997,-67.024,20.317
8998,98.499,-59.21
8999,-81.728,-39.597
9000,74.631,-0.44013
9001,44.238,-56.112
9002,91.312,34.19
9003,-14.156,70.429
9004,14.743,59.391
9005,64.103,64.975
9006,26.958,89.188
9007,-73.826,-43.932
9008,-74.395,-64.647
9009,-45.739,0.31939
9010,9.0943,83.939
9011,17.75,50.77
9012,2.5762,-16.174
9013,-58.199,32.969
9014,-72.181,-58.513
9015,-96.577,51.867
9016,35.232,-35.866
9017,5.949,-5.5326
9018,6.1316,78.595
9019,-27.929,15.883
9020,-24.699,12.428
9021,-65.999,-60.526
9022,-61.861,66.763
9023,-80.932,-37.938
9024,-0.86261,-59.704
9025,41.311,86.921
9026,25.995,-60.326
9027,2.8315,76.43
9028,-17.242,68.089
9029,-61.49,-66.58
9030,-5.2595,101.42
9031,-96.752,51.537
9032,70.821,-58.378
9033,0.041072,9.6177
9034,88.508,-10.669
9035,28.037,-52.426
9036,75.174,0.86323
9037,28.745,75.647
9038,-33.74,-59.144
9039,12.069,-7.0353
9040,-11.142,-2.5932
9041,-58.968,-33.195
9042,-6.6041,61.32
9043,-15.965,-24.379
9044,7.3835,0.20726
9045,-11.144,-2.5886
9046,42.476,33.536
9047,-46.676,7.9977
9048,-36.867,65.147
9049,-7.682,56.084
9050,17.878,47.582
9051,30.736,22.768
9052,3.6816,78.704
9053,-15.31,54.508
9054,-80.953,-31.232
9055,76.951,-13.832
9056,-67.298,-69.373
9057,16.957,-48.892
9058,50.39,-3.668
9059,-25.503,67.345
9060,8.4161,-17.281
9061,-46.167,-39.466
9062,28.919,39.062
9063,-8.997,-6.9652
9064,41.54,-31.803
9065,28.235,-66.746
9066,24.407,-65.477
9067,-24.364,92.727
9068,26.295,4.8794
9069,24.563,77.58
9070,98.297,46.439
9071,6.807,24.949
9072,14.478,57.786
9073,-50.66,-89.263
9074,14.957,57.159
9075,40.427,34.152
9076,33.619,39.678
9077,25.293,98.21
9078,-32.255,22.061
9079,88.753,-13.773
9080,-11.737,-70.425
9081,-19.469,90.121
9082,-20.348,-23.865
9083,-55.26,-34.281
9084,-63.198,23.172
9085,-16.417,25.556
9086,20.562,80.354
9087,-88.18,62.46
9088,88.265,35.172
9089,-65.222,-81.052
9090,-0.87562,-76.101
9091,1.039,-13.833
9092,-12.826,56.934
9093,-57.507,74.293
9094,-38.304,78.569
9095,-18.742,76.192
9096,-58.987,59.324
9097,-36.62,-10.938
9098,-65.709,-58.997
9099,-41.164,19.744
9100,31.043,-63.181
9101,-9.1698,-88.331
9102,22.241,-39.582
9103,-1.1308,12.481
9104,-94.725,53.378
9105,-21.641,9.9044
9106,72.402,-35.314
9107,48.475,-60.489
9108,33.937,78.013
9109,-19.806,-84.518
9110,4.4174,83.217
9111,65.697,28.535
9112,-34.565,-4.8569
9113,7.6578,54.858
9114,8.0375,51.058
9115,-8.0771,89.352
9116,-6.7244,-92.645
9117,82.844,-22.469
9118,52.401,-44.859
9119,17.342,84.439
9120,-32.28,73.899
9121,31.412,6.7351
9122,-66.603,-62.348
9123,98.671,47.391
9124,46.398,102.75
9125,52.577,-65.116
9126,3.0198,-58.33
9127,-10.25,-72.733
9128,-29.373,84.804
9129,6.9522,49.335
9130,13.37,38.883
9131,-42.579,76.05
9132,47.799,69.337
9133,26.337,61.446
9134,-14.873,-5.7099
9135,51.799,74.167
9136,-19.685,-42.832
9137,-57.345,-72.606
9138,39.282,76.717
9139,50.376,41.513
9140,-1.7343,72.05
9141,-33.909,-4.8299
9142,-15.108,25.765
9143,-10.221,0.28394
9144,51.042,-51.329
9145,13.973,53.607
9146,-17.433,65.28
9147,-31.217,71.409
9148,11.932,-13.654
9149,-44.334,-1.8085
9150,115.92,-16.656
9151,-16.1,-5.7488
9152,56.497,50.396
9153,48.943,-68.459
9154,-4.6152,-74.104
9155,22.805,-35.913
9156,8.3755,-12.907
9157,0.74796,87.062
9158,-14.626,24.345
9159,9.4854,-61.199
9160,13.401,0.7571
9161,9.6094,49.68
9162,-14.181,-25.629
9163,1.7119,93.45
9164,-45.557,88.491
9165,-17.491,-26.967
9166,31.826,50.242
9167,-81.263,-31.56
9168,63.135,-60.227
9169,-47.474,7.514
9170,-6.1175,-67.647
9171,15.25,60.329
9172,56.085,76.712
9173,14.827,59.69
9174,26.238,61.664
9175,-34.434,-7.177
9176,-34.112,-4.8264
9177,-4.5638,-96.025
9178,33.541,-89.69
9179,20.523,-68.845
9180,-13.342,-86.555
9181,25.98,35.681
9182,3.5158,68.867
9183,-60.444,-40.073
9184,-67.67,-63.461
9185,-7.396,14.334
9186,62.461,64.513
9187,-57.577,-37.233
9188,59.36,-80.619
9189,31.465,-70.002
9190,-19.078,-81.384
9191,58.12,46.656
9192,-8.6077,-65.961
9193,-63.928,-3.4542
9194,40.864,81.566
9195,-54.537,-84.606
9196,-0.73396,-45.74
9197,-9.9254,-67.754
9198,36.346,-66.996
9199,-11.585,-66.417
9200,-60.708,-33.155
9201,-68.803,-59.622
9202,67.467,57.973
9203,-84.791,-23.194
9204,14.889,61.382
9205,27.012,4.0866
9206,-15.414,-85.867
9207,15.082,-13.168
9208,-25.297,-95.525
9209,33.525,-22.679
9210,2.3792,7.2904
9211,26.47,5.6895
9212,-26.161,-96.345
9213,28.089,77.7
9214,-95.925,53.554
9215,-58.812,-33.825
9216,7.444,-14.864
9217,25.308,-71.857
9218,25.962,-89.602
9219,107.17,-52.997
9220,75.665,9.9553
9221,23.503,-87.127
9222,26.736,-49.426
9223,-44.743,-33.293
9224,-57.339,-71.545
9225,71.336,-41.633
9226,74.876,-43.154
9227,-11.18,-67.241
9228,-11.868,-72.714
9229,0.96718,-12.501
9230,-24.517,51.751
9231,25.713,87.999
9232,65.825,28.565
9233,106.79,-53.679
9234,-57.97,-31.982
9235,-3.2624,-90.353
9236,49.835,-85.058
9237,23.535,-64.094
9238,-3.0067,66.593
9239,-40.98,75.545
9240,7.6823,0.81702
9241,-18.207,-78.148
9242,1.3624,70.686
9243,47.909,-51.22
9244,-115.34,38.393
9245,66.343,9.4651
9246,86.022,-5.6096
9247,41.556,-61.616
9248,50.514,-86.454
9249,-13.113,-25.621
9250,26.138,79.786
9251,-40.732,76.067
9252,7.4555,77.074
9253,-22.865,-81.225
9254,96.76,44.863
9255,29.067,18.357
9256,17.381,-13.81
9257,-17.566,-23.668
9258,75.697,49.716
9259,54.604,81.073
9260,35.79,91.448
9261,-24.35,92.788
9262,-19.579,-75.092
9263,-17.392,-41.271
9264,72.333,88.305
9265,-88.671,-22.899
9266,-78.665,-33.689
9267,77.766,-37.962
9268,40.25,12.574
9269,46.691,-78.069
9270,28.158,-67.061
9271,35.337,-36.618
9272,25.758,-61.583
9273,10.389,50.42
9274,5.9747,96.838
9275,14.028,53.589
9276,-73.828,52.577
9277,79.115,-15.885
9278,67.1,-11.477
9279,-28.478,-21.344
9280,85.845,29.602
9281,91.519,-59.629
9282,16.261,-15.328
9283,87.897,-21.154
9284,52.802,-58.563
9285,-24.791,-6.3951
9286,12.928,-9.5611
9287,20.962,-10.176
9288,-35.853,-4.8606
9289,25.372,94.49
9290,44.482,85.763
9291,-77.687,-51.447
9292,-84.246,-27.048
9293,-3.8408,50.746
9294,-9.4391,-72.832
9295,-10.736,-74.696
9296,-11.315,33.776
9297,33.952,93.928
9298,75.599,-45.24
9299,-18.693,18.346
9300,79.895,42.546
9301,48.48,7.6328
9302,17.069,-3.032
9303,50.477,-66.265
9304,-87.491,42.914
9305,-10.821,2.306
9306,44.529,-34.363
9307,12.498,-26.354
9308,29.865,76.324
9309,-0.57233,33.554
9310,-31.783,-0.36707
9311,42.074,89.653
9312,-89.34,44.973
9313,107.43,-52.53
9314,66.742,58.964
9315,-67.649,-68.177
9316,-10.464,-90.151
9317,84.091,-8.881
9318,-39.215,75.746
9319,-29.179,72.301
9320,-11.893,44.939
9321,-2.553,43.195
9322,-7.7946,0.4266
9323,-8.967,-46.109
9324,76.467,-57.907
9325,0.17585,12.64
9326,-11.11,102.71
9327,-9.2687,-4.2624
9328,-7.9784,-0.10888
9329,-14.241,-0.62481
9330,-14.436,-93.774
9331,84.848,-25.875
9332,-19.293,-80.122
9333,49.81,-63.345
9334,49.854,76.887
9335,-39.585,-14.17
9336,16.236,83.257
9337,-41.437,1.5294
9338,8.1245,60.331
9339,-60.387,35.087
9340,95.619,-59.521
9341,-13.12,-11.602
9342,40.918,-75.574
9343,-6.1162,28.893
9344,8.8043,68.997
9345,-22.762,-89.021
9346,24.531,97.044
9347,14.225,-64.049
9348,-41.892,-14.864
9349,0.21137,13.137
9350,94.928,-59.873
9351,-83.722,-28.032
9352,-50.766,-86.462
9353,-45.045,-88.45
9354,3.3243,-29.081
9355,109.95,4.1446
9356,76.021,-78.207
9357,-78.255,-55.922
9358,54.211,-54.137
9359,-18.629,-70.052
9360,-25.036,92.706
9361,8.0621,-0.286
9362,4.2111,42.347
9363,-28.582,-21.767
9364,52.679,-57.465
9365,8.9245,-82.045
9366,51.32,-58.464
9367,-35.054,71.13
9368,-19.001,-70.616
9369,-23.082,-26.647
9370,-58.547,33.518
9371,-16.026,-6.3055
9372,-0.24448,-44.46
9373,10.171,-82.361
9374,-29.84,65.984
9375,4.5445,-17.593
9376,55.858,49.729
9377,-21.718,88.332
9378,3.4254,36.049
9379,-88.821,22.584
9380,-14.88,96.246
9381,100.53,-59.186
9382,-85.553,4.5207
9383,43.013,-49.629
9384,20.242,22.685
9385,-93.532,-48.136
9386,-34.802,-59.146
9387,1.8787,-6.8763
9388,11.108,-3.8423
9389,46.185,87.916
9390,-7.5252,13.881
9391,64.763,88.066
9392,116.01,-16.649
9393,69.87,-9.6315
9394,18.148,51.178
9395,-31.961,26.267
9396,-6.5321,35.201
9397,-29.756,66.581
9398,25.811,83.951
9399,22.644,54.455
9400,36.02,93.781
9401,-94.728,53.382
9402,103.51,-56.82
9403,-53.899,-83.756
9404,81.226,-38.104
9405,26.668,-38.623
9406,57.826,47.874
9407,-75.92,55.213
9408,16.317,63.38
9409,11.974,53.343
9410,-57.897,2.7597
9411,-15.14,-24.742
9412,-7.3085,95.876
9413,-53.315,-28.812
9414,-55.792,-57.81
9415,43.856,-60.166
9416,4.4799,40.383
9417,-13.943,-3.521
9418,-15.168,-83.463
9419,-46.122,26.654
9420,-9.4703,11.559
9421,25.161,69.688
9422,-32.175,22.384
9423,-12.564,-76.754
9424,65.226,-21.242
9425,10.609,-72.35
9426,51.326,-63.931
9427,15.101,57.78
9428,14.204,79.541
9429,4.5374,97.482
9430,0.87195,87.844
9431,24.208,97.239
9432,45.47,-35.62
9433,47.513,42.456
9434,-28.639,-48.363
9435,-85.867,-25.595
9436,-88.177,62.459
9437,2.685,93.496
9438,-51.01,80.512
9439,-6.2252,80.682
9440,60.815,52.676
9441,-19.705,-37.06
9442,82.423,-23.871
9443,34.596,-18.138
9444,33.939,-42.617
9445,26.101,-50.894
9446,8.4099,77.639
9447,78.903,-37.201
9448,62.303,42.994
9449,-12.369,46.138
9450,35.51,5.1683
9451,61.427,57.226
9452,-8.79,-94.704
9453,36.422,-65.43
9454,52.493,-30.676
9455,7.2114,84.535
9456,-5.4366,19.971
9457,50.901,-65.106
9458,14.966,61.135
9459,-29.462,86.591
9460,2.4642,-50.15
9461,3.2151,-13.798
9462,-62.987,-1.9052
9463,-9.0658,0.0094299
9464,-16.096,25.515
9465,-75.582,-65.053
9466,-43.975,-89.94
9467,42.074,-89.878
9468,43.513,-60.266
9469,12.239,-66.522
9470,-11.313,41.295
9471,-23.982,-88.038
9472,-46.933,-41.732
9473,13.96,56.97
9474,8.663,-1.68
9475,31.384,42.22
9476,2.747,93.12
9477,36.876,49.964
9478,104.49,-55.758
9479,-0.94388,-82.3
9480,-48.23,-85.135
9481,26.491,-40.57
9482,-1.3358,35.967
9483,4.3615,-62.601
9484,-46.481,82.516
9485,-27.683,8.2627
9486,-39.086,-46.131
9487,-71.612,-20.557
9488,-54.361,-84.37
9489,40.613,-77.623
9490,7.6654,84.81
9491,-13.591,-25.608
9492,1.5317,99.644
9493,-27.483,36.343
9494,-1.3101,-83.094
9495,12.912,-26.427
9496,4.1872,56.12
9497,55.317,48.244
9498,7.7729,-82.37
9499,-54.033,-34.224
9500,26.595,92.034
9501,62.669,58.819
9502,7.9082,34.802
9503,67.248,-60.123
9504,61.375,35.154
9505,22.713,92.341
9506,47.523,-20.202
9507,98.185,-59.797
9508,-81.491,-40.883
9509,34.177,63.284
9510,-70.1,-78.941
9511,-1.0092,-77.287
9512,-19.979,-82.871
9513,0.55907,92.113
9514,-33.217,0.1388
9515,93.636,-59.148
9516,-58.847,-40.485
9517,50.702,-63.726
9518,46.66,-13.056
9519,-14.02,-93.687
9520,25.915,91.761
9521,-42.463,73.282
9522,-21.078,-74.847
9523,-40.268,-0.70475
9524,-63.883,78.807
9525,-33.479,-54.146
9526,-14.691,24.07
9527,-13.021,-85.192
9528,14.377,-13.957
9529,9.9489,73.599
9530,88.403,8.3744
9531,-19.314,-2.0255
9532,-61.294,18.109
9533,-9.4961,-67.008
9534,-9.2726,-64.366
9535,-32.385,66.669
9536,-20.288,-23.787
9537,47.763,48.185
9538,53.06,-64.98
9539,-25.301,-54.741
9540,48.667,-74.131
9541,56.38,-67.012
9542,-41.062,69.168
9543,9.3282,-17.702
9544,-33.555,67.397
9545,-14.744,-74.491
9546,-30.162,65.978
9547,4.3243,83.343
9548,-30.189,93.535
9549,-77.046,57.159
9550,-23.325,6.7736
9551,-38.452,39.606
9552,-25.948,94.5
9553,-15.748,24.84
9554,91.729,56.956
9555,-73.397,-59.619
9556,67.04,68.989
9557,-34.644,66.816
9558,-18.084,67.544
9559,-87.504,-23.771
9560,62.249,-61.443
9561,48.273,-60.689
9562,33.092,-21.148
9563,35.499,-36.321
9564,-3.6973,36.136
9565,-75.718,35.902
9566,-29.839,-20.968
9567,105.45,-54.733
9568,41.619,73.582
9569,-57.441,-71.206
9570,4.6175,-9.2065
9571,11.954,-1.2034
9572,-38.892,-12.743
9573,19.423,-60.136
9574,-7.0112,-7.4399
9575,53.208,78.931
9576,-6.5999,-42.33
9577,35.107,-36.445
9578,42.782,27.231
9579,-16.264,-78.866
9580,-4.142,68.755
9581,5.3999,53.731
9582,31.773,65.416
9583,-0.090381,77.62
9584,-33.553,-1.148
9585,-80.861,27.149
9586,-28.506,-20.725
9587,-59.165,-80.35
9588,-53.55,-84.667
9589,21.122,-90.398
9590,-18.481,92.586
9591,31.087,56.304
9592,-60.433,-34.302
9593,-14.186,-94.159
9594,55.858,-57.103
9595,-39.834,-5.4437
9596,44.198,54.725
9597,-86.466,-22.469
9598,1.085,-77.948
9599,31.441,85.701
9600,-3.6314,-94.323
9601,38.234,38.962
9602,-18.702,-73.133
9603,19.338,55.821
9604,29.261,68.02
9605,43.842,-56.568
9606,-17.092,-47.927
9607,-13.647,34.337
9608,-10.752,102.71
9609,28.337,40.546
9610,63.942,87.515
9611,56.845,-68.285
9612,-14.252,-78.392
9613,16.582,57.324
9614,-88.159,-22.363
9615,-88.326,-22.627
9616,-5.2914,16.986
9617,-11.411,-71.011
9618,45.107,16.178
9619,-30.692,79.476
9620,0.80615,65.032
9621,44.829,56.751
9622,-76.856,-59.3
9623,106.47,-54.06
9624,2.5533,4.9567
9625,33.121,14.695
9626,-43.961,4.4554
9627,-11.687,-74.378
9628,52.107,-20.185
9629,-8.5938,-65.495
9630,14.496,-2.8689
9631,91.834,-58.002
9632,-12.731,18.863
9633,-8.9015,12.026
9634,-18.165,-69.084
9635,17.323,32.674
9636,-10.284,-71.942
9637,-48.263,9.0286
9638,-15.778,56.185
9639,-26.567,49.374
9640,-36.415,-22.535
9641,8.9509,-23.246
9642,-3.3389,68.254
9643,0.13356,75.477
9644,-9.9346,-71.341
9645,-26.198,-5.2524
9646,-59.999,-13.555
9647,47.359,76.65
9648,-9.5538,-2.646
9649,-23.945,-31.328
9650,-17.023,15.59
9651,76.759,-42.181
9652,-25.373,-53.699
9653,-10.398,-76.262
9654,-70.629,34.2
9655,-40.528,80.739
9656,-55.374,-41.802
9657,-14.557,-1.3045
9658,54.199,-20.927
9659,57.329,-66.769
9660,-7.9796,-65.612
9661,7.8494,77.024
9662,-10.873,31.563
9663,42.221,82.041
9664,-52.553,74.453
9665,-14.587,26.481
9666,98.191,-59.78
9667,34.748,-20.46
9668,73.8,-52.278
9669,6.8649,29.071
9670,-1.0284,68.236
9671,16.33,62.648
9672,-24.995,28.008
9673,43.815,61.635
9674,-14.614,26.305
9675,-8.7992,-2.7178
9676,49.706,-5.1005
9677,-57.267,25.4
9678,-19.052,-84.515
9679,-21.704,-71.639
9680,-44.072,20.53
9681,-86.476,-21.841
9682,1.9435,88.165
9683,-14.348,25.487
9684,-72.62,-65.133
9685,70.887,-41.86
9686,-18.371,70.615
9687,13.526,56.902
9688,21.426,-62.649
9689,-35.791,-8.7402
9690,32.44,52.325
9691,-84.826,44.776
9692,-19.544,19.542
9693,72.029,2.2022
9694,-45.784,86.729
9695,-24.406,-71.985
9696,0.51454,60.357
9697,-16.928,28.907
9698,64.006,-51.552
9699,-21.89,-92.608
9700,6.6778,0.77902
9701,99.396,-62.485
9702,-86.736,-41.196
9703,3.729,-77.12
9704,-3.3246,17.612
9705,-20.805,-88.661
9706,-18.97,-83.816
9707,-63.693,78.1
9708,56.971,-23.034
9709,43.074,82.161
9710,-59.508,75.229
9711,-23.394,-3.1799
9712,27.318,28.229
9713,13.197,52.005
9714,10.822,-13.081
9715,-8.8739,-65.194
9716,13.97,-27.117
9717,4.2858,27.82
9718,61.917,57.983
9719,-83.807,-24.185
9720,-49.786,-21.79
9721,9.1081,-23.055
9722,-59.736,-16.459
9723,50.212,-63.714
9724,14.189,-29.345
9725,6.8662,76.535
9726,-24.887,-101.68
9727,72.406,45.728
9728,31.779,5.6162
9729,-35.592,-59.97
9730,11.726,-26.54
9731,1.487,57.394
9732,28.29,43.796
9733,31.846,93.276
9734,29.698,-23.005
9735,16.511,-10.974
9736,42.298,-85.799
9737,-5.5145,38.312
9738,96.126,-60.142
9739,-84.597,-24.707
9740,-67.336,-52.581
9741,-8.3175,-38.995
9742,91.006,-30.393
9743,20.771,-5.6525
9744,-8.5107,30.071
9745,-49.716,50.248
9746,33.879,85.275
9747,95.627,-59.535
9748,-84.604,-25.423
9749,50.975,-56.083
9750,44.565,-33.123
9751,37.425,47.758
9752,-40.838,75.831
9753,2.5127,17.186
9754,-1.4548,-33.749
9755,100.85,-57.118
9756,-88.177,62.461
9757,-88.198,44.149
9758,-11.982,33.258
9759,-22.912,-85.242
9760,0.64063,29.478
9761,-17.48,77.251
9762,-27.893,39.557
9763,-88.015,-22.901
9764,34.761,90.02
9765,-44.209,6.0633
9766,4.7898,-62.194
9767,11.25,10.634
9768,6.3,-0.011409
9769,18.837,42.857
9770,19.996,36.197
9771,74.674,13.675
9772,7.4628,-5.5719
9773,-32.845,66.693
9774,-35.029,-7.8807
9775,41.261,45.757
9776,33.33,84.897
9777,57.522,76.439
9778,-74.41,-63.582
9779,107.08,-53.22
9780,-76.833,-52.784
9781,27.138,68.918
9782,116.07,-16.78
9783,92.041,-18.671
9784,-8.5653,-63.79
9785,9.8922,75.359
9786,-14.364,-71.697
9787,14.914,-27.49
9788,41.068,61.497
9789,84.836,-5.4335
9790,26.111,-64.93
9791,44.086,-57.445
9792,30.501,30.144
9793,-29.131,-77.035
9794,7.6913,-7.5746
9795,16.939,65.679
9796,5.5718,91.492
9797,57.734,53.754
9798,24.055,-41.509
9799,-8.4727,-8.033
9800,7.4336,7.6101
9801,7.4683,-13.724
9802,50.74,-55.24
9803,-29.242,9.5395
9804,9.5589,32.105
9805,-20.327,-23.871
9806,18.887,35.8
9807,-82.834,59.207
9808,-7.4345,-8.5255
9809,20.263,-6.8441
9810,57.87,47.045
9811,-49.149,68.316
9812,-52.538,-38.366
9813,95.464,-59.019
9814,91.54,-59.957
9815,105.34,-55.551
9816,64.735,27.988
9817,-8.9181,-92.347
9818,-63.507,50.886
9819,5.7233,91.366
9820,-20.694,16.29
9821,-19.935,15.626
9822,31.084,54.227
9823,90.11,-59.672
9824,37.627,-21.876
9825,6.0994,-77.797
9826,3.3798,-12.755
9827,36.134,77.307
9828,-31.802,86.59
9829,-33.369,87.582
9830,-18.13,16.45
9831,96.526,-59.445
9832,91.672,42.555
9833,-48.815,-57.909
9834,4.3953,34.509
9835,43.915,54.622
9836,-21.418,17.653
9837,88.641,-11.532
9838,-0.9636,9.2777
9839,70.642,-37.749
9840,67.853,45.49
9841,1.7304,70.649
9842,-5.271,38.066
9843,40.115,-48.741
9844,-7.862,74.463
9845,-27.921,86.818
9846,-83.946,-23.183
9847,-13.789,-80.92
9848,89.625,-29.24
9849,22.855,-8.821
9850,19.927,-11.077
9851,-34.289,65.807
9852,-2.1551,32.745
9853,-57.114,-10.729
9854,-73.245,-59.893
9855,-7.2665,-10.463
9856,57.415,4.5178
9857,7.1688,-8.4911
9858,38.751,-65.63
9859,5.4341,-13.105
9860,-42.86,-1.7607
9861,-55.524,39.782
9862,19.959,69.194
9863,-91.51,12.72
9864,-17.282,68.327
9865,21.918,-7.0164
9866,99.553,-59.228
9867,10.442,-67.157
9868,3.7208,39.128
9869,7.7138,-83.531
9870,-51.97,24.499
9871,4.354,27.885
9872,-96.891,-46.853
9873,38.616,-50.703
9874,-36.072,68.541
9875,-40.278,16.02
9876,6.8364,28.279
9877,36.014,-87.762
9878,-48.414,7.1609
9879,-44.805,-20.985
9880,-48.445,-25.328
9881,-45.234,35.868
9882,60.871,46.135
9883,104.79,-55.847
9884,26.245,61.523
9885,-6.6546,-2.1705
9886,-24.986,-88.061
9887,-18.643,63.11
9888,5.8633,-7.5013
9889,28.498,-66.832
9890,-43.052,84.773
9891,-40.897,20.599
9892,0.23231,25.52
9893,-23.366,-2.8822
9894,6.4843,34.511
9895,40.451,90.309
9896,-80.492,-27.219
9897,31.414,6.0054
9898,65.286,61.945
9899,89.884,-60.166
9900,-10.02,-2.0468
9901,60.731,-62.435
9902,-20.04,-66.048
9903,-8.5555,-65.509
9904,6.7089,-53.32
9905,28.556,52.93
9906,-20.636,16.151
9907,-58.782,-34.142
9908,-95.888,52.79
9909,85.275,-37.061
9910,51.32,-55.891
9911,82.105,-21.793
9912,16.909,47.844
9913,-29.404,-4.9881
9914,-14.835,-24.816
9915,93.699,-59.029
9916,62.141,-61.226
9917,34.968,-54.972
9918,-14.813,54.041
9919,-18.427,65.473
9920,66.538,58.122
9921,-90.056,-50.594
9922,87.814,-10.872
9923,-23.287,-105.58
9924,4.2989,-15.504
9925,-33.853,-58.303
9926,-9.7557,71.319
9927,104.96,-45.105
9928,98.166,-59.199
9929,-13.585,-6.3353
9930,-90.928,-17.466
9931,-12.312,64.4
9932,0.58498,87.64
9933,-18.665,18.312
9934,54.315,74.156
9935,-0.82387,-45.152
9936,-53.91,-56.212
9937,-19.193,-67.975
9938,13.693,57.536
9939,-9.6982,77.383
9940,59.273,54.095
9941,43.799,80.834
9942,92.695,-57.171
9943,40.024,77.112
9944,-16.62,25.472
9945,32.075,-21.32
9946,80.79,-43.013
9947,28.766,-50.972
9948,60.023,63.965
9949,-2.3613,23.64
9950,-33.375,18.776
9951,57.419,61.625
9952,-63.817,-27.303
9953,-41.474,-24.821
9954,44.243,-6.1191
9955,-4.1051,-73.339
9956,-41.549,11.441
9957,39.628,-31.663
9958,5.9039,72.452
9959,-0.23816,21.888
9960,1.76,67.311
9961,-6.1807,20.046
9962,-0.4079,17.064
9963,66.655,-51.048
9964,-34.814,72.872
9965,-54.633,-33.68
9966,76.348,29.767
9967,2.4295,-81.648
9968,41.678,-57.112
9969,8.039,79.215
9970,6.3262,62.518
9971,-31.066,86.439
9972,-39.308,-7.327
9973,-58.995,76.873
9974,-83.214,58.738
9975,36.024,51.74
9976,48.519,-23.771
9977,-90.888,13.408
9978,0.99882,22.528
9979,-45.885,8.9796
9980,14.146,55.46
9981,-1.2878,19.246
9982,2.6857,41.949
9983,-11.402,99.233
9984,-24.995,-5.8949
9985,-29.922,34.876
9986,116.02,-16.65
9987,46.535,2.6988
9988,0.55428,42.412
9989,3.6678,42.236
9990,-104.45,16.773
9991,-1.8127,78.996
9992,-33.08,12.526
9993,61.148,54.63
9994,-68.932,-63.017
9995,-41.397,-24.155
9996,45.062,-31.279
9997,29.249,-44.411
9998,-5.9926,83.118
9999,16.678,84.895
10000,-81.774,-26.096
10001,12.147,17.483
10002,-6.3133,83.726
10003,33.958,10.806
10004,18.762,51.632
10005,15.792,60.352
10006,-33.982,88.505
10007,3.0823,68.718
10008,-53.91,-55.811
10009,4.7761,70.705
10010,38.782,53.902
10011,66.269,62.567
10012,-77.391,57.544
10013,88.797,-10.924
10014,-12.979,88.706
10015,-42.642,80.98
10016,-70.426,69.46
10017,68.354,51.081
10018,43.631,59.152
10019,39.204,-29.277
10020,3.6993,84.45
10021,-11.893,-12.237
10022,53.667,-47.622
10023,0.66669,38.498
10024,-21.495,91.906
10025,-4.4497,28.438
10026,-29.24,-3.0306
10027,-16.705,97.287
10028,45.289,-33.603
10029,86.435,-5.1276
10030,84.051,-26.414
10031,19.875,-6.3141
10032,-34.44,66.564
10033,29.08,1.0492
10034,38.117,47.79
10035,-45.533,67.965
10036,-16.329,25.636
10037,106.43,-53.701
10038,-8.9963,-4.4784
10039,40.932,61.746
10040,7.3911,5.1038
10041,14.672,33.851
10042,-7.8099,30.562
10043,-60.011,-78.942
10044,-16.075,-1.1369
10045,-90.089,45.307
10046,-67.935,-63.243
10047,37.536,83.61
10048,-19.053,-84.053
10049,-5.3078,39.497
10050,-18.878,13.005
10051,38.06,-73.527
10052,6.1227,-5.6171
10053,44.347,76.748
10054,5.5408,30.192
10055,-50.296,53.623
10056,-88.197,44.147
10057,-93.875,52.915
10058,-11.597,-5.264
10059,41.118,-57.222
10060,-32.401,-86.182
10061,-8.8588,-78.513
10062,36.357,-62.662
10063,-49.476,79.982
10064,106.21,-55.288
10065,2.7492,-58.006
10066,83.294,37.634
10067,-10.338,58.42
10068,13.949,1.9913
10069,28.723,36.319
10070,-39.814,75.574
10071,-46.949,83.309
10072,60.256,54.715
10073,-7.3907,-7.9952
10074,55.332,-84.293
10075,-19.695,-82.587
10076,-17.398,94.111
10077,2.3622,-14.459
10078,48.923,41.157
10079,-46.304,82.719
10080,65.224,-49.058
10081,89.809,-20.863
10082,41.723,-58.133
10083,4.3556,31.213
10084,5.6633,67.464
10085,-11.753,-75.725
10086,44.785,-57.204
10087,73.256,50.334
10088,-77.162,-67.976
10089,-11.462,-6.4898
10090,98.393,-59.414
10091,61.597,-61.765
10092,61.713,-63.593
10093,22.759,-92.97
10094,-15.957,-82.784
10095,-18.212,-78.161
10096,6.1075,-7.5332
10097,-49.847,79.225
10098,67.026,70.623
10099,-55.992,27.751
10100,94.819,-58.416
10101,75.223,13.468
10102,41.877,-10.888
10103,70.715,-50.218
10104,-2.2297,-75.064
10105,22.668,28.827
10106,42.371,33.512
10107,-19.834,37.793
10108,75.349,51.87
10109,-11.291,-4.6974
10110,-95.923,53.555
10111,45.935,-36.955
10112,2.0837,-14.385
10113,15.443,14.556
10114,-17.717,76.151
10115,35.232,-58.85
10116,52.56,25.195
10117,-9.7488,66.925
10118,107.42,-52.53
10119,-24.736,-99.065
10120,-59.86,-37.688
10121,-43.05,-8.3498
10122,0.66548,96.494
10123,67.766,70.065
10124,-41.145,65.757
10125,-48.608,19.495
10126,-33.038,52.975
10127,3.2221,85.191
10128,56.815,51.417
10129,93.613,-59.794
10130,69.862,26.499
10131,8.8372,77.209
10132,27.433,74.781
10133,64.414,45.46
10134,-48.418,49.767
10135,-39.957,74.334
10136,59.998,-4.7428
10137,-12.228,-72.495
10138,14.214,33.883
10139,-51.482,-22.087
10140,-9.2949,-1.6752
10141,-15.983,-3.0783
10142,11.662,15.18
10143,88.108,-21.226
10144,-14.558,-75.621
10145,54.155,39.317
10146,30.511,83.902
10147,13.633,83.345
10148,-17.752,13.545
10149,-45.394,18.95
10150,25.36,84.062
10151,-40.819,66.192
10152,-35.539,56.146
10153,-8.3557,95.253
10154,108.47,-44.125
10155,-68.984,16.695
10156,-10.808,-1.4862
10157,23.741,-73.507
10158,74.232,-32.829
10159,-15.808,-0.88464
10160,16.055,-99.676
10161,-75.834,34.602
10162,-27.731,8.4105
10163,-7.0445,91.16
10164,-12.514,97.521
10165,-16.459,28.387
10166,-42.634,89.287
10167,14.196,98.044
10168,94.009,-59.141
10169,41.169,87.787
10170,-28.768,-21.362
10171,-8.7008,-5.2585
10172,59.251,-54.773
10173,33.564,-77.744
10174,27.492,79.077
10175,17.2,-36.605
10176,37.104,23.293
10177,11.271,-10.984
10178,12.28,73.872
10179,-29.552,88.066
10180,32,66.058
10181,36.981,67.292
10182,36.134,-32.836
10183,0.63068,-11.881
10184,3.6279,-6.0873
10185,44.904,-56.098
10186,7.2291,-36.192
10187,-83.834,-27.572
10188,-44.285,84.776
10189,-16.25,25.743
10190,109.95,4.1427
10191,115.95,-16.649
10192,22.045,-65.388
10193,89.976,-12.225
10194,36.535,-4.0248
10195,-1.6094,37.249
10196,76.181,-33.754
10197,-51.066,82.808
10198,75.217,47.968
10199,-67.948,54.689
10200,47.257,-32.115
10201,69.587,-1.3706
10202,27.54,-51.238
10203,-19.439,-79.938
10204,0.29632,15.775
10205,107.43,-52.529
10206,101.47,-58.556
10207,53.025,-66.485
10208,-36.318,-72.153
10209,-32.491,2.2354
10210,47.69,75.196
10211,80.446,-24.538
10212,5.1997,-0.26931
10213,56.235,-80.318
10214,14.314,92.525
10215,-25.445,30.716
10216,45.298,85.469
10217,46.651,-71.643
10218,-35.687,65.221
10219,7.1834,76.343
10220,4.0726,83.195
10221,8.758,78.07
10222,95.666,-59.437
10223,96.526,-64.289
10224,-6.1806,-10.261
10225,59.3,-76.789
10226,-24.982,-54.655
10227,58.435,72.923
10228,3.2226,94.156
10229,30.078,-0.39203
10230,-47.622,53.2
10231,-18.932,54.402
10232,0.50913,88.154
10233,95.45,-59.602
10234,103.66,-54.865
10235,15.425,6.3643
10236,-6.6571,19.363
10237,-15.698,-71.47
10238,-37.947,75.398
10239,15.441,85.638
10240,8.5685,-1.4025
10241,66.316,28.767
10242,54.88,76.45
10243,-20.375,-22.994
10244,-88.182,62.459
10245,93.256,-59.454
10246,10.49,12.927
10247,51.851,-45.151
10248,-5.2038,-34.163
10249,-57.863,31.616
10250,-62.967,73.885
10251,0.084344,88.102
10252,43.665,61.422
10253,-14.587,52.613
10254,-20.975,60.365
10255,8.4863,-1.2989
10256,-24.272,23.095
10257,-65.781,-60.496
10258,100.48,-57.416
10259,-4.9298,-8.6078
10260,68.914,-22.859
10261,85.611,-25.29
10262,83.139,-9.9035
10263,-10.019,-90.622
10264,22.531,14.127
10265,70.01,-2.476
10266,29.802,88.812
10267,-15.989,95.314
10268,-19.176,37.509
10269,-87.946,-22.9
10270,-33.357,57.189
10271,25.461,96.503
10272,28.885,96.506
10273,31.102,25.012
10274,34.467,-78.837
10275,15.587,41.142
10276,-26.953,2.5384
10277,-30.059,-19.677
10278,-5.7666,1.7077
10279,-13.037,-93.418
10280,41.089,-69.625
10281,1.4363,60.225
10282,12.493,-5.209
10283,32.196,88.81
10284,-14.555,52.565
10285,-72.274,-58.593
10286,-27.205,-19.871
10287,-81.478,61.486
10288,-4.6405,-1.3458
10289,46.669,-77.106
10290,20.154,-34.472
10291,-22.089,-87.833
10292,-60.24,34.816
10293,-31.44,-3.9648
10294,29.412,-42.506
10295,58.451,39.735
10296,-32.988,70.873
10297,-62.929,-78.299
10298,-97.068,27.073
10299,-51.3,-34.219
10300,38.82,-66.855
10301,-74.772,-66.106
10302,-48.15,4.8693
10303,74.655,-32.924
10304,8.2111,-16.812
10305,-20.617,60.966
10306,-11.46,81.895
10307,-71.715,50.134
10308,0.90305,-4.3831
10309,2.416,94.302
10310,-12.937,58.066
10311,33.373,63.122
10312,33.542,-19.553
10313,76.402,-34.041
10314,-15.224,-24.504
10315,24.863,96.896
10316,17.906,76.345
10317,70.267,-7.0075
10318,34.325,-42.059
10319,-61.126,-21.207
10320,-60.771,47.903
10321,89.438,-14.158
10322,30.228,-20.335
10323,44.922,-59.166
10324,-6.7518,51.423
10325,27.794,76.164
10326,7.3146,7.0238
10327,-14.694,94.596
10328,-50.974,83.821
10329,-66.447,75.247
10330,6.3414,84.203
10331,85.534,-3.4695
10332,15.666,-15.464
10333,-32.347,-85.45
10334,6.7971,-17.293
10335,-18.179,-77.434
10336,-69.436,68.659
10337,-40.554,86.977
10338,-21.259,17.448
10339,107.93,-53.525
10340,104.61,-57.356
10341,-12.843,-0.5134
10342,84.478,13.223
10343,83.375,-47.444
10344,54.504,-66.727
10345,-17.635,-80.144
10346,-9.4328,99.145
10347,-26.631,42.538
10348,-16.085,95.421
10349,-71.119,-61.302
10350,89.707,7.463
10351,29.616,-92.427
10352,54.495,-11.092
10353,46.693,40.65
10354,29.915,47.978
10355,-53.552,62.503
10356,76.076,11.942
10357,91.29,-60.06
10358,58.322,-54.266
10359,5.1272,10.563
10360,-62.904,-86.734
10361,-48.253,8.5216
10362,10.735,90.552
10363,59.369,52.737
10364,3.0161,51.49
10365,0.23274,77.905
10366,-64.85,73.169
10367,20.834,-82.175
10368,53.064,-64.937
10369,1.2459,7.7918
10370,28.63,75.748
10371,15.06,33.928
10372,-32.502,10.92
10373,-32.205,50.349
10374,47.116,-85.625
10375,-10.567,68.02
10376,-43.458,75.322
10377,-41.414,-5.032
10378,-22.77,-64.164
10379,77.033,-58.004
10380,60.377,42.413
10381,47.442,-80.921
10382,52.805,-17.846
10383,-66.179,-59.374
10384,11.016,-70.585
10385,52.644,-31.794
10386,-35.835,64.202
10387,-42.434,76.639
10388,-10.126,66.071
10389,-28.968,-52.089
10390,28.432,72.472
10391,-35.685,-8.7158
10392,-59.96,44.735
10393,38.916,48.683
10394,-7.9901,0.94696
10395,-13.766,-0.79754
10396,19.059,-69.992
10397,-80.883,20.342
10398,-49.096,55.094
10399,-13.514,100.97
10400,-46.042,15.134
10401,77.3,10.477
10402,24.615,-16.533
10403,-2.3736,-75.19
10404,-50.823,40.312
10405,-32.913,57.037
10406,-60.663,-26.166
10407,-68.259,57.751
10408,116.07,-16.78
10409,0.18405,99.091
10410,-9.2859,41.059
10411,4.4161,95.166
10412,4.9022,78.206
10413,-54.187,-88.116
10414,17.122,87.55
10415,74.165,-9.9666
10416,-20.435,9.0309
10417,-57.627,-66.525
10418,9.8888,-53.361
10419,42.428,36.017
10420,13.413,59.083
10421,0.092776,40.322
10422,-12.428,-10.067
10423,-25.887,-54.889
10424,-47.831,5.6483
10425,-10.689,-70.248
10426,-35.037,18.785
10427,-5.8295,99.93
10428,-76.446,55.9
10429,96.832,44.916
10430,9.7931,49.812
10431,-23.654,46.483
10432,17.672,60.88
10433,-88.18,62.46
10434,75.79,11.853
10435,-0.64587,-51.284
10436,46.057,-31.882
10437,45.387,-33.307
10438,-66.292,-78.405
10439,6.065,37.3
10440,25.044,95.96
10441,75.535,13.415
10442,-11.515,1.5721
10443,39.334,-30.99
10444,42.552,-33.156
10445,-8.1539,-95.109
10446,48.535,-23.973
10447,-50.787,51.973
10448,13.385,83.742
10449,-0.2581,57.422
10450,-52.856,53.795
10451,5.0026,24.121
10452,73.924,-9.8625
10453,-62.387,63.785
10454,-8.3088,-0.83637
10455,48.178,-90.631
10456,-17.789,-70.142
10457,33.076,-85.11
10458,31.51,6.4414
10459,5.2215,76.197
10460,115.92,-16.655
10461,32.746,-24.119
10462,80.259,-15.158
10463,20.624,50.825
10464,-55.335,-40.185
10465,-64.224,-3.2248
10466,13.551,47.332
10467,-69.987,-54.528
10468,45.357,85.56
10469,23.332,-64.455
10470,9.6472,28.592
10471,-48.252,4.6545
10472,-14.075,24.628
10473,-53.971,72.41
10474,35.548,94.124
10475,-8.3039,12.598
10476,-88.197,44.147
10477,-13.917,67.795
10478,-61.752,23.611
10479,9.0566,99.137
10480,-30.467,86.824
10481,-7.1122,-0.41013
10482,12.64,9.0993
10483,6.8135,-74.489
10484,24.399,21.76
10485,17.05,66.247
10486,91.59,-59.56
10487,93.667,-59.825
10488,95.516,44.195
10489,-94.372,-47.227
10490,-81.336,21.458
10491,41.174,52.485
10492,-6.0995,-8.1715
10493,94.536,-62.275
10494,-19.269,-7.9993
10495,35.616,-22.492
10496,10.861,-1.0685
10497,-51.331,78.938
10498,10.043,-7.8323
10499,38.344,39.45
10500,-3.1193,79.64
10501,6.2522,30.874
10502,-35.85,63.845
10503,50.892,-60.776
10504,47.742,41.819
10505,-69.054,-78.816
10506,-52.564,35.082
10507,-88.198,44.147
10508,-35.876,-81.148
10509,2.4643,-51.07
10510,52.162,-20.253
10511,-24.968,-101.53
10512,-83.876,-28.224
10513,-33.084,-28.126
10514,56.171,-59.76
10515,-13.969,67.855
10516,17.106,-29.173
10517,39.527,6.9638
10518,-38.319,-11.924
10519,115.93,-16.655
10520,-15.428,-2.3339
10521,27.947,-44.838
10522,8.73,87.562
10523,-9.7691,-4.1255
10524,-21.463,9.6523
10525,-82.949,58.999
10526,-12.074,1.335
10527,45.359,-26.747
10528,1.1448,38.572
10529,9.4704,8.148
10530,31.066,18.397
10531,20.568,49.443
10532,-30.582,-69.793
10533,32.902,-63.834
10534,49.687,26.007
10535,48.458,-75.666
10536,-18.447,-78.369
10537,30.853,-61.143
10538,-5.096,39.021
10539,64.421,52.325
10540,58.897,-52.639
10541,29.356,39.125
10542,3.832,93.776
10543,40.372,-16.292
10544,-4.2775,-57.441
10545,-8.3424,44.392
10546,35.106,67.784
10547,4.9776,80.505
10548,-26.851,-11.351
10549,-61.547,-66.342
10550,-31.832,43.238
10551,-75.734,54.99
10552,-92.618,-48.568
10553,-68.269,-61.749
10554,47.308,-46.226
10555,-13.582,9.623
10556,24.825,73.274
10557,-96.941,54.611
10558,4.0961,23.365
10559,45.15,-10.715
10560,25.16,14.884
10561,-56.353,-88.127
10562,9.3991,54.45
10563,5.4823,33.713
10564,-30.076,-2.9303
10565,16.765,-61.553
10566,-76.103,-52.58
10567,34.073,-19.996
10568,70.555,1.6457
10569,26.573,-15.884
10570,1.1791,-8.1453
10571,11.011,-13.414
10572,91.442,-59.959
10573,-10.988,0.46703
10574,3.9456,-58.891
10575,0.95602,57.495
10576,-41.895,-1.9179
10577,-7.5257,-5.2583
10578,24.052,86.974
10579,-40.15,-3.9693
10580,-9.4004,11.447
10581,60.367,-64.273
10582,-15.196,-78.431
10583,-10.063,-66.151
10584,1.2729,-3.647
10585,17.372,47.307
10586,-43.537,-8.4116
10587,-35.846,-4.7958
10588,43.1,87.804
10589,-12.835,-1.7552
10590,12.996,18.148
10591,51.953,-89.12
10592,-82.824,32.369
10593,-20.163,88.984
10594,7.6674,76.31
10595,-63.322,-85.683
10596,64.571,45.334
10597,-61.514,23.078
10598,-78.479,-50.51
10599,-65.206,21.57
10600,67.7,70.075
10601,-56.229,-36.809
10602,-25.211,-40.572
10603,-24.196,-64.935
10604,2.3977,-4.3488
10605,-43.612,5.2165
10606,30.1,84.949
10607,-31.434,5.3382
10608,-55.682,-31.927
10609,34.527,-18.165
10610,23.367,-62.852
10611,47.184,-49.706
10612,-0.7901,34.572
10613,69.673,-39.327
10614,-14.452,-31.377
10615,68.161,-60.087
10616,-0.76677,54.177
10617,13.495,-2.9006
10618,4.4439,97.191
10619,-62.847,64.572
10620,105.09,-44.425
10621,93.763,-58.248
10622,62.322,-61.994
10623,-43.166,5.2723
10624,25.089,93.563
10625,17.35,-80.754
10626,103.13,-54.51
10627,2.3785,-4.3415
10628,10.66,8.8516
10629,4.9463,-12.531
10630,-16.42,-81.624
10631,-70.812,-22.844
10632,-42.732,16.426
10633,115.89,-16.786
10634,4.5488,-7.2632
10635,-32.778,90.621
10636,12.709,-4.1945
10637,-55.047,-36.551
10638,-81.085,-27.115
10639,67.998,69.854
10640,-18.522,-4.3906
10641,44.561,-56.95
10642,-30.477,79.473
10643,-62.963,19.306
10644,14.176,58.628
10645,0.006954,55.651
10646,-72.961,-64.646
10647,47.503,-8.235
10648,95.505,-59.478
10649,-0.52682,-82.486
10650,28.45,74.373
10651,39.523,60.969
10652,-55.825,-1.9536
10653,-3.8801,90.022
10654,8.608,96.142
10655,-38.27,18.236
10656,-36.941,81.349
10657,55.087,72.806
10658,42.421,-29.074
10659,-54.064,55.061
10660,-32.47,-1.7676
10661,15.381,40.247
10662,-1.0157,12.651
10663,16.918,13.969
10664,51.399,14.531
10665,-13.653,54.26
10666,116.09,-16.735
10667,34.414,67.299
10668,61.854,-56.276
10669,115.97,-16.651
10670,23.771,-86.865
10671,-14.599,-31.381
10672,-9.1744,30.908
10673,-12.134,36.002
10674,45.695,-2.0371
10675,-58.007,27.864
10676,52.896,-26.522
10677,-44.869,-84.113
10678,-34.479,52.785
10679,-90.543,45.58
10680,33.883,-5.0064
10681,6.3039,-75.335
10682,-34.495,-7.5898
10683,-83.499,-38.209
10684,34.859,-19.264
10685,91.228,-31.062
10686,31.383,23.377
10687,-40.443,-11.503
10688,-39.633,-38.247
10689,-32.13,-4.2169
10690,-7.7826,-4.9896
10691,-97.445,54.676
10692,-31.772,46.905
10693,32.653,-17.775
10694,30.676,-52.472
10695,-5.8531,-74.007
10696,51.372,25.739
10697,-8.6392,-69.769
10698,-44.098,17.912
10699,30.362,76.349
10700,31.277,91.479
10701,10.338,85.251
10702,-51.613,-38.607
10703,-15.718,9.3052
10704,-89.926,31.297
10705,9.0885,30.509
10706,-32.987,11.702
10707,-42.249,-14.735
10708,96.037,-59.683
10709,30.799,51.873
10710,-33.443,-77.98
10711,85.586,-7.0014
10712,44.255,-59.684
10713,-0.9457,40.51
10714,28.411,0.70093
10715,3.7804,39.318
10716,46.604,-43.591
10717,116.07,-16.78
10718,91.496,-60.323
10719,20.903,-7.6424
10720,34.737,-63.257
10721,-51.773,55.921
10722,36.38,-64.098
10723,-71.957,49.81
10724,42.954,76.378
10725,89.649,-21.236
10726,-47.181,6.5135
10727,13.746,-27.958
10728,-56.787,72.798
10729,-61.448,-36.193
10730,-93.658,-48.08
10731,-41.311,68.938
10732,100.18,-59.346
10733,45.664,-33.149
10734,-62.559,77.546
10735,-52.404,79.357
10736,36.697,36.149
10737,-61.254,59.109
10738,-28.345,-20.941
10739,101.15,-59.01
10740,20.504,43.676
10741,-68.372,-59.409
10742,57.575,-52.394
10743,57.435,46.451
10744,2.0009,-82.073
10745,-43.62,16.825
10746,101.1,-57.141
10747,54.561,-56.726
10748,36.808,-32.531
10749,7.422,-45.195
10750,35.148,-20.099
10751,42.464,-58.988
10752,34.123,-19.546
10753,37.725,-57.206
10754,-19.044,78.441
10755,-15.99,64.982
10756,74.013,-43.314
10757,6.5059,40.254
10758,-14.431,-1.2855
10759,13.549,-19.355
10760,0.83726,-50.8
10761,-48.41,63.452
10762,11.297,-0.4822
10763,9.2068,56.638
10764,-4.9595,37.726
10765,-27.175,-33.895
10766,-9.6981,-4.2353
10767,77.227,10.185
10768,92.098,-59.857
10769,18.805,52.04
10770,44.564,56.846
10771,93.077,-57.563
10772,70.257,-35.083
10773,-5.0159,-26.636
10774,52.745,-64.424
10775,69.313,38.277
10776,17.656,-90.612
10777,-15.788,50.567
10778,-72.076,-58.341
10779,13.777,54.402
10780,49.17,76.736
10781,27.123,75.633
10782,47.681,54.076
10783,-64.343,-39.037
10784,10.465,99.991
10785,-67.108,-0.28716
10786,2.4413,62.958
10787,44.847,61.902
10788,37.523,46.999
10789,-58.695,67.173
10790,1.3605,102.29
10791,38.531,48.443
10792,-31.813,2.8406
10793,103.39,-54.678
10794,39.569,12.805
10795,-90.74,-17.606
10796,13.426,0.0068541
10797,28.514,-65.266
10798,4.1646,74.086
10799,45.976,49.48
10800,28.006,94.552
10801,-34.215,-10.838
10802,-14.015,-94.361
10803,53.583,-80.24
10804,39.176,21.037
10805,8.3752,82.779
10806,57.302,63.551
10807,-42.943,-0.94706
10808,-39.457,-3.5575
10809,78.985,28.281
10810,-0.98192,73.383
10811,48.566,70.435
10812,35.528,60.644
10813,80.819,-43.492
10814,32.301,-23.985
10815,-19.396,-31.776
10816,56.487,35.889
10817,-4.8758,44.835
10818,-41.835,74.207
10819,57.103,41.017
10820,-85.322,-24.923
10821,-55.216,-33.793
10822,-54.214,-36.582
10823,63.479,54.197
10824,32.562,-26.253
10825,-2.1115,-44.902
10826,-67.364,-72.37
10827,16.726,67.56
10828,-40.831,74.906
10829,72.32,50.891
10830,61.498,-68.878
10831,76.773,-50.277
10832,82.546,-25.799
10833,17.966,-45.822
10834,-24.551,-52.682
10835,6.2765,52.023
10836,-103.31,17.402
10837,18.524,78.429
10838,-5.9498,26.665
10839,-54.784,-35.265
10840,-84.597,-21.912
10841,0.76313,87.944
10842,-11.973,-44.082
10843,30.942,-23.499
10844,74.426,14.176
10845,99.042,-61.164
10846,54.29,-66.1
10847,32.325,-43.181
10848,77.783,-40.303
10849,-68.705,69.983
10850,-40.667,-4.8415
10851,33.968,90.863
10852,77.115,-75.293
10853,-55.122,-88.819
10854,19.27,-12.027
10855,-49.905,79.9
10856,-84.953,25.384
10857,34.894,68.601
10858,-41.289,-9.6792
10859,-65.855,-62.67
10860,26.815,99.652
10861,-75.137,-66.248
10862,98.559,47.117
10863,62.099,-63.671
10864,78.234,-52.838
10865,15.528,32.706
10866,13.495,-38.513
10867,55.418,-69.578
10868,-17.132,76.946
10869,41.593,26.196
10870,-40.83,-91.094
10871,-68.218,-38.194
10872,47.442,49.244
10873,42.606,61.137
10874,-61.904,-87.399
10875,25.496,47.37
10876,7.5042,39.408
10877,-54.381,-2.8826
10878,55.286,-20.011
10879,5.0885,-50.192
10880,29.387,76.489
10881,56.175,49.394
10882,-8.2801,29.815
10883,-47.229,27.082
10884,-16.462,11.42
10885,70.464,51.081
10886,-95.925,53.554
10887,43.803,-56.805
10888,29.767,-69.491
10889,30.523,2.7654
10890,-2.9038,30.177
10891,-71.767,50.391
10892,69.034,46.493
10893,40.842,61.811
10894,115.95,-16.651
10895,57.429,49.123
10896,61.101,57.62
10897,50.306,-63.211
10898,-42.864,-87.498
10899,0.53227,78.23
10900,-7.0581,76.241
10901,28.555,92.966
10902,4.6289,-14.546
10903,-23.063,35.956
10904,-16.588,60.558
10905,19.824,36.293
10906,36.612,90.736
10907,42.411,25.624
10908,29.459,-22.513
10909,80.71,-16.089
10910,88.901,-11.26
10911,-17.655,-21.403
10912,45.469,73.734
10913,9.7168,-5.5697
10914,13.056,83.259
10915,25.669,99.913
10916,23.113,91.849
10917,-14.268,25.308
10918,32.201,-23.469
10919,2.7938,-51.796
10920,11.275,41.574
10921,-45.408,-4.36
10922,19.104,37.267
10923,-68.566,-62.329
10924,-16.462,24.623
10925,-14.782,23.985
10926,-8.1013,-10.406
10927,91.594,-27.43
10928,31.609,-21.729
10929,31.234,-26.059
10930,48.551,-32.005
10931,-11.189,-74.365
10932,15.487,-3.3288
10933,48.407,-45.185
10934,-23.425,-3.0928
10935,11.827,-66.777
10936,31.697,96.205
10937,-27.877,86.405
10938,52.577,61.123
10939,38.782,70.686
10940,31.865,-24.952
10941,39.292,18.941
10942,18.434,35.646
10943,-18.718,18.255
10944,30.945,-23.245
10945,2.4921,-81.601
10946,56.686,3.5381
10947,-55.116,0.27773
10948,-28.551,-20.559
10949,-68.569,-74.817
10950,3.6197,52.157
10951,16.813,68.015
10952,33.493,78.28
10953,6.8301,-29.87
10954,-28.315,5.0646
10955,-46.158,-41.449
10956,30.431,97.339
10957,-88.178,62.46
10958,101.31,-58.549
10959,-46.337,-88.957
10960,-0.68598,-77.332
10961,-38.93,-91.266
10962,2.2402,37.573
10963,-76.058,-52.645
10964,72.435,-0.095653
10965,69.167,50.584
10966,56.162,50.259
10967,-5.1216,22.376
10968,25.481,62.01
10969,45.314,85.565
10970,39.971,90.835
10971,75.691,49.531
10972,2.3217,-51.754
10973,52.486,-33.171
10974,-24.59,-52.114
10975,-0.042591,-79.792
10976,-2.0563,69.614
10977,-16.101,25.238
10978,-15.251,-1.5979
10979,39.261,-31.197
10980,-81.551,32.73
10981,47.912,76.983
10982,35.986,77.507
10983,-4.4228,31.852
10984,-24.672,41.551
10985,-28.585,13.029
10986,-24.569,-32.171
10987,14.526,-68.771
10988,64.35,88.264
10989,39.672,-74.79
10990,-24.469,89.168
10991,13.766,-80.8
10992,-72.564,11.386
10993,11.131,-57.475
10994,-63.098,-85.023
10995,6.1211,38.135
10996,-10.261,97.297
10997,77.508,52.328
10998,-14.342,24.926
10999,54.666,72.171
11000,30.839,-20.953
11001,86.552,-7.0638
11002,39.425,-80.159
11003,33.55,-22.611
11004,33.36,-6.6094
11005,-46.434,-89.492
11006,-51.147,-86.686
11007,51.68,58.992
11008,27.482,76.295
11009,-36.352,-9.1545
11010,-13.061,-40.298
11011,34.738,-19.86
11012,61.301,-63.907
11013,7.2116,70.666
11014,-16.699,-84.161
11015,41.194,-51.277
11016,41.974,76.485
11017,60.109,64.132
11018,70.317,64.957
11019,-16.159,64.632
11020,46.413,-41.124
11021,-89.916,-50.718
11022,42.972,-56.66
11023,-55.915,39.4
11024,-70.084,34.228
11025,-3.1265,-13.853
11026,53.727,79.359
11027,42.989,56.432
11028,96.675,-56.798
11029,34.87,-64.579
11030,-64.4,-84.397
11031,35.09,87.185
11032,-6.8834,25.851
11033,46.194,75.463
11034,-85.839,15.139
11035,-21.886,-64.384
11036,20.274,-82.608
11037,55.93,48.405
11038,14.132,64.059
11039,-45.09,83.666
11040,-17.143,30.261
11041,57.334,-86.592
11042,51.266,24.87
11043,50.515,40.184
11044,-27.02,-74.162
11045,15.519,39.13
11046,-12.389,-94.597
11047,21.312,24.915
11048,45.863,-4.6731
11049,107.35,-53.446
11050,59.499,-65.142
11051,23.526,-9.5343
11052,45.135,-10.752
11053,46.388,27.181
11054,7.5599,-11.265
11055,-36.022,-43.18
11056,-12.45,-0.82988
11057,-29.478,85.607
11058,-3.9306,28.511
11059,-85.125,-19.326
11060,6.0488,-17.508
11061,100.24,-59.303
11062,-67.926,-80.881
11063,-57.863,-88.744
11064,25.563,84.21
11065,-2.1425,44.186
11066,25.157,45.822
11067,-46.358,-40.659
11068,64.885,-26.687
11069,66.389,62.237
11070,92.391,-66.541
11071,3.5473,61.076
11072,24.194,47.273
11073,18.746,48.515
11074,-24.994,30.591
11075,-68.772,66.326
11076,-63.391,-63.988
11077,96.716,-54.658
11078,-24.792,-8.7791
11079,2.465,41.89
11080,63.604,-28.441
11081,28.087,87.656
11082,-65.882,-59.301
11083,59.351,-19.075
11084,-9.8539,-4.2474
11085,43.022,-29.907
11086,-57.909,-88.77
11087,-49.621,-87.951
11088,22.109,44.116
11089,-42.117,14.276
11090,-32.212,4.1591
11091,75.039,48.081
11092,28.452,95.599
11093,42.569,75.793
11094,68.639,25.38
11095,57.055,73.241
11096,-71.158,-7.343
11097,80.229,-51.403
11098,55.814,-51.887
11099,23.284,41.208
11100,7.8477,-55.193
11101,-73.799,72.665
11102,-19.317,-21.277
11103,-34.242,2.0984
11104,25.715,75.401
11105,85.523,-7.1182
11106,33.808,36.589
11107,32.567,20.58
11108,5.1377,-15.29
11109,6.8528,70.397
11110,58.306,59.842
11111,-23.288,-105.58
11112,16.558,-57.502
11113,-3.2157,-57.562
11114,-14.459,-24.817
11115,-49.22,-4.9071
11116,107.93,-53.54
11117,-51.289,-85.816
11118,60.152,38.58
11119,-18.372,-15.129
11120,-69.949,-22.28
11121,73.468,89.388
11122,91.516,26.701
11123,42.863,-30.384
11124,-49.681,-87.686
11125,3.9921,39.392
11126,6.8551,87.724
11127,-11.023,-69.465
11128,11.627,-17.219
11129,-1.3761,40.659
11130,6.287,86.25
11131,10.624,-58.929
11132,-79.668,-39.938
11133,-14.363,24.947
11134,82.768,46.675
11135,59.453,52.34
11136,44.874,60.485
11137,96.783,-56.798
11138,33.315,-24.594
11139,0.43476,22.375
11140,44.847,60.695
11141,115.89,-16.789
11142,-63.297,-84.838
11143,-2.6702,-49.61
11144,-32.328,54.117
11145,-14.661,52.818
11146,76.8,-76.066
11147,-24.837,32.405
11148,-45.33,56.349
11149,17.513,47.737
11150,69.155,52.455
11151,40.888,-12.764
11152,46.818,2.4536
11153,-31.27,-52.161
11154,0.8324,-5.3361
11155,-61.986,-87.515
11156,46.459,-3.0903
11157,37.681,83.001
11158,-44.143,2.7302
11159,32.915,40.877
11160,-27.615,-17.47
11161,31.252,85.902
11162,56.682,49.824
11163,96.843,-56.336
11164,-67.555,-67.085
11165,-66.844,-53.126
11166,39.66,77.192
11167,109.95,4.1427
11168,42.354,78.97
11169,91.704,-12.04
11170,3.5693,37.739
11171,10.057,27.627
11172,78.421,33.102
11173,-33.141,2.2334
11174,1.0798,97.041
11175,13.149,73.541
11176,-49.035,-34.496
11177,-21.933,3.8642
11178,99.043,-60.052
11179,78.566,-37.343
11180,35.705,12.672
11181,-62.28,-87.407
11182,2.0427,54.03
11183,-19.393,-82.425
11184,-46.522,-11.562
11185,115.89,-16.788
11186,-75.134,-19.349
11187,79.488,-1.0529
11188,-19.703,-74.297
11189,-0.71575,32.488
11190,-22.179,31.813
11191,21.072,43.19
11192,104.59,-55.254
11193,25.204,-15.538
11194,-66.984,-79.595
11195,-46.512,-89.267
11196,-34.585,-59.389
11197,3.114,-11.4
11198,18.863,35.542
11199,41.136,61.594
11200,-14.259,-4.5993
11201,85.079,-27.928
11202,35.186,-36.301
11203,-32.639,72.92
11204,28.316,75.685
11205,-63.598,21.617
11206,68.581,47.461
11207,-9.3954,-3.8152
11208,-70.355,-37.652
11209,83.459,-12.674
11210,-24.741,-99.489
11211,-10.63,-1.0731
11212,54.691,-16.823
11213,-30.244,-31.552
11214,-19.388,3.8911
11215,104.2,-55.916
11216,-33.486,49.72
11217,-32.034,75.29
11218,17.993,68.525
11219,-3.4776,31.325
11220,-33.705,-8.6064
11221,23.617,71.606
11222,-1.6435,-33.862
11223,49.681,-62.803
11224,14.808,-11.244
11225,35.795,-59.747
11226,18.575,66.398
11227,-4.5187,92.423
11228,37.413,27.248
11229,19.102,36.69
11230,46.59,85.164
11231,48.416,87.285
11232,-27.184,-20.018
11233,90.949,-12.771
11234,-10.867,31.968
11235,-28.096,-104.74
11236,-47.391,-59.807
11237,1.7831,41.603
11238,-27.614,31.84
11239,51.006,80.021
11240,-21.949,35.191
11241,44.328,61.001
11242,-84.299,-21.851
11243,-18.158,-22.61
11244,-26.894,-102.39
11245,-20.543,87.507
11246,30.651,43.669
11247,63.829,-6.8913
11248,52.384,24.755
11249,107.64,-52.948
11250,42.988,-5.2868
11251,-96.304,-16.645
11252,-61.569,-87.658
11253,-1.8549,33.919
11254,-18.476,56.25
11255,-48.934,-33.736
11256,-16.525,53.353
11257,41.705,87.526
11258,57.669,73.492
11259,33.956,-4.2272
11260,56.621,73.424
11261,104.01,-56.171
11262,91.185,-12.053
11263,-14.101,27.448
11264,24.213,-65.282
11265,52.856,59.943
11266,-28.059,31.963
11267,-19.222,-25.771
11268,44.531,-12.372
11269,85.659,-17.561
11270,55.671,52.032
11271,5.6765,-59.702
11272,31.367,-6.2526
11273,4.5774,-6.8979
11274,-83.756,20.175
11275,31.109,-69.612
11276,95.624,44.244
11277,84.822,-7.6502
11278,27.08,35.97
11279,-19.195,-84.02
11280,0.55744,20.106
11281,-0.57504,31.348
11282,1.3494,75.084
11283,-59.089,-25.683
11284,6.311,97.004
11285,36.423,-65.15
11286,72.735,-49.347
11287,41.314,-60.968
11288,-44.564,4.3445
11289,32.829,37.902
11290,7.7892,-2.6126
11291,10.868,-37.557
11292,-45.143,-19.459
11293,32.253,86.712
11294,85.151,-10.869
11295,-65.868,-63.278
11296,1.2125,-56.974
11297,-48.858,-88.726
11298,-6.3156,99.453
11299,27.64,23.47
11300,-15.523,24.978
11301,76.151,-57.993
11302,68.482,37.557
11303,12.321,-13.006
11304,-18.029,77.952
11305,-8.788,99.224
11306,-41.094,67.615
11307,-59.977,44.627
11308,68.031,53.179
11309,-12.335,-24.814
11310,85.473,-7.3399
11311,35.297,-34.818
11312,-45.761,-83.248
11313,-18.953,-91.494
11314,-67.457,-71.917
11315,-39.111,-11.222
11316,23.354,71.914
11317,-80.211,-28.746
11318,91.608,-57.922
11319,-72.207,-37.365
11320,-11.648,-25.486
11321,59.275,-55.287
11322,-22.235,72.875
11323,14.792,75.076
11324,89.712,-20.389
11325,22.201,-77.834
11326,10.929,77.352
11327,-78.072,-68.283
11328,31.153,-19.815
11329,39.973,-79.472
11330,-6.6787,19.677
11331,-21.478,-83.745
11332,-39.17,-24.538
11333,-84.923,26.016
11334,95.414,-51.545
11335,45.473,42.011
11336,23.497,71.672
11337,-15.362,13.138
11338,22.497,-7.5298
11339,47.331,40.075
11340,26.943,87.941
11341,9.5588,78.049
11342,-30.097,66.288
11343,-20.623,-37.31
11344,-52.307,-45.844
11345,-80.771,27.104
11346,37.486,-19.028
11347,68.069,-2.8346
11348,7.1243,29.22
11349,29.438,31.251
11350,2.5934,-81.925
11351,29.104,5.9021
11352,48.139,54.048
11353,70.616,65.563
11354,-71.816,50.539
11355,-31.548,22.542
11356,10.468,34.101
11357,-28.402,-21.983
11358,-96.991,54.71
11359,4.3594,-42.222
11360,-21.045,51.66
11361,38.633,71.239
11362,32.924,-78.05
11363,-72.347,8.1521
11364,-6.4597,60.698
11365,-76.795,56.437
11366,14.821,16.041
11367,82.267,-41.815
11368,44.869,29.559
11369,-28.308,-21.518
11370,-14.538,24.521
11371,100.75,-58.838
11372,60.468,-63.104
11373,-16.921,-70.99
11374,26.373,-47.954
11375,-6.523,-91.377
11376,-9.7064,65.198
11377,19.9,83.639
11378,-24.778,-19.416
11379,3.1339,-58.182
11380,34.578,-18.345
11381,37.475,-32.672
11382,-40.134,20.467
11383,12.948,89.458
11384,-30.201,44.696
11385,59.608,-22.484
11386,1.7165,64.681
11387,-25.149,92.959
11388,-54.699,-91.817
11389,49.267,69.06
11390,59.72,-80.741
11391,19.442,-38.245
11392,7.8903,85.134
11393,46.009,52.827
11394,3.044,55.635
11395,-33.278,15.374
11396,-31.658,95.185
11397,31.994,74.585
11398,45.725,85.451
11399,56.582,-26.617
11400,-1.5125,-45.311
11401,13.856,-54.534
11402,58.148,-22.845
11403,16.492,68.029
11404,35.499,15.311
11405,7.0563,-77.663
11406,1.4191,7.9352
11407,4.7891,-5.9874
11408,25.89,-44.08
11409,22.831,95.722
11410,-88.617,28.669
11411,29.724,0.177
11412,9.5773,74.322
11413,-7.1165,33.726
11414,-53.64,-25.766
11415,-27.007,-19.524
11416,66.628,27.676
11417,31.257,-63.487
11418,59.098,-69.383
11419,45.916,-37.031
11420,3.4768,39.104
11421,9.5652,29.304
11422,55.072,49.335
11423,9.6176,-4.7138
11424,-98.724,-14.976
11425,-55.182,-88.953
11426,-56.661,25.815
11427,28.855,39.043
11428,-79.809,29.777
11429,44.924,76.002
11430,-77.564,-67.113
11431,-90.864,16.932
11432,52.588,12.547
11433,58.325,-4.8189
11434,35.695,87.44
11435,-21.632,-85.015
11436,15.878,50.127
11437,2.9702,92.057
11438,-14.273,51.081
11439,-1.7419,-45.426
11440,5.1144,61.453
11441,-40.012,14.889
11442,-15.054,51.281
11443,55.619,35.767
11444,58.573,73.232
11445,20.006,-31.27
11446,22.602,-90.854
11447,-7.7477,-94.976
11448,14.059,-19.997
11449,-28.755,4.5399
11450,91.341,33.143
11451,-5.765,40.459
11452,91.642,-58.016
11453,61.18,-67.827
11454,-17.256,84.555
11455,3.3703,71.811
11456,-0.49617,-82.07
11457,-30.266,65.911
11458,-1.2325,-59.348
11459,-55.275,40.246
11460,-41.533,-64.438
11461,90.194,-14.704
11462,39.87,5.3576
11463,78.456,-4.474
11464,-17.78,69.26
11465,31.031,85.998
11466,20.735,83.786
11467,44.45,88.735
11468,65.036,61.984
11469,79.653,-14.975
11470,48.033,-47.317
11471,-27.928,91.265
11472,10.656,-5.1538
11473,34.276,-62.099
11474,11.27,-46.081
11475,-81.832,-13.701
11476,-46.825,-11.028
11477,70.656,64.326
11478,26.881,-80.15
11479,56.147,58.922
11480,-79.397,61.179
11481,-70.482,-62.105
11482,12.673,-47.066
11483,70.252,-35.424
11484,-10.794,-77.598
11485,71.413,31.658
11486,-40.045,-17.314
11487,16.671,34.991
11488,31.495,-63.533
11489,57.682,-68.867
11490,49.065,-88.171
11491,11.642,83.532
11492,-25.314,-6.4036
11493,43.462,62.833
11494,44.98,16.324
11495,6.7902,-62.703
11496,17.883,54.037
11497,17.961,23.722
11498,-12.712,34.038
11499,19.4,36.223
11500,-4.3699,-33.95
11501,96.923,-59.568
11502,56.844,-69.778
11503,47.772,-87.671
11504,13.224,6.3492
11505,-83.44,-19.838
11506,-24.731,67.585
11507,-38.243,18.138
11508,73.459,89.514
11509,-18.432,13.793
11510,74.505,14.041
11511,-35.064,-82.189
11512,70.506,1.8096
11513,28.75,-92.066
11514,-16.381,-26.575
11515,69.757,-41.232
11516,32.665,-26.366
11517,6.9405,28.392
11518,14.698,-10.292
11519,-63.793,67.364
11520,21.971,6.1926
11521,-6.7351,72.685
11522,1.9602,12.585
11523,-78.847,-56.11
11524,-70.793,62.824
11525,35.875,-19.625
11526,-14.465,-25.592
11527,13.818,-6.5803
11528,10.805,73.41
11529,16.781,61.558
11530,-26.894,-78.157
11531,41.863,44.441
11532,-17.996,68.366
11533,-41.058,34.835
11534,63.741,88.136
11535,84.848,-7.5272
11536,56.418,-57.086
11537,76.516,-33.505
11538,-31.915,88.189
11539,0.99966,-5.6753
11540,37.881,-58.108
11541,38.046,22.472
11542,10.449,84.475
11543,30.796,86.603
11544,-35.435,-4.8799
11545,-51.87,-38.888
11546,-22.289,-14.499
11547,71.651,-36.024
11548,16.125,32.491
11549,-34.275,-1.6902
11550,43.651,-50.83
11551,97.289,55.23
11552,-54.804,-58.495
11553,-13.496,54.022
11554,4.827,83.43
11555,-82.493,35.282
11556,-32.468,21.465
11557,69.733,40.14
11558,36.042,16.657
11559,7.3175,-0.58207
11560,0.8843,1.545
11561,19.418,55.907
11562,-3.8471,75.555
11563,-68.765,-59.686
11564,94.122,-59.276
11565,104.94,-56.658
11566,60.341,-63.995
11567,8.7774,99.311
11568,-17.491,77.273
11569,-28.178,-82.779
11570,72.695,34.586
11571,-37.072,-10.055
11572,50.85,39.653
11573,31.373,54.542
11574,57.434,-17.795
11575,-32.816,-81.471
11576,-19.826,-24.713
11577,-13.812,43.446
11578,-40.745,12.37
11579,-31.99,14.445
11580,-43.823,-5.9006
11581,-76.193,-11.853
11582,50.44,-3.8489
11583,11.294,-0.61626
11584,-12.329,68.712
11585,-26.305,-19.026
11586,-47.149,-18.655
11587,9.5243,29.101
11588,-80.758,-41.349
11589,35.301,-19.742
11590,61.496,-64.638
11591,82.644,-12.367
11592,-20.454,-35.873
11593,56.114,26.364
11594,2.4542,16.19
11595,-33.444,74.043
11596,-89.252,-18.712
11597,40.039,33.513
11598,-36.272,-9.2081
11599,-89.201,21.588
11600,-60.326,-34.469
11601,108.42,-53.057
11602,83.237,-25.247
11603,74.631,-33.016
11604,-83.715,35.746
11605,32.288,-23.408
11606,-14.553,85.38
11607,-23.131,79.707
11608,5.9347,74.667
11609,25.748,-94.42
11610,31.193,73.546
11611,-95.412,-12.913
11612,-49.741,19.849
11613,-88.483,-22.431
11614,-18.593,16.454
11615,66.025,86.707
11616,101.92,-56.775
11617,68.709,-2.9804
11618,17.883,-36.833
11619,44.909,-59.576
11620,78.207,-35.65
11621,10.964,40.937
11622,41.506,40.241
11623,-17.675,17.273
11624,15.406,-10.312
11625,-69.18,-27.873
11626,-28.899,-22.42
11627,28.934,35.359
11628,87.756,-25.039
11629,39.315,-12.904
11630,3.8497,92.738
11631,11.34,41.526
11632,0.28183,19.131
11633,-33.082,22.79
11634,23.111,-86.552
11635,-16.259,-24.13
11636,100.98,-57.236
11637,6.3638,-77.172
11638,60.625,-12.497
11639,-0.79387,53.988
11640,-21.71,-69.956
11641,-30.182,0.82414
11642,-4.6814,-2.3303
11643,35.128,51.496
11644,104.47,-55.638
11645,-8.702,-95.289
11646,38.658,16.803
11647,-30.246,66.505
11648,4.0692,86.167
11649,13.421,-2.8177
11650,-12.857,-57.24
11651,66.322,62.521
11652,31.813,-64.413
11653,-3.3382,-46.626
11654,-88.176,62.46
11655,107.37,-46.33
11656,16.754,-9.1232
11657,44.409,35.202
11658,-18.873,89.899
11659,14.594,55.698
11660,-54.115,2.2907
11661,52.974,-16.199
11662,8.3036,11.672
11663,72.318,33.03
11664,91.783,-58.128
11665,33.938,-28.962
11666,32.19,79.571
11667,29.86,76.039
11668,-66.991,21.137
11669,15.537,-85.797
11670,35.707,52.381
11671,-45.576,-0.51807
11672,14.116,-5.0024
11673,33.982,14.645
11674,30.745,32.951
11675,8.8804,38.38
11676,57.671,63.344
11677,-42.895,-39.231
11678,-54.782,-34.372
11679,-53.31,-61.625
11680,-13.056,-26.988
11681,-10.574,-90.758
11682,25.422,-52.214
11683,-58.23,67.073
11684,-21.733,-68.891
11685,-1.5609,54.149
11686,-71.371,13.15
11687,2.4142,-82.143
11688,23.011,19.934
11689,55.422,43.423
11690,-21.247,-68.062
11691,-62.946,-77.978
11692,-18.163,-23.06
11693,-15.397,-51.635
11694,14.506,58.216
11695,74.45,0.34244
11696,78.33,-30.906
11697,-16.587,60.833
11698,-5.5519,75.356
11699,-34.837,-9.9902
11700,49.363,39.411
11701,-80.808,-33.259
11702,-4.1072,0.0039211
11703,23.144,13.408
11704,1.143,1.3569
11705,59.246,-10.375
11706,66.291,-50.564
11707,-56.361,-88.201
11708,30.034,23.662
11709,-1.9063,25.438
11710,72.393,33.652
11711,61.957,64.444
11712,-14.204,25.004
11713,79.956,-3.4244
11714,-0.96244,78.69
11715,-38.525,-83.542
11716,31.581,39.726
11717,-30.955,-31.575
11718,90.504,-25.494
11719,21.188,-84.902
11720,-53.654,2.0347
11721,19.929,36.513
11722,10.675,-48.906
11723,-18.059,-46.474
11724,28.303,-68.494
11725,10.915,-12.595
11726,22.606,22.185
11727,0.38071,40.253
11728,-38.292,74.266
11729,21.355,54.228
11730,-7.6452,73.048
11731,58.056,50.56
11732,-35.807,-14.053
11733,-36.75,-10.511
11734,-51.418,9.7907
11735,82.564,41.538
11736,45.403,62.131
11737,75.497,50.455
11738,40.227,-3.4658
11739,64.181,-15.287
11740,52.237,30.816
11741,-19.265,-68.015
11742,-18.29,-24.746
11743,68.51,34.9
11744,52.834,60.499
11745,24.714,73.524
11746,42.853,50.772
11747,-47.029,12.015
11748,-82.314,-21.809
11749,-19.178,-40.177
11750,33.072,-25.423
11751,72.486,-43.529
11752,49.912,-33.439
11753,-58.096,75.54
11754,2.9598,77.366
11755,58.244,40.651
11756,-17.862,-7.1061
11757,-71.183,-42.637
11758,54.023,1.5656
11759,26.939,-32.471
11760,-4.8177,-54.425
11761,17.809,47.451
11762,12.562,79.129
11763,36.87,-19.99
11764,-13.669,-21.83
11765,38.366,7.678
11766,-20.325,-83.72
11767,21.294,26.182
11768,1.6641,70.098
11769,-38.518,32.464
11770,19.352,-45.934
11771,56.379,50.289
11772,31.746,-21.385
11773,-73.435,-64.98
11774,-19.685,-70.049
11775,44.244,-56.29
11776,-3.4761,20.741
11777,-41.856,64.912
11778,-17.033,-19.432
11779,-6.7669,19.25
11780,-31.909,-1.1651
11781,-41.478,48.345
11782,-14.436,27.389
11783,25.348,-84.509
11784,-44.528,-6.6784
11785,-14.556,25.545
11786,86.345,43.531
11787,-20,-83.274
11788,12.421,41.702
11789,-44.002,-3.137
11790,107.32,-52.694
11791,32.073,-6.2032
11792,41.598,71.247
11793,9.3785,70.013
11794,-77.671,36
11795,16.145,-99.851
11796,56.654,73.587
11797,96.564,44.735
11798,-84.81,-22.653
11799,77.113,-75.297
11800,40.414,64.041
11801,98.973,-60.4
11802,5.3223,38.626
11803,30.417,-53.865
11804,13.589,-17.961
11805,56.12,35.476
11806,-3.9502,-87.877
11807,-57.69,20.726
11808,90.073,-58.346
11809,10.368,-15.028
11810,31.589,-71.908
11811,42.287,-29.115
11812,28.939,-97.076
11813,-87.779,28.609
11814,17.833,13.984
11815,-10.614,-38.673
11816,14.501,-2.8898
11817,-53.58,-40.164
11818,6.7894,40.758
11819,55.974,74.618
11820,-14.173,81.294
11821,-78.961,33.442
11822,-35.5,-8.5182
11823,-20.983,6.7071
11824,85.895,-5.7854
11825,70.818,-0.37675
11826,-19.984,-36.302
11827,-23.793,-69.125
11828,-8.0322,32.799
11829,-67.119,27.822
11830,23.254,41.377
11831,46.719,49.854
11832,-81.718,21.804
11833,-74.184,53.341
11834,32.053,-15.675
11835,64.26,-65.197
11836,31.104,-23.559
11837,-15.981,-25.507
11838,5.9082,28.203
11839,-48.291,74.858
11840,-59.686,-37.443
11841,44.341,35.345
11842,9.0376,75.088
11843,16.36,-8.0605
11844,-10.814,-75.009
11845,-17.658,-30.24
11846,71.923,49.918
11847,46.365,48.66
11848,-77.136,-58.421
11849,84.545,-14.55
11850,-32.524,68.81
11851,76.818,-37.536
11852,60.37,50.39
11853,5.4976,-17.608
11854,29.767,-44.407
11855,28.956,49.23
11856,-42.349,-67.811
11857,96.268,56.813
11858,84.014,42.928
11859,-75.124,-66.429
11860,-25.577,-56.606
11861,-39.766,78.124
11862,-51.984,-88.705
11863,25.141,-38.955
11864,-58.252,66.866
11865,79.714,52.686
11866,41.705,61.43
11867,2.6025,-50.912
11868,7.95,-57.446
11869,-9.5065,-75.292
11870,57.661,-58.44
11871,31.712,63.153
11872,20.278,23.167
11873,-19.262,-68.068
11874,-19.199,-75.415
11875,-10.209,-6.6287
11876,65.231,44.947
11877,-83.11,-28.719
11878,54.634,-51.031
11879,-55.239,80.407
11880,0.4664,28.648
11881,12.621,-12.785
11882,64.997,55.476
11883,-21.36,-80.294
11884,53.562,71.527
11885,14.119,-88.011
11886,13.312,-3.2105
11887,-74.353,31.943
11888,16.301,-8.0238
11889,33.468,-2.2367
11890,-88.18,62.46
11891,-6.6882,-23.181
11892,-27.421,-96.553
11893,10.828,-11.495
11894,-19.67,87.423
11895,-7.8394,33.819
11896,-41.182,4.4922
11897,-59.445,0.66094
11898,43.331,-14.692
11899,-22.396,37.477
11900,-17.619,28.883
11901,68.171,45.688
11902,-26.843,-2.5783
11903,-15.389,-6.0914
11904,-14.338,24.238
11905,30.673,-21.313
11906,-24.522,92.778
11907,15.033,-40.548
11908,-49.303,82.934
11909,-3.1963,-57.542
11910,14.682,-30.855
11911,-23.07,-105.58
11912,10.584,1.3394
11913,31.614,-48.479
11914,-63.076,24.251
11915,56.274,42.829
11916,24.424,41.156
11917,53.736,33.822
11918,109.95,4.1442
11919,109.95,4.1444
11920,-64.808,78.132
11921,64.839,87.4
11922,91.914,-60.137
11923,77.679,-26.746
11924,57.997,-4.6252
11925,50.37,-71.722
11926,6.9282,29.295
11927,-20.257,89.091
11928,7.0995,-6.5017
11929,-0.73584,32.712
11930,-59.901,-0.47318
11931,-24.349,-56.844
11932,-37.768,-12.352
11933,-71.921,-43.634
11934,-33.287,24.221
11935,27.998,27.846
11936,35.397,-65.015
11937,-15.041,-28.103
11938,13.303,-43.971
11939,82.605,27.236
11940,-17.772,-39.341
11941,36.185,28.125
11942,0.72235,66.393
11943,-25.044,89.791
11944,-12.809,-64.32
11945,19.733,-84.925
11946,58.53,74.005
11947,-36.052,-9.0928
11948,25.562,-93.265
11949,16.361,-98.776
11950,-87.761,28.947
11951,-25.529,-97.864
11952,-15.014,-67.059
11953,63.111,17.095
11954,76.347,25.228
11955,-77.047,-58.122
11956,90.682,31.608
11957,39.025,22.464
11958,-21.21,-64.995
11959,55.759,41.664
11960,-7.0927,51.058
11961,5.8419,71.062
11962,3.4329,70.551
11963,104.52,-55.868
11964,31.208,-20.924
11965,-55.807,9.2672
11966,-18.16,78.091
11967,64.533,44.5
11968,-8.1773,71.341
11969,-39.733,9.5543
11970,-72.091,-21.976
11971,-3.7672,-86.875
11972,3.6575,79.091
11973,-27.394,86.737
11974,40.098,35.351
11975,7.5171,77.966
11976,62.485,39.505
11977,-61.835,-66.311
11978,-57.778,-33.969
11979,-28.391,-21.598
11980,-100.9,12.022
11981,8.4248,73.202
11982,-8.2936,66.551
11983,-20.988,-60.15
11984,72.612,-38.233
11985,-58.35,-60.643
11986,46.493,40.524
11987,-22.129,-88.425
11988,26.732,-32.615
11989,-20.309,-37.973
11990,-51.776,52.813
11991,-10.978,-65.903
11992,-89.045,26.796
11993,28.272,-81.81
11994,48.237,-20.261
11995,-34.788,35.813
11996,-7.9551,-3.2077
11997,107.41,-52.522
11998,-42.519,13.429
11999,36.156,82.316
12000,-65.222,-84.114
12001,14.427,-10.923
12002,-3.2587,67.343
12003,59.889,57.644
12004,100.45,-59.54
12005,45.087,-14.354
12006,49.022,-39.184
12007,74.819,-32.989
12008,-62.967,70.209
12009,-11.542,49.845
12010,-46.886,4.8414
12011,68.269,41.546
12012,42.326,82.137
12013,-75.841,-24.353
12014,19.215,-60.117
12015,-41.693,-1.0761
12016,-11.445,-4.4617
12017,39.994,69.882
12018,44.862,-30.015
12019,13.799,35.86
12020,38.521,-61.749
12021,20.956,25.988
12022,1.0137,-65.121
12023,17.291,35.633
12024,-40.867,84.206
12025,55.998,35.272
12026,-42.105,-24.758
12027,-11.693,30.09
12028,20.355,10.459
12029,34.336,59.121
12030,59.034,61.537
12031,98.374,-59.982
12032,84.717,-3.3899
12033,32.961,-16.835
12034,-35.307,-81.477
12035,-31.479,-80.934
12036,3.6561,18.474
12037,-19.284,89.381
12038,2.5943,76.127
12039,55.942,35.875
12040,-73.453,-21.197
12041,37.092,22.952
12042,64.95,67.796
12043,47.218,38.502
12044,40.849,-57.747
12045,2.1545,7.3709
12046,30.051,93.696
12047,-11.278,-66.903
12048,11.726,-67.412
12049,75.287,13.059
12050,-19.509,-74.318
12051,28.637,95.605
12052,-1.7605,40.708
12053,-43.114,12.999
12054,-86.3,-27.241
12055,-4.3653,-57.69
12056,-31.255,23.143
12057,58.364,-9.6421
12058,-6.17,60.048
12059,-13.424,-94.429
12060,-13.508,53.795
12061,90.653,35.929
12062,0.56281,35.249
12063,7.2749,68.023
12064,-34.342,69.495
12065,-20.613,-88.105
12066,4.467,50.724
12067,10.981,-17.526
12068,-42.808,81.238
12069,-86.83,21.385
12070,-9.9268,-17.02
12071,-24.639,-94.478
12072,-18.543,-60.345
12073,-49.793,-27.667
12074,7.3573,99.436
12075,-35.934,-5.2841
12076,-7.0015,-34.038
12077,75.479,13.406
12078,13.433,-26.44
12079,20.153,-6.5798
12080,-0.94652,75.202
12081,-9.9485,30.16
12082,-58.833,6.2055
12083,73.247,-38.79
12084,37.482,-16.865
12085,1.931,69.981
12086,-12.159,-18.415
12087,13.526,37.905
12088,115.9,-16.791
12089,-86.441,-24.508
12090,-66.12,-60.101
12091,-97.741,19.117
12092,31.988,-5.8015
12093,4.1971,-15.033
12094,-18.047,68.192
12095,-80.291,-34.942
12096,-58.306,66.816
12097,34.496,41.342
12098,64.992,69.416
12099,12.149,32.405
12100,97.994,-59.837
12101,28.622,25.339
12102,14.423,59.098
12103,-13.958,-6.0326
12104,-82.099,-41.376
12105,71.078,-38.213
12106,70.353,-7.4315
12107,0.48603,23.487
12108,36.339,-34.179
12109,3.4139,79.223
12110,-10.139,-72.955
12111,-23.126,-85.361
12112,-21.459,-11.202
12113,74.762,41.947
12114,-82.139,-21.581
12115,6.9794,27.722
12116,-52.289,-38.142
12117,-99.161,9.4631
12118,54.342,-64.941
12119,26.083,-60.276
12120,-50.844,-88.292
12121,-53.276,18.23
12122,42.078,14.755
12123,-4.8834,20.983
12124,15.989,72.736
12125,86.748,44.818
12126,61.126,54.379
12127,-31.423,30.302
12128,-42.077,-41.778
12129,35.288,-23.033
12130,11.411,-46.098
12131,24.537,84.46
12132,40.019,35.646
12133,-36.063,6.6393
12134,-27.517,37.505
12135,-58.999,-34.331
12136,-19.877,15.722
12137,-2.5963,57.359
12138,0.00070224,42.748
12139,19.348,-8.9023
12140,16.217,32.76
12141,13.317,39.334
12142,56.007,58.676
12143,-71.651,-43.321
12144,-88.782,21.612
12145,61.253,45.788
12146,22.291,43.128
12147,18.049,54.207
12148,39.206,-76.322
12149,1.6395,63.913
12150,16.839,72.033
12151,-7.2618,20.775
12152,15.135,61.089
12153,-71.666,50.341
12154,-79.97,-65.461
12155,-71.24,-42.799
12156,-46.639,-59.479
12157,-89.718,14.106
12158,-35.61,63.866
12159,14.5,-3.3289
12160,-7.9618,-78.887
12161,32.94,-68.998
12162,-86.614,-23.198
12163,31.456,47.404
12164,61.221,45.798
12165,20.925,23.08
12166,-21.903,20.343
12167,-27.181,-6.2615
12168,5.2875,30.005
12169,-10.513,-73.061
12170,-32.023,-2.942
12171,-35.525,-14.076
12172,-80.998,-11.151
12173,-11.337,-72.625
12174,6.901,29.071
12175,-33.086,-19.714
12176,103.97,-56.173
12177,-92.269,12.285
12178,35.031,-36.442
12179,-45.546,37.445
12180,16.109,53.72
12181,-3.6658,-1.1755
12182,-46.502,-67.196
12183,-48.258,6.8632
12184,8.1273,45.428
12185,-72.055,-29.246
12186,-68.318,-34.784
12187,-7.6596,75.032
12188,45.172,-10.494
12189,79.887,-3.5981
12190,-41.147,-14.26
12191,14.765,-13.124
12192,33.974,48.804
12193,-86.451,44.859
12194,95.774,-60.157
12195,104.85,-55.644
12196,104.93,-45.515
12197,45.121,-82.311
12198,-9.5037,-46.48
12199,9.1695,79.501
12200,2.059,24.808
12201,10.689,72.117
12202,-40.815,72.409
12203,18.388,0.26001
12204,-17.287,30.606
12205,-25.613,-32.644
12206,91.441,-60.274
12207,-7.0103,102.92
12208,-62.748,-86.825
12209,19.246,26.141
12210,57.351,43.911
12211,8.3015,39.962
12212,31.103,-73.892
12213,-87.882,-23.473
12214,40.825,32.456
12215,29.962,7.7129
12216,-68.445,39.859
12217,-18.097,-105.99
12218,34.377,41.271
12219,23.229,5.1525
12220,5.0145,-5.9266
12221,-31.092,12.612
12222,23.561,77.371
12223,28.684,-94.853
12224,25.587,51.364
12225,74.768,-2.4179
12226,38.092,-89.896
12227,0.62823,-7.9492
12228,10.925,71.96
12229,49.989,79.358
12230,8.4585,-3.0413
12231,34.162,-32.769
12232,-44.746,9.1202
12233,-84.759,-7.06
12234,-95.926,53.553
12235,-57.82,-34.016
12236,105.08,-46.011
12237,-3.36,-76.115
12238,-2.8886,95.795
12239,64.292,27.864
12240,-60.588,-34.338
12241,-14.826,-50.472
12242,54.309,33.758
12243,4.5172,-8.8523
12244,-42.861,13.208
12245,14.502,79.919
12246,-15.503,-23.543
12247,-27.825,64.109
12248,6.83,70.638
12249,-9.8957,-66.207
12250,19.128,36.467
12251,-61.727,-17.967
12252,108.61,-44.392
12253,53.358,33.345
12254,30.238,18.36
12255,40.786,-56.178
12256,39.937,78.138
12257,11.669,41.636
12258,-73.923,-62.914
12259,44.832,62.265
12260,99.374,-62.518
12261,-88.857,-52.871
12262,89.893,-17.298
12263,29.817,78.023
12264,69.314,39.616
12265,11.824,32.182
12266,40.15,35.877
12267,-39.225,-83.703
12268,-41.296,-22.594
12269,-49.8,-87.966
12270,35.976,-84.153
12271,-15.117,-21.577
12272,39.376,-68.642
12273,32.7,40.604
12274,21.252,-42.622
12275,-35.467,-28.063
12276,-35.314,0.67332
12277,-58.138,-32.289
12278,-16.916,-31.221
12279,-75.807,36.172
12280,8.5361,30.834
12281,50.478,73.189
12282,34.961,33.066
12283,-30.59,-31.831
12284,63.649,26.748
12285,-75.502,17.469
12286,99.383,-63.176
12287,-53.379,-61.315
12288,-17.151,84.61
12289,10.312,37.72
12290,56.503,47.994
12291,-12.699,67.684
12292,-18.808,35.165
12293,-41.115,-5.0683
12294,-9.2723,-3.3522
12295,-38.63,-0.15337
12296,-31.946,73.92
12297,6.162,-7.1829
12298,-37.659,12.653
12299,-74.082,-15.559
12300,-105.75,13.548
12301,48.833,-34.139
12302,69.674,-40.205
12303,-35.002,17.351
12304,-51.043,25.246
12305,36.766,42.786
12306,1.6099,66.777
12307,52.295,32.818
12308,115.98,-16.651
12309,108.08,-43.638
12310,75.438,13.363
12311,75.254,13.191
12312,-83.089,18.333
12313,49.133,-52.609
12314,-2.891,69.167
12315,-12.672,18.251
12316,-30.491,66.556
12317,34.009,-81.188
12318,7.3715,54.351
12319,70.77,-34.964
12320,-106.63,-13.587
12321,-82.935,-38.697
12322,55.243,1.7569
12323,-31.822,-55.636
12324,-22.367,94.402
12325,-41.623,78.144
12326,-12.16,-74.952
12327,-43.294,-0.24048
12328,40.38,-74.382
12329,39.929,-90.961
12330,38.666,52.477
12331,-32.393,21.484
12332,80.755,-4.1974
12333,60.597,-5.5486
12334,57.373,-82.397
12335,-69.258,55.125
12336,9.41,-2.7177
12337,-26.018,-5.2388
12338,-21.5,-59.273
12339,-74.473,32.089
12340,7.2281,5.6529
12341,19.883,-60.582
12342,-84.22,-21.292
12343,-94.573,53.319
12344,-40.777,-21.505
12345,47.208,-30.649
12346,5.2121,67.808
12347,20.434,83.355
12348,13.919,74.224
12349,-94.833,-47.591
12350,-66.024,15.057
12351,-3.6952,-94.295
12352,7.5066,-24.411
12353,40.64,-1.6881
12354,17.511,-51.372
12355,-59.954,77.121
12356,38.279,33.63
12357,17.423,-5.6628
12358,5.0887,83.719
12359,-42.059,-20.089
12360,-3.8522,-40.748
12361,4.4166,40.197
12362,52.197,48.226
12363,10.433,75.186
12364,9.1942,-2.5824
12365,-81.181,-30.718
12366,-36.523,-18.345
12367,-3.5615,-94.26
12368,-82.981,32.472
12369,27.211,-16.939
12370,19.756,-9.2876
12371,-6.6316,79.559
12372,68.053,27.555
12373,45.625,1.4264
12374,32.473,41.864
12375,-20.098,85.518
12376,26.061,46.463
12377,13.975,86.341
12378,15.902,-6.4055
12379,49.977,79.42
12380,-43.629,75.358
12381,82.513,33.011
12382,-54.193,-57.801
12383,13.391,52.957
12384,34.162,-60.574
12385,-5.8116,25.388
12386,25.554,31.348
12387,11.198,46.741
12388,7.0799,0.45818
12389,-7.2636,-4.0494
12390,3.7242,-85.536
12391,69.926,-35.829
12392,-106.97,15.048
12393,38.645,4.0679
12394,31.778,-61.19
12395,-32.383,70.089
12396,65.895,32.102
12397,19.514,72.884
12398,66.758,67.696
12399,42.319,89.506
12400,-60.505,-34.336
12401,9.5924,-20.559
12402,28.483,-68.699
12403,19.195,23.83
12404,-1.6,44.037
12405,-20.229,-69.608
12406,31.264,42.937
12407,-62.483,-34.111
12408,-45.079,-42.397
12409,-89.349,23.15
12410,5.3806,-13.018
12411,41.302,40.02
12412,19.16,59.216
12413,20.304,-8.649
12414,62.993,43.946
12415,-81.302,-39.173
12416,46.923,-3.74
12417,36.552,-61.837
12418,1.4976,68.698
12419,-4.042,59.293
12420,-83.634,-25.978
12421,-82.369,-29.718
12422,-60.335,-33.892
12423,-12.252,0.39138
12424,5.1026,0.48006
12425,-13.274,-79.025
12426,-14.963,-23.456
12427,-47.083,-30.174
12428,17.259,-1.1504
12429,-5.1557,88.451
12430,36.041,81.913
12431,20.543,23.333
12432,-1.8325,41.531
12433,42.859,50.732
12434,-24.625,-31.674
12435,-85.063,-26.239
12436,44.543,27.637
12437,-42.908,5.1926
12438,23.194,-63.719
12439,2.5892,-4.7583
12440,19.291,25.745
12441,21.619,-5.1379
12442,13.101,-1.0356
12443,-65.225,-17.16
12444,-40.814,-23.115
12445,-23.93,-92.334
12446,-69.389,-61.055
12447,-45.875,-88.929
12448,51.523,14.224
12449,2.2428,102.3
12450,9.72,64.046
12451,17.046,-3.7466
12452,-17.342,58.419
12453,38.279,8.4302
12454,-81.13,-24.574
12455,13.821,-19.338
12456,2.9299,20.107
12457,39.903,-79.396
12458,14.63,73.57
12459,13.381,-26.21
12460,14.702,75.123
12461,53.209,60.321
12462,-35.934,-26.719
12463,18.116,-91.929
12464,-20.135,15.666
12465,35.98,-27.682
12466,84.84,-27.56
12467,57.201,-69.241
12468,22.712,23.455
12469,-37.269,21.797
12470,-42.9,-87.383
12471,-50.583,-88.22
12472,-14.632,26.213
12473,11.699,84.103
12474,-75.065,-16.095
12475,-10.104,1.4049
12476,-6.2349,-79.078
12477,1.3152,-29.027
12478,-53.344,-60.849
12479,-4.8696,-77.717
12480,-1.7943,-13.301
12481,15.209,56.437
12482,19.515,48.581
12483,-60.579,-65.555
12484,-12.542,18.107
12485,3.8252,-1.794
12486,73.806,-54.84
12487,-50.414,40.886
12488,-57.256,55.41
12489,18.097,-82.969
12490,-99.484,28.816
12491,-11.529,-25.386
12492,-43.185,-20.99
12493,-22.997,13.361
12494,-93.873,16.608
12495,64.486,7.0226
12496,6.3379,64.365
12497,-11.352,-53.5
12498,-46.051,-17.521
12499,4.7115,33.05
12500,33.938,-60.825
12501,77.253,49.004
12502,29.304,-57.026
12503,103.47,-56.847
12504,28.485,35.753
12505,26.723,-17.25
12506,-19.307,-81.666
12507,11.052,54.501
12508,10.416,-44.731
12509,-2.8511,-13.666
12510,0.81151,68.939
12511,-39.681,-20.72
12512,78.295,24.002
12513,-36.234,-41.96
12514,-53.33,-61.606
12515,56.264,48.831
12516,-0.25327,30.542
12517,-69.744,-54.758
12518,115.97,-16.65
12519,-86.667,-23.098
12520,75.619,-78.691
12521,10.093,46.195
12522,16.114,-1.173
12523,24.566,96.832
12524,-46.396,86.631
12525,-72.125,-64.942
12526,-50.485,47.105
12527,-21.475,-79.889
12528,-8.2738,-65.396
12529,-0.43728,31.535
12530,-3.6522,33.867
12531,21.223,-80.606
12532,-73.267,-53.647
12533,-13.816,43.517
12534,43.397,29.912
12535,20.308,-93.618
12536,-41.53,77.685
12537,-84.16,-25.514
12538,91.451,-59.434
12539,9.8914,53.724
12540,-13.512,69.792
12541,-37.573,-77.192
12542,6.0785,65.751
12543,-4.2031,28.493
12544,-9.0332,-72.435
12545,-93.343,13.328
12546,-42.083,64.765
12547,19.228,-40.62
12548,30.924,-71.206
12549,-103.95,-13.651
12550,37.53,-8.6339
12551,36.378,62.798
12552,-8.8862,-2.6017
12553,33.904,-24.711
12554,6.8719,75.666
12555,-42.123,74.276
12556,13.948,-41.539
12557,28.291,36.917
12558,24.854,48.489
12559,-3.9503,-55.772
12560,-57.722,-33.137
12561,-62.913,-35.491
12562,32.234,42.024
12563,-24.683,92.804
12564,47.616,-89.815
12565,11.663,51.157
12566,-13.764,36.797
12567,8.7961,79.477
12568,62.614,65.534
12569,-32.531,-77.699
12570,-103.2,2.8988
12571,-64.078,-43.266
12572,-88.781,-51
12573,-19.243,3.5258
12574,84.44,-29.83
12575,89.847,-16.838
12576,7.6645,71.153
12577,-6.6137,-52.884
12578,-62.74,59.027
12579,-4.8175,20.348
12580,36.129,39.229
12581,60.728,17.464
12582,116.09,-16.736
12583,53.968,71.449
12584,-12.052,-72.465
12585,7.518,71.918
12586,-72.238,-16.691
12587,-44.978,41.783
12588,-50.831,21.54
12589,-40.068,56.053
12590,-32.735,71.576
12591,-10.783,-67.448
12592,17.18,-78.341
12593,-59.65,-34.262
12594,-13.928,-9.0008
12595,23.746,20.523
12596,37.709,-57.549
12597,-52.03,67.597
12598,2.1921,52.795
12599,10.824,-39.175
12600,-47.663,67.014
12601,-45.367,-19.325
12602,65.445,44.991
12603,14.509,47.588
12604,-40.522,-19.833
12605,68.713,-3.0465
12606,-67.737,-32.374
12607,27.54,12.498
12608,7.2573,66.501
12609,2.5434,33.465
12610,-21.665,67.414
12611,-63.976,17.418
12612,-67.517,-67.292
12613,116.07,-16.779
12614,-95.686,-47.254
12615,55.562,55.198
12616,49.772,-4.9865
12617,-14.388,-27.767
12618,31.369,-81.785
12619,21.67,-77.924
12620,84.327,43.497
12621,20.071,-24.366
12622,-78.951,-60.739
12623,17.357,-11.821
12624,21.244,-42.727
12625,-7.5885,73.139
12626,-19.378,-60.692
12627,24.7,74.203
12628,21.679,14.669
12629,19.377,-36.79
12630,32.697,8.8624
12631,-1.1677,49.338
12632,-48.276,-31.529
12633,-47.299,51.59
12634,72.432,45.767
12635,-18.294,-93.519
12636,14.041,-14.603
12637,48.876,-39.285
12638,-25.404,-98.486
12639,-35.386,-60.455
12640,-16.211,-79.914
12641,30.761,43.091
12642,42.968,-75.431
12643,-41.844,54.959
12644,34.358,82.895
12645,-95.467,-12.912
12646,90.176,45.185
12647,-87.412,-42.077
12648,86.956,-4.605
12649,18.863,2.641
12650,24.164,-65.191
12651,29.053,-84.047
12652,34.049,90.602
12653,-29.214,71.5
12654,-40.108,-15.434
12655,-58.592,-79.408
12656,36.018,-15.648
12657,-29.336,-76.202
12658,-18.383,-23.575
12659,26.443,34.844
12660,31.613,-52.832
12661,49.524,-71.154
12662,47.152,53.788
12663,18.009,49.907
12664,3.4363,13.838
12665,-29.208,66.959
12666,-75.312,-31.119
12667,-82.22,-28.591
12668,72.771,-82.391
12669,-68.46,-59.866
12670,102.95,-57.298
12671,38.814,34.398
12672,-11.28,-70.25
12673,-50.801,82.646
12674,-35.811,64.298
12675,-37.419,-32.182
12676,31.773,-66.266
12677,-32.098,25.05
12678,-70.322,-69.501
12679,-4.2537,28.041
12680,-34.679,42.269
12681,4.9713,57.03
12682,1.0739,71.005
12683,30.467,-88.608
12684,21.805,-80.868
12685,49.017,43.838
12686,2.0587,-36.467
12687,-33.664,-33.923
12688,60.962,60.567
12689,116.02,-16.646
12690,68.536,64.082
12691,-14.25,-72.172
12692,29.5,77.135
12693,-52.669,77.959
12694,-56.742,-26.574
12695,38.433,91.07
12696,-60.981,48.229
12697,-9.5127,-2.6403
12698,33.795,10.916
12699,0.67228,101.73
12700,9.6411,46.728
12701,-19.369,55.547
12702,-41.254,67.493
12703,-66.476,-18.847
12704,-30.93,-1.654
12705,115.9,-16.791
12706,44.75,-29.236
12707,66.452,46.037
12708,-48.808,79.474
12709,13.839,-47.951
12710,-18.001,42.472
12711,-42.881,65.708
12712,28.65,76.873
12713,67.038,67.276
12714,74.502,46.786
12715,-98.828,-30.724
12716,-81.208,-50.746
12717,0.18311,-22.569
12718,4.7461,50.202
12719,-18.633,50.439
12720,-53.03,-16.203
12721,-71.869,-63.809
12722,-97.185,-15.521
12723,115.9,-16.791
12724,-9.4832,-7.4643
12725,-85.309,-25.953
12726,49.259,-84.332
12727,5.5472,93.243
12728,-52.515,82.229
12729,-56.45,2.9601
12730,-48.167,26.192
12731,16.925,-3.7027
12732,-24.338,-8.975
12733,84.241,-25.797
12734,-4.8931,-91.737
12735,-6.7619,53.496
12736,-47.01,59.876
12737,19.88,10.304
12738,-2.5297,-13.699
12739,-10.491,-0.10323
12740,-14.633,25.725
12741,-1.2395,50.807
12742,30.068,-71.781
12743,-53.129,-21.624
12744,-53.225,-27.234
12745,-19.799,-68.579
12746,14.977,33.94
12747,45.376,60.469
12748,-59.446,1.1212
12749,-46.871,-24.401
12750,64.667,-9.759
12751,78.038,-1.7816
12752,-68.045,70.683
12753,-33.934,71.127
12754,36.251,-87.559
12755,83.561,40.773
12756,33.885,83.015
12757,-3.5592,21.662
12758,-8.7394,66.764
12759,66.281,-29.379
12760,75.874,-78.195
12761,6.1948,-60.52
12762,-70.232,33.421
12763,9.3904,-61.358
12764,-8.8608,-57.488
12765,16.202,32.784
12766,58.079,48.689
12767,9.6067,46.306
12768,-81.144,-24.638
12769,-64.517,22.449
12770,-3.8538,-61.755
12771,2.08,22.401
12772,11.184,83.101
12773,25.888,12.802
12774,39.066,-71.478
12775,-8.9177,-57.443
12776,78.854,53.593
12777,88.302,-22.503
12778,42.469,43.834
12779,7.8781,-20.102
12780,-41.33,88.647
12781,-12.522,52.074
12782,26.033,41.176
12783,-26.518,48.57
12784,40.217,37.086
12785,-79.299,38.212
12786,-23.413,-3.0144
12787,-57.366,75.837
12788,49.784,54.824
12789,41.378,-50.781
12790,-80.421,-27.675
12791,86.431,-4.9548
12792,-0.98852,41.796
12793,-9.6188,-74.576
12794,12.875,-37.882
12795,-42.078,13.151
12796,18.08,-9.4853
12797,-12.26,-62.752
12798,31.589,-24.196
12799,88.058,-32.819
12800,-24.632,-79.226
12801,-28.963,54.562
12802,65.528,-45.699
12803,19.097,-89.272
12804,-13.681,46.094
12805,-56.137,23.763
12806,73.185,-83.068
12807,-64.378,-29.19
12808,-9.1512,29.142
12809,33.727,-63.102
12810,-11.679,-54.614
12811,31.258,53.98
12812,37.884,-42.031
12813,-12.948,37.394
12814,37.052,46.762
12815,-89.252,-51.726
12816,-80.326,-31.763
12817,32.779,49.981
12818,-65.067,18.472
12819,116.02,-16.65
12820,-16.841,-79.383
12821,56.277,24.369
12822,-5.0446,-55.188
12823,-61.473,34.569
12824,38.65,-67.079
12825,74.049,47.628
12826,28.109,58.107
12827,65.75,68.813
12828,23.862,49.407
12829,-14.442,-3.7328
12830,107.41,-52.523
12831,89.524,-17.521
12832,-46.194,65.97
12833,57.051,-67.31
12834,-52.604,29.203
12835,-19.267,12.128
12836,23.225,75.632
12837,35.829,65.897
12838,40.646,20.956
12839,-38.21,-10.749
12840,-46.014,27.406
12841,-41.47,-19.722
12842,63.534,31.654
12843,-59.405,-39.892
12844,-57.852,-33.157
12845,-54.78,-38.244
12846,8.3127,-70.226
12847,-16.972,29.441
12848,-13.64,-2.4505
12849,-9.6302,-1.4008
12850,78.556,-38.675
12851,-8.9752,-76.638
12852,-97.105,27.222
12853,-26.58,35.08
12854,-104.86,24.789
12855,71.055,-13.358
12856,14.699,-58.098
12857,52.177,-20.11
12858,-2.3826,-75.08
12859,32.17,-63.008
12860,51.614,-84.201
12861,-53.647,-18.72
12862,-39.441,-12.469
12863,-66.03,-77.964
12864,35.772,-54.892
12865,-35.417,-31.497
12866,59.033,75.225
12867,-76.833,34.223
12868,-49.973,-19.625
12869,14.525,-35.673
12870,-49.777,-23.954
12871,-9.5812,41.707
12872,44.836,-81.81
12873,-37.866,-22.696
12874,-77.75,28.428
12875,-6.2761,62.228
12876,3.3715,55.43
12877,-62.969,-89.633
12878,-7.6427,-71.435
12879,-56.27,-1.9726
12880,-62.038,-36.177
12881,31.977,-57.732
12882,-57.341,-70.807
12883,-61.958,-87.097
12884,-6.3369,60.425
12885,68.753,-40.33
12886,41.576,-59.368
12887,23.358,-39.721
12888,23.007,-17.674
12889,-43.028,-90.002
12890,-43.172,-64.147
12891,-18.699,78.83
12892,41.412,39.724
12893,-66.282,-76.874
12894,83.706,40.95
12895,-101.73,-2.2521
12896,-26.872,58.229
12897,8.3217,45.577
12898,-34.75,27.836
12899,12.901,73.096
12900,-94.578,-47.7
12901,4.4104,-0.10751
12902,14.839,-33.017
12903,0.79161,39.206
12904,-48.445,43.077
12905,-56.969,48.857
12906,16.103,83.354
12907,26.061,40.744
12908,-86.142,-24.395
12909,-81.612,-39.549
12910,59.616,-80.699
12911,-60.26,-88.935
12912,-29.768,41.467
12913,-31.666,44.54
12914,15.822,-0.17239
12915,28.912,76.185
12916,19.508,-10.142
12917,31.701,56.094
12918,-27.36,28.911
12919,12.806,72.281
12920,12.515,-4.1715
12921,-13.463,-56.809
12922,30.347,-19.496
12923,28.273,-92.509
12924,-50.673,55.916
12925,31.157,-1.5578
12926,-19.873,-60.038
12927,20.094,-6.1889
12928,-14.329,27.271
12929,-71.259,13.047
12930,-53.301,1.3637
12931,55.556,-39.315
12932,16.004,-39.357
12933,37.875,-57.999
12934,-43.511,53.83
12935,-51.189,-14.662
12936,4.743,-2.563
12937,2.8928,97.005
12938,-27.179,-20.014
12939,-0.39737,18.542
12940,-96.396,51.976
12941,-9.2915,5.1294
12942,61.241,45.729
12943,93.727,-59.48
12944,-7.633,-1.9094
12945,37.242,-22.044
12946,33.801,-27.499
12947,-20.924,68.064
12948,20.424,-91.286
12949,-24.101,92.766
12950,-64.655,-41.78
12951,52.394,30.883
12952,-116.37,8.1051
12953,-50.434,-89.347
12954,-48.213,71.898
12955,55.532,-64.743
12956,-92.128,16.788
12957,28.869,6.456
12958,-96.044,25.352
12959,-82.546,23.486
12960,-61.53,59.15
12961,-29.645,54.724
12962,31.268,49.565
12963,-41.052,9.8455
12964,66.603,53.886
12965,-57.011,-31.427
12966,46.251,74.918
12967,-45.433,-67.621
12968,37.224,42.412
12969,12.721,96.714
12970,31.22,91.567
12971,-12.494,-24.994
12972,-10.113,-1.8839
12973,71.378,-35.682
12974,-40.502,46.298
12975,-12.692,-52.405
12976,-21.651,40.598
12977,-56.338,27.94
12978,-39.147,-21.994
12979,44.597,81.598
12980,-57.471,-71.194
12981,20.468,-79.513
12982,-41.985,72.403
12983,-39.291,35.132
12984,16.919,59.603
12985,-14.962,26.891
12986,-55.016,30.373
12987,-6.1956,-85.035
12988,-40.361,48.615
12989,48.837,-76.083
12990,-31.628,38.926
12991,19.533,6.2418
12992,45.692,80.569
12993,60.749,-20.164
12994,35.142,-22.799
12995,21.528,54.431
12996,-28.473,29.743
12997,69.199,40.438
12998,-13.461,25.871
12999,-25.616,67.6
13000,54.144,80.167
13001,20.079,-47.878
13002,-30.175,62.107
13003,-53.687,-45.812
13004,52.089,70.355
13005,52.915,80.316
13006,12.622,-3.4485
13007,58.576,18.2
13008,-74.356,-5.9422
13009,76.874,12.928
13010,-35.928,35.135
13011,22.765,-29.971
13012,-16.598,68.617
13013,-35.906,68.581
13014,115.99,-16.64
13015,-7.8145,-12.229
13016,35.721,-82.34
13017,58.533,-10.034
13018,-49.451,-34.25
13019,32.277,25.714
13020,-81.079,-36.648
13021,90.871,32.562
13022,-3.6297,-104.1
13023,7.3846,-75.371
13024,33.284,61.21
13025,-44.767,-20.197
13026,14.735,-10.429
13027,-82.114,-38.568
13028,104.59,-55.715
13029,-55.545,-89.283
13030,-2.8087,-42.064
13031,19.533,2.1152
13032,-64.557,58.32
13033,-52.442,-19.186
13034,-26.778,58.287
13035,-34.493,28.139
13036,62.683,49.286
13037,63.965,66.251
13038,-10.345,-6.4825
13039,-41.25,14.637
13040,27.968,21.031
13041,20.6,-84.863
13042,57.068,43.71
13043,41.402,45.402
13044,99.548,-59.723
13045,-43.886,-89.68
13046,27.477,17.728
13047,16.128,61.7
13048,-17.865,-79.785
13049,28.353,36.583
13050,67.082,25.149
13051,-4.3959,-1.3794
13052,-64.947,-81.187
13053,-60.241,-85.936
13054,48.446,29.954
13055,-42.101,89.577
13056,19.464,-92.182
13057,40.636,81.729
13058,64.512,54.588
13059,65.557,54.253
13060,-104.85,-13.583
13061,-67.321,-37.832
13062,-10.165,-3.5359
13063,33.872,35.398
13064,-64.599,55.115
13065,-44.958,46.727
13066,-32.342,24.234
13067,-23.475,37.23
13068,-6.0502,100.96
13069,-7.8221,28.081
13070,44.115,81.363
13071,-36.369,-87.21
13072,-46.079,15.121
13073,-61.615,-75.109
13074,11.338,8.2646
13075,-53.764,2.2729
13076,-57.856,75.503
13077,41.535,39.343
13078,-10.531,-79.95
13079,-17.687,13.87
13080,-19.534,4.5793
13081,-47.994,70.087
13082,31.382,-56.497
13083,-34.867,28.429
13084,-22.474,35.217
13085,-29.183,41.771
13086,-83.429,-23.661
13087,96.329,-59.025
13088,-65.467,-83.549
13089,56.921,3.6021
13090,-95.692,25.409
13091,28.034,74.1
13092,-74.239,-32.963
13093,-80.83,-32.671
13094,-16.316,10.186
13095,40.664,-43.001
13096,-103,30.907
13097,-51.672,-18.976
13098,-81.246,-31.452
13099,75.784,11.577
13100,44.756,-32.253
13101,37.374,8.429
13102,69.454,-37.31
13103,23.434,6.6615
13104,-44.942,22.346
13105,-33.965,52.578
13106,-17.314,63.001
13107,17.913,66.634
13108,-74.756,-73.763
13109,-6.0045,-4.8853
13110,-94.712,0.8833
13111,66.846,-49.253
13112,-6.5787,73.41
13113,-36.679,57.423
13114,-14.372,76.33
13115,-37.849,47.234
13116,35.152,68.161
13117,51.266,62.228
13118,-39.334,-22.688
13119,-17.142,-24.705
13120,-59.266,60.362
13121,-37.45,40.645
13122,-38.247,30.294
13123,-37.74,26.093
13124,29.876,24.067
13125,-14.693,-89.946
13126,-53.382,-84.261
13127,35.826,13.439
13128,-37.217,31.162
13129,-11.45,-71.325
13130,-30.569,67.186
13131,51.385,47.259
13132,60.044,-4.3798
13133,-20.891,-35.934
13134,-56.058,-12.142
13135,-24.777,-99.416
13136,62.535,53.533
13137,20.826,85.308
13138,-105.01,25.508
13139,-79.676,29.148
13140,-14.693,52.414
13141,8.0919,47.146
13142,20.924,83.072
13143,-4.423,37.674
13144,24.446,-73.568
13145,-85.998,-25.207
13146,64.993,45.207
13147,18.377,-20.403
13148,42.802,-48.748
13149,-2.7516,-29.902
13150,-38.756,54.887
13151,60.112,49.818
13152,7.0812,-15.859
13153,-40.424,-16.419
13154,91.501,-52.759
13155,9.5132,46.015
13156,16.157,-73.333
13157,-60.022,-31.394
13158,21.969,33.215
13159,14.541,75.156
13160,-9.2434,-0.91433
13161,-20.988,9.191
13162,97.968,-62.345
13163,-16.552,-78.896
13164,14.136,-36.387
13165,-103.1,20.537
13166,57.001,51.596
13167,-12.781,0.45223
13168,-17.319,-1.4943
13169,41.985,-70.474
13170,-72.641,-58.906
13171,-67.449,-81.67
13172,-3.306,-78.348
13173,-51.135,42.003
13174,-37.871,25.309
13175,-69.891,36.716
13176,35.866,32.818
13177,37.928,32.749
13178,-74.907,-57.453
13179,-58.949,31.826
13180,73.818,27.858
13181,82.408,-31.655
13182,83.736,-13.283
13183,36.165,79.045
13184,21.747,73.097
13185,-31.252,57.802
13186,-26.801,50.788
13187,29.884,76.128
13188,4.0835,36.846
13189,43.745,83.635
13190,103.45,-54.606
13191,5.154,-24.915
13192,-74.142,60.295
13193,-73.581,34.974
13194,-58.56,72.343
13195,-57.812,-32.702
13196,37.031,-18.398
13197,-19.579,40.314
13198,14.632,-42.375
13199,-70.818,65.299
13200,-106.03,-13.799
13201,-78.836,-68.031
13202,83.113,-24.892
13203,-32.153,43.505
13204,-105.91,17.585
13205,-3.2037,-13.45
13206,-18.219,-78.903
13207,55.679,47.275
13208,51.365,-70.773
13209,-5.0556,59.126
13210,115.99,-16.644
13211,-56.378,-9.5916
13212,-47.348,-17.435
13213,-56.364,-7.97
13214,70.651,64.967
13215,25.2,-72.847
13216,-16.199,-0.48225
13217,-60.998,-85.931
13218,-54.377,-89.405
13219,10.531,74.536
13220,-4.4813,101.78
13221,-87.044,31.5
13222,115.95,-16.654
13223,-11.163,75.17
13224,11.858,52.609
13225,21.876,-39.749
13226,59.835,-27.23
13227,-32.892,12.062
13228,-85.202,-25.64
13229,65.332,45.316
13230,-21.016,6.7531
13231,40.244,37.323
13232,-13.198,63.152
13233,-20.13,18.224
13234,71.573,57.935
13235,-42.3,-24.577
13236,80.503,29.517
13237,83.894,-17.06
13238,13.995,-38.137
13239,-28.888,29.58
13240,-31.636,43.644
13241,36.275,66.385
13242,-3.5749,56.497
13243,25.407,100.75
13244,63.437,-64.834
13245,-60.423,-33.164
13246,43.884,27.734
13247,6.0732,62.488
13248,-48.166,7.5774
13249,-42.726,-87.651
13250,-12.576,-84.71
13251,-54.662,-19.285
13252,11.529,-0.13182
13253,99.914,-59.487
13254,99.826,-65.594
13255,15.039,-28.219
13256,-40.695,44.774
13257,-59.308,30.798
13258,30.174,-81.86
13259,61.142,19.057
13260,70.824,49.122
13261,29.2,6.6105
13262,-46.433,43.189
13263,-70.677,36.42
13264,-47.823,53.194
13265,60.303,59.606
13266,-35.557,64.968
13267,-39.064,-21.479
13268,-33.65,-19.936
13269,72.032,-13.51
13270,14,87.87
13271,-86.367,29.197
13272,7.1634,83.921
13273,55.264,51.732
13274,-78.093,59.013
13275,52.261,48.445
13276,-36.427,-22.644
13277,3.0575,-40.931
13278,17.936,-41.038
13279,36.247,16.493
13280,-2.1409,58.102
13281,16.922,59.205
13282,-0.80117,77.954
13283,-67.235,57.981
13284,41.275,-41.053
13285,-102.6,15.863
13286,22.904,24.698
13287,18.081,-45.976
13288,-26.873,33.981
13289,-88.134,-22.754
13290,-7.2547,0.66776
13291,-9.5422,-6.6807
13292,-17.718,-80.879
13293,22.108,54.972
13294,-82.101,23.317
13295,-27.278,-3.3124
13296,-13.303,0.35887
13297,-9.454,-1.8097
13298,-19.542,4.7776
13299,82.066,-42.257
13300,19.022,74.658
13301,32.736,54.051
13302,-48.221,-19.154
13303,20.59,92.589
13304,-5.6393,-86.08
13305,47.231,29.985
13306,-97.814,1.4312
13307,-60.598,-34.341
13308,-13.876,-41.478
13309,33.718,76.049
13310,-53.999,-33.191
13311,-63.349,73.399
13312,-56.251,-9.8547
13313,-49.733,-12.244
13314,22.122,-78.12
13315,65.808,62.034
13316,92.849,24.886
13317,-67.289,-15.105
13318,-53.916,-18.696
13319,-29.42,62.86
13320,-71.679,37.003
13321,-11.725,-3.8612
13322,-80.501,-33.91
13323,-22.123,9.7946
13324,-85.298,30.42
13325,50.198,3.9196
13326,-42.553,13.895
13327,15.642,-85.726
13328,11.928,-47.892
13329,59.387,59.879
13330,-89.866,22.915
13331,-41.164,-42.379
13332,-37.427,78.819
13333,-38.946,27.713
13334,-74.179,31.751
13335,0.5651,-62.86
13336,103.33,-56.502
13337,51.474,61.665
13338,14.863,55.88
13339,50.343,61.408
13340,-36.934,25.671
13341,-24.759,20.284
13342,-16.642,53.717
13343,-32.661,22.672
13344,19.714,-7.0836
13345,43.301,28.439
13346,-5.8978,-76.8
13347,56.292,-82.976
13348,-18.705,54.321
13349,39.118,69.951
13350,-16.054,43.285
13351,-42.945,72.23
13352,11.78,83.852
13353,25.447,-81.831
13354,53.256,59.564
13355,69.834,29.081
13356,70.585,28.936
13357,11.376,6.7363
13358,-44.604,-23.415
13359,-53.07,77.111
13360,-30.837,42.807
13361,10.531,-34.976
13362,-17.543,68.879
13363,-42.633,4.4065
13364,-11.218,-11.488
13365,-78.721,-67.741
13366,42.04,-26.307
13367,58.46,-34.026
13368,-26.576,-23.604
13369,-13.281,-74.615
13370,10.922,-14.547
13371,39.861,46.353
13372,17.548,-92.659
13373,-20.598,6.8581
13374,94.994,-58.326
13375,-66.635,-76.847
13376,-23.598,36.363
13377,-72.886,35.737
13378,-59.657,-10.75
13379,11.612,-40.734
13380,65.968,55.963
13381,-44.437,-86.443
13382,61.305,56.634
13383,-11.14,-2.6112
13384,73.468,89.388
13385,68.634,-2.9309
13386,45.108,-31.694
13387,-12.813,87.504
13388,30.704,-42.862
13389,-42.806,53.475
13390,-28.267,35.996
13391,-20.832,60.138
13392,32.498,88.865
13393,-57.053,-23.299
13394,-11.131,-2.6485
13395,-57.415,-70.838
13396,-24.569,-20.724
13397,-45.757,41.877
13398,95.846,-60.263
13399,-38.816,-91.44
13400,-24.178,92.253
13401,33.002,86.709
13402,-11.352,99.48
13403,32.803,66.518
13404,-72.827,-37.496
13405,-25.508,-94.991
13406,29.229,-7.334
13407,48.452,42.834
13408,-66.89,67.832
13409,-14.731,-26.361
13410,22.635,68.982
13411,29.881,77.692
13412,2.4959,16.281
13413,20.774,-91.209
13414,-85.873,14.878
13415,31.572,-72.063
13416,30.014,-82.927
13417,53.002,-47.56
13418,-3.7552,53.155
13419,-48.858,-17.569
13420,-19.957,-59.011
13421,-72.156,51.57
13422,18.898,-6.0993
13423,-92.301,23.085
13424,-70.724,-54.422
13425,-58.567,-34.254
13426,7.14,-60.671
13427,-3.4432,68.026
13428,75.169,50.084
13429,0.29798,10.224
13430,-14.344,45.476
13431,0.65951,0.49819
13432,-37.619,51.173
13433,-55.032,-27.446
13434,4.5905,-13.123
13435,48.063,50.821
13436,109.95,4.1426
13437,-11.127,-2.627
13438,-31.5,-76.958
13439,-67.245,-80.721
13440,-54.493,-84.621
13441,-3.7733,86.154
13442,-52.753,78.017
13443,81.07,49.527
13444,115.94,-16.654
13445,-53.66,33.131
13446,-62.826,28.271
13447,-42.841,76.498
13448,34.247,61.062
13449,-41.756,38.886
13450,71.197,18.824
13451,-7.8632,12.993
13452,-25.541,-104.08
13453,-83.226,33.939
13454,-74.566,34.473
13455,22.14,-88.486
13456,42.202,-50.068
13457,-62.801,-86.478
13458,-61.864,51.307
13459,-19.665,55.005
13460,-31.712,37.382
13461,-68.988,38.366
13462,-23.496,-3.2081
13463,-85.68,-24.741
13464,-66.755,-67.638
13465,116.01,-16.647
13466,-59.345,-40.853
13467,-4.9274,-37.395
13468,-54.058,-57.742
13469,-55.302,36.119
13470,-9.8314,64.279
13471,-20.995,92.242
13472,-99.324,9.9029
13473,-46.485,67.341
13474,-78.813,-55.728
13475,41.988,-26.339
13476,-16.341,-79.918
13477,-58.312,-11.631
13478,54.213,59.706
13479,-5.5499,58.791
13480,14.855,71.353
13481,-33.569,-6.1877
13482,116.07,-16.779
13483,22.812,19.801
13484,-41.595,37.998
13485,-67.371,-14.155
13486,44.6,75.518
13487,25.453,-52.25
13488,35.06,88.052
13489,95.369,-60.015
13490,-11.495,-30.968
13491,-34.877,43.758
13492,5.4844,92.154
13493,-41.542,78.12
13494,8.1884,-14.111
13495,-79.766,35.859
13496,93.94,-58
13497,69.747,-40.397
13498,3.0509,-57.406
13499,-21.644,69.514
13500,17.828,35.606
13501,-72.719,9.9959
13502,70.778,64.526
13503,-45.369,54.34
13504,-41.934,50.995
13505,19.383,-81.341
13506,41.291,88.245
13507,75.801,-78.336
13508,-33.555,29.634
13509,68.758,62.806
13510,27.973,58.811
13511,75.106,0.93585
13512,63.17,-67.891
13513,-51.975,78.562
13514,-22.154,43.561
13515,-50.061,87.078
13516,-77.95,-60.837
13517,-32.196,-95.601
13518,27.804,58.876
13519,-22.127,69.043
13520,-54.427,-18.422
13521,-77.928,33.366
13522,-36.369,-7.1889
13523,-94.13,29.329
13524,24.724,-40.292
13525,-40.942,38.463
13526,-48.068,7.4143
13527,17.446,40.06
13528,-4.3003,-96.252
13529,88.006,-23.727
13530,33.793,-23.604
13531,16.945,50.508
13532,-56.818,49.272
13533,-31.382,43.595
13534,23.557,-45.735
13535,43.164,44.566
13536,11.66,-82.138
13537,-11.147,-2.5985
13538,101.23,-58.66
13539,40.909,77.682
13540,58.869,73.479
13541,-45.203,3.155
13542,-46.042,-20.354
13543,-49.119,17.685
13544,-60.758,76.223
13545,-68.365,60.137
13546,-10.435,74.344
13547,-53.786,-10.956
13548,20.333,24.752
13549,-37.959,-20.301
13550,70.067,32.673
13551,-86.673,-42.066
13552,-63.292,-28.6
13553,-79.415,-32.828
13554,-32.632,39.168
13555,0.87705,87.52
13556,-64.324,20.803
13557,-26.722,-92.342
13558,-43.871,6.8489
13559,32.775,64.66
13560,-83.323,4.5095
13561,-51.457,65.125
13562,-55.236,62.614
13563,-72.341,-17.46
13564,-97.205,27.091
13565,-37.933,30.257
13566,-25.404,34.203
13567,42.766,29.761
13568,-63.619,-84.278
13569,-44.643,-88.171
13570,-13.859,85.895
13571,-16.609,-25.249
13572,-63.787,65.775
13573,-89.402,26.064
13574,-13.198,45.774
13575,14.062,-48.75
13576,25.501,-48.55
13577,33.216,79.139
13578,55.146,76.467
13579,-95.832,25.302
13580,-69.226,-60.763
13581,51.097,-63.417
13582,82.031,-24.017
13583,-2.6491,-36.99
13584,23.509,-87.535
13585,39.519,35.779
13586,38.64,39.053
13587,97.103,45.164
13588,-106.54,-13.612
13589,73.764,-48.039
13590,-60.623,34.204
13591,-5.3524,-90.942
13592,-56.331,31.528
13593,-40.67,39.317
13594,-55.776,35.35
13595,-84.528,-14.072
13596,-24.409,-47.812
13597,-9.8575,-73.042
13598,-57.634,15.793
13599,9.7932,-34.816
13600,-38.378,-0.49924
13601,105.37,-55.595
13602,-11.151,-2.6018
13603,76.824,-30.356
13604,73.404,-38.775
13605,-46.069,41.574
13606,-24.098,77.596
13607,-58.529,-35.736
13608,-35.678,35.561
13609,-95.09,27.462
13610,58.083,76.866
13611,-17.404,26.398
13612,46.811,-4.3476
13613,-63.738,23.344
13614,15.811,-37.987
13615,55.213,72.367
13616,30.335,56.075
13617,-35.755,56.73
13618,-61.244,57.508
13619,41.047,28.661
13620,14.093,33.43
13621,-70.408,26.108
13622,44.464,61.618
13623,-78.099,-57.037
13624,-28.724,-20.441
13625,92.195,-18.635
13626,40.014,6.3592
13627,-46.944,81.651
13628,-62.736,23.842
13629,31.225,-54.406
13630,-37.668,30.019
13631,-99.618,8.8564
13632,13.836,1.8357
13633,-100.03,-0.8775
13634,-22.97,7.1897
13635,-16.262,-29.28
13636,80.444,-43.46
13637,-24.197,80.006
13638,-52.87,-14.983
13639,17.272,-1.339
13640,29.776,87.916
13641,53.96,39.409
13642,-44.589,18.95
13643,-25.594,-77.134
13644,-27.476,7.5458
13645,70.446,-37.973
13646,0.28075,-22.661
13647,-70.268,65.518
13648,32.957,-59.768
13649,-26.444,36.888
13650,102.79,-54.312
13651,-48.195,14.299
13652,-66.913,66.575
13653,-9.8008,70.1
13654,18.748,-85.335
13655,9.9357,-1.3793
13656,29.132,-95.101
13657,71.431,41.441
13658,77.295,51.074
13659,21.742,47.319
13660,62.222,-9.733
13661,-59.57,34.298
13662,34.76,-53.619
13663,-35.576,37.833
13664,-19.147,7.5055
13665,50.558,8.4446
13666,20.417,-19.371
13667,-33.786,37.587
13668,-83.092,20.396
13669,17.202,-9.179
13670,-57.011,-31.126
13671,-35.005,86.176
13672,-85.01,44.777
13673,-42.316,20.222
13674,103.08,-57.267
13675,43.301,-14.761
13676,-62.785,24.107
13677,59.321,-83.359
13678,13.649,-35.727
13679,-41.421,48.244
13680,-53.894,-25.83
13681,13.933,49.85
13682,28.985,-91.484
13683,-8.8716,-38.962
13684,-3.4733,28.681
13685,-5.4855,-34.249
13686,8.1358,-55.93
13687,4.6961,87.522
13688,-61.77,27.798
13689,16.697,57.785
13690,66.874,53.444
13691,8.2187,-83.87
13692,56.002,35.911
13693,-77.536,35.428
13694,-52.57,-38.907
13695,-72.32,-64.409
13696,-6.3801,-47.144
13697,47.337,41.835
13698,-63.972,23.905
13699,-59.889,-11.988
13700,-49.676,-51.716
13701,37.277,33.051
13702,115.9,-16.792
13703,-44.501,41.72
13704,-47.674,63.995
13705,32.331,20.696
13706,-23.423,-74.955
13707,3.4778,-46.189
13708,42.893,45.637
13709,39.157,56.498
13710,-29.929,34.508
13711,-17.27,73.007
13712,-47.437,-24.572
13713,-77.821,-56.072
13714,-5.4448,75.525
13715,1.7014,61.594
13716,-11.51,-76.078
13717,44.131,29.008
13718,21.533,-7.6617
13719,-2.0091,22.403
13720,79.445,30.465
13721,9.6588,-15.258
13722,29.666,76.786
13723,-61.134,56.314
13724,-25.901,53.585
13725,-22.032,43.056
13726,-81.617,21.877
13727,-59.156,-8.9399
13728,14.965,38.937
13729,41.879,58.898
13730,26.381,100.12
13731,36.184,-10.363
13732,70.757,-36.524
13733,-25.665,66.904
13734,-46.802,59.652
13735,-51.57,66.137
13736,30.008,18.207
13737,18.62,-6.1106
13738,-64.817,-60.011
13739,91.973,-67.6
13740,-65.623,63.059
13741,-56.006,0.23818
13742,-48.412,13.858
13743,-57.654,-16.272
13744,22.46,-78.799
13745,62.696,48.989
13746,-85.565,-20.255
13747,-71.088,-58.865
13748,-16.395,62.098
13749,-82.162,21.425
13750,-48.009,13.27
13751,10.006,46.38
13752,-44.101,36.36
13753,-47.296,-13.224
13754,-35.482,41.234
13755,-2.3673,83.888
13756,11.077,33.148
13757,91.161,33.031
13758,22.567,-86.446
13759,14.349,-37.658
13760,-3.2854,-13.814
13761,18.609,-84.02
13762,23.781,-33.924
13763,57.358,51.4
13764,-23.808,-40.659
13765,-97.049,1.8169
13766,-36.442,-22.589
13767,109.95,4.1427
13768,96.175,-60.139
13769,85.633,-25.643
13770,116.01,-16.646
13771,11.778,32.822
13772,-67.805,31.505
13773,-96.116,-47.099
13774,-68.222,-60.502
13775,-78.44,-67.465
13776,70.223,-8.537
13777,43.561,-7.2399
13778,60.292,49.774
13779,-25.802,-8.7756
13780,-61.909,28.035
13781,-40.758,80.405
13782,-42.776,64.671
13783,-44.989,56.761
13784,-40.436,12.973
13785,30.803,92.494
13786,64.661,-12.136
13787,-64.593,24.767
13788,-42.798,16.94
13789,34.304,-80.94
13790,21.407,54.343
13791,-37.331,22.303
13792,65.572,31.571
13793,71.949,57.528
13794,5.407,22.654
13795,-54.31,19.958
13796,-66.84,75.179
13797,-61.912,35.536
13798,-24.755,67.522
13799,-25.698,18.849
13800,-27.934,57.86
13801,41.618,37.825
13802,-4.0544,20.289
13803,-53.738,18.093
13804,-91.707,5.3992
13805,-18.069,26.872
13806,43.563,-6.6523
13807,-58.465,-13.685
13808,21.545,74.484
13809,-14.091,-81.12
13810,29.362,39.563
13811,33.257,-51.669
13812,-77.514,-57.396
13813,42.658,-29.367
13814,54.9,37.971
13815,6.2878,34.559
13816,-19.629,15.165
13817,-54.729,-10.597
13818,19.482,-4.3979
13819,9.2612,-52.783
13820,-76.997,-59.298
13821,42.506,-5.2023
13822,-12.015,42.959
13823,-94.081,28.76
13824,-57.243,-11.038
13825,-33.845,28.418
13826,0.95741,-5.5444
13827,-27.659,57.478
13828,-39.189,29.665
13829,60.37,40.887
13830,23.567,-88.798
13831,-86.215,34.442
13832,-29.121,-20.006
13833,-63.025,24.722
13834,-58.591,-7.4996
13835,-45.679,26.356
13836,20.763,-55.606
13837,-45.085,48.526
13838,-60.061,-12.048
13839,16.659,56.403
13840,37.55,83.493
13841,-81.903,33.525
13842,116.07,-16.779
13843,-8.5057,-66.252
13844,-41.508,79.579
13845,-42.272,50.526
13846,-51.538,-21.422
13847,23.848,51.911
13848,12.499,30.396
13849,-43.324,7.0789
13850,65.076,87.569
13851,97.11,-60.192
13852,-30.462,-65.299
13853,-53.757,-19.06
13854,-19.486,-60.68
13855,38.736,33.349
13856,64.893,89.299
13857,-78.303,-67.604
13858,-17.264,-27.577
13859,11.145,-35.67
13860,19.095,-92.503
13861,26.742,38.195
13862,-56.542,-67.896
13863,2.9592,-87.221
13864,-71.954,60.066
13865,47.905,-72.462
13866,-52.385,51.319
13867,-60.302,30.788
13868,-65.752,63.092
13869,-89.561,17.526
13870,-33.738,52.24
13871,-35.825,41.936
13872,13.992,73.535
13873,47.823,29.454
13874,-16.633,29.382
13875,13.547,-68.652
13876,-32.596,-31.527
13877,104.45,-55.797
13878,55.689,59.506
13879,-8.4423,-95.364
13880,-0.56359,22.646
13881,41.274,-50.197
13882,-87.509,21.061
13883,-74.221,-64.771
13884,106.61,-50.907
13885,-6.6228,-41.046
13886,37.808,-70.406
13887,75.9,-55.431
13888,26.909,19.204
13889,19.969,-5.8947
13890,-75.94,-24.254
13891,-87.919,-22.816
13892,-41.666,-22.677
13893,-76.995,-58.855
13894,68.834,-16.069
13895,18.973,-21.859
13896,-67.878,39.815
13897,30.26,-35.852
13898,-72.619,35.865
13899,-34.962,44.747
13900,-52.321,19.028
13901,-38.054,-39.675
13902,59.768,-17.129
13903,-55.844,34.03
13904,-0.10459,49.601
13905,-25.775,81.608
13906,34.168,4.2457
13907,-28.412,57.928
13908,-27.254,50.816
13909,-62.049,56.569
13910,40.287,24.208
13911,-79.207,-67.026
13912,54.38,-64.808
13913,55.231,-40.838
13914,-59.75,32.075
13915,-58.012,-16.606
13916,49.449,-52.957
13917,-59.314,-14.386
13918,-24.673,39.058
13919,-40.319,15.976
13920,-77.118,60.102
13921,52.831,32.318
13922,2.3242,13.82
13923,88.104,-10.843
13924,-24.174,70.603
13925,-11.892,15.478
13926,55.569,64.534
13927,-24.574,16.286
13928,-41.615,73.353
13929,-54.562,2.9652
13930,1.1618,-5.762
13931,34.714,82.64
13932,-4.2185,17.105
13933,-90.601,4.2351
13934,-68.926,-55.646
13935,-38.931,-22.841
13936,-16.189,25.86
13937,-29.554,77.473
13938,42.814,76.768
13939,-60.935,34.132
13940,22.63,-87.638
13941,-29.634,71.086
13942,36.42,47.939
13943,-46.508,-4.5779
13944,-65.66,16.241
13945,-88.716,-22.699
13946,-31.867,-68.652
13947,7.124,59.563
13948,26.483,-94.844
13949,26.472,-63.587
13950,-1.1004,37.12
13951,-28.368,-20.955
13952,13.958,-21.718
13953,-9.2092,-36.946
13954,83.389,-49.473
13955,-9.8588,95.247
13956,-55.453,-15.53
13957,-60.625,49.243
13958,17.518,-34.947
13959,10.603,64.41
13960,-37.292,31.633
13961,1.3506,24.1
13962,-102.86,-0.30968
13963,-73.334,-59.57
13964,-13.152,73.319
13965,-1.3001,50.557
13966,26.36,5.5941
13967,34.119,-49.174
13968,29.995,24.035
13969,-54.105,-18.022
13970,46.561,84.776
13971,-75.145,-64.634
13972,-68.318,-61.04
13973,-32.67,-84.559
13974,10.778,-35.959
13975,-67.909,74.121
13976,4.7211,50.174
13977,14.969,33.898
13978,17.473,67.127
13979,48.253,-0.1947
13980,-19.37,10.136
13981,-31.457,-2.3604
13982,6.3647,-12.871
13983,17.573,-20.408
13984,58.419,4.739
13985,43.043,-5.9231
13986,-5.0449,79.013
13987,-41.398,19.268
13988,11.358,-10.024
13989,62.268,44.114
13990,-3.9479,34.464
13991,-37.972,-8.9811
13992,-8.7172,-56.061
13993,13.139,-35.688
13994,-75.883,36.104
13995,32.286,89.75
13996,-28.193,-18.145
13997,46.155,-82.883
13998,9.6599,83.767
13999,-87.356,25.076
14000,-68.298,60.698
14001,-41.505,-21.523
14002,52.217,70.306
14003,49.322,5.1322
14004,1.794,36.025
14005,-12.932,65.011
14006,-48.576,42.735
14007,-94.806,25.265
14008,-2.66,61.257
14009,115.96,-16.651
14010,-90.419,12.491
14011,68.124,-60.214
14012,-24.896,22.345
14013,8.3705,39.132
14014,61.306,56.606
14015,-70.934,15.987
14016,47.285,-47.773
14017,-39.791,-17.768
14018,-45.811,-41.922
14019,-51.13,-37.91
14020,-72.183,-59.19
14021,-5.2795,-91.411
14022,-48.174,14.09
14023,-10.983,-51.867
14024,91.352,-59.723
14025,49.613,26.307
14026,-39.575,-38.238
14027,-86.056,-24.314
14028,-17.022,25.775
14029,-79.909,-65.298
14030,-16.141,97.685
14031,-47.036,61.474
14032,-62.076,23.763
14033,25.946,-75.219
14034,43.013,-76.185
14035,43.809,-81.625
14036,76.972,11.128
14037,14.18,71.445
14038,70.553,41.386
14039,-85.96,15.127
14040,-4.667,58.55
14041,28.035,33.265
14042,-72.738,-15.145
14043,-28.465,50.435
14044,-28.616,51.493
14045,-61.953,50.226
14046,-43.012,-19.358
14047,-50.996,80.235
14048,-73.467,-64.818
14049,27.024,29.805
14050,-70.283,-10.808
14051,-55.721,34.08
14052,-66.117,68.751
14053,-57.554,-14.554
14054,-33.092,6.8716
14055,-21.57,44.263
14056,-16.933,-25.384
14057,67.911,35.68
14058,3.2614,80.999
14059,6.7838,-14.342
14060,-15.2,92.882
14061,52.569,79.638
14062,-16.126,25.175
14063,15.638,-28.075
14064,-8.5425,37.78
14065,-54.25,-25.058
14066,-60.45,54.757
14067,-46.789,40.82
14068,-34.87,14.093
14069,-76.72,34.232
14070,14.042,-35.388
14071,56.292,50.241
14072,-52.758,0.81371
14073,-72.036,-53.909
14074,-52.891,-9.5963
14075,-58.811,-13.751
14076,19.562,82.46
14077,-39.359,-13.824
14078,-52.082,-22.224
14079,-61.242,-21.216
14080,-41.102,37.683
14081,-20.521,91.95
14082,-34.464,67.138
14083,-54.503,-36.059
14084,-20.427,-70.779
14085,48.871,39.53
14086,55.362,-59.512
14087,-5.0283,-29.922
14088,5.2078,51.191
14089,-86.588,44.856
14090,94.391,-62.329
14091,28.931,43.062
14092,26.241,5.0967
14093,62.62,-45.779
14094,-42.543,57.649
14095,12.946,-15.171
14096,-27.397,91.972
14097,-0.2119,24.527
14098,-54.71,7.9829
14099,-5.4695,-0.40171
14100,-92.797,23.035
14101,-71.632,25.609
14102,28.757,-0.88767
14103,-23.33,69.303
14104,-72.072,72.27
14105,99.507,-63.618
14106,109.95,4.1444
14107,-17.157,26.941
14108,44.515,-34.451
14109,-29.626,51.263
14110,32.27,56.177
14111,-48.465,42.863
14112,-63.723,-0.98693
14113,-98.079,1.0239
14114,70.39,29.987
14115,-85.849,14.984
14116,-78.906,-60.677
14117,34.186,-82.707
14118,-20.588,-25.476
14119,-57.056,32.651
14120,46.735,85.091
14121,73.212,-46.037
14122,-78.267,-68.48
14123,66.323,87.046
14124,-17.694,-23.817
14125,33.11,62.284
14126,20.569,-55.398
14127,-59.76,-26.623
14128,-61.749,-18.757
14129,22.954,-91.129
14130,29.513,49.601
14131,64.204,64.648
14132,-73.284,-59.61
14133,59.499,38.968
14134,27.959,35.81
14135,-61.718,67.803
14136,35.428,40.653
14137,27.923,78.178
14138,40.612,81.737
14139,-25.55,40.191
14140,-53.223,-28.427
14141,63.101,39.714
14142,11.325,76.711
14143,-19.181,-6.3674
14144,-8.6933,12.246
14145,3.716,60.59
14146,-2.835,-34.433
14147,-8.4497,42.656
14148,11.384,100.53
14149,-50.402,-7.4696
14150,-50.115,15.273
14151,10.574,-35.015
14152,-12.734,77.992
14153,-103.34,26.509
14154,-38.529,-28.661
14155,14.539,71.417
14156,-44.241,-20.766
14157,-42.171,-20.464
14158,106.19,-50.683
14159,28.592,-51.116
14160,50.159,23.873
14161,-52.335,19.081
14162,-72.359,-15.777
14163,-25.2,20.128
14164,-59.971,-37.932
14165,-55.18,-25.907
14166,14.06,-40.869
14167,13.176,-0.39205
14168,23.169,-95.778
14169,59.195,62.319
14170,71.724,85.272
14171,-37.878,-20.551
14172,-35.708,28.133
14173,-68.718,60.146
14174,-47.379,74.54
14175,-84.75,27.371
14176,40.548,-43.782
14177,21.117,-56.131
14178,-81.395,21.219
14179,37.62,34.71
14180,37.376,46.857
14181,-54.185,-37.538
14182,-16.768,52.39
14183,-19.699,-22.538
14184,56.937,74.212
14185,26.081,61.995
14186,-47.98,53.217
14187,14.232,71.514
14188,-44.278,4.8329
14189,-44.98,-22.349
14190,-74.641,-64.078
14191,-5.8365,-22.706
14192,34.455,-19.192
14193,-72.815,28.873
14194,-28.634,35.441
14195,45.097,-20.528
14196,-59.587,55.883
14197,-16.132,54.037
14198,43.083,29.602
14199,-76.821,-59.563
14200,39.451,-3.6785
14201,-17.212,-38.425
14202,-20.838,91.657
14203,11.841,-37.626
14204,8.8583,-40.637
14205,-58.325,53.511
14206,4.415,14.041
14207,17.902,39.261
14208,-56.982,-19.433
14209,-5.4234,74.902
14210,-27.756,8.5624
14211,-54.112,-24.848
14212,-24.828,77.049
14213,-29.092,46.29
14214,-53.958,71.214
14215,-32.864,24.951
14216,-12.563,45.93
14217,-54.469,-34.166
14218,-15.388,97.332
14219,-88.198,44.148
14220,-70.205,-62.154
14221,-66.139,-60.342
14222,-7.2784,13.041
14223,-44.055,2.6732
14224,-67.935,-39.926
14225,-64.346,72.58
14226,-42.347,34.296
14227,-49.386,-21.001
14228,36.489,40.228
14229,-57.984,-32.018
14230,92.905,-59.421
14231,-61.929,25.303
14232,-13.764,50.064
14233,-34.937,83.976
14234,-53.412,-18.13
14235,-7.4043,73.235
14236,-89.557,23.103
14237,-7.4686,-3.4981
14238,27.44,58.497
14239,-58.622,54.875
14240,-47.411,39.707
14241,-30.391,54.767
14242,-53.48,77.635
14243,20.152,22.643
14244,57.412,72.545
14245,-31.49,13.642
14246,-2.4973,-75.26
14247,24.599,-9.1315
14248,-3.8094,-88.634
14249,-50.03,14.238
14250,-24.182,21.052
14251,20.383,-77.682
14252,-17.38,72.873
14253,-42.682,22.408
14254,19.101,74.267
14255,-43.234,-70.257
14256,-85.239,30.335
14257,-68.717,67.646
14258,42.963,84.411
14259,-89.158,26.084
14260,-48.598,-27.012
14261,52.212,61.586
14262,-96.47,-46.981
14263,-76.079,-65.324
14264,35.922,-15.839
14265,41.201,32.108
14266,-60.855,52.431
14267,-31.955,-27.69
14268,11.68,70.477
14269,-39.325,-22.978
14270,61.055,45.87
14271,-65.816,20.257
14272,21.238,22.994
14273,26.917,-81.232
14274,-21.99,35.574
14275,28.562,58.106
14276,18.617,-83.196
14277,36.445,63.582
14278,-18.419,-42.457
14279,-12.392,46.27
14280,-10.709,-6.3136
14281,-26.248,22.283
14282,-47.293,41.054
14283,-73.519,-7.2538
14284,-17.984,42.397
14285,-59.514,-25.094
14286,33.826,-58.59
14287,-29.372,39.806
14288,-17.454,-40.373
14289,-32.394,21.704
14290,73.598,32.2
14291,-43.06,72.332
14292,46.138,22.89
14293,-31.004,61.725
14294,13.074,39.317
14295,-88.165,29.061
14296,-46.039,-0.11761
14297,18.939,35.544
14298,-21.54,2.5106
14299,55.177,-83.614
14300,33.064,61.86
14301,-59.601,55.213
14302,-62.228,29.684
14303,-26.69,50.692
14304,74.52,-8.936
14305,-63.767,-27.288
14306,-47.722,59.849
14307,50.889,-70.143
14308,29.803,87.909
14309,-16.375,86.785
14310,-10.681,-3.8699
14311,-46.326,28.643
14312,41.803,-4.1676
14313,-16.659,57.851
14314,-28.649,53.514
14315,36.928,32.862
14316,57.331,73.497
14317,-18.087,18.594
14318,-57.885,-89.701
14319,-39.371,-12.294
14320,-41.282,19.287
14321,-74.294,-65.629
14322,-89.044,12.766
14323,45.125,-31.561
14324,-44.366,-21.286
14325,32.563,43.666
14326,-74.122,-33.003
14327,-27.197,35.996
14328,13.152,-81.102
14329,30.317,42.145
14330,-17.886,-21.982
14331,-14.999,9.4026
14332,-65.547,63.033
14333,29.511,-37.169
14334,-67.643,56.427
14335,-82.556,-12.82
14336,-15.137,64.786
14337,-38.5,33.4
14338,-58.167,-25.625
14339,-42.174,53.287
14340,-55.401,-24.023
14341,20.025,23.967
14342,115.9,-16.79
14343,-95.006,17.389
14344,-83.697,20.509
14345,-67.066,67.496
14346,-56.655,30.689
14347,-40.523,45.002
14348,-60.109,53.331
14349,29.29,48.601
14350,19.597,-93.687
14351,86.836,44.572
14352,-59.46,-78.533
14353,-38.491,-12.032
14354,21.872,-77.593
14355,-42.151,36.818
14356,-66.443,75.291
14357,-60.219,53.171
14358,-49.437,-24.212
14359,-17.856,-15.274
14360,23.698,-38.623
14361,-38.349,-21.599
14362,-14.982,-34.933
14363,-5.0765,-26.827
14364,-65.323,-29.633
14365,33.14,63.793
14366,-28.009,52.418
14367,-45.132,-22.435
14368,69.196,26.465
14369,45.129,80.261
14370,-74.885,-52.699
14371,75.662,1.5905
14372,-47.793,48.504
14373,66.272,57.952
14374,5.5041,-76.486
14375,29.061,35.355
14376,-11.021,-2.8653
14377,34.232,51.693
14378,-10.544,-66.258
14379,-14.01,-55.313
14380,4.7923,35.083
14381,0.82615,35.442
14382,2.8301,8.9056
14383,-25.371,-98.237
14384,-29.056,-20.061
14385,-76.911,-56.339
14386,-4.5144,-84.775
14387,-56.893,29.436
14388,-61.45,-9.9136
14389,-12.512,55.846
14390,0.38744,21.809
14391,-35.441,-22.999
14392,-42.898,12.427
14393,-15.803,54.993
14394,-62.906,46.858
14395,-53.563,-57.575
14396,-65.224,77.103
14397,20.78,-55.567
14398,-28.51,35.462
14399,-44.135,0.11774
14400,40.291,25.614
14401,34.953,63.369
14402,-14.256,24.76
14403,-48.852,27.605
14404,-29.07,-18.483
14405,-22.161,69.143
14406,-25.003,68.756
14407,-10.026,95.058
14408,-2.8041,-13.648
14409,60.575,38.407
14410,-17.26,17.304
14411,20.83,80.298
14412,25.827,88.032
14413,-20.906,68.018
14414,-24.309,80.898
14415,-32.44,24.626
14416,-83.512,61.122
14417,-57.411,32.406
14418,5.0458,75.821
14419,-25.508,18.344
14420,-87.959,24.835
14421,-51.459,73.169
14422,-62.674,67.374
14423,-38.153,-76.077
14424,33.514,11.533
14425,25.443,66.161
14426,-64.037,57.018
14427,61.714,57.226
14428,51.269,77.631
14429,104.82,-55.72
14430,-50.442,82.645
14431,51.018,-50.661
14432,-65.131,64.194
14433,65.618,-45.118
14434,-55.064,-15.349
14435,73.754,32.199
14436,15.391,-10.889
14437,80.522,-34.619
14438,-42.165,-22.768
14439,-33.037,-19.664
14440,33.687,-46.717
14441,-17.246,66.627
14442,-25.25,15.803
14443,-49.919,12.054
14444,-59.428,-7.7449
14445,-27.891,59.038
14446,-10.025,65.441
14447,36.497,40.856
14448,64.825,62.044
14449,-56.432,-2.1537
14450,-88.197,44.149
14451,92.706,-52.724
14452,-45.469,-22.468
14453,-60.021,-15.975
14454,37.196,-18.912
14455,-89.616,22.2
14456,-44.992,-18.27
14457,-48.381,78.892
14458,-49.911,22.331
14459,-49.149,-18.029
14460,-41.449,6.829
14461,62.561,55.953
14462,55.399,56.599
14463,-77.628,-57.595
14464,-43.106,37.034
14465,-44.984,67.931
14466,65.079,28.202
14467,-88.212,42.979
14468,-51.692,-13.2
14469,76.284,-38.858
14470,54.081,18.916
14471,-59.015,-9.2305
14472,-88.183,62.462
14473,-52.434,63.767
14474,20.455,-92.797
14475,4.8756,87.524
14476,20.949,77.455
14477,19.049,-89.479
14478,69.426,31.393
14479,44.943,80.235
14480,58.346,-23.153
14481,9.0214,-16.939
14482,-62.483,56.096
14483,-51.732,42.035
14484,-85.526,-25.596
14485,83.828,-25.683
14486,-59.033,27.172
14487,-44.113,42.051
14488,2.4468,96.87
14489,31.574,-63.208
14490,44.287,86.335
14491,-4.355,-3.1583
14492,-7.1915,12.864
14493,32.418,-72.955
14494,-14.777,37.861
14495,32.634,63.907
14496,-8.6692,55.285
14497,-71.057,62.526
14498,-46.433,-9.8407
14499,22.765,42.673
14500,29.984,39.704
14501,23.947,-86.96
14502,91.901,-58.252
14503,106.39,-46.013
14504,-65.107,-62.624
14505,36.628,28.78
14506,-69.492,65.967
14507,-46.912,14.63
14508,20,-80.621
14509,-52.147,-19.355
14510,-47.904,53.184
14511,19.57,48.785
14512,33.103,-62.624
14513,9.4294,71.598
14514,-13.872,-4.0342
14515,29.085,50.162
14516,34.84,85.032
14517,11.194,34.598
14518,11.05,78.652
14519,16.924,68.15
14520,-60.421,34.65
14521,-85.692,21.284
14522,17.981,38.802
14523,-39.315,-45.675
14524,-31.541,1.9435
14525,-5.3848,37.548
14526,83.159,-25.015
14527,-61.431,-30.421
14528,-39.352,82.518
14529,-31.351,83.613
14530,-76.95,56.702
14531,-62.32,72.934
14532,-60.082,-14.344
14533,-50.297,82.168
14534,38.465,52.558
14535,-71.517,-37.436
14536,91.205,-58.593
14537,-6.2687,59.683
14538,32.703,95.227
14539,39.384,-30.978
14540,36.946,-69.435
14541,30.199,97.671
14542,55.559,43.147
14543,-72.058,52.022
14544,45.598,43.865
14545,-65.26,63.982
14546,45.023,56.51
14547,-53.8,-21.523
14548,31.27,29.722
14549,38.527,52.942
14550,11.828,-48.953
14551,19.848,82.1
14552,-32.993,35.937
14553,-85.771,24.973
14554,4.6119,21.619
14555,-90.979,16.864
14556,13.532,37.816
14557,102.7,-44.973
14558,56.985,-11.524
14559,-48.246,3.8087
14560,-62.377,21.621
14561,-8.703,74.171
14562,-26.406,21.903
14563,-49.07,-23.553
14564,-56.236,-26.327
14565,-57.534,55.714
14566,36.393,78.664
14567,-75.812,-65.341
14568,-71.946,-63.44
14569,-29.096,84.786
14570,11.355,53.882
14571,46.37,-3.1846
14572,-12.056,-11.309
14573,-21.953,94.677
14574,-38.048,32.077
14575,-58.903,-15.055
14576,30.657,43.23
14577,-53.273,-16.268
14578,-82.389,26.857
14579,54.28,-47.28
14580,54.934,-40.2
14581,-11.533,41.188
14582,64.93,-50.786
14583,-27.291,19.178
14584,-31.407,86.84
14585,-17.771,68.654
14586,-58.354,-9.5329
14587,57.673,63.322
14588,-34.04,69.241
14589,76.405,36.884
14590,-22.17,35.996
14591,2.112,12.56
14592,-37.109,23.684
14593,-60.22,-34.465
14594,33.227,-15.232
14595,-16.245,62.814
14596,-55.317,-39.144
14597,-68.281,-61.076
14598,-58.488,-66.675
14599,35.246,61.568
14600,-31.805,86.342
14601,-36.934,40.575
14602,-60.53,-13.775
14603,-55.947,-23.992
14604,-17.993,-15.233
14605,44.562,80.988
14606,78.068,36.916
14607,55.076,32.152
14608,30.033,54.875
14609,-11.703,65.209
14610,-25.699,66.61
14611,-39.918,82.981
14612,-21.785,19.55
14613,-59.55,-26.271
14614,28.858,10.926
14615,-43.966,0.58865
14616,25.947,61.91
14617,-14.012,-9.7748
14618,33.674,84.813
14619,9.4213,-20.418
14620,-53.005,-59.462
14621,-4.7879,44.985
14622,-34.184,52.928
14623,2.7026,27.496
14624,4.1814,-6.7655
14625,-2.1004,30.996
14626,19.959,-60.544
14627,-82.245,-28.354
14628,40.562,81.898
14629,-60.95,31.344
14630,-24.773,84.42
14631,-59.095,54.387
14632,-50.037,-15.892
14633,-44.053,36.063
14634,-55.373,-10.759
14635,40.655,36.689
14636,12.5,-18.868
14637,58.01,63.049
14638,62.457,64.795
14639,-39.445,57.146
14640,-92.198,8.2258
14641,-57.878,-8.8343
14642,-60.325,30.351
14643,-30.343,61.841
14644,-30.551,-31.82
14645,5.8012,57.563
14646,91.108,32.965
14647,-14.297,-10.518
14648,-60.872,-7.4974
14649,-49.894,-7.4243
14650,6.6653,14.976
14651,-48.333,-25.384
14652,5.3236,-9.8389
14653,33.022,66.547
14654,-28.278,86.245
14655,-59.421,52.571
14656,-51.483,-23.779
14657,-1.5739,98.427
14658,-78.224,-68.646
14659,-1.9851,-45.426
14660,45.487,43.475
14661,-54.921,-10.958
14662,-62.601,64.682
14663,18.722,-92.509
14664,3.9766,38.955
14665,-96.855,19.612
14666,28.793,36.678
14667,-30.312,43.565
14668,-85.911,14.901
14669,36.515,16.339
14670,-27.255,48.49
14671,-61.702,33.236
14672,-45.907,2.3746
14673,-87.715,-41.784
14674,-88.174,62.463
14675,45.605,60.587
14676,26.396,-18.051
14677,-18.292,56.357
14678,-25.096,89.43
14679,6.6836,85.533
14680,-36.294,25.628
14681,-41.515,-2.1649
14682,-72.665,-58.887
14683,-7.7983,-2.7594
14684,22.213,29.989
14685,-24.89,15.176
14686,-62.284,28.645
14687,-21.644,91.764
14688,-64.763,60.148
14689,6.6714,97.196
14690,-46.602,-6.7636
14691,-88.031,-22.849
14692,-50.964,-39.051
14693,27.647,-94.327
14694,-42.836,72.333
14695,-60.83,-21.932
14696,7.0332,19.601
14697,7.0493,56.462
14698,-64.924,-1.9108
14699,-30.352,-19.432
14700,26.855,-18.002
14701,37.313,-87.202
14702,-42.643,46.038
14703,-39.779,36.038
14704,-35.085,42.019
14705,-56.223,45.631
14706,-61.988,49.771
14707,-86.231,-21.702
14708,38.977,70.815
14709,71.893,34.497
14710,-2.5385,74.004
14711,-81.966,27.196
14712,40.999,74.451
14713,101.92,-56.749
14714,62.825,-25.676
14715,-43.644,-8.5007
14716,-8.4644,79.324
14717,-44.012,17.681
14718,-24.266,50.563
14719,16.533,-14.456
14720,116,-16.65
14721,-28.175,-19.466
14722,-36.56,-23.032
14723,-21.23,-86.19
14724,24.011,23.382
14725,-81.81,4.6263
14726,-41.049,69.138
14727,-61.499,-10.034
14728,-57.654,55.469
14729,-27.337,48.484
14730,-89.007,26.712
14731,-7.9849,29.624
14732,-26.655,32.202
14733,-31.752,46.947
14734,-12.539,56.254
14735,-105.16,15.906
14736,49.162,52.125
14737,-70.996,18.857
14738,-42.108,77.051
14739,-55.375,-14.052
14740,-35.56,38.182
14741,-60.087,-32.029
14742,105.08,-44.548
14743,-88.611,24.791
14744,18.588,51.967
14745,-1.6394,58.794
14746,-43.18,5.2915
14747,-38.711,18.261
14748,-9.1492,-35.278
14749,-85.295,30.324
14750,-33.054,-86.086
14751,-70.085,8.196
14752,-55.937,34.052
14753,-58.318,73.026
14754,-59.339,21.39
14755,-90.62,26.88
14756,-69.536,60.997
14757,-39.642,52.543
14758,-45.611,70.08
14759,-40.949,40.002
14760,6.6317,56.688
14761,-19.506,75.852
14762,73.769,34.99
14763,-47.842,13.773
14764,-42.778,53.406
14765,6.5489,-38.358
14766,17.167,-90.814
14767,94.022,-60.077
14768,28.734,52.084
14769,-25.02,18.907
14770,-53.266,46.114
14771,33.523,26.824
14772,39.573,77.234
14773,-32.055,29.026
14774,-8.6127,82.375
14775,-25.163,67.262
14776,-20.034,-23.874
14777,16.392,-28.95
14778,5.0036,21.518
14779,78.114,-3.4299
14780,-80.933,-35.489
14781,-42.452,-45.895
14782,-96.016,53.091
14783,5.9288,90.674
14784,64.296,88.098
14785,-14.303,64.054
14786,16.673,-98.04
14787,-12.653,-51.358
14788,54.539,60.353
14789,31.909,-66.192
14790,-39.57,-17.055
14791,-94.245,53.163
14792,-70.886,-63.245
14793,-76.629,-64.6
14794,32.376,85.376
14795,-6.5574,-36.125
14796,11.591,70.987
14797,-84.986,-30.361
14798,-38.405,80.396
14799,-61.476,63.644
14800,-53.812,-19.048
14801,-61.219,-18.363
14802,18.992,-61.404
14803,-88.182,25.051
14804,66.666,29.777
14805,-44.877,38.768
14806,-85.803,24.903
14807,-59.591,53.551
14808,-52.575,-23.914
14809,92.995,-59.462
14810,59.92,-4.4395
14811,-17.437,56.367
14812,-31.028,37.263
14813,-41.055,-33.62
14814,-35.998,-31.709
14815,-60.333,-27.988
14816,-59.999,-16.48
14817,33.53,55.206
14818,78.988,50.859
14819,58.096,73.038
14820,-88.198,44.148
14821,115.92,-16.657
14822,90.364,-28.775
14823,-60.945,28.225
14824,-53.198,-29.18
14825,-55.025,63.976
14826,21.682,33.109
14827,-40.41,-3.8142
14828,70.553,-17.25
14829,-71.502,51.533
14830,-56.702,55.042
14831,0.69563,50.686
14832,-92.322,20.185
14833,-51.673,2.8085
14834,-88.682,-22.586
14835,-13.609,53.062
14836,-48.047,-17.592
14837,64.642,-9.275
14838,-51.22,66.994
14839,12.067,29.296
14840,-80.812,27.127
14841,-39.327,-3.7965
14842,36.653,16.78
14843,-42.85,72.355
14844,17.979,51.236
14845,-48.054,-19.138
14846,-55.68,2.3996
14847,-59.987,-15.867
14848,-60.298,-19.566
14849,-2.5049,93.934
14850,20.178,-84.502
14851,32.311,-15.093
14852,-5.5098,-90.737
14853,-23.237,22.025
14854,-58.586,31.669
14855,-71.309,50.387
14856,-87.965,24.365
14857,37.77,-58.042
14858,-24.884,-54.665
14859,36.038,75.251
14860,72.4,33.778
14861,13.092,98.903
14862,91.97,-59.099
14863,42.107,-28.539
14864,-5.9256,-45.881
14865,-62.432,28.419
14866,-52.965,-21.083
14867,-25.515,71.876
14868,19.293,-8.0577
14869,45.541,-35.816
14870,45.211,76.528
14871,115.99,-16.649
14872,-4.2951,-9.7522
14873,100.25,-59.351
14874,-72.978,-37.463
14875,31.456,75.603
14876,-24.783,20.703
14877,-48.065,13.456
14878,-11.347,75.513
14879,5.5026,57.738
14880,11.781,32.087
14881,-82.932,4.3323
14882,-50.039,12.263
14883,11.739,46.749
14884,-35.598,-78.641
14885,115.98,-16.649
14886,45.218,42.163
14887,-72.669,-64.788
14888,-49.52,78.775
14889,-62.518,28.787
14890,-23.508,46.36
14891,-51.527,13.698
14892,-63.669,-1.5345
14893,-27.615,38.154
14894,13.567,-28.167
14895,28.896,77.748
14896,-65.67,10.358
14897,7.262,-36.197
14898,-56.375,-29.192
14899,-81.405,57.434
14900,-65.437,63.54
14901,21.266,-81.816
14902,-58.289,-29.183
14903,38.901,-71.876
14904,80.674,-17.536
14905,-29.308,77.426
14906,-58.895,-24.369
14907,-65.796,69.148
14908,-33.409,37.377
14909,-79.309,28.102
14910,54.003,-10.057
14911,-41.893,59.962
14912,-60.688,-12.652
14913,-60.394,-28.865
14914,-71.595,-28.562
14915,-61.522,-30.288
14916,-60.789,-34.01
14917,-46.514,-17.466
14918,71.913,58.306
14919,23.052,-10.153
14920,-60.34,29.225
14921,-25.416,66.1
14922,-36.058,56.453
14923,-41.419,39.237
14924,-68.391,62.642
14925,-61.378,-10.133
14926,30.388,56.342
14927,46.095,-74.04
14928,-30.013,87.799
14929,-68.971,-60.983
14930,50.969,20.405
14931,-26.305,22.021
14932,-48.813,12.756
14933,-61.394,56.329
14934,101.94,-48.703
14935,-42.741,-45.783
14936,-71.867,-36.646
14937,-18.646,18.283
14938,26.836,54.271
14939,-43.642,-85.984
14940,98.041,-62.031
14941,13.711,52.597
14942,-25.269,59.141
14943,-25.107,64.877
14944,1.6076,38.687
14945,-60.016,-22.589
14946,-35.523,13.756
14947,-0.83153,41.92
14948,-23.288,-105.58
14949,-59.102,-40.512
14950,-8.1781,-7.4582
14951,116.06,-16.785
14952,-12.852,-54.438
14953,-55.892,-24.023
14954,-1.0338,78.61
14955,-29.581,82.12
14956,59.455,64.029
14957,71.426,48.949
14958,74.149,-81.386
14959,-65.832,-60.161
14960,-36.389,-17.989
14961,-31.819,-59.533
14962,1.0121,101.21
14963,-63.257,-29.374
14964,9.897,-3.275
14965,-45.657,-9.7517
14966,40.91,44.881
14967,34.192,51.626
14968,77.642,-59.9
14969,14.097,64.241
14970,-55.849,-24.832
14971,-43.118,12.674
14972,-31.178,43.077
14973,30.293,48.66
14974,-38.743,-11.678
14975,23.006,92.641
14976,-8.7971,-3.965
14977,-4.6411,63.673
14978,51.978,-87.458
14979,-24.572,18.316
14980,-15.249,63.341
14981,-42.286,33.121
14982,-47.589,61.259
14983,-44.596,20.228
14984,-69.239,36.124
14985,55.732,51.99
14986,-40.322,-41.371
14987,-29.362,-77.267
14988,17.882,-77.895
14989,-48.068,68.408
14990,-38.196,52.954
14991,-1.871,52.695
14992,-45.07,56.76
14993,-43.961,12.444
14994,-59.987,-24.96
14995,-11.504,-53.513
14996,61.529,56.032
14997,0.94141,20.106
14998,30.87,90.438
14999,44.863,19.384
15000,-94.867,-47.576
15001,-37.065,-23.373
15002,95.074,-55.447
15003,38.707,1.072
15004,36.497,-81.643
15005,-71.83,-36.834
15006,-46.808,60.812
15007,52.224,24.552
15008,-80.313,-41.832
15009,29.144,50.168
15010,52.98,43.486
15011,66.192,31.06
15012,91.969,-66.847
15013,-42.423,-14.905
15014,-78.437,-30.382
15015,-69.602,68.658
15016,-55.635,34.433
15017,-45.73,-19.043
15018,-61.397,-30.215
15019,-67.246,66.832
15020,-33.609,29.39
15021,41.804,75.91
15022,-90.108,22.967
15023,-77.17,57.113
15024,-41.174,-16.246
15025,1.7246,-27.92
15026,-62.981,29.662
15027,-60.14,-11.85
15028,-58.227,45.544
15029,-25.592,19.267
15030,-53.732,-21.007
15031,31.938,74.596
15032,-31.56,-0.97596
15033,29.594,57.336
15034,-59.2,9.4136
15035,-62.22,28.602
15036,44.64,-64.84
15037,-55.572,-14.09
15038,-80.463,-41.657
15039,13.538,34.874
15040,41.059,3.8033
15041,-61.485,62.791
15042,-40.49,44.135
15043,-22.622,35.804
15044,-72.861,35.693
15045,44.451,81.507
15046,-12.68,73.952
15047,-83.563,61.28
15048,-80.497,9.7665
15049,-65.048,-31.763
15050,17.839,24.32
15051,-46.634,14.792
15052,32.087,65.958
15053,-50.912,78.291
15054,-48.458,14.151
15055,-35.711,29.727
15056,-61.019,-18.352
15057,-42.825,-89.48
15058,-55.089,-37.527
15059,-63.54,74.033
15060,-23.263,15.488
15061,-57.821,-27.32
15062,-59.006,-28.723
15063,-53.753,-19.013
15064,40.942,-50.286
15065,67.68,38.842
15066,73.076,55.633
15067,13.451,34.418
15068,-96.589,-46.944
15069,-71.581,-58.872
15070,-2.4396,-29.524
15071,-24.885,77.056
15072,-48,14.336
15073,-62.168,22.793
15074,-12.755,-54.501
15075,-28.743,-17.058
15076,80.181,37.611
15077,-49.714,80.151
15078,-13.305,97.438
15079,22.002,-51.558
15080,0.84663,59.426
15081,-6.6442,3.5869
15082,-74.026,11.2
15083,-59.12,-0.36818
15084,-87.572,30.914
15085,-63.587,73.999
15086,-61.337,56.816
15087,-23.83,28.017
15088,37.333,-43.947
15089,-14.426,87.792
15090,35.391,73.088
15091,-43.551,-19.666
15092,-27.274,18.998
15093,-59.817,54.159
15094,-47.245,27.039
15095,-43.789,20.256
15096,97.522,45.491
15097,10.196,-50.221
15098,-63.501,21.066
15099,-54.582,2.0232
15100,-14.959,55.372
15101,-51.875,52.329
15102,-60.267,-25.976
15103,-57.709,-22.375
15104,-19.09,-29.549
15105,37.948,54.143
15106,-58.045,-36.132
15107,84.512,-15.858
15108,39.87,20.386
15109,41.816,-67.085
15110,-48.498,13.258
15111,-24.236,21.945
15112,35.645,67.676
15113,36.288,39.808
15114,18.756,-85.759
15115,34.747,-47.323
15116,-27.877,-100.55
15117,-12.828,-80.118
15118,-61.469,-29.359
15119,67.992,-16.124
15120,-48.063,79.174
15121,75.003,-79.867
15122,-47.236,61.344
15123,-40.653,46.368
15124,-69.213,-62.808
15125,-21.901,8.7069
15126,69.481,-16.479
15127,-70.74,65.498
15128,-58.715,-27.239
15129,-55.607,-14.934
15130,-5.9758,79.291
15131,-79.033,-56.399
15132,-10.189,74.994
15133,42.197,70.363
15134,-79.58,35.78
15135,68.453,35.048
15136,40.708,57.509
15137,92.744,-66.417
15138,-22.433,8.8992
15139,-60.925,-21.794
15140,-57.056,-7.4533
15141,74.213,-81.27
15142,-83.412,-27.896
15143,-55.687,34.016
15144,-50.529,82.529
15145,-64.68,-33.563
15146,-26.817,55.876
15147,36.54,38.839
15148,52.475,49.112
15149,-81.41,-30.733
15150,-74.06,18.414
15151,-2.9412,52.99
15152,-24.844,15.176
15153,-48.685,13.927
15154,-48.211,-19.286
15155,28.663,-82.326
15156,-49.908,-24.268
15157,-28.554,51.041
15158,6.2789,70.687
15159,73.482,-81.504
15160,-38.833,-5.1434
15161,-70.301,-61.967
15162,66.094,54.832
15163,95.127,-59.828
15164,-24.759,32.894
15165,23.337,43.199
15166,-76.1,29.244
15167,-62.165,28.885
15168,-61.779,28.625
15169,-44.464,55.156
15170,-25.352,20.885
15171,40.797,-89.491
15172,36.97,77.936
15173,17.729,38.136
15174,-72.191,-29.908
15175,-34.014,2.3115
15176,-48.407,14.278
15177,9.193,-113.55
15178,-21.699,-94.372
15179,19.257,-60.802
15180,-24.054,15.73
15181,-67.3,57.849
15182,19.259,48.928
15183,-55.267,-0.66842
15184,15.517,40.711
15185,94.436,-62.324
15186,53.274,81.78
15187,12.696,76.343
15188,-55.188,-28.053
15189,45.476,43.555
15190,-51.293,25.872
15191,-83.956,-5.8928
15192,-62.276,23.416
15193,-60.288,35.183
15194,-58.409,73.013
15195,-16.821,-15.795
15196,41.758,86.285
15197,99.214,-63.608
15198,39.055,68.131
15199,-13.3,66.846
15200,50.673,55.041
15201,-43.124,-90.665
15202,-39.845,-13.002
15203,36.002,35.785
15204,-66.824,21.171
15205,-62.999,29.817
15206,-24.501,15.716
15207,-25.506,16.126
15208,-24.577,15.502
15209,-41.66,29.046
15210,-34.116,-11.072
15211,17.163,-75.93
15212,-49.98,-34.209
15213,27.082,-82.487
15214,-33.602,51.166
15215,31.172,42.31
15216,13.558,-26.611
15217,92.211,-67
15218,40.314,-12.867
15219,-60.227,-28.715
15220,-69.043,-63.59
15221,0.87979,87.55
15222,-72.513,-58.757
15223,-63.896,-27.56
15224,-15.649,44.582
15225,-51.45,12.945
15226,-51.346,13.132
15227,27.779,58.246
15228,-76.29,31.471
15229,-79.302,38.392
15230,42.337,45.035
15231,1.56,-44.113
15232,15.969,49.859
15233,-29.409,-67.312
15234,-17.919,56.43
15235,-46.793,35.213
15236,-25.095,66.021
15237,22.49,-77.252
15238,-45.111,-0.20699
15239,-14.161,-55.21
15240,-7.7718,14.624
15241,29.855,73.803
15242,67.751,39.346
15243,79.805,-43.758
15244,50.525,-3.3049
15245,-68.494,28.142
15246,-103.28,17.388
15247,-22.291,35.335
15248,-55.124,-24.14
15249,-59.153,-14.65
15250,-47.422,-9.7905
15251,63.799,40.317
15252,-13.888,96.526
15253,51.872,32.809
15254,-95.024,-47.155
15255,-69.667,-61.554
15256,18.936,-19.632
15257,90.338,-27.872
15258,-55.288,36.208
15259,-67.189,31.425
15260,-47.72,-32.301
15261,-58.739,-38.207
15262,37.544,39.144
15263,68.243,27.506
15264,72.131,-84.748
15265,-5.4962,57.086
15266,-62.754,28.501
15267,-45.453,55.678
15268,-60.451,54.714
15269,-56.926,-21.097
15270,-84.83,-22.448
15271,-73.409,34.423
15272,5.9491,-81.291
15273,-8.4616,2.8744
15274,92.458,-60.304
15275,15.37,1.1607
15276,72.642,-0.0035559
15277,-59.341,34.384
15278,-61.954,66.131
15279,-30.126,55.149
15280,-11.81,79.173
15281,-12.898,-53.524
15282,-30.905,44.294
15283,9.5857,-11.275
15284,53.164,34.432
15285,-30.272,9.1596
15286,58.833,54.58
15287,-45.102,-39.395
15288,23.407,92.984
15289,-80.856,-34.166
15290,-26.03,-90.339
15291,44.704,87.33
15292,50.014,80.683
15293,-20.173,69.133
15294,-89.925,22.551
15295,93.359,-64.081
15296,-31.166,13.257
15297,-67.243,18.867
15298,28.493,92.898
15299,-71.933,-41.725
15300,-62.986,28.518
15301,-61.035,54.673
15302,30.179,9.5799
15303,29.852,73.645
15304,-13.226,53.868
15305,-92.73,23.242
15306,17.827,60.366
15307,45.349,74.782
15308,32.049,-67.642
15309,-33.536,-59.306
15310,-94.525,23.902
15311,-56.322,-7.1799
15312,-53.878,-88.573
15313,43.976,29.263
15314,72.823,-83.665
15315,45.678,-14.177
15316,-57.047,72.044
15317,-60.766,-29.198
15318,-84.807,-25.43
15319,-47.671,29.855
15320,18.796,-89.217
15321,-20.931,1.4814
15322,-45.545,-18.548
15323,57.635,73.536
15324,-44.169,-2.7517
15325,72.844,45.32
15326,42.889,86.297
15327,13.67,53.983
15328,-61.049,-29.025
15329,-54.933,-15.372
15330,43.273,-47.527
15331,52.413,79.02
15332,57.787,40.268
15333,-69.314,-62.824
15334,-18.756,-37.271
15335,-17.409,66.451
15336,-98.123,6.2203
15337,-24.83,14.908
15338,37.986,-84.803
15339,21.467,27.504
15340,-7.3211,33.782
15341,44.809,34.508
15342,99.272,-64.191
15343,62.677,55.136
15344,89.124,-41.689
15345,-96.755,6.3304
15346,-18.543,16.28
15347,-87.973,23.494
15348,-34.146,6.9473
15349,-16.311,-25.216
15350,-7.6705,39.71
15351,29.207,48.88
15352,27.779,-19.515
15353,52.372,16.465
15354,-14.568,61.113
15355,-19.146,16.423
15356,-45.421,-1.2229
15357,-67.021,54.869
15358,-33.306,67.672
15359,-21.089,15.112
15360,-24.535,67.709
15361,31.316,91.625
15362,-24.381,18.192
15363,-17.616,-15.575
15364,-64.049,-27.18
15365,-40.902,-14.586
15366,-43.39,35.266
15367,34.011,-81.557
15368,48.217,41.832
15369,27.432,89.291
15370,99.146,-60.648
15371,27.017,-18.206
15372,26.879,-16.512
15373,-27.69,55.293
15374,-5.4891,75.003
15375,-18.569,-23.348
15376,12.736,-10.724
15377,100.49,-59.232
15378,-9.8944,-82.386
15379,-57.39,30.18
15380,-66.028,63.518
15381,-21.795,19.527
15382,-53.164,-20.407
15383,68.664,62.917
15384,23.039,72.165
15385,3.224,71.196
15386,-15.421,-39.278
15387,-12.919,75.168
15388,63.212,48.708
15389,-70.42,14.718
15390,-21.161,68.725
15391,-13.778,42.535
15392,-33.518,45.694
15393,35.694,51.993
15394,5.1813,97.265
15395,-78.954,-60.78
15396,25.228,-84.489
15397,-22.012,4.2215
15398,-84.979,-24.871
15399,-56.705,-10.845
15400,9.8543,-39.152
15401,31.028,74.847
15402,8.6202,93.639
15403,19.203,32.948
15404,-37.541,38.225
15405,42.438,2.2212
15406,-98.999,5.5744
15407,-55.506,82.511
15408,10.847,-35.601
15409,14.09,47.762
15410,-9.528,-5.1098
15411,-15.436,-44.587
15412,42.155,-3.9049
15413,-36.983,44.575
15414,39.813,-67.923
15415,6.1891,14.893
15416,4.2072,37.796
15417,-24.457,-84.952
15418,69.598,67.539
15419,-78.862,-60.273
15420,-29.21,61.12
15421,-34.8,2.3504
15422,-26.272,-62.599
15423,-33.652,69.466
15424,-55.573,-14.008
15425,-37.653,42.584
15426,10.711,56.92
15427,-23.263,71.65
15428,22.736,49.054
15429,20.049,-50.127
15430,-58.485,-27.845
15431,-60.363,-26.031
15432,-4.805,76.762
15433,-44.133,47.358
15434,-21.073,17.13
15435,36.531,39.28
15436,-49.896,-89.475
15437,55.452,56.52
15438,65.458,44.83
15439,-81.593,30.986
15440,-32.975,52.117
15441,9.8938,-1.4716
15442,-89.515,28.058
15443,-23.118,22.041
15444,-61.386,-28.784
15445,-32.081,-4.5033
15446,-44.693,-19.795
15447,-56.172,-26.55
15448,63.311,54.697
15449,74.47,47.712
15450,7.3638,-14.881
15451,-16.43,-26.789
15452,18.988,74.52
15453,-64.601,-1.952
15454,-85.952,-21.493
15455,-24.5,77.184
15456,-15.004,-51.672
15457,-36.334,27.72
15458,-10.075,-66.974
15459,-53.567,-34.773
15460,-37.767,-11.793
15461,-5.1195,-102.84
15462,-54.616,-1.9469
15463,27.871,43.047
15464,-26.21,-103.16
15465,-38.222,43.384
15466,-59.586,47.763
15467,-42.73,63.068
15468,-87.737,30.968
15469,-4.6986,-43.853
15470,-37.646,42.979
15471,-1.8357,91.917
15472,-25.339,18.039
15473,-46.041,40.435
15474,-61.986,49.75
15475,-66.89,-59.756
15476,-66.597,35.478
15477,-67.07,-52.537
15478,-26.804,54.098
15479,-57.078,-23.33
15480,-63.513,-27.728
15481,84.491,45.937
15482,-41.739,-14.332
15483,4.7041,55.959
15484,-5.5004,76.691
15485,-71.176,31.531
15486,-49.524,86.639
15487,-45.632,46.4
15488,-61.019,-30.831
15489,-8.5716,78.129
15490,-38.92,-92.04
15491,37.792,67.065
15492,18.968,-23.64
15493,-8.1927,57.74
15494,-63.311,23.331
15495,-11.064,-2.8116
15496,-37.051,40.552
15497,-44.179,18.249
15498,-75.347,34.336
15499,30.15,-61.158
15500,59.87,42.716
15501,40.647,37.149
15502,46.808,76.415
15503,-74.392,53.551
15504,45.079,61.297
15505,19.536,59.231
15506,-64.708,23.181
15507,-21.2,12.862
15508,-34.758,41.939
15509,-50.25,-17.191
15510,-89.843,16.904
15511,84.037,46.7
15512,-14.031,18.166
15513,-19.776,-35.678
15514,38.798,34.992
15515,-15.02,65.919
15516,-15.301,64.882
15517,-57.201,49.482
15518,-57.843,-40.635
15519,-32.203,-18.916
15520,21.838,44.524
15521,16.988,48.231
15522,17.46,48.689
15523,-65.585,21.455
15524,-28.24,19.042
15525,-25.188,19.925
15526,-40.947,34.025
15527,25.711,-96.524
15528,-86.677,26.018
15529,-47.617,-41.302
15530,-21.168,17.922
15531,-16.126,-16.253
15532,-74.305,34.755
15533,107.97,-52.76
15534,19.035,52.123
15535,-25.749,-61.815
15536,-30.043,84.593
15537,-67.839,39.372
15538,-86.505,21.64
15539,-51.971,-21.899
15540,56.031,42.287
15541,57.714,-23.749
15542,69.082,66.733
15543,2.306,61.071
15544,-68.893,28.392
15545,-26.449,50.674
15546,-59.444,-25.402
15547,-1.3867,40.964
15548,-70.455,-63.043
15549,-19.803,49.383
15550,-31.344,32.03
15551,-25.64,19.899
15552,-56.422,-11.824
15553,-66.69,-76.797
15554,-16.595,-26.394
15555,34.73,-15.15
15556,-59.396,-8.5326
15557,-46.413,43.647
15558,-53.307,1.4818
15559,-80.238,-50.854
15560,-31.236,57.879
15561,-83.189,18.636
15562,-59.191,46.114
15563,-59.432,55.198
15564,52.598,70.213
15565,-42.67,75.858
15566,11.923,-1.089
15567,31.872,75.356
15568,-68.204,-81.214
15569,39.676,54.3
15570,-65.308,-63.062
15571,55.499,48.635
15572,27.448,-72.167
15573,-48.88,-34.017
15574,-80.177,-42.112
15575,-61.771,-30.458
15576,-55.918,-12.506
15577,-102.5,21.325
15578,3.1843,92.125
15579,44.485,62.178
15580,-85.098,-25.409
15581,29.51,40.328
15582,-64.622,68.142
15583,25.715,45.855
15584,-14.453,-31.974
15585,27.04,95.953
15586,26.817,54.488
15587,-23.714,16.537
15588,-22.743,17.408
15589,-27.411,54.939
15590,-26.828,18.624
15591,20.757,-84.95
15592,-11.944,42.906
15593,32.873,54.772
15594,-57.235,45.488
15595,-24.066,52.227
15596,-85.2,-22.399
15597,-52.631,-58.631
15598,-9.2453,69.723
15599,-39.755,33.137
15600,-0.036027,52.642
15601,9.4535,41.163
15602,-66.108,16.378
15603,-63.168,-62.884
15604,28.045,-19.703
15605,25.338,30.08
15606,-57.331,30.404
15607,4.5791,32.734
15608,27.815,53.698
15609,48.61,36.925
15610,-22.678,-89.879
15611,-88.555,-22.983
15612,-28.373,-20.552
15613,37.713,47.849
15614,69.385,31.532
15615,-13.027,77.263
15616,-58.213,53.171
15617,-30.933,33.47
15618,-18.777,10.888
15619,-28.225,90.155
15620,-30.274,61.994
15621,-58.839,-9.7518
15622,29.694,54.491
15623,59.343,-10.381
15624,-61.894,-20.768
15625,-47.413,-20.014
15626,-27.524,19.51
15627,-59.472,-27.673
15628,-55.473,-35.89
15629,41.58,44.86
15630,-47.406,-88.35
15631,-90.005,-8.0263
15632,-23.062,19.634
15633,-47.059,-33.199
15634,-71.691,36.705
15635,-41.972,-5.2366
15636,50.513,49.938
15637,-53.896,20.525
15638,-57.959,27.697
15639,-57.613,51.188
15640,-64.871,-31.938
15641,44.912,56.635
15642,29.47,88.976
15643,-24.875,76.747
15644,-36.474,79.592
15645,-90.691,27.632
15646,27.556,21.65
15647,-91.391,5.4255
15648,-46.431,-14.834
15649,-26.047,49.034
15650,-89.005,-22.848
15651,-52.006,12.817
15652,-44.199,-14.006
15653,-89.264,-51.704
15654,-48.281,14.162
15655,-61.116,50.269
15656,-10.148,65.791
15657,6.2628,39.807
15658,19.523,-40.455
15659,-25.873,15.364
15660,-22.172,16.056
15661,-24.045,24.266
15662,-49.938,-14.74
15663,-60.21,-29.244
15664,15.845,-86.666
15665,16.355,-30.214
15666,29.283,50.032
15667,16.989,40.056
15668,-65.918,-3.1257
15669,-24.559,16.691
15670,-34.992,95.228
15671,-65.25,63.387
15672,-41.641,-4.5733
15673,-54.919,-10.742
15674,-102.92,21.426
15675,41.118,83.287
15676,35.505,81.087
15677,10.283,61.434
15678,38.088,24.613
15679,3.4237,28.389
15680,-21.835,31.461
15681,15.255,-16.784
15682,-18.671,19.046
15683,83.065,-42.105
15684,35.353,65.148
15685,7.6338,-55.491
15686,62.732,65.619
15687,77.113,-75.297
15688,-27.129,37.913
15689,-69.193,-32.307
15690,4.2107,27.613
15691,-63.814,-85.691
15692,15.952,41.768
15693,-22.646,23.076
15694,-16.093,52.558
15695,-23.705,38.377
15696,-53.95,-12.801
15697,-58.731,-24.542
15698,116,-16.651
15699,26.069,68.2
15700,-78.129,11.225
15701,34.683,86.594
15702,-44.677,-20.746
15703,-34.85,41.362
15704,-69.346,26.723
15705,-34.425,32.607
15706,-90.679,16.967
15707,25.275,90.614
15708,-12.063,45.28
15709,-15.291,12.91
15710,-43.89,53.085
15711,42.839,36.036
15712,15.256,-65.43
15713,49.524,52.15
15714,34.232,60.572
15715,-24.435,19.268
15716,-42.484,22.611
15717,-39.328,46.461
15718,17.396,-64.737
15719,-23.214,78.809
15720,2.2245,23.807
15721,9.4608,40.686
15722,-65.845,-36.154
15723,-30.559,72.257
15724,-67.547,-52.558
15725,-27.138,-7.6179
15726,42.596,44.903
15727,-24.042,-10.64
15728,64.949,-18.265
15729,-3.7204,31.331
15730,-9.0852,73.953
15731,20.437,-50.895
15732,-4.6547,73.477
15733,45.92,49.909
15734,-12.708,-54.924
15735,28.768,6.1463
15736,-41.715,12.173
15737,-24.297,15.672
15738,33.825,25.012
15739,-75.714,-56.846
15740,-59.55,75.185
15741,-59.69,28.399
15742,-41.518,77.284
15743,-23.852,79.931
15744,-72.164,69.377
15745,-38.479,-8.4078
15746,10.403,50.403
15747,-2.487,83.663
15748,-12.743,-75.65
15749,-57.812,-87.438
15750,-13.92,-42.877
15751,-70.277,27.713
15752,-13.604,49.986
15753,11.572,85.033
15754,-25.963,21.379
15755,-22.928,40.557
15756,19.544,-81.865
15757,-2.9538,63.258
15758,-82.475,-29.078
15759,115.89,-16.789
15760,-25.478,18.837
15761,-71.492,36.878
15762,-68.694,60.774
15763,-23.985,15.777
15764,-53.02,-10.401
15765,-60,-29.469
15766,-54.602,-10.084
15767,-40.351,42.234
15768,-91.776,18.497
15769,-22.868,-61.323
15770,-9.3985,69.874
15771,-7.9837,-67.579
15772,-39.681,51.141
15773,-19.121,55.118
15774,-45.986,40.519
15775,-32.758,23.94
15776,-63.669,-29.233
15777,15.439,-40.933
15778,19.453,36.789
15779,-72.015,1.475
15780,-61.351,-20.173
15781,-47.32,-24.781
15782,50.148,79.07
15783,-31.777,12.994
15784,28.544,-77.037
15785,-59.309,8.8336
15786,-25.277,52.874
15787,-15.429,44.235
15788,67.333,-46.904
15789,-36.239,37.727
15790,-63.672,-28.877
15791,9.6832,69.865
15792,-27.796,-20.542
15793,-89.595,-21.911
15794,-18.268,-35.506
15795,-14.17,70.33
15796,-50.988,31.814
15797,54.108,-38.46
15798,-59.312,-0.94383
15799,-97.235,6.0896
15800,-41.111,80.214
15801,-45.069,19.523
15802,41.421,6.7867
15803,-71.395,-43.978
15804,17.828,39.624
15805,-82.746,37.155
15806,-58.254,73.444
15807,-24.638,20.696
15808,12.094,-14.373
15809,-3.7192,31.088
15810,-39.146,-82.622
15811,-57.451,-14.288
15812,-76.552,34.032
15813,45.581,-67.768
15814,19.52,-80.336
15815,60.713,54.581
15816,60.618,57.73
15817,109.2,-45.537
15818,64.499,53.571
15819,-57.084,24.806
15820,-51.307,-34.225
15821,116,-16.649
15822,57.474,53.357
15823,-25.631,-96.446
15824,-39.908,82.402
15825,-68.043,66.58
15826,-40.725,46.592
15827,20.102,86.825
15828,-84.513,-22.635
15829,-58.189,-82.566
15830,-57.572,50.087
15831,-23.779,15.882
15832,-45.581,-20.579
15833,40.818,52.878
15834,-3.1149,82.368
15835,36.78,39.628
15836,-26.21,17.63
15837,-64.019,-27.275
15838,-16.968,45.993
15839,41.058,88.456
15840,-0.97667,31.118
15841,43.464,-86.784
15842,68.915,39.229
15843,-20.403,-88.071
15844,17.89,-40.251
15845,11.353,84.855
15846,-42.358,35.694
15847,35.389,-32.624
15848,-6.5428,92.273
15849,-75.764,-57.033
15850,19.199,49.854
15851,-13.543,42.355
15852,5.788,90.825
15853,36.829,53.759
15854,38.396,48.146
15855,-56.189,24.817
15856,35.546,21.354
15857,5.4057,26.807
15858,4.6128,1.5198
15859,-25.284,-18.643
15860,-99.532,9.6615
15861,22.994,72.583
15862,-23.065,22.598
15863,-24.173,54.687
15864,-67.364,-25.15
15865,-90.91,27.915
15866,-30.198,0.24872
15867,49.833,49.02
15868,47.234,79.704
15869,-85.016,-1.1359
15870,-65.3,4.904
15871,-88.956,-3.0082
15872,-82.878,3.6168
15873,-66.098,70.695
15874,-56.761,-38.66
15875,-69.33,-61.21
15876,40.494,85.613
15877,32.929,-23.826
15878,-25.025,18.955
15879,-40.666,32.977
15880,15.171,-2.4902
15881,-14.878,-79.082
15882,-8.2256,74.012
15883,-21.77,19.676
15884,-23.55,22.162
15885,-57.85,-11.488
15886,56.216,75.041
15887,-37.402,21.538
15888,-80.04,-1.5491
15889,-58.636,18.539
15890,49.031,61.415
15891,-10.918,87.126
15892,-61.088,53.44
15893,46.391,29.202
15894,-58.472,-24.778
15895,34.24,-61.67
15896,24.586,95.773
15897,-42.396,-30.701
15898,-32.88,-69.945
15899,-40.598,-9.4043
15900,-60.71,28.192
15901,-23.975,44.832
15902,29.132,52.59
15903,-13.193,-53.017
15904,34.013,64.17
15905,-74.399,34.696
15906,-32.754,87.561
15907,-59.597,-1.242
15908,34.379,-17.466
15909,-13.016,44.788
15910,9.4286,-36.64
15911,5.0009,-34.809
15912,-16.135,93.628
15913,59.129,42.858
15914,6.2404,39.952
15915,-48.696,13.139
15916,-23.791,17.492
15917,-49.477,-17.185
15918,-59.257,65.12
15919,55.034,74.573
15920,-2.5855,27.241
15921,29,75.966
15922,46.064,-3.5591
15923,56.517,-41.195
15924,-24.863,13.457
15925,-24.342,77.398
15926,-73.373,35.443
15927,-48.208,74.361
15928,-20.272,15.891
15929,-65.175,-33.385
15930,74.976,51.864
15931,-13.631,28.565
15932,-89.893,28.39
15933,8.8403,-37.117
15934,-20.017,18.691
15935,-61.731,74.586
15936,-70.889,62.799
15937,-38.369,32.525
15938,-31.437,42.752
15939,-28.019,89.467
15940,10.189,77.452
15941,26.6,96.609
15942,1.7699,39.539
15943,35.553,-56.455
15944,-43.202,71.877
15945,-47.586,14.579
15946,-25.655,22.253
15947,62.752,-45.645
15948,-25.449,-88.578
15949,-40.866,20.612
15950,74.543,14.509
15951,-22.027,40.838
15952,37.978,38.866
15953,-55.277,82.479
15954,-60.354,57.365
15955,-28.705,59.116
15956,-6.7786,101.77
15957,-87.467,22.708
15958,-78.338,-58.088
15959,90.201,44.645
15960,11.257,75.453
15961,-101.99,28.132
15962,-59.038,-26.856
15963,-19.633,50.844
15964,-43.95,20.798
15965,-22.205,35.283
15966,17.898,54.28
15967,-62.112,-76.014
15968,-18.913,55.753
15969,-45.476,40.333
15970,-46.229,-8.5093
15971,10.482,-4.8571
15972,28.593,83.213
15973,-1.3402,27.451
15974,3.9576,38.927
15975,-82.509,27.452
15976,15.165,-2.9664
15977,-44.205,4.161
15978,-5.4855,79.105
15979,-23.791,17.702
15980,-59.936,38.396
15981,-28.539,83.698
15982,-12.054,-53.596
15983,12.659,-13.136
15984,-61.196,-30.277
15985,4.6716,-25.384
15986,-95.808,5.4965
15987,8.0508,96.864
15988,-57.5,73.107
15989,-77.066,-24.133
15990,68.307,35.107
15991,4.1081,35.272
15992,81.326,-16.695
15993,-37.45,43.674
15994,-47.67,28.822
15995,0.34525,17.254
15996,-34.692,70.687
15997,39.833,7.3344
15998,65.863,28.638
15999,-22.996,-107.43
16000,62.058,50.989
16001,-37.924,73.479
16002,27.662,17.953
16003,-55.538,-28.722
16004,-44.395,19.714
16005,-20.961,12.094
16006,63.582,27.763
16007,-36.276,-3.4131
16008,42.272,76.325
16009,-16.599,-31.155
16010,-26.319,20.123
16011,-29.41,57.347
16012,-60.577,52.897
16013,18.907,-80.637
16014,-60.419,-29.19
16015,-46.784,45.53
16016,-0.22262,54.084
16017,-42.208,77.818
16018,-4.1961,-57.548
16019,-99.491,-12.272
16020,-73.785,-64.491
16021,95.035,-59.856
16022,55.827,42.678
16023,42.955,83.944
16024,-57.802,30.007
16025,-42.24,22.198
16026,-76.361,34.808
16027,-37.382,78.597
16028,47.099,51.554
16029,35.899,32.516
16030,21.611,47.416
16031,34.857,-24.333
16032,-42.022,35.15
16033,-24.883,22.085
16034,-43.629,55.22
16035,-25.419,80.974
16036,-44.497,84.399
16037,37.967,47.121
16038,-94.346,25.013
16039,-59.167,28.165
16040,-23.2,18.128
16041,28.834,49.348
16042,-26.633,48.681
16043,-28.6,30.013
16044,18.773,-36.321
16045,-8.6378,95.201
16046,-14.714,-27.022
16047,-70.741,15.059
16048,45.55,-42.852
16049,56.642,43.148
16050,63.16,39.454
16051,-64.215,-3.3453
16052,-6.1828,101.35
16053,-55.77,46.743
16054,-48.658,13.843
16055,-44.64,57.76
16056,31.8,42.741
16057,81.842,-41.667
16058,-40.617,40.338
16059,-41.588,51.094
16060,-42.427,20.176
16061,23.704,90.148
16062,-23.435,-2.9814
16063,22.129,63.837
16064,35.552,41.125
16065,-26.871,-16.298
16066,-32.156,68.709
16067,-62.81,-30.609
16068,-45.139,41.157
16069,10.317,-1.4117
16070,-33.138,29.893
16071,-18.737,-83.431
16072,-4.0699,-37.423
16073,-69.714,-24.998
16074,-44.895,53.671
16075,-32.753,42.428
16076,-89.725,27.173
16077,19.414,21.842
16078,56.112,-81.195
16079,4.9112,87.544
16080,-18.158,89.832
16081,5.5679,0.16449
16082,-60.101,56.319
16083,39.819,55.069
16084,-13.564,-86.925
16085,-85.511,-22.991
16086,-69.082,-61.139
16087,-16.912,-7.0828
16088,-11.894,-72.879
16089,-3.8034,21.068
16090,-12.735,-39.699
16091,-16.856,55.749
16092,-67.182,54.817
16093,-55.281,82.511
16094,-58.999,28.086
16095,19.824,-6.1392
16096,-25.513,43.806
16097,68.857,62.558
16098,43.185,-29.892
16099,-25.59,19.946
16100,-46.262,-8.6008
16101,-59.022,-15.426
16102,30.841,56.785
16103,-64.15,59.027
16104,15.109,-3.6211
16105,47.531,51.387
16106,-36.371,25.278
16107,-19.736,-29.511
16108,30.01,55.692
16109,-16.25,53.997
16110,-87.929,27.236
16111,-23.105,15.162
16112,-23.404,16.307
16113,-42.578,56.199
16114,-55.767,-10.467
16115,88.704,35.451
16116,19.201,-6.7475
16117,46.103,76.275
16118,-48.368,30.209
16119,-58.832,-12.976
16120,-59.887,-10.313
16121,29.53,-85.693
16122,15.801,41.071
16123,-23.57,-110.25
16124,74.689,14.347
16125,47.744,39.723
16126,5.2083,40.336
16127,30.804,-24.186
16128,-5.0034,79.091
16129,40.356,-75.452
16130,-37.427,41.415
16131,-89.826,26.867
16132,-32.174,38.138
16133,-60.257,-20.03
16134,-60.211,-27.693
16135,43.863,71.415
16136,39.117,56.311
16137,-83.321,-6.2206
16138,-21.525,16.466
16139,-44.994,19.617
16140,-60.324,37.336
16141,-52.755,-23.819
16142,35.489,50.544
16143,-10.183,-1.7542
16144,-45.943,85.857
16145,-16.955,11.618
16146,-22.348,21.529
16147,20.337,23.411
16148,57.863,55.221
16149,-9.7366,-78.223
16150,77.137,10.431
16151,48.845,79.224
16152,21.632,25.832
16153,14.226,0.14127
16154,28.828,39.025
16155,-9.9062,-90.743
16156,-55.901,34.105
16157,11.751,-36.555
16158,-66.456,19.425
16159,-53.674,-18.687
16160,7.5552,77.331
16161,28.874,40.598
16162,36.404,-19.063
16163,-24.948,15.298
16164,-26.728,16.978
16165,-36.813,38.607
16166,-57.853,-26.052
16167,27.614,-81.935
16168,4.0399,-15.597
16169,-13.844,-1.4867
16170,-46.988,-13.075
16171,-3.1519,26.412
16172,47.231,51.782
16173,75.58,-78.769
16174,69.374,40.432
16175,34.963,68.418
16176,-23.88,23.892
16177,-43.713,55.783
16178,-55.431,-14.115
16179,-97.679,26.461
16180,67.36,53.186
16181,33.453,40.776
16182,-25.692,-21.004
16183,-51.817,2.7551
16184,115.95,-16.648
16185,-33.199,17.904
16186,30.039,50.918
16187,-35.082,-60.079
16188,-104.4,17.049
16189,-99.669,5.5591
16190,-24.979,9.297
16191,37.48,80.235
16192,-50.562,-51.085
16193,-69.012,-62.296
16194,19.581,83.869
16195,79.189,-38.11
16196,-65.467,63.132
16197,-36.749,79.673
16198,-67.838,60.34
16199,-46.763,45.265
16200,9.7183,70.837
16201,-20.516,92.659
16202,-82.096,-28.571
16203,-16.69,-1.7462
16204,1.6984,44.242
16205,1.3962,-44.357
16206,-65.675,63.071
16207,-75.188,10.906
16208,-106.02,17.7
16209,-51.73,-16.094
16210,33.004,-49.541
16211,90.47,44.388
16212,14.169,-6.6985
16213,-61.588,28.038
16214,-41.693,54.635
16215,-33.106,30.777
16216,4.6842,21.209
16217,-6.2997,-9.4039
16218,-1.6356,37.306
16219,78.376,-30.419
16220,27.973,51.468
16221,-13.724,59.625
16222,-44.386,47.215
16223,-41.012,52.156
16224,-45.605,41.468
16225,-59.549,-15.386
16226,76.746,25.067
16227,32.063,42.252
16228,61.908,53.73
16229,-24.153,17.643
16230,-67.592,55.36
16231,-58.323,-18.901
16232,-58.914,-13.116
16233,-64.392,-33.441
16234,-66.997,-60.797
16235,23.794,92.33
16236,17.42,45.2
16237,73.631,-4.0148
16238,-47.57,53.084
16239,-39.867,33.355
16240,-23.47,18.143
16241,-43.565,56.174
16242,-48.7,14.042
16243,-62.433,50.175
16244,71.597,40.578
16245,19.596,48.98
16246,-24.087,79.069
16247,-28.16,49.609
16248,-55.133,62.152
16249,-13.431,75.04
16250,-35.932,45.312
16251,10.039,-35.111
16252,66.293,67.517
16253,99.107,-63.547
16254,-59.532,-39.781
16255,78.127,42.47
16256,61.533,42.531
16257,11.157,39.649
16258,-60.762,13.184
16259,37.696,35.648
16260,13.738,83.011
16261,-44.712,47.015
16262,-63.973,-27.223
16263,-47.862,43.569
16264,-62.973,-31.889
16265,-62.095,-30.867
16266,23.815,-88.2
16267,56.89,43.655
16268,46.706,-14.219
16269,-53.23,-60.025
16270,-60.516,-19.388
16271,65.316,8.9355
16272,26.253,26.381
16273,-16.041,52.54
16274,28.843,67.92
16275,-40.691,64.133
16276,-52.399,65.161
16277,-47.519,-14.575
16278,-37.952,31.621
16279,-50.548,13.432
16280,49.679,55.472
16281,-19.068,70.576
16282,-66.735,66.409
16283,-81.59,4.885
16284,-56.564,-28.952
16285,29.961,49.91
16286,7.9169,33.319
16287,17.087,-3.0423
16288,-55.339,-92.287
16289,66.014,87.603
16290,-1.2029,32.889
16291,-76.095,7.0367
16292,-31.953,39.63
16293,-47.835,14.101
16294,38.082,80.136
16295,14.077,-5.7977
16296,-53.971,-10.915
16297,-23.921,53.444
16298,36.762,85.564
16299,36.266,-78.05
16300,-37.912,43.185
16301,-35.549,40.255
16302,-59.593,-5.842
16303,60.173,57.63
16304,49.442,77.081
16305,-44.091,-1.8092
16306,-92.916,52.185
16307,61.898,14.913
16308,-67.487,-79.713
16309,-15.889,55.662
16310,-28.006,52.47
16311,13.918,-0.056334
16312,-7.1495,-4.5154
16313,28.11,37.18
16314,13.582,1.4593
16315,17.028,-39.782
16316,-55.692,-23.991
16317,9.5322,67.46
16318,-35.616,65.782
16319,36.46,47.624
16320,11.529,-13.961
16321,15.214,-5.4195
16322,-33.859,-2.7939
16323,-11.062,-78.064
16324,-20.826,16.85
16325,-23.212,18.139
16326,-35.78,-14.132
16327,-94.086,24.057
16328,18.923,35.75
16329,-7.2825,-73.443
16330,-68.5,55.79
16331,-65.834,62.758
16332,-60.807,-30.654
16333,-84.746,-24.207
16334,64.639,54.453
16335,-15.657,28.779
16336,-6.2758,29.711
16337,1.9354,-8.1809
16338,29.696,75.816
16339,40.981,85.281
16340,45.689,85.138
16341,37.368,80.57
16342,-89.462,-1.8877
16343,-49.844,77.587
16344,-28.196,58.402
16345,-69.239,51.872
16346,-57.631,-22.068
16347,-58.177,-22.201
16348,-6.1518,63.431
16349,47.728,51.61
16350,-59.65,-33.325
16351,-73.339,-59.949
16352,81.704,-39.057
16353,64.68,54.506
16354,40.181,76.845
16355,-55.003,46.324
16356,-52.924,-28.653
16357,27.2,45.846
16358,86.098,-13.7
16359,-15.898,-28.77
16360,-55.687,34.18
16361,-56.492,49.002
16362,53.317,36.668
16363,37.357,77.252
16364,32.131,-6.2136
16365,6.751,84.018
16366,-10.452,74.211
16367,-27.789,56.385
16368,-58.762,-38.403
16369,29.747,55.06
16370,56.849,-11.04
16371,-9.7154,99.678
16372,11.773,73.159
16373,-42.979,9.8393
16374,-75.563,17.781
16375,-26.72,21.996
16376,-35.272,32.092
16377,-52.001,27.732
16378,-75.449,33.258
16379,-8.2109,-65.568
16380,32.625,20.131
16381,-74.785,-21.524
16382,45.17,42.144
16383,-28.349,55.964
16384,-15.688,44.391
16385,-16.081,50.517
16386,55.362,56.922
16387,-81.822,-27.227
16388,-29.917,-5.9367
16389,-4.3832,-31.269
16390,-94.32,25.959
16391,47.33,78.598
16392,-42.805,34.461
16393,-26.861,16.986
16394,-85.779,23.517
16395,-87.28,22.048
16396,-60.894,-32.197
16397,8.7517,-1.8779
16398,-8.3083,-69.896
16399,-38.615,-83.437
16400,56.502,48.165
16401,69.577,47.885
16402,-80.495,-5.7249
16403,-68.999,28.975
16404,-89.956,27.016
16405,59.201,42.99
16406,-72.706,-58.906
16407,19.443,8.6524
16408,-74.117,-11.231
16409,-91.957,-5.0613
16410,-53.296,77.589
16411,13.714,46.922
16412,87.389,46.12
16413,-85.808,-25.564
16414,-75.8,-55.963
16415,50.128,53.301
16416,58.73,73.681
16417,8.8717,80.297
16418,15.898,-4.7887
16419,19.921,1.1101
16420,-63.41,8.4657
16421,42.314,82.374
16422,-43.535,47.537
16423,-57.403,-14.241
16424,-43.085,-9.1568
16425,7.2036,75.727
16426,32.906,85.069
16427,6.5527,-61.292
16428,-96.799,27.135
16429,22.568,96.15
16430,28.762,76.495
16431,64.824,56.924
16432,-24.603,-20.806
16433,-73.928,-53.262
16434,37.155,38.979
16435,-19.558,8.0671
16436,-58.257,72.15
16437,-63.547,-30.646
16438,-97.523,27.098
16439,18.971,-91.854
16440,9.0456,41.394
16441,-43.058,-3.7416
16442,10.106,41.509
16443,70.847,-3.5557
16444,-55.557,-12.009
16445,-44.327,20.555
16446,46.634,-42.288
16447,-61.876,22.759
16448,40.154,6.265
16449,-35.386,0.45273
16450,-51.965,4.2582
16451,-22.523,69.446
16452,-27.417,19.334
16453,-62.575,-28.886
16454,59.474,42.867
16455,-85.185,3.1316
16456,60.106,-16.738
16457,39.438,14.5
16458,-21.456,54.064
16459,-15.671,43.467
16460,-20.736,16.106
16461,-90.926,3.6206
16462,56.308,-80.654
16463,-17.279,12.339
16464,-66.617,35.764
16465,89.706,30.31
16466,-13.874,-2.0133
16467,7.0158,-15.421
16468,-2.7169,-35.409
16469,-54.801,-10.374
16470,-25.781,19.114
16471,9.1481,54.204
16472,-67.391,54.315
16473,-41.328,72.482
16474,-86.792,31.205
16475,-25.761,46.098
16476,-58.532,-28.779
16477,-57.625,-22.558
16478,63.006,49.881
16479,-29.316,-20.913
16480,-7.8482,-1.0018
16481,7.0302,23.951
16482,2.5728,95.337
16483,33.817,-11.623
16484,-40.645,33.875
16485,34.833,68.38
16486,-28.745,57.147
16487,-22.583,67.943
16488,-8.8974,92.304
16489,37.197,79.187
16490,65.075,61.446
16491,19.076,38.382
16492,34.437,41.434
16493,51.534,-63.503
16494,22.003,94.484
16495,-62.049,4.7842
16496,32.297,85.188
16497,-58.227,-13.398
16498,18.149,65.945
16499,-18.524,18.213
16500,-61.873,76.18
16501,61.361,35.096
16502,30.826,25.314
16503,55.046,35.383
16504,46.498,-0.58126
16505,-83.201,-7.0436
16506,-102.83,18.591
16507,-60.705,-17.651
16508,90.794,35.404
16509,-76.822,-23.42
16510,93.951,-62.621
16511,6.7982,85.588
16512,24.764,84.216
16513,-74.134,72.598
16514,-4.8135,31.187
16515,-19.125,49.283
16516,-25.415,9.7154
16517,-83.211,-25.933
16518,-21.987,82.333
16519,49.576,77.306
16520,-25.788,43.245
16521,-26.562,-33.589
16522,22.613,27.618
16523,-61.669,32.042
16524,-47.55,-24.455
16525,15.008,71.582
16526,65.67,68.115
16527,53.119,36.873
16528,-40.457,-23.407
16529,10.311,41.676
16530,61.072,53.227
16531,-31.843,36.835
16532,-47.881,66.565
16533,-60.619,-13.102
16534,-98.064,7.6852
16535,-51.481,-20.06
16536,-70.494,30.367
16537,-48.427,78.993
16538,38.845,87.62
16539,34.084,82.433
16540,-67.523,10.827
16541,-56.512,45.707
16542,-46.186,37.064
16543,18.951,-23.75
16544,-51.138,41.181
16545,-18.858,66.617
16546,-81.772,-14.068
16547,-55.391,0.24701
16548,-72.718,-16.921
16549,-87.937,24.69
16550,25.605,-94.762
16551,52.104,69.919
16552,57.918,43.597
16553,3.1431,79.543
16554,19.29,35.624
16555,-4.2138,93.244
16556,-55.397,82.512
16557,21.281,-42.635
16558,109.95,4.1442
16559,63.391,40.072
16560,20.782,50.729
16561,43.529,74.706
16562,-1.9956,37.682
16563,-102.1,28.257
16564,-25.404,9.3924
16565,-25.28,19.609
16566,-54.784,-8.6104
16567,41.381,87.748
16568,51.103,76.675
16569,-41.366,11.806
16570,62.876,55.873
16571,-1.2741,22.992
16572,37.034,38.349
16573,-64.752,27.799
16574,-16.007,44.401
16575,-56.165,45.037
16576,-59.741,-12.655
16577,12.8,-3.183
16578,17.253,-3.3101
16579,-1.1268,54.31
16580,31.314,-61.296
16581,71.74,48.543
16582,21.552,44.316
16583,-29.003,-61.493
16584,28.829,93.63
16585,-69.661,68.45
16586,-101.91,12.08
16587,5.4459,91.697
16588,-57.515,-24.705
16589,-85.122,-25.507
16590,10.516,-15.068
16591,47.548,39.014
16592,-9.3588,-30.848
16593,39.361,12.034
16594,-22.889,62.825
16595,-55.818,-34.924
16596,-46.221,80.682
16597,28.801,-56.741
16598,91.581,-59.802
16599,15.664,87.645
16600,-47.013,14.533
16601,-81.753,-13.942
16602,-22.235,43.093
16603,-51.426,-15.562
16604,20.835,-82.635
16605,17.679,-63.466
16606,25.545,-52.28
16607,1.1834,24.733
16608,-84.453,-24.936
16609,-29.513,10.631
16610,-95.95,53.546
16611,57.807,41.989
16612,-40.747,39.718
16613,29.521,48.688
16614,-16.667,82.952
16615,-19.845,70.798
16616,-54.871,2.5117
16617,-57.707,-33.309
16618,56.326,58.625
16619,50.462,77.856
16620,-34.94,-0.42535
16621,-19.541,18.67
16622,-55.219,36.21
16623,2.0948,14.245
16624,-24.635,14.695
16625,-13.378,57.001
16626,-72.148,-37.461
16627,57.774,43.82
16628,19.721,-6.1625
16629,17.685,76.017
16630,-18.402,72.724
16631,-26.182,17.5
16632,-46.731,44.378
16633,30.57,61.972
16634,12.264,-2.2486
16635,10.576,-3.4327
16636,-18.632,79.449
16637,-72.741,-15.119
16638,-13.309,94.873
16639,52.899,34.304
16640,33.086,-49.69
16641,-25.693,-61.617
16642,16.013,54.195
16643,-32.088,50.247
16644,55.7,-79.249
16645,-32.069,25.289
16646,-43.615,52.051
16647,42.543,50.768
16648,14.314,71.407
16649,45.1,56.587
16650,-15.286,94.309
16651,-62.105,-31.467
16652,-42.411,89.516
16653,57.923,41.065
16654,-19.991,69.217
16655,-84.812,-10.422
16656,-52.295,-54.128
16657,-46.664,-26.161
16658,12.518,54.117
16659,-14.339,87.892
16660,20.437,80.392
16661,-99.739,9.5004
16662,-82.314,-29.29
16663,-62.365,-30.074
16664,15.407,-0.50299
16665,21.673,-8.1388
16666,-3.9975,18.841
16667,22.414,24.584
16668,71.199,59.06
16669,-26.908,33.452
16670,-23.403,16.428
16671,-23.834,66.672
16672,-101.98,28.199
16673,-88.335,27.178
16674,-61.892,23.385
16675,-22.621,89.885
16676,-60.073,-8.3703
16677,98.71,47.495
16678,-78.348,-67.556
16679,29.326,74.186
16680,-44.644,56.235
16681,-49.447,65.075
16682,-55.396,-11.26
16683,-57.721,47.882
16684,4.8457,-14.051
16685,2.9797,-84.778
16686,-78.707,29.328
16687,-31.78,10.025
16688,3.0909,68.894
16689,-86.381,32.255
16690,-70.377,14.524
16691,-25.444,18.762
16692,37.903,-88.872
16693,54.021,39.435
16694,43.288,75.752
16695,54.959,57.558
16696,10.316,70.766
16697,-15.148,92.475
16698,2.6023,39.186
16699,-66.804,7.7953
16700,11.307,84.687
16701,-50.655,13.288
16702,-60.34,-9.0508
16703,-44.808,-7.3783
16704,-93.536,23.587
16705,30.333,17.066
16706,38.972,-70.569
16707,-31.195,71.26
16708,62.766,21.731
16709,22.705,54.355
16710,-72.254,8.3409
16711,-91.349,5.3824
16712,-35.002,95.51
16713,-41.071,10.444
16714,-57.631,55.511
16715,0.19319,69.084
16716,71.849,49.363
16717,0.40794,96.622
16718,-42.069,20.252
16719,68.733,62.821
16720,-55.185,-12.982
16721,103.4,-54.654
16722,-79.315,-7.1727
16723,36.427,-56.543
16724,-16.615,55.902
16725,-85.35,-24.986
16726,-33.119,32.939
16727,-20.208,92.025
16728,10.424,30.932
16729,-70.634,12.566
16730,-107.36,-11.978
16731,7.8203,85.454
16732,38.281,47.717
16733,33.082,22.741
16734,-44.213,8.6424
16735,35.567,-63.874
16736,48.742,43.624
16737,-32.468,21.509
16738,13.288,1.4536
16739,-19.147,55.3
16740,-84.197,-0.81508
16741,-44.111,47.413
16742,-33.87,45.917
16743,-53.241,-24.26
16744,32.082,25.696
16745,-85.112,-25.275
16746,17.917,38.713
16747,59.023,51.143
16748,-69.672,-2.4942
16749,-58.159,53.86
16750,4.0515,95.449
16751,-23.853,69.069
16752,-64.844,-30.183
16753,-61.647,-17.967
16754,70.84,41.695
16755,-27.161,86.884
16756,9.6337,69.944
16757,-9.4296,-76.05
16758,-21.494,9.4217
16759,37.344,37.87
16760,-2.2169,84.181
16761,8.7624,-5.6461
16762,28.892,76.079
16763,47.012,83.904
16764,-4.2133,-37.325
16765,-44.923,-39.549
16766,-0.64671,30.938
16767,-10.899,75.281
16768,-60.134,-9.4848
16769,17.125,56.242
16770,-17.966,18.207
16771,-6.0667,99.925
16772,-35.102,95.341
16773,-32.457,25.143
16774,-58.775,-13.592
16775,-60.301,-27.853
16776,38.824,-50.985
16777,44.063,29.426
16778,48.033,76.942
16779,-62.028,21.516
16780,-64.128,58.857
16781,-84.062,20.522
16782,-53.594,-22.269
16783,-35.504,42.04
16784,40.018,77.851
16785,4.3594,57.693
16786,28.931,39.344
16787,-58.4,76.372
16788,17.723,76.569
16789,-65.275,-33.316
16790,17.227,77.192
16791,69.464,67.716
16792,13.851,51.64
16793,-28.767,86.402
16794,26.24,-1.0988
16795,-60.221,-27.905
16796,55.497,41.619
16797,28.064,75.965
16798,-58.27,67.434
16799,28.942,39.293
16800,-84.834,26.152
16801,64.935,57.743
16802,14.319,-12.922
16803,-34.225,26.395
16804,-12.745,68.87
16805,-30.053,54.331
16806,-55.472,65.134
16807,-23.618,17.611
16808,32.84,-77.807
16809,17.212,-61.158
16810,-87.655,28.591
16811,25.123,97.07
16812,-57.306,-6.9095
16813,-58.629,-11.183
16814,36.992,50.673
16815,-45.044,-5.9163
16816,-28.637,-21.53
16817,3.0211,31.7
16818,20.585,23.721
16819,9.0767,67.323
16820,-57.758,29.329
16821,35.539,-18.892
16822,-12.972,44.25
16823,24.832,72.045
16824,4.9457,21.135
16825,9.3471,40.889
16826,-29.305,93.41
16827,31.625,75
16828,8.1533,86.181
16829,-21.2,-78.762
16830,-67.906,28.891
16831,-20.88,16.24
16832,-16.858,11.164
16833,-67.627,-58.494
16834,-53.917,-33.301
16835,3.2756,84.544
16836,-46.055,46.607
16837,-25.041,23.552
16838,-44.902,-39.596
16839,-75.134,-57.013
16840,-3.6312,31.383
16841,-2.4321,-29.435
16842,-89.599,-2.1329
16843,-25.517,21.02
16844,-59.461,48.618
16845,-58.967,-13.617
16846,21.759,25.617
16847,19.11,-36.442
16848,-53.107,74.085
16849,-46.054,-31.669
16850,-50.898,77.938
16851,-58.518,-34.104
16852,6.6217,84.688
16853,15.735,85.495
16854,31.039,-23.467
16855,-29.117,-76.198
16856,-24.812,23.637
16857,-19.224,15.342
16858,-61.666,50.824
16859,-31.58,43.362
16860,-58.363,-11.364
16861,-59.39,-7.9981
16862,13.803,54.128
16863,-29.384,90.816
16864,-69.679,68.083
16865,-18.213,52.922
16866,-24.911,20.867
16867,-85.067,21.377
16868,14.345,1.6185
16869,56.157,49.064
16870,-70.483,6.9582
16871,-70.57,14.163
16872,-85.479,-1.1233
16873,-50.973,52.623
16874,-25.193,23.42
16875,-62.641,-30.191
16876,38.84,91.809
16877,-27.888,-18.318
16878,35.849,64.249
16879,6.1397,49.092
16880,-50.825,-39.184
16881,45.86,-2.8571
16882,38.107,39.517
16883,14.587,-12.874
16884,32.23,25.911
16885,116.07,-16.777
16886,50.676,40.293
16887,7.2211,56.779
16888,-49.486,67.342
16889,72.694,50.718
16890,-19.337,70.527
16891,-29.828,49.273
16892,-23.253,15.303
16893,17.925,39.255
16894,41.635,86.057
16895,9.4266,-2.3811
16896,21.126,-82.204
16897,-58.065,31.38
16898,-11.096,99.127
16899,-60.658,30.306
16900,-59.237,-30.884
16901,21.172,-46.691
16902,39.342,68.896
16903,-7.0323,21.611
16904,14.38,-12.182
16905,-83.11,18.702
16906,36.314,-17.936
16907,-58.504,-9.5601
16908,22.013,74.183
16909,-58.478,-78.28
16910,32.094,-70.126
16911,-10.179,-70.448
16912,-15.317,12.224
16913,64.752,51.634
16914,12.898,51.426
16915,-15.108,-21.692
16916,-35.058,44.865
16917,-81.83,23.419
16918,-27.251,18.881
16919,-52.073,12.754
16920,-101.26,26.445
16921,36.166,25.799
16922,28.702,-56.205
16923,-22.296,-86.878
16924,-25.359,75.395
16925,-28.88,53.346
16926,-61.043,-30.962
16927,-38.869,73.651
16928,-72.367,51.56
16929,18.404,-96.607
16930,-19.229,-79.345
16931,-34.418,69.616
16932,86.397,44.156
16933,85.957,-1.1639
16934,-8.4303,30.416
16935,-42.311,22.404
16936,-53.717,-21.316
16937,-45.311,61.868
16938,-60.199,-28.317
16939,14.861,-13.184
16940,39.022,4.8261
16941,-18.387,68.887
16942,49.908,80.903
16943,-29.915,91.069
16944,-27.57,19.345
16945,-19.567,18.57
16946,22.201,-91.666
16947,-64.881,-76.247
16948,32.548,-68.425
16949,-18.607,-82.457
16950,-10.02,65.515
16951,-22.843,23.162
16952,-42.009,28.781
16953,-97.444,26.509
16954,-56.198,-22.5
16955,6.5144,62.448
16956,64.351,88.116
16957,22.73,-95.332
16958,-23.956,-37.111
16959,-11.543,-66.549
16960,-28.51,56.076
16961,-87.779,28.012
16962,-25.64,21.262
16963,-5.6324,76.207
16964,-26.759,19.99
16965,-56.544,-8.4468
16966,41.257,-47.717
16967,-2.2802,-52.651
16968,-81.148,-31.562
16969,66.638,25.706
16970,-14.308,65.347
16971,-60.983,-73.466
16972,-44.973,85.892
16973,-119.56,14.97
16974,61.537,57.329
16975,-19.169,76.2
16976,-24.711,15.574
16977,-50.349,-17.746
16978,17.527,-7.5431
16979,-39.425,46.853
16980,13.098,1.3106
16981,37.593,15.985
16982,-58.778,-13.33
16983,-58.955,48.429
16984,-26.282,38.528
16985,17.457,58.639
16986,45.283,56.665
16987,53.281,36.55
16988,53.409,53.889
16989,-58.567,1.3243
16990,45.895,-23.344
16991,-41.682,63.959
16992,15.949,-67.273
16993,6.905,-11.582
16994,60.662,58.318
16995,2.3806,29.761
16996,-58.379,16.382
16997,-63.455,22.98
16998,-50.309,14.406
16999,-58.319,-17.105
17000,-44.335,55.11
17001,-60.142,57.766
17002,-51.255,43.303
17003,6.0041,-44.692
17004,0.2337,48.404
17005,-37.843,64.055
17006,6.3821,1.5936
17007,-36.516,46.286
17008,-36.425,32.026
17009,10.657,-41.703
17010,-36.678,31.512
17011,-30.715,43.457
17012,-88.596,30.255
17013,22.278,-35.919
17014,5.1985,71.413
17015,0.035698,29.144
17016,1.1056,90.983
17017,8.9455,74.429
17018,62.856,52.707
17019,6.603,98.225
17020,48.951,41.346
17021,-54.974,74.588
17022,-60.484,35.896
17023,-71.67,51.495
17024,-91.257,5.3412
17025,-13.586,73.121
17026,-17.988,-86.645
17027,4.4547,0.070422
17028,-67.561,-81.236
17029,-78.636,-67.993
17030,10.195,50.298
17031,30.1,77.121
17032,-12.684,98.877
17033,42.992,88.042
17034,-21.366,93.423
17035,3.1938,18.627
17036,30.261,40.959
17037,69.543,-48.849
17038,-40.658,39.88
17039,55.006,-17.187
17040,-30.894,83.722
17041,-74.266,52.059
17042,63.432,54.415
17043,-10.968,-6.3915
17044,3.4722,36.416
17045,-5.1019,52.069
17046,62.687,44.593
17047,30.007,79.333
17048,29.474,39.188
17049,-2.8241,52.975
17050,-45.073,38.461
17051,-42.853,-21.957
17052,0.67704,65.047
17053,11.154,-10.431
17054,-28.454,-42.482
17055,82.844,-49.017
17056,-16.446,11.377
17057,-16.589,12.375
17058,-13.267,45.9
17059,-58.41,-24.628
17060,-47.451,61.407
17061,-63.717,-30.261
17062,-15.315,-53.923
17063,35.596,14.158
17064,-25.167,15.906
17065,-60.153,47.996
17066,19.651,42.919
17067,67.107,-48.614
17068,-48.158,7.6783
17069,-70.68,50.569
17070,-85.798,24.67
17071,-37.564,27.889
17072,10.138,-13.941
17073,-65.23,-84.593
17074,115.86,-16.757
17075,-58.737,24.437
17076,-71.068,23.348
17077,-67.045,72.939
17078,68.968,51.924
17079,-16.744,11.16
17080,4.6796,71.129
17081,-18.872,15.085
17082,-18.595,13.369
17083,-66.849,66.495
17084,-20.831,85.441
17085,32.142,50.604
17086,58.89,73.763
17087,9.5094,-20.909
17088,57.67,-82.955
17089,-25.122,18.924
17090,65.914,46.552
17091,1.8323,102.12
17092,-29.524,56.918
17093,-62.287,32.928
17094,-27.328,18.582
17095,64.26,66.633
17096,35.418,7.6866
17097,74.094,54.541
17098,16.913,59.271
17099,13.686,47.342
17100,-29.324,57.302
17101,-50.181,15.147
17102,-41.529,37.527
17103,-59.46,-29.942
17104,16.204,31.98
17105,14.835,71.333
17106,-13.296,97.516
17107,56.637,73.743
17108,61.049,-9.9156
17109,-13.821,-42.032
17110,-24.469,80.79
17111,-35.782,42.148
17112,-47.048,34.918
17113,9.8825,83.393
17114,51.426,75.369
17115,33.649,39.607
17116,-99.488,4.957
17117,-43.832,47.631
17118,-76.351,-12.264
17119,-96.912,27.066
17120,37.303,-70.461
17121,-26.362,17.391
17122,-6.6988,53.565
17123,70.331,-35.694
17124,59.624,-25.492
17125,-8.6067,-70.724
17126,-75.785,-65.453
17127,68.984,52.766
17128,41.889,86.172
17129,9.6644,78.66
17130,-69.52,66.321
17131,11.05,74.443
17132,42.338,51.349
17133,-54.288,70.525
17134,-57.467,49.642
17135,-47.19,-17.261
17136,-31.881,39.256
17137,-64.013,-29.267
17138,-33.345,-33.367
17139,-44.45,54.477
17140,115.93,-16.658
17141,-67.975,-50.923
17142,-77.318,-58.443
17143,51.439,78.719
17144,-16.158,-28.074
17145,24.034,23.469
17146,-19.278,-41.722
17147,-52.041,-19.62
17148,-50.622,-31.248
17149,24.699,21.679
17150,-32.757,10.651
17151,-10.58,-37.112
17152,-68.68,-24.195
17153,-51.136,64.965
17154,-60.46,-22.845
17155,32.32,63.492
17156,-5.7397,40.366
17157,-48.322,13.658
17158,-14.379,62.414
17159,-55.44,-15.251
17160,-49.891,-34.321
17161,-27.874,38.183
17162,3.5442,-13.266
17163,19.679,-6.12
17164,-57.424,-89.891
17165,-23.39,16.679
17166,-78.603,59.984
17167,-28.59,-95.959
17168,-46.859,69.401
17169,-69.678,14.108
17170,-31.834,26.324
17171,104.62,-55.537
17172,17.888,50.933
17173,-41.432,12.212
17174,48.064,-5.9595
17175,41.785,71.146
17176,-50.348,42.223
17177,13.869,-48.471
17178,-18.708,48.621
17179,24.596,66.967
17180,-24.582,15.663
17181,-44.15,89.442
17182,-44.16,8.6355
17183,-28.015,-19.008
17184,60.332,50.574
17185,-51.451,52.384
17186,45.005,38.06
17187,46.524,56.139
17188,-39.338,30.222
17189,-49.926,22.835
17190,50.791,55.026
17191,-22.525,70.083
17192,25.284,-84.292
17193,32.058,42.848
17194,25.832,92.772
17195,60.265,12.487
17196,-33.339,-6.1525
17197,83.922,46.572
17198,78.564,-0.076661
17199,-71.369,62.202
17200,-59.561,-29.652
17201,-13.987,46.113
17202,-4.4103,-34.048
17203,-1.2226,75.794
17204,47.364,75.495
17205,-20.254,16.734
17206,-55.126,45.669
17207,-60.792,44.222
17208,-50.657,-13.874
17209,-58.85,47.324
17210,-52.084,12.757
17211,-45.996,42.152
17212,-21.698,-10.29
17213,13.14,-10.717
17214,58.272,61.983
17215,-64.45,8.8934
17216,-68.106,20.575
17217,-24.094,20.388
17218,-2.1824,52.226
17219,-59.123,34.052
17220,0.53788,68.507
17221,-52.106,-38.367
17222,-28.988,-22.159
17223,-54.02,21.174
17224,24.649,95.238
17225,-13.675,101.04
17226,48.784,-60.047
17227,65.048,68.131
17228,29.219,42.126
17229,-19.103,52.088
17230,-70.168,7.744
17231,29.191,-57.004
17232,-38.191,22.342
17233,26.499,-94.816
17234,-11.457,-66.052
17235,-11.746,42.101
17236,-20.039,69.221
17237,28.765,77.998
17238,12.093,-47.086
17239,-10.793,-29.848
17240,-21.047,77.349
17241,-51.866,13.206
17242,-23.903,23.836
17243,-59.319,-7.95
17244,-46.173,2.9478
17245,-17.208,8.6706
17246,31.56,42.751
17247,-59.713,15.987
17248,46.142,81.086
17249,-47.051,60.201
17250,-23.666,77.575
17251,20.748,-36.654
17252,43.813,76.787
17253,-57.644,49.541
17254,-62.017,-18.765
17255,-30.411,44.72
17256,-60.523,-6.8026
17257,-68.878,51.467
17258,-27.247,86.925
17259,-29.835,88.335
17260,27.941,76.592
17261,-59.616,-1.1573
17262,-3.7325,-15.455
17263,-22.359,79.856
17264,-51.111,13.551
17265,-59.764,-12.034
17266,-38.796,22.181
17267,20.928,84.908
17268,59.733,42.294
17269,-73.191,62.944
17270,-24.153,70.436
17271,-29.259,51.544
17272,-48.749,31.359
17273,30.002,-49.359
17274,-3.5889,18.482
17275,-15.977,-79.672
17276,-42.884,-23.095
17277,0.59618,100.62
17278,-12.449,66.843
17279,-12.975,95.902
17280,34.321,90.519
17281,-64.555,21.091
17282,-69.195,20.667
17283,-56.594,45.22
17284,-25.907,18.226
17285,-27.705,18.045
17286,55.215,41.676
17287,40.666,71.901
17288,-53.112,79.366
17289,-26.067,-21.014
17290,-15.38,12.386
17291,28.34,42.327
17292,-32.564,90.272
17293,55.562,55.041
17294,-24.825,12.447
17295,-47.588,14.704
17296,-28.032,15.658
17297,20.9,-54.157
17298,11.379,45.002
17299,-73.792,15.312
17300,-51.691,64.79
17301,13.501,-2.592
17302,-57.438,42.78
17303,-43.609,-18.086
17304,19.891,22.524
17305,53.628,78.595
17306,-65.73,69.1
17307,20.285,-32.964
17308,66.115,58.038
17309,-17.963,67.448
17310,-18.493,52.679
17311,-16.204,53.768
17312,-57.949,44.158
17313,-60.826,58.365
17314,-47.923,13.697
17315,-0.9042,102.54
17316,44.063,71.899
17317,-55.243,36.415
17318,-68.178,28.418
17319,-68.868,51.464
17320,-54.34,-21.185
17321,-58.185,-27.896
17322,38.008,82.628
17323,50.728,54.584
17324,30.585,77.216
17325,-27.576,53.296
17326,-91.894,24.463
17327,-27.667,87.896
17328,-23.153,-109.85
17329,56.148,74.875
17330,-27.396,19.082
17331,-56.802,-22.599
17332,40.887,74.594
17333,29.025,39.265
17334,-38.122,-83.445
17335,22.343,41.788
17336,-70.829,7.1953
17337,-28.897,57.33
17338,-60.494,43.903
17339,-71.316,36.794
17340,-31.708,-11.36
17341,26.315,-81.554
17342,67.232,-29.595
17343,-5.8172,100.69
17344,-30.208,0.89262
17345,37.379,87.102
17346,11.03,1.2893
17347,-90.31,-3.2196
17348,-62.616,32.051
17349,-29.438,51.999
17350,45.33,60.923
17351,-86.626,31.219
17352,-13.587,-87.333
17353,-59.2,-7.4861
17354,-62.515,-32.38
17355,-49.728,-12.759
17356,-93.115,23.187
17357,92.119,-67.139
17358,43.751,61.452
17359,53.537,79.242
17360,29.924,97.161
17361,32.233,-90.672
17362,-57.941,-15.379
17363,-34.113,46.078
17364,-87.736,24.805
17365,-50.345,23.051
17366,-23.21,23.591
17367,-68.561,-37.275
17368,-54.331,-8.608
17369,49.614,-71.89
17370,8.5121,69.935
17371,-63.526,78.338
17372,-22.494,35.36
17373,-16.741,11.325
17374,42.025,71.091
17375,54.393,60.412
17376,58.401,50.869
17377,28.394,36.659
17378,-57.887,31.479
17379,-14.582,51.491
17380,-27.246,18.908
17381,-71.425,62.163
17382,-67.239,31.301
17383,-48.669,20.7
17384,-46.182,-18.814
17385,-46.207,40.149
17386,21.987,-78.932
17387,-16.234,95.247
17388,72.524,49.935
17389,3.3724,13.862
17390,-80.215,-23.141
17391,-1.8764,-52.555
17392,69.277,67.056
17393,15.226,-10.875
17394,17.183,84.175
17395,24.002,49.494
17396,-58.165,-16.752
17397,-59.345,-25.982
17398,-28.118,-18.931
17399,46.141,73.383
17400,40.517,72.609
17401,17.749,-23.584
17402,-73.719,10.452
17403,-51.715,42.342
17404,31.529,4.0687
17405,-1.9465,52.427
17406,39.862,37.189
17407,-14.287,81.123
17408,-14.482,-25.302
17409,-45.51,83.237
17410,19.108,-86.832
17411,38.107,27.548
17412,-19.838,88.691
17413,47.805,77.326
17414,-15.951,-24.175
17415,-61.411,4.2211
17416,-79.276,-51.82
17417,-60.484,-12.573
17418,-57.733,44.151
17419,-59.252,45.744
17420,-45.914,-30.203
17421,18.74,-78.23
17422,8.0185,56.779
17423,-58.045,49.724
17424,-73.058,60.152
17425,-26.37,19.863
17426,-46.193,45.496
17427,-1.9361,52.532
17428,23.76,97.387
17429,61.964,57.409
17430,-51.137,-20.135
17431,-72.324,-29.438
17432,-63.038,47.43
17433,-67.465,-5.0843
17434,-13.648,-78.314
17435,-27.452,91.652
17436,-97.882,1.8818
17437,15.399,85.747
17438,40.347,23.509
17439,-60.408,25.152
17440,-4.636,-34.764
17441,-23.294,6.6028
17442,-43.596,47.091
17443,-24.717,46.223
17444,-34.353,50.981
17445,-57.597,44.604
17446,-15.089,-66.223
17447,-63.126,-64.258
17448,13.483,83.055
17449,15.389,59.99
17450,-55.764,34.299
17451,-29.548,49.308
17452,-61.658,-17.399
17453,-25.981,56.862
17454,-52.878,34.891
17455,-12.694,43.022
17456,-85.58,-24.638
17457,-50.119,-16.774
17458,-16.226,25.558
17459,-12.567,-0.39824
17460,100.78,-59.042
17461,-78.984,-52.983
17462,33.565,24.791
17463,14.597,73.723
17464,44.542,87.962
17465,38.375,80.296
17466,-29.971,88.022
17467,-18.834,67.889
17468,-5.7159,85.861
17469,-24.562,77.559
17470,-50.179,67.64
17471,-28.943,-77.388
17472,-10.547,65.945
17473,-17.545,67.005
17474,35.506,-61.038
17475,50.788,73.319
17476,56.276,49.919
17477,-48.306,19.839
17478,48.802,52.236
17479,-3.0574,-53.787
17480,-44.656,37.041
17481,-51.453,-23.86
17482,10.809,69.725
17483,11.536,-11.277
17484,35.33,10.409
17485,32.62,90.544
17486,41.919,71.045
17487,40.019,55.001
17488,-50.268,15.179
17489,-42.263,53.533
17490,-26.138,38.776
17491,-15.543,56.609
17492,21.809,-76.917
17493,74.63,53.281
17494,-47.929,48.593
17495,-61.286,76.555
17496,24.406,-38.459
17497,-35.422,69.303
17498,29.425,-42.168
17499,-59.515,53.846
17500,-58.659,44.723
17501,-44.174,18.717
17502,-46.601,35.687
17503,12.403,8.9593
17504,4.5805,85.498
17505,35.487,85.139
17506,-48.519,20.669
17507,-70.74,63.006
17508,-102.12,23.522
17509,-26.926,19.928
17510,-22.355,16.189
17511,-25.126,19.184
17512,-82.288,-21.549
17513,-58.752,1.0736
17514,-67.146,19.303
17515,29.301,52.953
17516,-27.52,19.598
17517,-18.651,13.053
17518,-58.29,46.851
17519,-57.594,-14.318
17520,-65.79,55.122
17521,35.826,-64.602
17522,92.246,-66.918
17523,6.6866,53.728
17524,36.557,40.611
17525,-88.201,43.539
17526,-67.321,-15.639
17527,-54.78,-30.241
17528,-54.351,-10.93
17529,-46.162,45.568
17530,27.142,-79.751
17531,-14.938,74.287
17532,36.62,35.435
17533,-49.182,14.034
17534,-45.349,55.228
17535,-1.1936,-59.548
17536,28.274,-84.29
17537,-31.72,36.658
17538,17.512,58.882
17539,-2.4648,84.901
17540,72.763,53.25
17541,30.651,6.5268
17542,6.5147,78.364
17543,0.32851,69.443
17544,67.28,39.002
17545,-49.895,65.01
17546,27.026,55.029
17547,-24.918,15.606
17548,-59.879,54.931
17549,-59.747,-17.161
17550,79.344,50.146
17551,-34.739,15.886
17552,59.068,75.006
17553,-16.729,87.549
17554,-34.18,70.357
17555,-77.054,-54.755
17556,-45.951,41.765
17557,-52.153,-23.442
17558,-29.602,48.685
17559,-76.36,33.048
17560,14.934,55.815
17561,63.846,65.444
17562,-40.927,86.164
17563,-23.793,31.961
17564,-13.098,97.877
17565,83.84,39.803
17566,-24.553,21.321
17567,-96.944,25.046
17568,-49.053,23.05
17569,-33.505,44.476
17570,-49.527,31.631
17571,40.152,25.434
17572,10.563,85.211
17573,21.78,88.276
17574,-72.666,58.886
17575,17.563,75.801
17576,-9.4988,63.312
17577,34.718,68.291
17578,-8.3324,73.931
17579,-50.274,15.282
17580,21.242,-53.911
17581,13.539,-10.687
17582,12.804,60.716
17583,55.785,24
17584,58.76,75.964
17585,25.668,97.157
17586,-45.35,68.544
17587,-36.09,40.022
17588,-38.747,83.846
17589,-41.878,51.241
17590,-21.586,54.979
17591,-36.059,35.466
17592,67.137,54.234
17593,85.451,39.895
17594,6.1654,-74.792
17595,-68.562,-24.3
17596,24.545,71.745
17597,-51.024,13.209
17598,-29.65,62.492
17599,-57.99,43.115
17600,-27.472,7.8008
17601,-65.066,62.564
17602,29.232,76.659
17603,74.352,47.758
17604,47.346,75.099
17605,12.359,96.557
17606,83.974,-1.6348
17607,-67.801,6.3186
17608,-59.273,1.8226
17609,70.433,-37.864
17610,-55.425,49.663
17611,65.614,67.368
17612,-27.525,55.206
17613,-47.051,-33.015
17614,-18.356,13.547
17615,-29.417,51.646
17616,-53.041,-10.284
17617,27.701,-81.279
17618,-103.41,17.162
17619,-52.889,79.548
17620,-34.932,42.39
17621,-43.507,55.937
17622,-56.044,-11.691
17623,-12.185,-42.997
17624,-14.899,-74.408
17625,32.97,92.444
17626,82.413,47.029
17627,-50.718,-50.408
17628,-71.59,51.861
17629,-26.773,16.94
17630,-24.799,14.549
17631,-59.919,-27.953
17632,-59.572,-25.095
17633,28.372,43.966
17634,51.371,-64.235
17635,-60.03,2.0316
17636,-24.068,18.036
17637,-48.493,54.037
17638,-55.74,-17.968
17639,-53.749,-19.006
17640,15.263,60.04
17641,14.018,55.299
17642,-28.684,-94.826
17643,-24.227,13.846
17644,-62.721,31.948
17645,-42.34,39.503
17646,-50.414,-14.54
17647,-30.842,-1.5119
17648,-44.916,-2.5252
17649,-33.672,-11.625
17650,100.97,-58.97
17651,12.695,51.658
17652,-38.569,76.772
17653,-25.337,20.266
17654,-18.553,13.092
17655,-28.753,35.521
17656,-7.4853,34.452
17657,24.929,44.742
17658,51.311,72.529
17659,-24.08,93.12
17660,-72.07,52.937
17661,-36.74,28.144
17662,30.353,-91.705
17663,63.228,-67.212
17664,-4.3774,75.32
17665,-19.197,17.442
17666,30.159,41.201
17667,-25.036,81.297
17668,-36.411,79.339
17669,20.063,-77.575
17670,-38.664,-83.699
17671,34.511,94.248
17672,-30.734,72.552
17673,-61.877,51.025
17674,-28.294,57.376
17675,8.2897,86.95
17676,-73.045,-59.37
17677,8.8158,83.732
17678,60.113,50.404
17679,-88.207,42.837
17680,-35.912,35.54
17681,-50.19,46.38
17682,-60.611,-10.952
17683,23.157,-81.38
17684,-3.4505,67.848
17685,-4.9049,-56.32
17686,-24.646,83.854
17687,-24.637,19.973
17688,-23.267,15.839
17689,49.427,76.433
17690,-59.847,-40.517
17691,42.325,55.884
17692,58.009,50.128
17693,51.996,70.878
17694,44.638,82.153
17695,-23.624,89.807
17696,-65.724,16.434
17697,-47.375,29.208
17698,-40.587,39.98
17699,-59.787,-11.461
17700,-27.207,36.826
17701,5.4094,53.537
17702,-1.4812,-60.081
17703,-41.087,1.7115
17704,-21.788,-71.569
17705,-58.58,-29.843
17706,12.659,83.98
17707,-63.073,63.798
17708,-29.809,95.699
17709,82.488,27.38
17710,-11.943,66.404
17711,41.231,-77.043
17712,-29.928,49.501
17713,-7.1524,80.747
17714,-66.754,-22.197
17715,88.384,-43.936
17716,-33.024,-30.076
17717,-17.922,66.591
17718,27.471,38.967
17719,-1.2416,91.896
17720,-72.09,10.482
17721,-51.001,-13.745
17722,-58.434,-18.957
17723,-6.6935,85.596
17724,-62.33,-31.465
17725,-63.533,-83.998
17726,-63.577,-1.0576
17727,-43.889,20.905
17728,-43.573,85.628
17729,9.7423,95.109
17730,-55.793,-83.156
17731,-59.25,-12.028
17732,-33.779,51.95
17733,-47.332,61.353
17734,-59.725,49.341
17735,-56.403,-22.339
17736,-39.818,34.757
17737,-53.9,-25.061
17738,10.617,-3.2485
17739,-57.913,-16.443
17740,-39.967,82.196
17741,-26.623,21.831
17742,7.7979,78.861
17743,-38.132,80.604
17744,-75.243,55.447
17745,-74.186,-21.893
17746,-94.82,3.7444
17747,-51.305,13.639
17748,30.185,-86.235
17749,-55.992,-24.004
17750,-69.048,54.952
17751,-40.904,34.279
17752,-58.688,-30.714
17753,-63.421,50.889
17754,-24.099,69.775
17755,58.636,72.565
17756,-64.89,-72.277
17757,-77.59,2.3945
17758,-5.9443,85.064
17759,-58.612,76.655
17760,-37.366,68.953
17761,94.584,-62.345
17762,-17.122,72.85
17763,-59.769,-8.3661
17764,-68.329,55.572
17765,12.017,36.893
17766,-39.381,-83.661
17767,-16.104,25.723
17768,-58.279,30.7
17769,-62.572,32.113
17770,-24.155,16.467
17771,-33.646,23.432
17772,-59.312,-7.4082
17773,-46.609,45.508
17774,-50.112,-15.768
17775,-40.23,82.352
17776,56.095,49.798
17777,-23.287,-105.58
17778,31.744,37.504
17779,24.969,88.33
17780,-61.514,62.939
17781,34.99,68.668
17782,15.377,85.863
17783,6.8969,-8.7083
17784,-70.322,-15.766
17785,-27.38,18.513
17786,-62.928,46.999
17787,-51.334,-28.486
17788,-84.082,-27.627
17789,-54.569,-9.1697
17790,-49.219,-34.203
17791,53.152,72.344
17792,-68.349,31.228
17793,-8.6694,-3.8503
17794,-6.0161,-69.621
17795,65.965,49.889
17796,84.361,-20.656
17797,-24.01,-84.015
17798,-47.376,-16.885
17799,-23.88,80.931
17800,-58.429,49.739
17801,-46.196,-22.74
17802,54.121,72.209
17803,66.639,-12.524
17804,-29.482,49.91
17805,58.405,-80.47
17806,32.602,90.266
17807,-23.937,15.892
17808,-66.509,67.598
17809,-30.833,44.048
17810,-86.106,-22.566
17811,-59.595,-6.0328
17812,62.429,71.435
17813,18.44,36.913
17814,30.952,50.008
17815,8.9133,57.731
17816,-13.086,53.868
17817,-44.862,43.381
17818,-34.305,85.935
17819,-57.144,29.415
17820,-60.765,-28.422
17821,-88.688,-22.396
17822,-59.15,55.473
17823,-51.819,23.843
17824,-7.6899,95.933
17825,7.4201,58.653
17826,4.422,83.243
17827,-1.5528,84.463
17828,-49.994,85.516
17829,-58.882,44.876
17830,-58.844,48.293
17831,56.133,74.798
17832,-5.0506,101.04
17833,-37.35,52.38
17834,19.713,-45.973
17835,21.373,-5.5894
17836,41.513,24.029
17837,-21.01,20.682
17838,15.122,59.715
17839,8.4652,87.098
17840,52.348,24.332
17841,30.202,13.74
17842,-11.132,-79.121
17843,-7.0733,0.22332
17844,94.697,-62.199
17845,-3.3579,82.078
17846,11.966,68.487
17847,-11.532,67.837
17848,-0.61737,53.943
17849,0.40552,-52.011
17850,-50.596,13.323
17851,-90.685,27.69
17852,-59.63,-6.1794
17853,49.617,-33.632
17854,39.586,36.008
17855,63.673,52.579
17856,17.407,47.942
17857,31.217,75.292
17858,-46.571,42.292
17859,-46.758,-24.745
17860,-61.532,-20.211
17861,-57.233,-23.376
17862,-26.631,48.773
17863,-24.543,80.695
17864,-56.641,55.507
17865,-9.7663,77.85
17866,-62.829,32.129
17867,-103.41,18.765
17868,63.442,48.727
17869,38.084,73.923
17870,52.733,49.089
17871,-5.0139,-30.316
17872,-69.148,55.035
17873,-54.28,-18.412
17874,-39.696,29.282
17875,37.458,74.811
17876,27.24,38.282
17877,15.285,92.746
17878,-60.5,-65.483
17879,-19.119,16.953
17880,-61.724,31.005
17881,-51.735,12.853
17882,-64.19,58.802
17883,38.018,40.6
17884,115.89,-16.667
17885,100.61,-59.146
17886,8.4591,88.004
17887,18.271,53.752
17888,43.805,82.712
17889,42.541,72.307
17890,20.498,80.375
17891,-106.08,17.694
17892,-51.753,65.105
17893,-63.469,-34.944
17894,-59.507,-24.644
17895,-46.989,-32.645
17896,-40.773,47.882
17897,-20.573,18.346
17898,-65.847,72.419
17899,10.62,-73.286
17900,-18.832,75.491
17901,23.511,4.2666
17902,-4.8531,-74.955
17903,-50.868,13.501
17904,-68.38,54.99
17905,-13.904,-54.732
17906,18.127,-80.197
17907,3.9579,-1.0371
17908,-32.394,-51.976
17909,-56.805,-75.724
17910,-53.443,24.213
17911,-88.612,22.419
17912,-67.955,67.528
17913,-47.693,63.667
17914,-80.481,-30.494
17915,-18.189,52.945
17916,107.41,-52.525
17917,-31.911,38.925
17918,-50.771,13.516
17919,-103.74,16.976
17920,-93.346,23.466
17921,-23.412,42.339
17922,16.009,-1.0792
17923,-17.773,14.224
17924,0.3229,87.728
17925,-12.739,68.143
17926,24.472,83.47
17927,-85.626,24.999
17928,-21.701,21.075
17929,-28.798,52.778
17930,-24.386,15.493
17931,38.141,-68.123
17932,2.2631,-6.9466
17933,-75.45,-55.548
17934,-11.174,98.495
17935,-21.044,17.045
17936,-24.793,70.799
17937,-22.513,20.873
17938,-60.841,46.038
17939,-7.7196,82.048
17940,27.052,-80.699
17941,-39.865,74.53
17942,-17.11,-15.288
17943,52.083,-20.847
17944,2.997,85.209
17945,-27.85,91.106
17946,9.1139,49.935
17947,-20.494,9.0799
17948,-67.499,55.699
17949,-43.41,44.293
17950,-59.01,-13.596
17951,-60.686,52.731
17952,-73.095,32.863
17953,-47.35,73.032
17954,-55.523,80.051
17955,-65.021,-4.3535
17956,27.768,75.916
17957,-43.377,53.735
17958,-58.218,-8.0023
17959,-49.945,11.646
17960,-46.295,2.1863
17961,-61.707,79.116
17962,-53.258,74.836
17963,24.381,97.816
17964,30.311,77.071
17965,-30.823,83.467
17966,-53.008,74.744
17967,-40.706,26.483
17968,14.736,-3.7085
17969,37.493,9.8564
17970,27.167,55.157
17971,-26.603,19.857
17972,28.856,68.468
17973,-61.403,51.563
17974,23.353,-53.208
17975,28.49,-84.67
17976,7.8171,74.601
17977,-46.736,86.744
17978,105.09,-55.064
17979,28.232,-67.136
17980,-35.24,95.155
17981,15.095,-70.386
17982,-44.471,52.927
17983,-59.614,55.386
17984,-58.717,-11.551
17985,100.95,-58.962
17986,38.843,83.546
17987,-12.743,-3.6795
17988,-29.616,50.039
17989,-26.615,21.954
17990,2.5613,-13.4
17991,56.172,41.38
17992,-39.024,-90.881
17993,-60.934,-28.625
17994,-70.77,63.166
17995,-48.166,47.567
17996,-40.45,53.897
17997,-28.918,70.541
17998,-24.718,12.406
17999,74.969,-38.028
18000,-66.057,24.424
18001,-59.189,-9.1194
18002,22.35,-50.871
18003,-49.616,-12.623
18004,18.119,56.249
18005,59.483,50.739
18006,-33.684,89.631
18007,34.551,-11.464
18008,54.908,43.875
18009,-25.391,40.375
18010,-86.255,-22.452
18011,-46.711,-6.9518
18012,37.074,-85.558
18013,13.226,-1.1746
18014,13.479,60.829
18015,-54.982,72.036
18016,-101.36,-5.2512
18017,-40.634,63.452
18018,-51.046,43.127
18019,-65.952,-36.688
18020,-40.578,44.698
18021,-47.49,63.918
18022,24.098,47.125
18023,-17.52,12.714
18024,37.062,68.973
18025,-23.702,32.087
18026,-62.885,46.95
18027,-60.281,-16.513
18028,-103.76,17.41
18029,-54.715,-15.667
18030,5.4625,-18.169
18031,-83.022,59.992
18032,28.536,-84.772
18033,-6.1056,47.267
18034,-87.207,22.718
18035,115.89,-16.788
18036,12.862,51.081
18037,35.796,36.436
18038,20.762,43.037
18039,7.1926,92.034
18040,11.57,46.043
18041,13.542,-4.8279
18042,-16.348,53.041
18043,-76.27,7.0123
18044,-53.445,77.296
18045,-6.526,-4.6106
18046,62.252,64.155
18047,-19.18,15.566
18048,29.774,88.142
18049,-16.431,62.781
18050,-102.63,19.063
18051,-45.093,-16.918
18052,-48.686,14.2
18053,-88.061,25.139
18054,23.044,-85.824
18055,-65.587,9.7972
18056,-25.068,81.218
18057,-54.02,-16.145
18058,-39.934,58.594
18059,-61.545,-21.241
18060,-58.601,-26.637
18061,0.49299,29.373
18062,11.65,-45.07
18063,-9.1195,69.836
18064,13.211,-25.863
18065,-52.206,24.639
18066,-28.963,54.889
18067,-60.833,-28.708
18068,-26.227,48.919
18069,-17.711,13.743
18070,16.157,-0.62114
18071,15.505,40.725
18072,40.328,85.729
18073,99.527,-66.439
18074,-52.564,-13.201
18075,-59.93,54.592
18076,66.413,53.603
18077,30.712,43.359
18078,-21.406,92.3
18079,10.831,75.258
18080,80.596,-42.689
18081,-30.711,90.899
18082,-27.47,19.406
18083,-54.585,-10.581
18084,-44.064,36.036
18085,-40.224,39.486
18086,42.548,70.383
18087,55.6,44.179
18088,13.352,54.228
18089,46.808,-29.429
18090,-58.706,28.395
18091,-22.912,17.992
18092,-61.635,-31.582
18093,-42.286,52.597
18094,-20.824,21.715
18095,41.907,86.614
18096,18.813,-92.286
18097,-107.14,33.139
18098,-15.042,-50.926
18099,-57.435,-9.7772
18100,-22.01,10.016
18101,-10.164,99.838
18102,43.779,-22.842
18103,25.599,34.053
18104,-29.896,49.364
18105,-45.323,2.9859
18106,-20.405,14.501
18107,-62.958,47.089
18108,-6.23,78.963
18109,-25.928,53.972
18110,-90.662,16.347
18111,-64.61,18.873
18112,-26.801,55.052
18113,-55.991,20.508
18114,-22.276,16.268
18115,-65.731,63.335
18116,-66.552,54.958
18117,-26.592,19.831
18118,-36.069,46.293
18119,-60.432,-22.241
18120,-59.746,-12.097
18121,32.973,40.808
18122,-21.089,20.952
18123,22.87,-38.254
18124,-48.121,-89.51
18125,-40.976,31.891
18126,-64.978,20.721
18127,-53.135,-19.082
18128,-19.016,67.056
18129,-55.263,78.2
18130,-63.914,-30.515
18131,14.41,-0.39566
18132,-20.599,22.102
18133,26.055,40.784
18134,-46.052,70.175
18135,-8.2692,-3.1083
18136,-49.769,-18.813
18137,-59.987,-15.6
18138,63.775,-42.18
18139,-47.635,-14.907
18140,-19.98,16.04
18141,-9.1675,91.489
18142,43.986,71.195
18143,29.408,75.051
18144,-3.3488,54.206
18145,30.466,-60.342
18146,-11.416,-8.6906
18147,-106.34,17.566
18148,101.87,-58.584
18149,15.294,85.501
18150,41.71,86.161
18151,-4.4358,54.206
18152,39.697,81.298
18153,2.3663,-11.618
18154,56.415,-40.038
18155,-23.08,16.563
18156,-59.193,-28.867
18157,-67.337,56.503
18158,-44.55,-88.785
18159,-22.696,-61.325
18160,-7.7833,-93.224
18161,-13.129,-64.033
18162,3.8562,83.192
18163,-77.493,5.3223
18164,-5.8271,91.573
18165,-62.056,21.382
18166,-63.854,73.07
18167,-56.477,-11.384
18168,8.8478,-36.35
18169,-67.811,39.077
18170,-34.009,74.668
18171,-23.086,-26.552
18172,99.064,-63.972
18173,-43.336,54.957
18174,-44.564,57.777
18175,-21.297,19.972
18176,-49.871,12.035
18177,-69.829,-18.727
18178,-7.4925,77.435
18179,6.1094,96.795
18180,-14.062,62.175
18181,-32.557,27.671
18182,-88.62,28.293
18183,-61.983,49.855
18184,-48.67,-33.232
18185,-19.709,-60.605
18186,2.0722,71.596
18187,15.615,0.82275
18188,-20.88,20.63
18189,20.187,-92.196
18190,24.914,80.178
18191,-38.618,-42.407
18192,-40.145,-1.8327
18193,-19.962,14.153
18194,-21.338,17.475
18195,-47.439,14.459
18196,-60.098,-27.816
18197,-31.714,42.44
18198,-17.917,-70.194
18199,-16.72,-78.988
18200,-71.851,72.342
18201,-24.052,89.685
18202,-87.002,21.599
18203,-73.737,34.886
18204,-61.907,-65.547
18205,-62.486,31.328
18206,-69.957,65.701
18207,-59.476,-24.56
18208,-8.7692,-77.383
18209,59.442,-14.111
18210,-24.565,20.909
18211,-24.459,41.592
18212,-59.739,45.347
18213,-17.861,12.984
18214,-58.419,-12.583
18215,34.78,40.322
18216,-69.353,66.209
18217,-41.624,28.281
18218,2.223,36.927
18219,-4.3678,53.591
18220,5.1509,73.235
18221,37.066,-90.747
18222,-63.749,22.116
18223,-62.274,31.244
18224,-63.57,-35.891
18225,-59.697,-26.514
18226,17.202,58.509
18227,14.758,79.67
18228,0.032171,75.395
18229,3.1621,81.094
18230,7.4539,-45.845
18231,-45.429,21.67
18232,-86.078,-1.5676
18233,-27.615,19.546
18234,-62.904,46.42
18235,-43.366,38.727
18236,-43.201,50.216
18237,-59.666,-24.683
18238,20.5,57.29
18239,57.37,63.259
18240,-6.6993,93.43
18241,8.7079,50.586
18242,-53.888,-1.0723
18243,-3.509,-30.456
18244,-90.079,27.224
18245,-15.087,11.892
18246,-51.215,82.688
18247,-20.928,16.378
18248,-41.185,87.718
18249,-26.738,22.037
18250,-46.457,40.295
18251,-59.652,-26.249
18252,-31.861,0.93228
18253,-10.351,-5.8003
18254,-32.233,92.888
18255,31.521,90.726
18256,-13.96,50.276
18257,-17.684,-3.2835
18258,63.081,-41.78
18259,40.218,21.549
18260,-68.528,19.585
18261,33.648,-80.468
18262,-16.991,92.926
18263,-62.241,64.644
18264,-101.74,22.106
18265,-24.921,14.939
18266,-66.222,24.669
18267,-57.544,-22.082
18268,18.313,48.062
18269,-15.423,12.413
18270,-16.295,62.8
18271,21.947,93.293
18272,99.133,-61.425
18273,-20.886,20.576
18274,8.5191,49.646
18275,41.904,45.907
18276,6.8677,56.62
18277,-18.503,66.308
18278,-13.563,96.075
18279,28.387,76.974
18280,-80.612,1.0077
18281,44.963,86.919
18282,-51.577,79.433
18283,67.474,-17.944
18284,-61.919,51.215
18285,-105,18.269
18286,-68.665,-24.254
18287,-59.394,-7.6161
18288,-40.606,-19.823
18289,-18.737,18.985
18290,-53.869,-17.466
18291,-19.728,8.289
18292,22.527,-39.927
18293,19.14,-76.343
18294,20.546,-85.422
18295,-48.2,-19.108
18296,-87.69,22.631
18297,-55.861,45.161
18298,-55.2,-29.21
18299,-38.639,57.575
18300,27.249,38.295
18301,42.369,70.301
18302,-50.309,-51.059
18303,-90.843,-50.014
