Label,optsne_1,optsne_2
1,16.174,-98.696
2,-11.03,-2.8257
3,-78.997,60.666
4,-11.12,-2.7002
5,2.9502,50.823
6,-96.871,-1.7776
7,-13.135,-84.625
8,2.5779,35.094
9,16.522,-8.8063
10,-11.118,-2.6772
11,-67.892,-39.933
12,-7.6737,78.932
13,-18.611,50.916
14,-11.118,-2.7003
15,45.406,103.45
16,1.5748,24.179
17,25.348,-59.903
18,-71.757,27.337
19,-65.539,-80.952
20,44.797,34.701
21,-60.185,18.567
22,-41.265,-20.852
23,58.685,75.878
24,66.151,87.943
25,-55.29,40.358
26,-52.946,-31.638
27,-32.946,-1.5503
28,-28.405,4.3034
29,14.006,36.2
30,71.825,-57.431
31,40.295,-74.399
32,0.97609,71.35
33,-38.552,-92.917
34,-50.016,-89.501
35,-38.095,-76.924
36,-102.66,-0.87115
37,55.642,39.768
38,-74.88,-57.216
39,60.324,-25.345
40,-21.024,-106.69
41,16.295,-98.654
42,-24.591,85.068
43,-68.033,70.15
44,59.615,18.323
45,-22.301,-106.37
46,-28.93,30.267
47,71.68,47.573
48,17.071,84.328
49,-17.049,-24.914
50,-90.907,17.221
51,2.1509,13.175
52,74.456,-9.8225
53,-99.552,4.9778
54,61.82,54.638
55,-24.934,32.378
56,-48.392,-25.474
57,-48.907,74.848
58,-28.965,59.824
59,-1.2615,72.226
60,3.3159,-58.601
61,-59.434,-60.424
62,-88.775,30.593
63,13.061,12.218
64,-12.689,-89.72
65,36.352,39.838
66,12.653,33.224
67,-11.121,-2.7044
68,-56.753,72.837
69,75.535,47.96
70,1.8617,22.867
71,0.58334,36.477
72,-34.147,3.5169
73,-26.058,53.577
74,-102.97,16.162
75,-22.373,81.412
76,14.059,53.394
77,11.255,-74.71
78,-8.4685,-88.54
79,2.5121,5.1832
80,54.454,-79.538
81,23.287,5.9482
82,5.8638,-108.03
83,-18.746,-71.365
84,6.6828,26.563
85,-73.879,-20.835
86,-18.439,13.576
87,65.085,88.982
88,-16.898,52.747
89,37.147,69.53
90,45.729,2.5443
91,-51.755,60.345
92,68.336,-13.208
93,61.661,59.132
94,-11.118,-2.7096
95,-24.263,32.301
96,26.684,96.369
97,-68.917,26.956
98,-68.51,30.296
99,57.297,-67.272
100,25.799,46.007
101,-24.776,-7.1944
102,-63.961,9.2889
103,-1.4519,41.837
104,-47.648,-18.875
105,16.363,-8.8875
106,19.914,-41.652
107,73.795,-44.88
108,11.655,13.28
109,-15.288,64.772
110,16.565,77.019
111,-59.401,33.809
112,-53.163,73.63
113,-48.114,74.972
114,38.554,-66.469
115,20.378,-6.865
116,47.239,30.135
117,33.584,25.651
118,4.9704,78.176
119,73.407,38.471
120,6.3525,61.514
121,30.317,24.421
122,-49.563,-22.905
123,68.102,26.222
124,10.048,35.666
125,43.312,14.536
126,-7.2258,13.369
127,0.90175,26.639
128,-74.028,-63.561
129,-25.468,96.494
130,-35.114,15.666
131,16.207,40.922
132,-30.972,-0.36533
133,-51.338,-52.882
134,41.029,-80.521
135,15.921,38.647
136,-0.97858,32.883
137,-11.131,-2.6716
138,-11.12,-2.6699
139,-37.288,84.711
140,24.876,70.287
141,25.805,46.045
142,4.6975,54.971
143,70.812,-41.976
144,50.305,-84.576
145,-6.1691,21.584
146,30.943,25.093
147,-21.888,35.64
148,-33.129,-7.0059
149,31.376,53.67
150,-34.67,42.534
151,2.6053,35.712
152,12.148,-26.814
153,-56.863,-31.38
154,16.052,71.447
155,56.752,49.796
156,-13.824,-67.026
157,-0.46706,34.345
158,-86.277,32.216
159,33.973,53.792
160,-88.443,30.306
161,-1.0134,32.179
162,-23.711,53.483
163,-55.221,-36.674
164,12.479,71.395
165,-72.497,36.077
166,-45.341,-19.637
167,38.024,82.956
168,-8.477,95.381
169,26.916,19.317
170,-71.935,-54.059
171,-46.857,26.82
172,5.4095,30.757
173,34.308,-52.215
174,47.266,-26.551
175,35.436,91.307
176,-32.312,12.542
177,-63.265,68.081
178,3.7158,-76.639
179,12.867,96.028
180,-60.603,75.437
181,94.674,-62.355
182,6.2016,91.386
183,7.6581,57.948
184,-60.438,-31.981
185,-77.07,34.48
186,-55.536,29.934
187,-54.822,-78.653
188,-11.111,-2.7224
189,-33.289,57.259
190,29.659,-0.72362
191,49.298,53.074
192,5.9736,11.225
193,-56.63,27.795
194,0.10081,81.041
195,-18.484,12.081
196,-19.772,78.618
197,39.832,20.695
198,47.126,-70.876
199,30.143,-45.479
200,1.5371,25.622
201,16.962,90.156
202,-14.489,-20.848
203,-104.78,27.493
204,-59.02,-40.729
205,-9.2028,-89.258
206,-8.387,33.591
207,43.826,102.79
208,-25.2,-92.402
209,12.103,-73.037
210,23.06,42.715
211,-25.14,30.535
212,-53.338,77.745
213,-43.546,-46.915
214,-49.774,87.271
215,-57.873,66.433
216,40.537,89.72
217,55.404,35.873
218,-32.537,12.308
219,-11.12,-2.7154
220,-11.105,-2.7228
221,14.477,-27.76
222,41.912,-51.069
223,-11.117,-2.7212
224,-86.244,63.539
225,-76.453,55.915
226,-42.961,-90.664
227,29.453,56.536
228,57.466,53.163
229,-55.766,33.997
230,-28.493,-20.772
231,-31.779,41.681
232,12.295,74.009
233,20.178,78.291
234,17.861,39.271
235,-2.7706,-53.163
236,-11.107,-2.7492
237,-39.348,-93.011
238,-52.083,52.134
239,-19.828,50.454
240,55.885,-39.046
241,87.617,-25.144
242,75.619,51.804
243,-13.005,-29.667
244,-32.417,-5.6743
245,41.363,28.482
246,3.6765,8.8263
247,-21.803,-68.452
248,-26.848,-92.03
249,60.913,43.705
250,16.974,71.868
251,11.669,52.308
252,65.553,55.174
253,6.6635,-48.027
254,5.882,-60.143
255,52.108,0.21136
256,9.0886,-22.676
257,0.3635,96.48
258,-11.107,-2.7384
259,10.395,-71.878
260,-102.33,2.3886
261,-43.027,-14.469
262,-11.114,-2.7169
263,-66.306,-61.832
264,16.006,-6.2066
265,-51.225,25.481
266,50.984,-58.99
267,13.938,16.997
268,74.631,55.623
269,66.585,54.08
270,48.193,50.157
271,-100.54,-30.423
272,-74.227,61.281
273,20.723,23.77
274,-34.389,11.156
275,50.274,-71.107
276,-0.78936,53.48
277,-11.127,-2.6622
278,-69.254,-62.318
279,-65.579,-61.435
280,-0.8803,39.642
281,67.096,-23.936
282,18.03,40.056
283,69.384,53.161
284,-63.302,73.885
285,-73.728,-30.261
286,-20.615,20.548
287,-53.032,26.458
288,-51.565,-58.366
289,-82.656,25.377
290,31.482,53.322
291,-13.073,1.5692
292,15.288,41.252
293,-4.3551,78.73
294,59.212,-4.4852
295,8.866,68.927
296,18.84,-53.073
297,30.729,6.194
298,23.582,-89.176
299,-2.0647,-75.271
300,41.917,-66.309
301,50.521,-89.402
302,-48.337,6.3204
303,1.2681,87.826
304,-25.52,40.458
305,-22.702,40.918
306,72.635,54.082
307,-87.726,31.047
308,-64.204,74.615
309,-31.558,12.788
310,-11.547,45.174
311,21.669,73.168
312,6.2108,62.358
313,39.985,79.929
314,42.796,25.493
315,-102.8,-2.2038
316,-14.258,101.66
317,-58.044,33.316
318,-60.774,-66.427
319,-74.968,-15.865
320,-32.796,30.871
321,-40.639,-42.649
322,-100.19,11.345
323,-21.713,-69.884
324,2.6662,27.554
325,3.6117,21.34
326,49.746,25.056
327,19.454,-45.937
328,7.3058,70.382
329,-28.123,86.577
330,-14.224,0.85479
331,2.2796,21.073
332,-38.91,-7.3268
333,13.929,8.0594
334,-41.568,66.65
335,18.904,27.508
336,-91.947,16.923
337,-108.94,-7.8059
338,19.034,79.199
339,51.761,77.289
340,-53.28,54.249
341,-86.794,31.192
342,19.443,43.01
343,34.441,50.096
344,1.0477,-5.6501
345,-89.858,5.1007
346,-98.813,9.9555
347,41.38,20.867
348,-103.06,-1.5149
349,-29.282,-18.523
350,-44.15,12.36
351,46.791,-4.2465
352,46.139,55.589
353,14.342,78.34
354,-51.218,60.244
355,10.312,34.862
356,56.581,35.252
357,15.678,-70.594
358,75.39,29.004
359,-53.739,-60.361
360,47.891,51.207
361,46.322,22.645
362,13.697,8.564
363,38.602,24.253
364,70.331,32.192
365,36.716,50.414
366,-15.171,0.41488
367,-54.972,-24.248
368,-2.7514,6.5045
369,-96.111,-31.46
370,-44.904,-21.667
371,36.216,86.541
372,51.078,-29.357
373,67.06,68.173
374,59.312,-12.641
375,-54.593,-33.951
376,-60.098,44.546
377,-11.015,98.828
378,29.594,29.787
379,3.1802,24.428
380,-106.55,-9.9291
381,42.962,45.377
382,46.309,80.152
383,68.551,40.753
384,-47.584,53.074
385,-6.9418,29.896
386,-37.473,44.942
387,-75.455,55.742
388,43.359,82.575
389,-42.148,59.785
390,35.115,-76.162
391,-39.271,13.408
392,43.888,-71.078
393,2.8989,37.937
394,-48.701,47.73
395,2.5541,22.109
396,8.5483,70.46
397,-101.99,21.211
398,-26.012,-57.632
399,-52.925,-28.631
400,45.703,81.636
401,-53.161,-28.791
402,54.343,75.332
403,22.729,-94.316
404,57.881,40.341
405,-14.075,81.587
406,-18.046,27.831
407,-14.49,-55.176
408,27.765,10.21
409,21.662,54.976
410,-39.895,37.976
411,-33.904,92.679
412,41.231,-68.475
413,-101.69,22.604
414,16.945,40.543
415,-5.0256,39.247
416,29.91,48.638
417,-104.49,-0.64225
418,44.655,83.845
419,35.566,51.981
420,18.346,-10.112
421,-5.4238,58.919
422,41.635,20.09
423,64.958,64.157
424,-73.13,35.611
425,-48.038,-26.011
426,-81.734,21.304
427,-8.9856,2.6114
428,54.707,-22.739
429,72.592,33.253
430,-88.232,25.047
431,-37.291,45.095
432,-1.5971,-82.914
433,-14.62,97.468
434,69.473,49.348
435,29.272,82.149
436,11.305,75.489
437,-12.522,46.183
438,-26.299,45.916
439,-57.042,-36.349
440,-95.517,27.71
441,72.787,88.738
442,19.168,-6.259
443,60.558,36.913
444,-51.805,2.5484
445,2.3442,-6.5674
446,57.189,42.734
447,37.079,35.835
448,-14.421,0.35624
449,-33.455,-28.241
450,46.168,81.33
451,-46.841,65.851
452,23.757,-39.098
453,27.076,-86.562
454,38.39,4.6684
455,51.808,-46.524
456,-31.328,91.654
457,44.438,54.49
458,-81.274,28.257
459,30.253,97.485
460,0.66574,-72.592
461,21.424,13.671
462,-54.257,72.496
463,-63.875,33.226
464,-55.647,-89.344
465,23.108,42.923
466,47.174,-73.953
467,-13.964,18.164
468,16.037,-8.2784
469,10.394,40.98
470,38.335,54.153
471,68.32,-23.401
472,9.203,34.871
473,9.9426,40.996
474,-45.8,83.196
475,-37.421,27.026
476,-21.173,36.222
477,-23.624,41.938
478,44.593,-65.009
479,-97.11,2.3888
480,-1.8893,23.089
481,27.186,38.666
482,-13.373,43.757
483,-101.69,11.676
484,-64.701,18.817
485,71.712,85.225
486,-38.273,14.184
487,64.69,55.801
488,-3.1842,61.018
489,50.244,47.123
490,20.333,-36.025
491,-19.468,-104.71
492,19.03,79.338
493,-104.91,-12.453
494,-31.329,81.154
495,41.678,-61.937
496,-29.122,92.12
497,-59.336,34.448
498,74.624,-56.675
499,21.034,-49.281
500,5.9177,15.565
501,29.087,94.965
502,-15.848,55.783
503,-106.06,-11.015
504,-49.182,-27.005
505,26.507,99.475
506,-10.245,44.03
507,16.16,-4.4958
508,18.53,6.8974
509,30.006,55.105
510,76.146,-39.026
511,-55.778,-0.61291
512,-28.355,31.996
513,-106.17,-10.254
514,-100.99,8.7748
515,-88.775,32.395
516,65.484,67.473
517,-80.216,28.827
518,59.118,53.73
519,-42.943,-87.147
520,-3.084,42.424
521,-14.291,77.26
522,-69.658,-4.8283
523,25.201,46.872
524,24.109,-38.918
525,-95.852,28.095
526,61.759,42.745
527,-29.454,10.534
528,-5.4345,-85.952
529,-6.8785,-52.657
530,33.601,-44.394
531,-36.188,-22.733
532,19.098,26.079
533,64.33,18.542
534,10.296,27.36
535,-69.938,19.04
536,-48.881,46.685
537,-101.88,11.793
538,-37.465,80.202
539,-46.022,86.677
540,-11.024,-2.8571
541,38.244,9.3268
542,-15.124,-28.831
543,61.532,36.777
544,-16.908,55.98
545,-59.847,28.332
546,-74.863,-57.394
547,28.156,17.443
548,25.397,-37.363
549,-7.7402,-85.057
550,-16.793,-79.742
551,-16.579,52.315
552,-13.946,55.756
553,73.508,89.336
554,52.638,-41.558
555,2.8094,33.948
556,39.716,32.234
557,47.862,57.001
558,18.076,-33.694
559,4.8177,33.757
560,-46.527,87.091
561,47.637,27.947
562,-13.779,100.82
563,7.3671,24.015
564,4.6178,28.073
565,47.363,76.528
566,-51.252,-51.154
567,-31.782,-31.967
568,52.269,48.801
569,-101.46,3.7387
570,-14.663,97.592
571,-10.393,1.9179
572,-52.07,43.183
573,36.543,42.26
574,-3.0095,-85.438
575,31.126,50.264
576,32.427,-70.747
577,-7.8708,8.1633
578,-103.57,16.989
579,-105.97,17.641
580,-2.0512,101.39
581,2.9243,51.494
582,1.6904,22.582
583,41.458,-51.921
584,-24.122,55.206
585,-34.785,16.897
586,-72.136,-26.366
587,35.902,52.549
588,-117.46,10.23
589,66.902,53.312
590,8.0422,28.103
591,2.3594,23.786
592,-78.859,35.905
593,-46.677,-10.85
594,-6.6341,80.59
595,-101.71,11.281
596,-15.246,92.697
597,70.428,-55.804
598,-76.994,-24.209
599,-9.1924,2.625
600,-41.119,20.751
601,-12.668,44.261
602,48.852,-65.306
603,21.782,-79.032
604,0.27065,-48.229
605,18.725,2.7223
606,-2.6648,75.52
607,-105.75,-11.164
608,40.512,-40.807
609,-16.401,55.947
610,39.127,22.87
611,37.207,3.1066
612,-91.916,-4.827
613,50.849,43.723
614,37.728,58.309
615,-11.805,83.114
616,27.461,-90.586
617,28.235,79.161
618,21.931,-33.838
619,70.962,-54.615
620,37.15,-59.847
621,51.51,78.653
622,24.642,97.58
623,-68.601,73.92
624,66.36,55.44
625,52.245,49.613
626,33.698,82.514
627,-38.622,-73.351
628,-83.634,34.063
629,17.955,30.249
630,3.5543,53.299
631,13.698,83.783
632,76.619,-76.499
633,11.502,32.358
634,-18.783,-82.39
635,40.645,45.637
636,35.003,-84.756
637,8.5036,-59.472
638,58.702,54.21
639,-8.3553,1.3737
640,77.066,-75.407
641,-45.131,26.529
642,-52.64,18.264
643,22.977,94.203
644,22.122,54.978
645,17.334,89.482
646,-31.398,-81.072
647,6.8823,91.757
648,-103.11,25.624
649,-85.79,-23.13
650,30.333,-33.613
651,61.549,-22.529
652,-6.4289,25.863
653,72.241,-57.395
654,-4.7037,20.004
655,58.008,-13.358
656,-49.457,67.426
657,34.007,14.634
658,43.765,18.591
659,-39.033,-22.714
660,49.787,-85.158
661,-19.116,112.6
662,-12.893,46.501
663,-14.141,0.51387
664,20.866,-33.648
665,9.4798,13.288
666,53.495,53.864
667,-101.6,4.2102
668,32.045,18.687
669,17.186,63.166
670,56.588,73.359
671,-6.5627,100.54
672,-90.166,22.333
673,27.837,95.543
674,24.75,15.288
675,-102.85,1.6728
676,-76.12,30.994
677,26.043,41.052
678,-66.086,-62.112
679,66.945,45.587
680,74.548,53.743
681,-57.184,48.656
682,89.57,8.6969
683,-99.741,4.4103
684,-45.139,-10.739
685,-14.239,-65.439
686,-94.624,19.132
687,38.157,47.858
688,-31.21,13.024
689,24.238,72.511
690,-51.814,2.8508
691,-38.621,-23.083
692,42.882,-0.83098
693,-106.89,-12.147
694,35.759,25.251
695,-11.081,-2.7967
696,1.8717,22.327
697,35.696,-48.986
698,-0.30619,34.438
699,27.072,38.067
700,2.0518,46.493
701,5.8635,-108.03
702,-47.13,-65.04
703,41.155,19.535
704,17.15,32.118
705,28.88,-82.761
706,-40.969,20.862
707,5.8634,-108.03
708,49.076,53.523
709,-0.37848,32.216
710,-24.821,-71.741
711,11.247,-67.597
712,20.678,69.449
713,-17.774,51.576
714,-33.929,-2.4604
715,10.861,-35.573
716,3.2884,70.227
717,38.041,-91.167
718,-33.652,67.838
719,2.4597,41.968
720,55.385,-65.179
721,-12.484,-86.186
722,50.512,-69.929
723,-79.852,-7.9853
724,-103.4,-2.3219
725,0.43641,-23.213
726,21.528,73.022
727,-24.615,15.135
728,11.532,-6.744
729,-54.287,31.284
730,-81.215,3.9267
731,-57.187,-36.443
732,49.765,-87.63
733,27.73,58.253
734,-25.549,31.357
735,27.966,43.013
736,-55.822,-0.61018
737,-31.603,-7.9189
738,48.949,-34.26
739,-105.19,-15.424
740,-51.379,19.936
741,34.215,32.969
742,86.851,30.946
743,-0.49844,76.739
744,-38.518,85.098
745,-72.579,53.82
746,-18.908,51.954
747,57.327,49.966
748,12.297,93.389
749,-14.97,-87.88
750,-45.977,85.794
751,4.8794,20.977
752,9.6886,29.388
753,-82.393,-28.842
754,-20.632,38.875
755,43.009,-21.143
756,57.517,54.421
757,43.672,-85.677
758,53.521,-64.999
759,-9.1283,28.755
760,9.4565,34.145
761,66,25.728
762,18.053,-1.271
763,33.231,40.65
764,52.609,-56.565
765,73.508,89.337
766,-12.332,1.6702
767,-12.326,-57.123
768,-78.851,33.175
769,-11.442,1.502
770,87.302,-6.3073
771,3.8053,67.155
772,-59.142,-40.06
773,-22.165,41.814
774,5.2174,-63.836
775,14.878,73.859
776,30.581,-32.174
777,-1.5317,101.26
778,43.951,59.131
779,41.061,39.513
780,-9.7852,84.156
781,-18.217,78.315
782,0.79119,28.451
783,24.914,97.643
784,-68.379,-62.753
785,16.696,80.708
786,32.578,76.204
787,-97.756,23.568
788,-103.72,-9.8158
789,-44.745,-39.371
790,44.845,75.9
791,-68.147,-50.656
792,72.888,80.016
793,11.486,-25.507
794,-93.514,13.367
795,-100.96,9.1207
796,-84.682,-14.062
797,36.718,36.365
798,108.4,-53.064
799,48.262,42.28
800,-89.23,17.703
801,-47.021,26.777
802,38.501,-50.728
803,-25.515,31.333
804,-0.44059,10.089
805,-4.2602,78.793
806,-5.3779,75.273
807,8.9,-49.113
808,-100.95,0.24498
809,34.346,-32.645
810,24.279,91.732
811,48.595,48.802
812,21.032,-55.474
813,12.598,-11.003
814,-3.1276,74.362
815,-89.362,4.0269
816,33.245,46.999
817,-35.654,-8.6847
818,-38.157,15.257
819,-81.448,-31.202
820,30.343,56.749
821,30.777,42.573
822,-25.421,38.046
823,58.697,-10.058
824,8.4754,-14.189
825,-101.56,10.449
826,-51.077,-57.811
827,69.333,41.307
828,7.5999,19.661
829,-70.826,-10.231
830,-60.286,78.781
831,7.8263,-30.853
832,26.273,35.795
833,38.784,35.439
834,-100.37,6.5126
835,8.3997,25.87
836,-16.986,77.358
837,26.96,49.994
838,24.108,75.902
839,-103.96,-1.6453
840,24.716,32.814
841,-92.917,-7.9914
842,19.61,-39.055
843,7.3813,-50.515
844,19.031,34.328
845,-34.13,15.568
846,-52.973,23.213
847,30.159,-81.067
848,-33.377,45.854
849,-103.45,-15.562
850,35.526,86.513
851,13.805,76.687
852,32.331,13.79
853,-44.898,27.328
854,-40.537,24.701
855,112,5.4907
856,45.855,30.24
857,64.628,64.881
858,-100.55,0.19257
859,-107.02,-8.1033
860,-1.1232,36.7
861,-11.948,0.52443
862,-47.754,75.062
863,-85.44,31.832
864,65.777,-28.69
865,67.597,-60.818
866,4.2718,69.017
867,-105.65,13.465
868,-102.13,10.879
869,-78.839,33.052
870,17.98,33.326
871,47.515,-14.892
872,1.5642,29.215
873,-21.702,-67.438
874,55.111,59.74
875,27.346,10.67
876,-23.966,57.152
877,52.555,-80.755
878,-94.823,15.342
879,-25.027,-20.787
880,13.329,-5.1513
881,39.438,-92.1
882,-6.0838,17.818
883,12.853,-17.856
884,3.1193,55.961
885,74.06,-51.01
886,3.5471,73.933
887,-0.31999,26.123
888,-101.74,-11.073
889,58.412,53.714
890,43.624,-48.776
891,-90.062,-18.27
892,-92.348,6.9023
893,63.45,-52.882
894,33.9,25.999
895,11.231,33.004
896,59.54,38.551
897,-1.6214,-82.987
898,42.288,-28.874
899,25.495,-9.0477
900,2.3117,16.383
901,-99.519,-14.18
902,-100.34,9.1785
903,3.6293,-60.35
904,52.31,32.859
905,5.9927,-9.0187
906,11.219,-49.867
907,36.944,49.887
908,-40.743,-14.266
909,-51.338,20.271
910,-70.34,-24.578
911,95.469,-59.568
912,-8.6008,75.693
913,-28.382,-18.869
914,-104.37,-12.176
915,-17.228,-31.223
916,16.517,-4.017
917,50.632,-61.471
918,-19.527,-84.109
919,31.791,56.274
920,22.098,92.715
921,47.689,69.749
922,39.043,1.1627
923,10.838,-50.419
924,-26.093,-5.0031
925,52.159,-23.315
926,39.521,56.083
927,53.594,-86.652
928,-1.0222,55.457
929,61.092,42.031
930,-32.164,23.099
931,28.771,-3.0512
932,18.894,8.1279
933,79.514,-34.869
934,45.382,-43.109
935,4.1081,-13.429
936,46.798,51.69
937,-101.48,11.515
938,68.069,67.844
939,38.466,35.163
940,-9.6277,-85.15
941,30.735,94.286
942,95.707,-59.289
943,3.7028,85.189
944,-0.3623,77.752
945,75.893,33.599
946,-33.529,29.578
947,-73.156,-64.618
948,-87.52,-55.344
949,-56.15,-1.4955
950,27.073,-81.697
951,-40.918,-9.9273
952,-27.11,-9.1984
953,25.023,67.8
954,37.358,80.101
955,-41.164,-21.348
956,37.978,91.655
957,-94.808,30.891
958,73.508,89.335
959,21.11,25.218
960,24.306,75.703
961,-3.0995,73.604
962,75.863,-42.684
963,-108,-9.0384
964,-98.039,-13.021
965,-88.563,31.069
966,66.41,27.766
967,17.536,1.618
968,36.094,-83.984
969,8.4188,76.436
970,36.589,40.161
971,-99.921,-11.36
972,-51.793,19.498
973,-36.732,-33.257
974,-33.647,17.958
975,5.2158,-11.93
976,10.906,-68.72
977,47.449,44.277
978,8.9646,51.645
979,54.521,80.181
980,39.522,1.9907
981,42.848,21.565
982,-12.551,-27.83
983,-0.32856,24.266
984,-74.816,-64.333
985,72.134,81.696
986,-5.9056,33.645
987,-90.138,-18.26
988,-14.167,-5.6504
989,35.895,-65.433
990,35.146,20.365
991,13.625,34.746
992,-100.63,4.0917
993,4.0101,-85.026
994,-6.8095,-5.2323
995,-15.326,-85.64
996,54.775,79.591
997,-4.8753,33.593
998,42.781,87.023
999,22.578,-92.983
1000,-39.95,-17.668
1001,-80.139,34.845
1002,-109.14,-8.5564
1003,-82.58,35.26
1004,36.379,62.799
1005,2.6845,-6.4592
1006,70.048,32.74
1007,-33.738,-59.317
1008,-19.765,88.588
1009,20.301,42.102
1010,-64.628,68.354
1011,53.165,-16.488
1012,5.8663,-15.709
1013,24.18,-36.36
1014,32.598,8.7615
1015,68.003,35.735
1016,-105.96,-11.113
1017,52.581,-48.647
1018,73.508,89.336
1019,20.611,10.877
1020,0.44816,78.837
1021,-105.63,-9.8345
1022,68.411,-24.706
1023,-21.846,32.812
1024,-32.879,71.196
1025,-34.345,-3.4663
1026,34.764,90.418
1027,-16.627,-24.961
1028,-37.559,-74.71
1029,20.988,73.563
1030,25.333,96.24
1031,-50.469,85.945
1032,25.047,83.997
1033,41.232,83.244
1034,95.342,23.832
1035,-3.7892,20.565
1036,-26.127,-7.3127
1037,-27.965,-65.471
1038,-79.613,34.52
1039,-82.796,59.213
1040,16.247,30.799
1041,37.719,49.045
1042,40.032,-73.495
1043,-10.694,-79.966
1044,-12.232,41.9
1045,25.872,97.438
1046,-11.389,41.373
1047,19.657,42.97
1048,27.163,81.547
1049,-56.952,67.384
1050,-17.538,56.376
1051,50.102,24.98
1052,46.247,83.828
1053,32.967,25.138
1054,50.455,78.348
1055,41.445,24.139
1056,-30.69,86.321
1057,10.672,1.4242
1058,11.042,-46.36
1059,-58.975,33.948
1060,22.997,54.657
1061,1.6619,18.58
1062,27.7,-35.006
1063,-118.38,12.887
1064,-23.074,-73.133
1065,-2.575,26.966
1066,59.632,-80.712
1067,-22.079,-108.45
1068,7.5616,89.431
1069,-88.367,44.568
1070,35.469,32.963
1071,43.224,36.112
1072,-45.211,-15.697
1073,-77.721,-51.759
1074,35.946,44.201
1075,54.692,31.771
1076,-22.719,-72.084
1077,-6.0302,-22.601
1078,-49.129,-14.976
1079,25.26,-84.491
1080,-41.819,-14.309
1081,-80.84,-10.812
1082,26.702,21.829
1083,53.749,51.72
1084,12.867,33.406
1085,77.3,46.106
1086,36.203,79.091
1087,60.846,36.759
1088,10.536,-14.857
1089,12.887,51.047
1090,-75.221,-65.784
1091,-17.59,76.012
1092,-90.675,-50.075
1093,49.041,-0.2399
1094,-20.587,46.128
1095,-15.289,-8.5196
1096,-104.89,-12.261
1097,3.7184,27.585
1098,2.0144,26.298
1099,-1.0487,-59.572
1100,1.9006,26.595
1101,51.263,76.434
1102,-83.138,33.705
1103,9.6829,48.79
1104,-6.7125,19.227
1105,34.32,-83.912
1106,5.7789,-5.4727
1107,30.968,54.875
1108,-76.714,-67.89
1109,7.1528,32.125
1110,-98.727,7.9504
1111,-78.652,29.246
1112,49.209,37.906
1113,38.372,20.245
1114,29.99,6.3388
1115,-72.156,36.348
1116,-47.002,-24.574
1117,-102.43,-4.8275
1118,68.391,37.389
1119,53.695,-20.77
1120,11.96,33.116
1121,-101.46,4.0605
1122,-95.078,29.759
1123,-1.9588,22.974
1124,-49.731,19.962
1125,32.871,-45.032
1126,-2.6313,41.709
1127,51.46,76.167
1128,50.875,79.178
1129,41.068,45.392
1130,29.65,39.34
1131,44.414,83.903
1132,-4.7349,-1.4275
1133,6.9902,28.82
1134,55.874,32.222
1135,-59.12,-33.573
1136,-6.9682,-9.1372
1137,-7.0193,57.162
1138,-102.29,-5.4836
1139,-30.518,83.36
1140,23.716,5.9122
1141,-54.801,-0.65318
1142,66.227,62.687
1143,-26.518,78.389
1144,72.037,26.443
1145,1.7719,22.135
1146,33.269,-63.454
1147,55.79,72.933
1148,-12.336,-6.773
1149,2.7788,97.077
1150,-69.965,-23.771
1151,-55.305,39.905
1152,-71.665,27.504
1153,38.122,39.722
1154,-9.9318,-72.985
1155,70.258,29.11
1156,54.948,33.68
1157,80.143,50.948
1158,50.737,54.737
1159,-71.033,26.118
1160,2.8819,26.042
1161,39.468,4.9456
1162,-6.9616,78.718
1163,-52.305,-58.586
1164,-82.89,3.5203
1165,53.203,23.851
1166,49.946,35.93
1167,-81.819,-23.663
1168,26.103,97.184
1169,22.126,43.003
1170,28.974,-44.79
1171,66.355,61.898
1172,35.719,24.011
1173,-71.814,-64.507
1174,-17.777,25.171
1175,48.987,-27.721
1176,-100.34,-13.869
1177,-101.58,3.8024
1178,50.668,-15.607
1179,-68.853,-4.9712
1180,13.095,-21.289
1181,98.571,52.482
1182,58.567,54.959
1183,29.34,43.404
1184,-16.207,86.814
1185,-39.108,39.262
1186,11.331,-38.21
1187,91.952,-58.33
1188,30.056,18.053
1189,-100.92,10.367
1190,-55.408,-15.35
1191,47.116,30.072
1192,-28.902,53.239
1193,-25.031,89.097
1194,28.567,-97.18
1195,-105,-14.939
1196,26.97,22.748
1197,25.712,-39.641
1198,2.2734,-9.1498
1199,30.52,20.002
1200,-35.56,7.8569
1201,16.841,35.056
1202,-31.438,4.0099
1203,25.859,39.848
1204,-23.096,-73.862
1205,-1.4766,-82.928
1206,13.055,38.734
1207,-55.065,27.109
1208,-6.0459,38.47
1209,-3.1947,36.474
1210,34.842,-84.413
1211,56.245,35.962
1212,-73.642,-65.67
1213,23.48,-95.768
1214,-42.166,22.814
1215,4.4404,95.418
1216,-51.005,19.86
1217,6.9041,37.891
1218,90.914,34.712
1219,7.0377,55.971
1220,0.19029,40.062
1221,-11.684,-76.207
1222,-3.9751,-0.93836
1223,-65.949,-60.876
1224,1.5866,-5.644
1225,-48.472,6.2009
1226,3.9344,-66.211
1227,74.058,54.821
1228,-82.437,33.04
1229,71.745,46.997
1230,27.539,-35.081
1231,-112.5,14.956
1232,-70.877,30.943
1233,-8.3276,-3.7718
1234,19.563,33.898
1235,21.328,25.145
1236,54.128,34.691
1237,-44.304,9.0653
1238,-56.713,-31.262
1239,12.151,32.177
1240,72.96,48.514
1241,90.178,35.101
1242,44.415,26.231
1243,-103.21,-12.879
1244,-32.863,-20.279
1245,-47.403,-25.243
1246,45.025,19.46
1247,-59.084,29.846
1248,55.559,-78.76
1249,23.856,85.373
1250,-56.44,-1.9859
1251,43.564,45.529
1252,31.622,13.72
1253,75.706,-78.521
1254,-97.247,29.83
1255,79.984,-37.271
1256,2.1779,-6.4863
1257,34.976,-33.72
1258,74.86,42.088
1259,24.474,94.636
1260,91.68,-22.851
1261,19.53,82.467
1262,-100.79,7.1603
1263,-29.277,-1.8519
1264,24.472,84.317
1265,12.163,-46.931
1266,-11.785,88.873
1267,-15.278,51.4
1268,26.642,98.969
1269,32.647,15.314
1270,-6.4784,-4.5396
1271,-42.943,-88.007
1272,-62.495,32.432
1273,42.106,59.056
1274,-54.581,13.387
1275,17.46,-11.682
1276,-48.057,-21.88
1277,6.3042,21.722
1278,70.885,41.385
1279,2.2655,101.88
1280,-99.057,3.3498
1281,-92.742,-0.68833
1282,31.565,-89.791
1283,25.078,-40.788
1284,6.0475,-7.1859
1285,-54.417,21.495
1286,-86.252,63.545
1287,-55.166,-44.432
1288,-84.572,-22.667
1289,15.27,-28.005
1290,-18.275,89.669
1291,22.767,21.648
1292,-76.391,35.301
1293,27.277,16.755
1294,30.867,53.056
1295,-4.5282,-102.64
1296,-64.652,-77.712
1297,34.725,-47.044
1298,10.659,-91.228
1299,-6.6511,25.515
1300,28.368,-39.08
1301,-100.63,7.5928
1302,-47.416,74.544
1303,35.342,-45.978
1304,-0.046382,-79.793
1305,-13.263,100.13
1306,-78.022,-70.401
1307,32.626,91.243
1308,14,-87.95
1309,-73.084,-76.312
1310,-62.15,19.393
1311,32.304,-86.67
1312,24.185,-37.966
1313,6.0375,60.214
1314,-105.43,-9.2197
1315,46.117,80.324
1316,9.5887,74.204
1317,31.965,-84.386
1318,59.139,-55.157
1319,-49.405,79.651
1320,-67.777,74.533
1321,-82.984,59.007
1322,-5.7428,68.683
1323,-27.724,-84.376
1324,8.1642,91.517
1325,-57.402,-59.948
1326,19.497,35.599
1327,-4.0807,20.679
1328,43.823,0.74626
1329,-67.63,-64.169
1330,-76.881,-59.649
1331,-10.64,51.482
1332,10.475,84.912
1333,50.797,-71.927
1334,30.22,-38.143
1335,-66.69,63.409
1336,-22.549,-109.43
1337,10.419,69.064
1338,27.579,-62.514
1339,71.721,40.054
1340,-16.618,-31.258
1341,-66.405,-10.53
1342,-102.75,1.688
1343,-14.962,53.991
1344,26.625,17.213
1345,-6.1111,47.237
1346,-61.378,-84.897
1347,-92.346,22.865
1348,-31.773,1.4083
1349,-20.61,46.116
1350,25.076,84.589
1351,-88.086,27.316
1352,-27.84,82.4
1353,-11.015,99.398
1354,30.66,93.666
1355,-25.087,40.929
1356,77.535,-34.239
1357,51.956,32.799
1358,-101.23,-0.79235
1359,51.877,-49.302
1360,-45.787,-17.415
1361,34.97,12.469
1362,63.515,14.046
1363,20.902,24.529
1364,-31.027,85.695
1365,38.613,-42.148
1366,75.045,-57.678
1367,16.159,-28.766
1368,47.654,27.553
1369,-30.354,14.587
1370,-73.21,-15.745
1371,-41.162,-3.0047
1372,-28.915,42.958
1373,-38.462,-83.438
1374,-85.154,-22.096
1375,-88.358,21.597
1376,0.48688,35.821
1377,11.325,33.571
1378,-30.145,54.797
1379,2.1354,24.421
1380,-53.64,2.6123
1381,-57.15,-23.245
1382,7.5843,47.847
1383,-25.788,18.375
1384,-62.048,0.68124
1385,22.013,-92.882
1386,-31.857,-27.696
1387,-72.795,26.732
1388,-7.3664,50.202
1389,-99.823,-14.147
1390,-103.39,-13.701
1391,28.92,52.778
1392,35.368,-33.735
1393,-87.979,-1.8878
1394,24.501,67.509
1395,55.485,43.097
1396,-33.134,-80.425
1397,13.517,-26.55
1398,10.483,76.32
1399,0.78155,26.27
1400,39.65,-3.2101
1401,41.135,50.092
1402,23.502,91.147
1403,39.268,49.948
1404,56.766,49.393
1405,-102.81,29.635
1406,-13.568,43.177
1407,100.39,-59.776
1408,-87.705,-55.137
1409,1.0924,87.622
1410,-23.421,-83.038
1411,-0.29204,44.312
1412,0.076577,28.631
1413,63.455,48.823
1414,45.957,14.838
1415,-105.36,-10.606
1416,-97.336,3.2127
1417,45.232,30.697
1418,-16.77,-70.532
1419,-41.958,41.603
1420,75.845,-35.784
1421,13.378,5.5822
1422,7.2649,14.029
1423,-2.6092,100.09
1424,6.0423,61.927
1425,-38.467,32.462
1426,35.738,-83.673
1427,22.967,68.672
1428,89.372,35.769
1429,65.787,66.879
1430,60.962,37.291
1431,4.3935,39.847
1432,33.876,5.8326
1433,99.306,-61.708
1434,27.894,23.912
1435,-66.687,-62.915
1436,18.789,-36.949
1437,-101.47,18.86
1438,17.628,-0.074538
1439,-33.48,-18.507
1440,24.53,-34.42
1441,-33.493,-5.999
1442,90.633,-57.13
1443,40.516,-56.176
1444,-7.7134,71.961
1445,64.674,46.602
1446,22.41,-78.494
1447,-7.1371,72.453
1448,-103.87,-8.16
1449,-87.138,-25.392
1450,-46.094,-19.844
1451,-14.509,68.138
1452,-57.139,31.367
1453,-16.23,-6.8814
1454,6.7385,37.951
1455,74.672,-80.469
1456,-2.137,-75.075
1457,15.107,-70.972
1458,-83.716,-25.515
1459,-1.3245,91.952
1460,-7.8495,31.075
1461,10.562,70.776
1462,-19.093,-71.022
1463,20.326,23.895
1464,25.145,14.862
1465,44.845,16.445
1466,-53.454,11.043
1467,35.249,21.062
1468,9.794,33.803
1469,-58.88,32.019
1470,-23.46,35.127
1471,-102.93,0.45901
1472,47.528,-75.035
1473,9.0908,37.722
1474,-104.93,26.871
1475,72.039,39.13
1476,-79.349,29.169
1477,51.659,25.59
1478,21.792,36.216
1479,-50.117,85.236
1480,-55.887,-28.053
1481,40.173,1.6742
1482,31.609,-45.894
1483,23.567,90.745
1484,19.303,10.058
1485,30.197,3.9223
1486,24.766,84.139
1487,46.598,13.123
1488,-24.401,13.328
1489,-42.386,88.041
1490,54.418,-53.839
1491,69.803,37.94
1492,-11.055,-85.194
1493,-79.677,28.102
1494,-41.539,47.196
1495,-72.643,-28.781
1496,105.12,-49.744
1497,68.034,39.463
1498,-71.707,15.91
1499,-1.0126,-14.192
1500,-67.536,-71.912
1501,10.297,40.863
1502,9.2109,30.277
1503,-13.376,96.184
1504,-22.884,-91.426
1505,-59.07,-34.107
1506,-82.086,-23.086
1507,32.792,51.262
1508,-16.582,31.337
1509,-31.603,4.8472
1510,-22.87,-72.815
1511,-16.841,-19.881
1512,-17.791,25.34
1513,-73.188,29.069
1514,13.156,7.057
1515,56.708,35.635
1516,45.09,28.352
1517,-32.88,-12.088
1518,-58.05,3.3025
1519,-11.137,99.275
1520,-32.251,-80.19
1521,4.6813,-8.209
1522,39.66,10.336
1523,34.224,79.775
1524,-7.6575,-75.105
1525,43.385,36.061
1526,22.978,76.015
1527,39.8,37.429
1528,-32.816,-81.232
1529,-33.216,-19.024
1530,-21.465,-88.538
1531,-3.5997,38.578
1532,38.762,2.8027
1533,-88.417,33.887
1534,35.511,-76.628
1535,55.329,52.125
1536,12.738,8.3634
1537,76.674,9.3744
1538,47.709,75.011
1539,-83.976,-24.367
1540,-103.37,-2.0137
1541,90.216,32.319
1542,-81.12,34.254
1543,19.494,-80.604
1544,-104.71,27.478
1545,-53.166,-21.39
1546,17.68,9.226
1547,13.416,18.932
1548,-87.813,-40.796
1549,58.262,-26.176
1550,8.2029,32.396
1551,-42.429,-7.7078
1552,34.005,24.398
1553,-84.972,-10.06
1554,-97.342,10.097
1555,-16.529,53.61
1556,45.338,-11.445
1557,-17.606,28.711
1558,1.7528,98.714
1559,0.091901,36.089
1560,53.276,-21.001
1561,74.296,30.52
1562,37.252,-41.826
1563,-18.789,-39.978
1564,-71.884,36.469
1565,-77.68,-71.139
1566,64.872,-22.738
1567,8.0596,53.132
1568,28.725,-56.988
1569,-7.7404,76.502
1570,39.677,-88.759
1571,2.8534,21.708
1572,-57.256,31.411
1573,32.601,67.382
1574,52.683,48.654
1575,-25.335,-6.0618
1576,45.934,31.183
1577,-8.3839,44.087
1578,73.799,52.174
1579,-40.71,-15.187
1580,-2.9306,35.765
1581,-43.647,0.088918
1582,62.857,54.946
1583,49.736,-18.627
1584,-9.0876,83.683
1585,21.143,-37.448
1586,29.464,70.852
1587,1.8981,70.929
1588,-23.235,32.025
1589,32.059,-84.285
1590,-37.869,43.763
1591,3.8083,46.011
1592,80.104,-34.706
1593,-70.927,14.026
1594,-107.34,29.14
1595,93.286,-24.575
1596,-19.903,-66.329
1597,11.558,-72.3
1598,102.75,5.5028
1599,-38.184,80.505
1600,-31.657,95.383
1601,-81.595,59.212
1602,-61.428,-10.267
1603,25.145,70.442
1604,1.5378,26.915
1605,-8.9222,-87.704
1606,40.114,-88.38
1607,41.817,50.872
1608,-79.131,33.115
1609,-21.317,86.219
1610,-64.682,-81.254
1611,44.642,4.4767
1612,50.035,24.335
1613,65.656,19.661
1614,-36.72,21.603
1615,19.245,-35.005
1616,-9.5744,-66.19
1617,-71.92,-53.863
1618,36.198,50.781
1619,11.587,9.2793
1620,-31.267,90.98
1621,-103.61,-2.0606
1622,4.4146,14.085
1623,32.129,-41.559
1624,54.066,-19.287
1625,9.1485,16.249
1626,-4.3399,78.602
1627,62.675,47.08
1628,-69.547,-2.7682
1629,25.397,15.124
1630,-41.339,84.407
1631,79.618,47.044
1632,67.643,-21.056
1633,-56.602,28.273
1634,74.194,-45.728
1635,50.709,-50.963
1636,-7.2636,33.415
1637,63.139,13.908
1638,38.384,36.539
1639,14.944,71.301
1640,59.606,61.955
1641,-68.102,-52.696
1642,5.3906,-8.2501
1643,-17.656,77.161
1644,48.694,37.92
1645,66.168,69.386
1646,-75.817,18.282
1647,-67.641,40.033
1648,51.185,80.279
1649,79.902,35.239
1650,-52.334,50.382
1651,12.541,15.767
1652,39.696,-77.135
1653,27.545,38.08
1654,66.666,58.219
1655,21.875,14.526
1656,-51.675,-55.429
1657,-24.155,-72.549
1658,-62.089,-83.278
1659,23.253,7.4609
1660,46.244,-3.0661
1661,79.323,34.818
1662,-38.41,39.843
1663,41.402,87.154
1664,29.647,88.349
1665,-69.124,-69.283
1666,1.9734,29.434
1667,27.122,81.606
1668,74.239,-61.781
1669,56.838,24.555
1670,-45.156,-10.687
1671,-30.802,-70.311
1672,13.607,-27.947
1673,25.843,97.986
1674,-20.454,39.58
1675,-38.648,55.981
1676,20.278,-25.417
1677,-11.908,43.915
1678,-32.731,-81.706
1679,-2.5324,64.167
1680,37.24,38.229
1681,-88.635,30.103
1682,49.537,51.346
1683,25.062,69.426
1684,-49.967,86.316
1685,-51.169,-50.103
1686,72.043,47.398
1687,75.325,37.015
1688,24.834,68.203
1689,-102.97,3.6411
1690,12.861,12.014
1691,38.631,-88.382
1692,-2.1423,23.381
1693,-25.459,47.163
1694,-34.99,16.223
1695,31.832,29.688
1696,-19.747,61.264
1697,62.294,54.236
1698,7.8307,25.305
1699,-17.509,-15.092
1700,77.795,32.576
1701,68.96,46.621
1702,18.565,35.439
1703,-36.29,82.105
1704,27.498,-52.881
1705,12.931,-39.382
1706,-16.525,15.353
1707,-7.319,93.332
1708,-54.974,-35.915
1709,36.544,32.787
1710,49.656,26.718
1711,-84.958,-24.987
1712,62.841,53.587
1713,37.418,27.025
1714,11.086,29.106
1715,9.0676,61.017
1716,27.75,22.584
1717,-36.298,-27.693
1718,89.474,-44.529
1719,-69.3,-61.067
1720,47.587,29.988
1721,-31.746,95.323
1722,-46.252,43.302
1723,25.848,-84.826
1724,13.507,34.518
1725,56,31.877
1726,-37.665,34.582
1727,-77.101,-52.323
1728,-55.281,-27.61
1729,14.785,-27.948
1730,53.13,53.963
1731,-54.782,-88.347
1732,-102.69,26.924
1733,-101.57,3.5879
1734,-32.253,16.634
1735,-68.868,73.3
1736,73.508,89.336
1737,-67.844,58.079
1738,35.935,5.0442
1739,22.312,-84.209
1740,-7.5938,-73.903
1741,-24.704,-6.3349
1742,-11.109,-68.359
1743,37.141,-46.4
1744,-81.474,-39.614
1745,88.144,-38.691
1746,-38.848,51.95
1747,81.049,-17.8
1748,44.698,56.856
1749,52.418,70.608
1750,74.135,51.314
1751,38.949,-66.992
1752,-101.59,-11.603
1753,31.136,7.8594
1754,5.1227,27.351
1755,26.723,99.498
1756,40.604,81.684
1757,-76.63,30.796
1758,-4.7309,-13.843
1759,25.391,-40.875
1760,35.507,-32.886
1761,47.598,75.036
1762,59.218,39.852
1763,20.553,69.45
1764,-88.758,-53.13
1765,12.076,6.8745
1766,14.711,-13.301
1767,24.325,-30.569
1768,-50.496,84.832
1769,-104.48,35.219
1770,-103.47,-10.318
1771,-98.987,1.7444
1772,10.278,36.731
1773,17.984,1.7131
1774,23.43,4.214
1775,0.72455,78.814
1776,-52.552,-38.207
1777,-29.212,94.161
1778,76.07,47.867
1779,10.67,31.726
1780,34.663,20.079
1781,-104.16,27.714
1782,-0.35059,20.154
1783,-69.643,67.142
1784,61.921,-13.598
1785,-44.267,-44.308
1786,35.697,22.824
1787,31.427,25.763
1788,-8.9309,-75.924
1789,52.178,16.154
1790,83.422,-43.941
1791,-36.034,57.188
1792,8.0736,81.799
1793,29.809,22.238
1794,0.43819,-48.884
1795,58.322,73.65
1796,2.3669,23.102
1797,44.027,29.555
1798,18.145,34.931
1799,-25.256,34.196
1800,9.2942,49.091
1801,44.799,80.162
1802,-100.99,-0.16638
1803,23.561,68.521
1804,27.315,-34.062
1805,78.544,36.274
1806,28.453,54.127
1807,23.208,-79.035
1808,-24.133,46.341
1809,-75.928,29.371
1810,65.962,89.196
1811,-73.365,-59.845
1812,4.3293,17.424
1813,57.847,40.128
1814,49.112,-26.184
1815,-78.418,59.69
1816,-32.699,-2.1163
1817,-12.283,-75.465
1818,-4.5967,37.347
1819,55.207,-83.688
1820,-5.8657,57.96
1821,-11.456,78.176
1822,2.4742,41.655
1823,51.516,7.1897
1824,87.04,43.953
1825,2.3449,25.896
1826,34.374,51.64
1827,-83.599,-5.2363
1828,17.298,39.939
1829,20.791,43.026
1830,30.273,-42.656
1831,90.007,-41.912
1832,0.74066,-19.02
1833,-79.17,36.071
1834,11.884,-55.958
1835,-19.171,-31.669
1836,2.0534,33.719
1837,78.216,50.467
1838,90.436,34.068
1839,-55.423,13.735
1840,-88.077,23.859
1841,-88.323,-14.955
1842,9.7327,-5.4103
1843,8.7369,40.201
1844,84.921,-10.111
1845,-7.1542,76.251
1846,57.249,52.806
1847,47.823,87.594
1848,76.97,-42.419
1849,36.797,35.134
1850,-11.267,-1.3613
1851,56.287,41.642
1852,80.197,51.239
1853,50.726,-54.055
1854,-70.923,30.749
1855,2.3655,-14.527
1856,18.016,68.075
1857,-31.777,-80.069
1858,-11.746,-72.53
1859,75.122,51.158
1860,69.339,32.128
1861,-0.691,31.484
1862,-31.376,-1.5071
1863,42.847,45.314
1864,90.903,36.38
1865,94.501,-62.339
1866,-7.8417,76.918
1867,-44.938,5.4577
1868,37.145,4.4869
1869,-1.0077,77.511
1870,55.5,33.721
1871,61.746,49.671
1872,36.002,-3.4261
1873,11.919,34.026
1874,-18.262,-73.09
1875,-13.814,50.35
1876,-51.13,-37.872
1877,-37.023,8.5584
1878,-49.795,-29.97
1879,11.098,-39.783
1880,64.186,27.962
1881,42.922,13.486
1882,0.3289,101.33
1883,2.3556,17.154
1884,-101.87,11.477
1885,-2.1453,100.53
1886,52.261,-10.274
1887,68.855,-57.961
1888,8.9673,-80.939
1889,40.019,24.294
1890,-33.631,-26.402
1891,-49.703,78.875
1892,37.509,-62.324
1893,70.269,37.46
1894,62.505,54.225
1895,28.59,56.807
1896,12.864,9.0595
1897,-3.3013,101.09
1898,-27.473,81.098
1899,-18.056,-67.946
1900,-24.085,-10.986
1901,99.522,-57.344
1902,-12.353,-8.7181
1903,-98.38,24.441
1904,19.961,20.922
1905,50.685,76.65
1906,47.163,-40.911
1907,60.074,2.8892
1908,33.412,91.525
1909,103.04,32.785
1910,-6.4758,61.155
1911,-82.748,2.7823
1912,35.33,85.233
1913,-49.372,-23.239
1914,2.1824,23.812
1915,21.751,-79.127
1916,79.419,33.351
1917,8.9191,30.061
1918,15.462,-70.825
1919,-44.696,5.128
1920,-61.647,78.723
1921,35.359,20.714
1922,-3.0316,-85.583
1923,-17.57,-24.282
1924,59.259,38.854
1925,-12.091,-80.515
1926,-101.95,12.136
1927,43.976,80.311
1928,-48.278,6.6501
1929,-19.697,-68.765
1930,-55.664,-0.69854
1931,-33.948,17.204
1932,52.417,34.354
1933,18.156,34.273
1934,-55.962,-83.048
1935,-48.76,36.172
1936,34.595,25.491
1937,-8.6121,-3.3035
1938,-18,38.926
1939,-4.4651,8.8826
1940,-79.752,-66.674
1941,53.728,-86.65
1942,61.428,22.384
1943,-28.232,-67.292
1944,-102.94,1.2829
1945,-80.145,34.893
1946,-10.148,-1.8274
1947,-33.236,-27.928
1948,-19.123,55.81
1949,19.801,-6.03
1950,18.134,52.874
1951,52.219,-49.166
1952,-42.722,-15.305
1953,61.757,42.385
1954,69.304,47.147
1955,56.026,74.803
1956,-65.608,9.6995
1957,10.324,36.053
1958,19.502,2.1605
1959,55.282,72.846
1960,-6.6813,77.954
1961,-55.017,72.475
1962,3.6494,18.409
1963,58.729,-85.2
1964,-67.128,-58.962
1965,5.5851,-7.8931
1966,4.6327,72.542
1967,5.4593,38.675
1968,71.183,42.117
1969,-5.0348,21.392
1970,49.253,-25.934
1971,5.1822,38.604
1972,66.572,57.866
1973,27.378,12.369
1974,68.189,35.965
1975,13.156,33.171
1976,35.999,-44.867
1977,12.891,33.069
1978,69.675,-2.3976
1979,4.717,14.02
1980,5.0876,38.377
1981,-51.484,23.142
1982,-7.3034,-6.847
1983,17.443,77.17
1984,-18.501,-69.164
1985,-11.625,-25.344
1986,-94.18,29.244
1987,19.811,24.956
1988,-86.246,63.538
1989,34.061,8.8681
1990,5.4814,-6.8474
1991,45.048,60.694
1992,-52.231,74.036
1993,-10.883,98.208
1994,-10.427,97.238
1995,13.519,-5.6355
1996,45.418,29.288
1997,3.0896,9.9701
1998,-35.023,69.581
1999,-66.655,-52.859
2000,-37.076,1.7415
2001,35.309,87.272
2002,38.332,48.469
2003,-18.039,90.114
2004,-12.995,16.555
2005,13.433,-25.977
2006,93.824,23.612
2007,86.342,44.256
2008,-64.864,68.014
2009,-75.613,-65.077
2010,86.178,11.982
2011,29.594,30.097
2012,24.536,84.342
2013,48.711,-88.842
2014,-31.954,14.251
2015,45.743,26.745
2016,38.17,12.329
2017,1.1012,88.174
2018,14.054,-87.839
2019,-19.964,-70.515
2020,-101.59,-11.171
2021,-53.254,56.788
2022,59.673,39.714
2023,79.277,-7.156
2024,-38.233,10.042
2025,-68.296,-35.746
2026,-25.387,37.405
2027,-19.355,37.605
2028,85.158,-16.811
2029,-4.8698,59.208
2030,66.621,62.495
2031,41.089,83.231
2032,-102.51,-5.6998
2033,-13.847,43.435
2034,-16.184,-82.93
2035,-68.219,74.135
2036,-69.495,-70.367
2037,20.167,-33.126
2038,5.8685,-9.325
2039,73.521,38.914
2040,31.933,16.979
2041,17.061,11.369
2042,-90.751,5.4101
2043,-63.697,78.296
2044,33.371,12.204
2045,31.939,-56.955
2046,-103.91,-13.277
2047,77.056,-75.431
2048,-46.695,26.133
2049,-53.955,-1.0067
2050,-19.803,-57.625
2051,44.546,-42.62
2052,3.929,16.973
2053,-15.398,89.796
2054,73.215,38.654
2055,30.127,16.989
2056,-0.49685,17.6
2057,41.554,1.1559
2058,41.405,-68.798
2059,5.4996,28.669
2060,82.808,-23.513
2061,52.326,15.763
2062,12.837,8.5686
2063,-72.786,26.963
2064,33.207,53.487
2065,-29.116,88.731
2066,-11.945,100.52
2067,2.5206,6.2147
2068,20.746,7.1843
2069,46.124,30.082
2070,17.093,30.669
2071,67.042,67.983
2072,51.411,36.872
2073,56.377,-2.9933
2074,-61.498,18.632
2075,-94.887,15.349
2076,-34.017,69.709
2077,-73.415,35.343
2078,38.588,8.446
2079,-12.012,43.606
2080,-85.681,34.901
2081,1.3063,27.013
2082,19.125,-35.502
2083,-9.005,99.741
2084,55.714,41.632
2085,-69.843,-76.682
2086,-61.527,32.972
2087,-14.143,23.731
2088,-96.815,26.655
2089,32.833,47.454
2090,-25.274,28.459
2091,2.259,7.4839
2092,-23.551,-74.732
2093,95.78,-59.348
2094,68.96,-22.602
2095,60.67,-24.072
2096,24.504,14.263
2097,42.415,50.693
2098,31.729,13.723
2099,10.332,-69.662
2100,-35.659,57.048
2101,41.67,86.72
2102,-11.268,-72.303
2103,49.772,78.156
2104,-59.125,-79.267
2105,-50.432,84.724
2106,55.334,51.772
2107,55.492,23.816
2108,-93.84,29.084
2109,24.858,14.534
2110,-16.437,-82.558
2111,32.668,29.042
2112,-55.361,-0.87131
2113,34.5,82.278
2114,0.66579,28.131
2115,38.425,21.965
2116,36.927,-67.42
2117,45.515,85.301
2118,-24.022,-8.9251
2119,61.553,51.184
2120,39.769,87.581
2121,-100.25,4.1873
2122,8.2167,29.905
2123,-103.27,-2.2223
2124,-68.603,-66.809
2125,-22.429,-87.859
2126,-56.521,8.9511
2127,-35.509,10.14
2128,-86.543,44.862
2129,-29.057,43.837
2130,34.929,90.582
2131,20.409,-92.967
2132,44.118,30.048
2133,41.67,-80.684
2134,22.007,-35.358
2135,-37.938,74.529
2136,-6.4525,-88.541
2137,-32.893,5.328
2138,-22.813,-26.744
2139,-4.7787,26.04
2140,35.67,-78.659
2141,43.287,-86.3
2142,10.71,33.424
2143,-1.235,55.116
2144,20.408,8.9704
2145,-22.636,-72.088
2146,68.953,46.666
2147,47.668,24.169
2148,-11.855,-67.03
2149,-13.137,26.221
2150,-102.48,-5.6855
2151,49.523,53.106
2152,77.179,-36.459
2153,63.649,54.566
2154,67.855,38.856
2155,50.882,26.305
2156,58.206,33.674
2157,-105.72,13.211
2158,-94.043,-1.5969
2159,58.804,54.111
2160,-72.84,-22.36
2161,-60.324,78.609
2162,-71.947,69.631
2163,92.35,-52.264
2164,40.95,36.49
2165,38.666,12.938
2166,-21.632,69.762
2167,26.798,36.135
2168,69.824,-35.625
2169,34.112,52.799
2170,-71.259,25.938
2171,64.123,66.666
2172,39.225,22.331
2173,42.869,-48.43
2174,21.168,-32.03
2175,-90.938,5.4101
2176,-1.9937,-54.582
2177,60.094,28.045
2178,-15.154,99.995
2179,56.806,73.542
2180,38.093,32.895
2181,51.6,-29.428
2182,-6.3755,55.741
2183,-1.8509,-0.16516
2184,25.062,-31.311
2185,-41.501,1.4959
2186,39.11,1.1805
2187,-98.5,-1.6611
2188,-52.231,-13.13
2189,-4.6763,44.822
2190,20.72,21.299
2191,0.96212,35.423
2192,68.764,-26.862
2193,-28.095,53.496
2194,6.4139,97.151
2195,39.251,54.409
2196,75.104,50.186
2197,24.534,84.338
2198,93.386,-63.898
2199,-69.996,-69.311
2200,77.047,46.211
2201,-10.754,86.648
2202,3.868,-64.456
2203,-21.444,3.3574
2204,-8.736,84.454
2205,64.562,64.928
2206,65.745,62.339
2207,32.712,-44.757
2208,9.9289,75.202
2209,-104.04,-0.3298
2210,-6.8971,102.84
2211,32.953,-24.177
2212,98.817,47.825
2213,-101.93,19.981
2214,11.554,-0.039038
2215,-4.459,18.286
2216,9.695,60.326
2217,47.614,28.697
2218,-108.82,-7.5786
2219,-66.275,15.434
2220,5.8948,57.841
2221,4.2126,33.812
2222,49.697,-76.837
2223,-8.4017,-0.16712
2224,78.192,-52.887
2225,-69.881,67.077
2226,-9.8877,-9.9141
2227,0.93057,54.911
2228,76.302,48.449
2229,59.793,39.562
2230,34.525,86.309
2231,50.941,39.926
2232,19.12,-56.924
2233,107.48,-52.472
2234,51.016,39.134
2235,-36.131,66.847
2236,14.577,-11.13
2237,44.205,19.419
2238,75.139,50.519
2239,-42.705,64.694
2240,30.321,23.585
2241,23.539,-88.067
2242,-99.294,31.912
2243,64.426,66.67
2244,65.127,-53.554
2245,8.369,41.171
2246,5.4761,61.036
2247,-33.528,66.49
2248,-26.079,54.817
2249,30.296,84.001
2250,-55.083,19.496
2251,27.162,0.62993
2252,-14.074,56.595
2253,62.758,49.312
2254,18.272,-39.092
2255,46.147,27.883
2256,28.969,20.612
2257,-104.79,27.427
2258,-5.6276,26.407
2259,6.7644,-80.493
2260,-70.202,69.793
2261,92.171,-64.44
2262,-46.898,-30.382
2263,63.317,14.555
2264,34.375,28.936
2265,14.573,-26.156
2266,-75.88,35.245
2267,34.112,26.148
2268,-17.706,-0.94855
2269,-15.189,-85.666
2270,-90.611,5.4474
2271,24.55,74.145
2272,7.8569,99.415
2273,-29.136,88.604
2274,37.817,-87.538
2275,-18.77,-36.524
2276,4.8613,18.856
2277,-14.719,-54.766
2278,-70.909,-77.74
2279,-5.7085,75.545
2280,25.67,94.968
2281,6.6497,60.906
2282,-33.239,19.064
2283,-56.837,-75.639
2284,-8.7596,27.389
2285,38.046,-67.949
2286,65.452,-22.188
2287,53.844,52.589
2288,-10.799,-79.666
2289,-32.136,28.917
2290,65.109,67.531
2291,-34.6,70.057
2292,10.675,37.887
2293,77.192,46.09
2294,32.307,-42.795
2295,-24.989,-10.709
2296,-13.82,-85.311
2297,-19.005,-69.61
2298,16.441,-13.74
2299,2.5528,-83.044
2300,0.070946,-14.626
2301,34.715,82.18
2302,-8.2713,29.621
2303,74.969,-29.38
2304,81.256,50.21
2305,53.125,53.924
2306,-91.158,17.623
2307,-53.907,73.709
2308,-70.185,-69.412
2309,75.658,13.181
2310,89.921,26.91
2311,18.252,73.11
2312,-97.378,-2.9602
2313,4.7135,62.136
2314,5.7622,-64.447
2315,-12.414,-6.158
2316,-32.472,23.683
2317,72.722,-83.831
2318,47.145,10.329
2319,80.566,49.285
2320,4.9326,55.084
2321,53.682,-86.757
2322,89.114,35.199
2323,82.956,46.691
2324,112,5.4908
2325,-59.462,50.052
2326,31.616,75.279
2327,75.738,52.153
2328,-14.18,-28.176
2329,-77.055,34.531
2330,-91.852,-48.271
2331,67.674,-22.654
2332,-69.919,-70.251
2333,4.4444,76.244
2334,0.39964,14.672
2335,3.8287,34.045
2336,52.304,48.929
2337,83.071,30.136
2338,39.556,61.021
2339,53.594,-16.488
2340,-26.417,28.369
2341,-11.366,-3.9597
2342,22.3,-97.449
2343,-80.189,30.818
2344,-77.862,-70.947
2345,16.885,-82.947
2346,39.031,22.506
2347,79.949,49.763
2348,-99.005,8.7902
2349,-101.27,9.0983
2350,44.653,31.82
2351,38.021,8.5662
2352,30.269,78.004
2353,38.103,-91.495
2354,54.672,33.652
2355,7.5289,28.397
2356,-107.36,-8.3981
2357,2.6175,91.779
2358,-7.5303,-5.0632
2359,30.166,76.78
2360,-72.876,-76.448
2361,-8.3029,94.279
2362,-6.4702,25.436
2363,15.313,33.633
2364,-50.037,-51.461
2365,-10.968,-4.17
2366,-29.606,55.109
2367,-61.523,18.066
2368,-8.0751,93.905
2369,36.052,93.34
2370,51.813,70.672
2371,-71.784,69.278
2372,18.592,-38.54
2373,47.669,27.776
2374,75.274,50.608
2375,-11.08,29.644
2376,-2.9635,42.208
2377,-22.302,-106.37
2378,3.1461,23.028
2379,67.671,57.842
2380,36.65,-48.533
2381,-86.436,44.832
2382,38.971,35.713
2383,52.428,-65.119
2384,27.688,-33.122
2385,47.04,-41.291
2386,8.5781,31.228
2387,-22.302,-106.37
2388,-96.832,31.182
2389,45.629,85.229
2390,20.449,23.777
2391,-11.911,-71.188
2392,22.012,-78.917
2393,-12.029,-77.094
2394,89.181,28.001
2395,30.207,48.494
2396,-29.411,44.549
2397,1,54.706
2398,-88.037,-12.894
2399,84.267,45.557
2400,76.306,-53.965
2401,-1.6269,50.026
2402,30.368,93.777
2403,-46.936,87.642
2404,8.807,-13.962
2405,-81.435,36.946
2406,-23.366,71.946
2407,16.775,-83.007
2408,-10.907,92.718
2409,95.078,-50.535
2410,-79.267,46.54
2411,55.136,-58.527
2412,55.934,55.12
2413,54.676,42.901
2414,-3.6434,-4.4405
2415,-14.11,96.062
2416,-21.387,81.797
2417,-66.889,-68.951
2418,-60.575,21.833
2419,-67.519,-79.902
2420,63.681,39.439
2421,-17.792,-67.626
2422,-97.7,-14.572
2423,-54.093,-33.709
2424,17.443,75.713
2425,74.717,50.809
2426,-16.912,-84.196
2427,34.212,-49.618
2428,-29.316,96.208
2429,22.773,-36.228
2430,90.948,32.169
2431,-14.507,52.604
2432,25.101,84.178
2433,-24.001,-72.388
2434,73.403,-58.205
2435,41.926,-79.654
2436,-29.91,91.525
2437,-73.338,30.436
2438,8.2976,69.82
2439,-36.264,30.418
2440,-3.6456,74.733
2441,17.096,-75.857
2442,-38.036,85.811
2443,29.832,54.462
2444,9.544,31.585
2445,59.349,-65.242
2446,77.401,-59.45
2447,75.982,46.721
2448,79.719,41.614
2449,-55.109,13.609
2450,27.636,95.723
2451,-30.732,90.6
2452,-79.991,35.149
2453,-1.7748,93.304
2454,86.186,43.598
2455,51.714,25.681
2456,-90.368,24.352
2457,15.436,59.965
2458,-1.1709,-43.33
2459,-44.243,5.3216
2460,12.88,38.987
2461,-1.6073,51.482
2462,-15.362,-3.5248
2463,-26.264,-8.571
2464,49.991,53.032
2465,-48.331,7.5361
2466,-33.924,17.826
2467,13.522,5.9999
2468,-68.167,-52.764
2469,-72.226,-45.526
2470,21.385,-69.424
2471,19.465,-83.93
2472,50.779,79.767
2473,23.233,-78.055
2474,-86.456,23.666
2475,17.683,67.016
2476,-75.343,5.6254
2477,-26.583,-23.595
2478,32.039,-62.065
2479,37.752,8.3624
2480,73.054,52.486
2481,33.011,78.411
2482,41.681,79.296
2483,61.055,37.476
2484,54.36,71.782
2485,-46.918,87.253
2486,2.6878,-16.015
2487,-29.134,93.809
2488,-32.299,74.472
2489,41.035,-90.211
2490,-43.518,-18.094
2491,50.969,33.722
2492,59.683,-12.221
2493,-81.852,27.569
2494,-16.459,-24.405
2495,-102.7,-13.204
2496,-73.619,-53.583
2497,-52.837,51.284
2498,51.952,-31.76
2499,10.455,-80.919
2500,42.944,-35.399
2501,-83.171,37.111
2502,-70.538,30.279
2503,34.981,-84.214
2504,51.618,-50.78
2505,85.803,45.845
2506,69.524,47.065
2507,-29.688,-5.3873
2508,48.708,42.736
2509,-64.64,68.857
2510,91.115,34.997
2511,6.3456,56.005
2512,83.648,40.548
2513,71.37,41.68
2514,-98.802,9.8678
2515,26.556,-37.463
2516,-7.1098,102.79
2517,45.41,103.45
2518,-92.179,16.852
2519,52.507,49.045
2520,4.588,34.338
2521,32.532,79.132
2522,-54.254,-45.046
2523,37.368,37.901
2524,8.2002,75.452
2525,63.252,39.137
2526,1.5351,15.428
2527,-31.443,75.334
2528,-106.07,-13.744
2529,-65.126,-62.672
2530,-39.204,-73.503
2531,-41.322,-3.9187
2532,-59.597,53.353
2533,-38.816,89.599
2534,105.28,-44.689
2535,5.8635,-108.03
2536,-25.529,30.866
2537,37.611,80.186
2538,32.864,-42.587
2539,-2.7305,-28.103
2540,-3.5822,-34.327
2541,27.984,-82.137
2542,22.884,-38.414
2543,45.654,-3.4499
2544,27.338,52.272
2545,-0.86167,100.33
2546,4.6361,-33.876
2547,-46.881,41.618
2548,68.583,-24.331
2549,-8.8295,34.474
2550,-10.204,-4.5504
2551,-73.262,-17.666
2552,-43.174,37.711
2553,-72.4,-64.177
2554,-1.638,37.29
2555,-33.546,-13.948
2556,50.178,79.731
2557,26.169,83.902
2558,90.201,34.346
2559,-12.826,46.47
2560,28.752,16.581
2561,34.627,-77.973
2562,12.581,36.018
2563,66.782,-49.372
2564,45.884,-3.3252
2565,13.619,20.045
2566,24.702,90.434
2567,-108.12,-7.203
2568,-60.247,37.004
2569,10.188,45.47
2570,1.6086,29.252
2571,12.768,-35.422
2572,-24.546,84.832
2573,-17.734,32.635
2574,-90.126,7.9707
2575,-16.494,-80.156
2576,81.015,30.888
2577,33.588,25.672
2578,42.962,86.837
2579,30.555,53.7
2580,-6.0003,5.2658
2581,-77.105,56.997
2582,82.101,-49.573
2583,7.7041,50.604
2584,44.461,19.086
2585,83.407,44.462
2586,16.107,-72.399
2587,-7.0767,73.917
2588,-58.395,60.929
2589,-15.089,89.645
2590,-24.652,-55.834
2591,-50.851,-28.112
2592,0.0018212,-21.255
2593,7.5587,13.055
2594,71.972,19.869
2595,8.7636,32.251
2596,58.442,-59.507
2597,-79.125,28.6
2598,33.209,14.463
2599,-21.944,-15.291
2600,38.441,38.901
2601,-91.105,17.134
2602,-80.935,-35.822
2603,1.2896,99.728
2604,-5.1366,73.69
2605,-21.35,-81.14
2606,-37.359,42.385
2607,93.023,-28.584
2608,73.508,89.339
2609,3.2183,80.996
2610,-84.512,30.967
2611,72.644,20.521
2612,-16.255,54.14
2613,-72.008,-43.78
2614,49.457,-74.261
2615,-20.041,-82.712
2616,71.938,44.936
2617,-33.727,-5.9796
2618,66.454,56.975
2619,-19.388,-48.219
2620,-11.512,32.783
2621,-25.227,-96.064
2622,45.633,75.014
2623,-87.955,-12.995
2624,58.617,72.654
2625,19.954,42.988
2626,-5.8691,-35.461
2627,1.5722,21.961
2628,3.8688,17.238
2629,10.655,85.1
2630,35.923,40.347
2631,-90.906,4.9747
2632,-0.093065,78.344
2633,35.19,-76.381
2634,63.486,40.325
2635,-15.06,-82.948
2636,-35.755,31.819
2637,46.175,73.684
2638,38.28,87.673
2639,8.9902,34.94
2640,-18.194,-106.09
2641,-44.608,-10.595
2642,-27.57,7.7003
2643,-5.9638,38.924
2644,-65.529,0.1161
2645,37.466,-88.876
2646,48.131,101
2647,75.746,54.794
2648,-109.16,-8.6067
2649,21.971,55.02
2650,-86.246,63.537
2651,16.75,-83.044
2652,-79.525,34.334
2653,49.178,-10.904
2654,-66.141,-61.594
2655,-19.27,26.063
2656,-97.534,15.595
2657,29.697,-12.113
2658,1.4645,101.88
2659,44.357,29.971
2660,39.813,81.378
2661,73.877,50.949
2662,48.777,79.671
2663,-106.13,-10.917
2664,53.213,36.544
2665,-59.208,7.4398
2666,48.301,18.674
2667,61.645,43.389
2668,55.931,55.32
2669,88.963,35.15
2670,73.661,31.926
2671,-58.116,0.67983
2672,-33.486,7.3717
2673,24.398,51.556
2674,-77.706,-54.491
2675,-53.397,25.949
2676,-13.569,26.205
2677,13.698,91.155
2678,20.787,-45.045
2679,63.773,-31.468
2680,16.243,27.985
2681,35.259,-85.454
2682,13.223,72.495
2683,40.891,39.802
2684,-21.536,2.445
2685,72.977,-57.243
2686,-62.222,77.627
2687,11.476,-13.492
2688,56.792,-6.8974
2689,47.769,-44.179
2690,16.025,40.799
2691,5.5013,-74.609
2692,-72.822,28.95
2693,-80.458,1.8591
2694,9.3986,75.01
2695,7.9258,60.194
2696,71.551,41.481
2697,65.55,54.258
2698,81.442,31.767
2699,-37.548,-27.805
2700,112,5.4913
2701,-39.621,-10.621
2702,72.432,45.715
2703,30.686,-45.981
2704,27.317,-53.047
2705,-27.554,93.614
2706,78.089,-53.051
2707,38.745,34.744
2708,-100.33,26.568
2709,32.213,75.265
2710,49.25,52.467
2711,19.467,-79.652
2712,9.268,30.731
2713,4.9415,72.246
2714,8.6043,-61.126
2715,76.902,-53.02
2716,-25.226,-95.408
2717,-23.911,-75.804
2718,19.851,-9.1241
2719,-75.956,-59.595
2720,-12.432,55.453
2721,-61.107,-30.171
2722,-72.151,-44.004
2723,-19.481,49.511
2724,28.283,95.541
2725,25.718,-17.238
2726,-100.01,31.979
2727,-10.727,-89.178
2728,-90.713,13.415
2729,-56.121,-37.613
2730,-30.843,95.603
2731,-27.73,0.65425
2732,-1.1764,71.052
2733,45.17,43.278
2734,-68.057,20.191
2735,3.6467,41.25
2736,41.213,-80.497
2737,-89.842,7.7923
2738,36.96,14.189
2739,51.817,25.668
2740,78.887,46.637
2741,45.219,30.413
2742,70.479,41.498
2743,-23.182,-73.061
2744,1.6133,8.0603
2745,-18.949,55.146
2746,-68.381,73.444
2747,42.576,50.815
2748,13.298,0.61865
2749,-64.023,-29.013
2750,39.877,-32.376
2751,43.56,-86.759
2752,-27.015,46.373
2753,73.509,89.331
2754,-45.567,3.8021
2755,63.506,40.601
2756,-42.703,89.277
2757,19.855,22.494
2758,-72.862,-26.826
2759,23.228,-77.952
2760,68.663,39.012
2761,20.04,-33.339
2762,41.396,28.601
2763,-62.031,69.254
2764,-16.666,-0.40923
2765,86.347,11.841
2766,-81.431,-40.219
2767,52.758,80.593
2768,-20.878,-85.814
2769,22.328,-83.751
2770,6.8507,37.775
2771,69.069,39.308
2772,33.164,54.455
2773,-97.741,15.822
2774,66.442,8.1265
2775,7.9485,27.156
2776,-94.968,17.558
2777,-68.812,27.104
2778,-54.686,-27.32
2779,-42.712,20.818
2780,-64.218,-77.752
2781,56.618,73.469
2782,37.356,36.193
2783,61.943,51.28
2784,38.559,49.384
2785,91.289,25.814
2786,-73.265,-24.122
2787,2.2521,-7.2944
2788,16.998,90.565
2789,72.457,80.901
2790,26.575,15.565
2791,84.416,42.383
2792,2.8868,-20.316
2793,25.089,-81.862
2794,-32.339,0.75652
2795,-88.484,33.862
2796,-8.713,-74.741
2797,-4.0727,-88.033
2798,33.686,91.327
2799,0.29591,33.508
2800,81.674,-1.5054
2801,18.746,68.305
2802,-68.97,-63.484
2803,36.559,-90.023
2804,75.818,51.254
2805,6.254,39.816
2806,42.077,88.891
2807,-38.789,84.118
2808,-28.511,93.476
2809,19.117,74.52
2810,29.474,-34.006
2811,20.778,76.811
2812,-22.615,-75.122
2813,1.3577,-16.842
2814,19.744,-45.094
2815,-10.521,47.304
2816,10.901,34.433
2817,-14.141,-2.6112
2818,95.195,-42.479
2819,45.785,-19.43
2820,69.155,-58.847
2821,91.425,34.157
2822,1.9953,26.251
2823,-90.483,17.315
2824,76.147,-33.805
2825,-8.8554,-63.788
2826,15.241,84.175
2827,19.527,42.988
2828,68.101,45.68
2829,61.142,42.87
2830,31.993,26.016
2831,74.303,-62.03
2832,-0.2668,37.057
2833,21.894,41.128
2834,-69.42,68.783
2835,28.875,79.939
2836,-39.414,-12.628
2837,-71.888,-53.242
2838,-67.515,-59.697
2839,-72.559,-44.453
2840,49.216,58.757
2841,-30.057,87.939
2842,-38.19,80.462
2843,-104.87,34.439
2844,45.017,43.472
2845,-24.85,13.396
2846,6.6163,-7.681
2847,-98.008,4.7229
2848,-2.3834,95.91
2849,0.067913,10.115
2850,20.576,43.324
2851,-15.069,-80.694
2852,-30.744,-10.024
2853,22.968,12.886
2854,43.988,1.7799
2855,34.265,90.443
2856,-54.571,31.451
2857,-33.946,74.683
2858,38.506,87.45
2859,-55.281,27.484
2860,-28.367,-67.425
2861,-35.076,2.0667
2862,56.08,73.129
2863,33,8.3951
2864,-49.837,50.14
2865,-6.7686,100.67
2866,52.567,62.218
2867,-46.101,26.906
2868,-36.583,-71.592
2869,37.399,16.514
2870,21.133,-31.721
2871,58.11,76.521
2872,59.32,75.068
2873,88.074,35.44
2874,88.115,35.54
2875,52.314,71.007
2876,13.674,35.712
2877,37.567,83.665
2878,3.0971,-16.275
2879,-0.21991,14.164
2880,-75.049,-73.442
2881,-95.608,5.3178
2882,53.646,28.642
2883,-15.871,49.121
2884,68.767,46.538
2885,-68.268,73.492
2886,73.203,38.131
2887,-31.929,14.362
2888,-34.588,26.45
2889,-24.448,-9.0878
2890,55.675,39.776
2891,-15.956,-15.346
2892,-44.254,84.75
2893,-13.291,-94.753
2894,-66.016,69.376
2895,21.213,-32.296
2896,44.336,76.855
2897,29.987,22.626
2898,27.584,29.965
2899,92.632,26.078
2900,-100.82,-0.22429
2901,6.9339,-79.857
2902,8.5695,-3.3161
2903,-18.595,-33.698
2904,-50.201,-23.597
2905,-81.14,64.201
2906,-46.134,-8.809
2907,67.79,68.492
2908,-28.669,-75.03
2909,-21.903,-15.551
2910,-59.166,27.365
2911,32.375,20.176
2912,-37.528,12.83
2913,3.5998,-13.275
2914,72.294,81.29
2915,29.288,-95.378
2916,74.716,52.103
2917,6.9571,30.004
2918,57.61,73.832
2919,8.2501,30.13
2920,3.5355,24.187
2921,-17.741,-24.513
2922,-55.53,-86.441
2923,-97.809,27.663
2924,52.897,-16.292
2925,74.225,50.904
2926,1.5569,52.43
2927,5.9471,-46.501
2928,-85.454,-10.604
2929,66.705,87.163
2930,-56.784,28.33
2931,10.8,96.882
2932,8.0433,18.848
2933,-32.421,22.3
2934,-34.67,16.924
2935,-39.891,58.998
2936,-28.654,30.04
2937,5.8635,-108.03
2938,20.517,-6.7925
2939,44.206,-48.846
2940,-40.964,67.226
2941,-0.75748,101.2
2942,10.546,34.342
2943,-5.245,-3.2498
2944,-38.83,46.57
2945,47.691,44.445
2946,11.839,83.534
2947,35.238,-46.563
2948,-30.759,-66.066
2949,32.298,-62.821
2950,74.749,-33.006
2951,29.44,48.575
2952,-35.459,-8.5292
2953,-29.303,62.292
2954,52.684,81.054
2955,36.44,28.781
2956,36.634,13.591
2957,-49.983,49.924
2958,47.327,-14.989
2959,58.882,39.353
2960,23.857,-37.668
2961,77.312,46.92
2962,5.6426,58.462
2963,38.104,48.842
2964,-16.391,-27.022
2965,-1.841,22.719
2966,-65.179,44.259
2967,6.1922,-74.84
2968,90.952,31.674
2969,24.454,-36.297
2970,46.484,29.401
2971,-82.311,31.616
2972,8.2977,39.769
2973,-23.775,21.059
2974,58.658,-4.4443
2975,78.514,-53.875
2976,-89.126,10.151
2977,-76.2,34.375
2978,21.907,25.567
2979,25.864,-92.747
2980,41.478,24.049
2981,45.72,85.096
2982,44.224,81.808
2983,46.03,29.049
2984,91.259,32.634
2985,86.202,11.962
2986,72.334,58.245
2987,-55.222,28.564
2988,51.296,76.641
2989,58.147,-58.233
2990,4.7088,70.554
2991,-66.826,-58.03
2992,68.59,-56.276
2993,0.17259,38.989
2994,-79.616,-52.703
2995,-62.493,32.405
2996,19.558,-5.8425
2997,46.629,29.596
2998,86.343,34.75
2999,11.492,-11.79
3000,20.889,83.051
3001,20.326,80.444
3002,-46.613,-11.699
3003,38.918,79.498
3004,32.448,90.982
3005,-14.384,54.147
3006,10.029,-21.305
3007,-37.591,47.518
3008,-11.114,-73.827
3009,19.666,-44.933
3010,11.833,-67.689
3011,-26.378,-1.0205
3012,-14.472,-27.196
3013,-13.975,45.955
3014,-42.883,89.213
3015,-10.261,-17.728
3016,-61.337,79.021
3017,-54.162,31.314
3018,13.609,11.791
3019,-92.017,10.803
3020,-78.067,35.034
3021,-89.673,21.484
3022,-70.159,-63.075
3023,-60.083,-32.247
3024,-6.0435,63.141
3025,8.3918,32.879
3026,22.581,80.146
3027,30.046,-43.562
3028,-34.865,15.315
3029,-90.2,-18.143
3030,48.213,-51.97
3031,79.247,47.343
3032,46.084,-3.1509
3033,-90.811,-0.29434
3034,28.587,81.797
3035,45.497,1.4065
3036,-96.363,5.7769
3037,-93.483,-48.161
3038,44.82,75.642
3039,29.015,-11.489
3040,-81.898,29.905
3041,56.768,52.423
3042,21.061,-8.6171
3043,-14.016,24.936
3044,-13.581,43.425
3045,40.331,-43.257
3046,39.379,1.4974
3047,-75.144,54.326
3048,-12.904,-53.95
3049,-57.739,-9.964
3050,17.637,76.603
3051,-1.2236,-39.23
3052,79.968,-37.033
3053,33.21,25.527
3054,69.06,48.53
3055,71.419,41.807
3056,-9.4061,-28.695
3057,-19.905,37.339
3058,35.598,16.231
3059,63.14,49.168
3060,-17.807,-106.02
3061,7.1669,31.874
3062,63.276,40.068
3063,-24.531,89.405
3064,-50.21,69.132
3065,26.089,-74.624
3066,-96.269,6.0481
3067,39.74,-31.318
3068,59.087,-63.743
3069,55.076,33.75
3070,-81.404,21.147
3071,16.754,-97.815
3072,-8.5683,-10.211
3073,-18.851,17.951
3074,-78.324,-56.053
3075,73.508,89.336
3076,49.213,39.021
3077,36.52,79.689
3078,13.307,-26.256
3079,47.818,9.1036
3080,-13.612,50.34
3081,4.157,-59.885
3082,79.456,44.491
3083,20.35,89.775
3084,-81.583,34.299
3085,34.755,50.137
3086,-42.5,-67.991
3087,21.514,79.943
3088,-23.773,44.944
3089,-31.718,30.668
3090,-33.937,92.571
3091,-83.077,4.3506
3092,-102.1,21.839
3093,20.011,-38.872
3094,44.419,27.456
3095,30.854,3.5826
3096,-31.659,-69.18
3097,76.013,-37.252
3098,32.698,-55.805
3099,50.516,78.238
3100,73.881,54.758
3101,-91.344,17.031
3102,54.561,43.364
3103,6.3294,61.719
3104,19.991,44.164
3105,-32.462,56.753
3106,52.285,18.639
3107,69.78,40.859
3108,69.745,49.314
3109,18.923,-36.049
3110,14.993,7.0548
3111,35.473,-71.737
3112,9.1962,29.783
3113,-41.687,4.4446
3114,-34.415,28.858
3115,46.313,-2.9806
3116,5.1484,-57.977
3117,40.687,88.984
3118,-11.808,50.92
3119,-11.917,1.1974
3120,-25.365,67.442
3121,-59.027,-17.705
3122,47.596,43.15
3123,-94.527,23.445
3124,0.94387,-77.653
3125,22.34,-83.8
3126,46.774,-40.901
3127,95.17,23.692
3128,-33.83,-80.514
3129,-11.872,100.08
3130,7.5145,-76.055
3131,36.517,41.932
3132,30.542,92.711
3133,59.146,54.798
3134,35.119,-64.09
3135,34.635,-85.555
3136,15.051,-70.532
3137,83.662,46.306
3138,63.757,40.463
3139,-95.618,10.849
3140,33.767,91.424
3141,14.942,-58.927
3142,-105.33,1.0271
3143,44.891,30.189
3144,19.694,33.778
3145,-76.544,35.27
3146,75.242,50.565
3147,33.015,6.5882
3148,9.5077,90.137
3149,85.293,-38.733
3150,51.436,79.21
3151,-71.289,13.103
3152,-79.902,61.834
3153,26.996,36.195
3154,-5.5532,33.648
3155,69.772,46.578
3156,92.763,27.114
3157,5.7493,39.032
3158,-76.399,36.15
3159,-28.111,-52.461
3160,47.577,45.029
3161,27.73,-51.538
3162,-53.828,31.345
3163,-100.56,-0.069555
3164,-99.39,-29.55
3165,-17.744,28.047
3166,-45.261,22.935
3167,61.126,57.039
3168,22.509,-97.781
3169,24.349,97.128
3170,-89.097,31.467
3171,40.613,54.897
3172,-69.818,36.718
3173,92.03,35.8
3174,-17.179,35.539
3175,46.517,85.195
3176,24.399,83.393
3177,-35.953,-68.81
3178,-32.081,74.525
3179,-95.175,8.2362
3180,-55.385,40.393
3181,-13.065,52.407
3182,-33.236,27.732
3183,57.445,33.069
3184,-19.664,42.871
3185,39.022,38.559
3186,-11.3,-85.047
3187,12.454,-80.81
3188,45.634,-92.713
3189,-27.587,81.1
3190,15.853,-71.919
3191,-5.68,50.426
3192,-44.481,84.284
3193,-93.76,-0.6907
3194,56.916,-40.297
3195,-13.013,-39.716
3196,-47.251,-88.358
3197,63.124,36.135
3198,72.85,20.384
3199,66.758,67.34
3200,-52.066,7.1084
3201,30.604,56.144
3202,7.9312,-79.564
3203,80.75,-38.177
3204,-61.094,72.304
3205,39.858,20.913
3206,18.545,-36.359
3207,76.901,53.089
3208,26.779,-38.575
3209,84.084,43.064
3210,70.479,64.213
3211,33.419,61.751
3212,46.964,-63.254
3213,-68.871,-77.659
3214,-84.744,-6.1434
3215,-10.927,-4.0186
3216,6.9814,70.492
3217,-20.992,-44.683
3218,-90.57,16.783
3219,-53.776,2.1648
3220,39.366,-61.677
3221,28.28,-45.422
3222,-51.157,-49.893
3223,10.518,75.016
3224,35.547,23.541
3225,26.425,-92.102
3226,8.2561,32.871
3227,-0.51579,91.83
3228,-101.09,18.903
3229,-4.1375,3.0837
3230,-5.7088,-5.3098
3231,40.716,62.003
3232,36.11,89.538
3233,45.012,76.465
3234,33.093,79.189
3235,59.197,-13.756
3236,-15.836,14.755
3237,34.716,19.572
3238,47.18,44.136
3239,-59.256,-21.766
3240,-30.877,0.44803
3241,-11.198,32.476
3242,33.723,-55.413
3243,-100.01,-1.0342
3244,27.642,-7.2806
3245,77.192,-30.284
3246,30.269,22.753
3247,-1.7416,102.32
3248,30.905,-60.902
3249,-24.118,-107.74
3250,-15.189,-92.755
3251,43.498,-86.096
3252,15.957,-72.707
3253,-86.68,44.817
3254,-5.8785,79.347
3255,5.9997,-61.851
3256,40.688,34.598
3257,57.181,43.201
3258,37.396,39.632
3259,8.5137,29.681
3260,17.766,36.932
3261,38.922,-92.335
3262,58.59,41.302
3263,23.814,-73.648
3264,-70.494,-78.559
3265,4.0601,6.7799
3266,-18.409,87.422
3267,36.779,2.7727
3268,-106.67,-9.7877
3269,-103.78,-11.632
3270,-44.911,39.714
3271,-20.584,36.223
3272,-14.751,37.653
3273,27.698,18.266
3274,-102.88,16.362
3275,28.304,-94.113
3276,-101.48,4.0343
3277,41.416,32.778
3278,-14.997,-4.7775
3279,77.583,-26.879
3280,-95.324,17.514
3281,9.3341,61.003
3282,69.058,47.233
3283,66.106,62.349
3284,-0.74007,41.961
3285,53.038,-88.964
3286,31.728,24.799
3287,-40.261,16.082
3288,98.779,51.749
3289,90.916,35.899
3290,58.832,46.031
3291,-22.799,-109.65
3292,75.89,-78.157
3293,-0.95694,99.811
3294,-55.588,76.76
3295,2.5454,96.915
3296,37.233,-41.951
3297,22.3,-46.765
3298,55.619,-64.521
3299,43.536,12.156
3300,-51.413,65.013
3301,85.522,44.738
3302,16.534,72.082
3303,-78.648,-59.485
3304,-11.805,-76.613
3305,0.15893,39.379
3306,-56.704,28.628
3307,44.294,85.81
3308,29.497,-97.109
3309,77.756,-37.686
3310,-73.848,-13.434
3311,24.408,97.526
3312,17.35,40.02
3313,19.709,-41.608
3314,78.564,36.119
3315,69.019,39.504
3316,31.556,13.044
3317,35.88,-83.706
3318,-12.615,92.44
3319,-17.502,19.866
3320,-5.8725,-76.74
3321,43.598,27.171
3322,73.506,89.337
3323,59.411,74.472
3324,-54.512,-88.513
3325,5.9293,-55.831
3326,-60.324,35.218
3327,44.596,15.168
3328,-94.988,1.0264
3329,-6.3326,101.13
3330,76.951,46.542
3331,86.025,44.737
3332,6.5335,61.325
3333,-3.9105,101.24
3334,-32.634,72.626
3335,-36.048,57.51
3336,-23.468,-3.0945
3337,-101.54,-11.166
3338,-26.13,-62.392
3339,35.128,-92.901
3340,-90.954,17.606
3341,49.266,3.0252
3342,83.21,37.594
3343,-6.9785,78.944
3344,1.2737,7.3523
3345,59.353,-24.06
3346,-25.446,-99.95
3347,18.805,-70.545
3348,20.624,-38.48
3349,-37.897,38.087
3350,-25.758,53.586
3351,13.397,76.373
3352,23.33,-77.957
3353,18.866,-83.33
3354,67.462,-51.402
3355,40.507,24.719
3356,-32.672,93.549
3357,9.7999,-13.94
3358,-67.028,-61.949
3359,-38.901,13.72
3360,17.016,-29.175
3361,19.15,-79.266
3362,45.234,101.45
3363,-39.409,-12.842
3364,-1.9508,49.499
3365,-102.56,-12.031
3366,40.217,12.704
3367,29.371,43.812
3368,41.852,50.7
3369,-52.291,-89.467
3370,-33.369,-81.868
3371,10.244,49.672
3372,-16.871,17.117
3373,3.4061,20.564
3374,-0.054655,52.39
3375,-47.428,59.657
3376,0.9613,71.201
3377,20.286,-6.7798
3378,37.719,-88.372
3379,-9.5932,4.9171
3380,13.232,-47.652
3381,40.702,40.45
3382,54.291,80.777
3383,-51.139,69.783
3384,28.933,-82.602
3385,-52.846,-85.721
3386,-1.2273,40.16
3387,67.865,9.2059
3388,12.793,-14.087
3389,-28.476,-5.6662
3390,-4.32,16.845
3391,4.8109,-49.949
3392,29.87,9.8287
3393,-83.513,-12.559
3394,-28.515,79.566
3395,18.984,-36.612
3396,54.949,-49.124
3397,-11.418,-93.789
3398,44.62,42.227
3399,-71.737,26.033
3400,-81.53,36.607
3401,12.848,71.631
3402,-80.751,-5.338
3403,21.23,-10.299
3404,49.254,-85.559
3405,22.098,73.376
3406,-30.13,12.935
3407,45.733,84.69
3408,-34.268,-69.145
3409,-2.3909,62.188
3410,11.393,32.767
3411,5.5607,57.747
3412,74.384,51.071
3413,100.91,17.309
3414,-43.506,-90.463
3415,-40.849,-91.539
3416,28.692,36.77
3417,-25.288,-70.611
3418,-56.563,73.192
3419,4.1359,64.378
3420,35.711,-83.663
3421,58.206,40.567
3422,-40.202,15.172
3423,90.768,31.971
3424,39.825,35.267
3425,-32.497,73.98
3426,41.542,87.021
3427,-53.267,-29.15
3428,15.231,-14.219
3429,14.217,38.257
3430,-9.1251,-63.944
3431,-101.07,9.0557
3432,68.877,38.01
3433,-9.8975,-10.123
3434,-91.031,5.2769
3435,-71.956,-54.431
3436,-6.3395,93.156
3437,-41.64,31.72
3438,88.378,10.113
3439,-32.74,91.963
3440,12.358,-14.673
3441,86.688,33.645
3442,15.675,40.898
3443,40.15,89.347
3444,40.81,88.878
3445,6.0929,58.237
3446,11.989,18.057
3447,21.668,14.75
3448,12.928,-71.77
3449,20.169,43.961
3450,57.774,-68.24
3451,52.303,15.459
3452,32.771,79.477
3453,33.86,85.36
3454,79.774,38.658
3455,-80.19,35.153
3456,-77.627,-71.295
3457,-94.038,-8.3475
3458,73.958,-81.738
3459,13.483,-17.863
3460,46.929,0.52775
3461,86.297,11.879
3462,39.005,6.173
3463,-14.426,-25.894
3464,49.022,50.324
3465,-10.345,-66.52
3466,20.384,-92.852
3467,-17.648,-24.597
3468,-7.3429,20.799
3469,-59.874,35.025
3470,-73.977,-13.66
3471,4.7696,85.024
3472,35.413,-45.254
3473,-95.734,29.894
3474,-0.39393,79.747
3475,91.431,-58.555
3476,36.419,16.775
3477,-50.177,2.2257
3478,11.811,49.189
3479,53.033,55.102
3480,53.031,-47.73
3481,10.268,27.978
3482,40.422,37.05
3483,1.5766,71.101
3484,61.635,54.688
3485,93.491,-40.119
3486,13.41,-5.569
3487,-4.0775,32.685
3488,22.787,25.307
3489,1.2545,60.925
3490,55.663,42.971
3491,30.751,42.117
3492,38.813,-90.283
3493,-22.463,-90.216
3494,16.206,10.75
3495,-54.357,-58.084
3496,-9.8382,99.248
3497,-9.6308,-9.6465
3498,66.76,29.961
3499,-51.391,-83.624
3500,-93.95,29.468
3501,4.8347,63.783
3502,-94.293,-8.398
3503,-59.105,28.003
3504,-72.441,51.658
3505,44.55,89.022
3506,-38.182,47.791
3507,35.621,22.353
3508,46.399,28.898
3509,12.858,34.015
3510,3.9319,25.821
3511,-29.537,0.57606
3512,30.778,-41.359
3513,30.273,48.919
3514,-37.326,1.6515
3515,-5.0281,3.2654
3516,62.446,56.795
3517,11.814,-17.074
3518,13.904,-27.452
3519,37.255,37.79
3520,8.5911,70.462
3521,30.823,94.269
3522,14.633,-4.4264
3523,-87.862,44.76
3524,19.638,-35.631
3525,-26.008,-1.5205
3526,-49.026,71.156
3527,66.245,49.228
3528,0.84986,100.97
3529,58.166,52.686
3530,72.75,26.306
3531,37.818,83.09
3532,58.401,43.506
3533,30.878,23.128
3534,52.63,-80.711
3535,75.212,87.675
3536,-7.2003,-74.908
3537,-0.1634,-82.348
3538,-77.451,57.682
3539,-40.671,-1.0119
3540,-66.03,-61.189
3541,11.806,-0.64843
3542,-1.1842,-81.652
3543,-101.61,9.5248
3544,44.644,29.973
3545,54.374,79.6
3546,-0.49458,24.393
3547,-4.638,0.7255
3548,17.568,75.878
3549,30.288,41.393
3550,-95.889,5.366
3551,-105.52,-10.244
3552,-10.744,-85.503
3553,-51.623,22.517
3554,29.657,22.253
3555,55.477,21.419
3556,80.142,38.027
3557,-82.017,21.401
3558,52.051,34.411
3559,-83.067,19.229
3560,45.842,11.401
3561,31.903,81.025
3562,-27.325,-1.3118
3563,-21.281,-25.375
3564,25.371,15.38
3565,-60.976,30.407
3566,36.971,-58.979
3567,-24.871,-71.746
3568,1.1351,73.804
3569,16.281,69.421
3570,83.181,31.67
3571,57.685,31.962
3572,69.69,41.397
3573,-21.948,3.9108
3574,9.7787,40.555
3575,46.745,-49.072
3576,26.665,-44.307
3577,4.1376,-84.822
3578,55.336,55.331
3579,38.646,80.24
3580,34.978,-85.283
3581,-108.87,-8.4555
3582,21.009,82.651
3583,31.205,29.749
3584,33.699,18.015
3585,20.768,13.289
3586,-29.296,94.852
3587,7.9392,30.11
3588,23.988,97.599
3589,49.615,-23.888
3590,-57.369,-60.07
3591,-83.468,-13.957
3592,54.956,43.051
3593,44.816,40.765
3594,61.611,41.274
3595,10.327,89.838
3596,31.844,73.208
3597,-1.8049,-52.913
3598,22.552,-89.88
3599,13.323,76.546
3600,76.18,-35.995
3601,-11.516,-16.557
3602,31.839,79.842
3603,23.56,65.474
3604,79.205,50.558
3605,44.802,-34.39
3606,-70.72,1.4519
3607,17.134,39.561
3608,-65.008,62.853
3609,14.654,58.976
3610,-11.499,-70.946
3611,71.326,19.018
3612,-0.018865,78.928
3613,-84.944,34.667
3614,-9.7717,-69.52
3615,-10.294,-3.7012
3616,-20.369,-67.58
3617,-34.585,-7.4204
3618,55.208,72.624
3619,81.22,30.337
3620,-19.924,-93.798
3621,12.545,-14.905
3622,61.59,43.744
3623,-80.273,35.316
3624,-12.393,9.7239
3625,46.105,28.961
3626,-15.524,-1.1837
3627,-58.219,33.345
3628,41.926,50.787
3629,-54.308,31.15
3630,-5.581,40.253
3631,-74.726,-17.722
3632,68.579,63.338
3633,47.068,75.481
3634,-29.305,88.139
3635,1.3254,100.03
3636,43.048,44.574
3637,35.422,19.791
3638,-18.398,17.545
3639,69.076,65.275
3640,41.665,83.343
3641,26.127,12.704
3642,47.484,31.719
3643,4.3692,-6.2221
3644,26.071,-45.28
3645,-38.231,-0.21936
3646,32.426,2.8336
3647,4.5304,57.712
3648,-12.688,9.8772
3649,69.138,54.467
3650,70.708,63.98
3651,-79.488,-66.889
3652,80.55,-41.955
3653,28.164,57.854
3654,40.285,33.704
3655,18.531,6.3567
3656,23.67,31.566
3657,-5.8137,25.652
3658,27.945,-95.687
3659,-13.979,-46.467
3660,75.05,-30.08
3661,-102.48,-5.6329
3662,7.3111,78.767
3663,63.693,15.696
3664,39.248,80.296
3665,12.417,92.508
3666,-5.4258,19.242
3667,-47.628,52.741
3668,51.415,79.874
3669,72.486,38.975
3670,-99.844,8.1521
3671,-92.744,28.53
3672,-34.006,-4.0587
3673,-14.18,72.344
3674,-23.511,6.767
3675,-4.052,-3.1226
3676,30.637,41.59
3677,51.211,77.311
3678,-42.682,-47.496
3679,5.2501,20.59
3680,91.043,-23.305
3681,-107.4,-9.5117
3682,-103,-10.016
3683,11.503,-49.011
3684,52.4,78.979
3685,38.099,49.105
3686,24.333,66.464
3687,55.117,-27.467
3688,-46.425,-88.353
3689,-19.889,-74.34
3690,2.196,35.439
3691,42.564,-70.932
3692,23.589,4.1142
3693,-88.039,28.394
3694,61.904,21.374
3695,-41.525,-13.769
3696,8.7126,35.286
3697,0.92632,-4.5958
3698,-101.54,-13.853
3699,-48.145,7.4648
3700,30.959,22.838
3701,41.218,83.2
3702,-28.261,30.06
3703,-12.855,99.655
3704,17.878,76.014
3705,23.607,14.154
3706,-97.482,4.3377
3707,-93.961,6.5066
3708,49.731,-85.986
3709,51.429,-89.409
3710,-42.663,80.991
3711,14.859,-26.655
3712,8.4428,-2.3039
3713,-67.221,-16.847
3714,38.523,48.619
3715,6.666,24.242
3716,98.595,52.412
3717,20.058,-47.877
3718,1.0309,-60.426
3719,-12.213,-3.3152
3720,53.423,36.297
3721,47.143,24.132
3722,-86.536,33.453
3723,91.059,32.022
3724,0.72219,-82.056
3725,46.11,7.457
3726,33.787,-21.628
3727,-11.539,-57.625
3728,-37.833,80.061
3729,27.746,-92.008
3730,-28.107,-16.27
3731,72.588,-39.067
3732,-61.846,-87.67
3733,-104.83,-14.628
3734,-56.694,25.731
3735,-71.005,25.975
3736,21.504,-8.2359
3737,-87.712,30.947
3738,19.419,10.126
3739,83.594,46.032
3740,7.0096,19.131
3741,-43.929,0.42951
3742,35.809,24.378
3743,-74.05,10.413
3744,5.6533,-15.538
3745,6.5381,35.775
3746,56.298,41.878
3747,21.315,-41.919
3748,80.234,34.925
3749,-88.906,30.552
3750,-95.38,18.448
3751,-85.942,26.663
3752,-39.817,-33.04
3753,-80.058,-31.02
3754,86.012,45.467
3755,-84.433,-11.054
3756,26.528,-91.591
3757,-102.55,0.35808
3758,-61.167,-35.892
3759,-34.96,-55.157
3760,97.367,55.095
3761,-46.756,-25.055
3762,69.426,41.535
3763,-100.96,4.4668
3764,9.2689,41.989
3765,23.707,5.3299
3766,34.239,28.555
3767,-18.232,26.044
3768,-18.426,-84.268
3769,-29.806,-30.708
3770,-40.012,56.098
3771,-70.617,-20.316
3772,58.619,-75.761
3773,-101.92,-1.8868
3774,65.609,69.026
3775,-97.399,3.4432
3776,-74.697,-21.515
3777,57.365,-40.268
3778,-104.99,-9.9682
3779,-57.147,29.649
3780,-71.731,69.422
3781,5.3889,11.702
3782,18.149,65.829
3783,68.95,40.735
3784,-81.534,21.277
3785,-35.488,10.254
3786,38.253,-85.958
3787,-98.567,-11.301
3788,23.027,-10.243
3789,63.557,56.103
3790,-37.701,2.844
3791,-32.704,1.1968
3792,2.0268,18.637
3793,40.465,56.169
3794,-90.948,18.029
3795,-69.064,-22.907
3796,-14.742,-23.32
3797,31.41,90.024
3798,51.374,74.732
3799,-34.347,-3.8225
3800,67.733,68.972
3801,-18.661,-35.718
3802,23.634,-93.429
3803,-15.796,56.583
3804,37.481,80.296
3805,74.155,55.7
3806,-8.9706,99.995
3807,18.44,35.174
3808,31.365,-21.774
3809,3.5425,75.997
3810,13.173,-68.753
3811,83.832,-46.991
3812,-65.941,19.213
3813,-20.859,33.642
3814,-7.1874,26.79
3815,-104.57,18.368
3816,-51.674,-54.88
3817,-70.191,33.207
3818,7.6777,24.132
3819,56.966,43.131
3820,37.781,-32.315
3821,-92.693,22.929
3822,-0.25069,101.1
3823,56.134,35.94
3824,26.991,11.202
3825,-54.776,26.911
3826,-2.8845,-34.468
3827,15.426,-28.744
3828,9.6402,-3.2345
3829,5.7577,-81.609
3830,-0.42193,61.816
3831,-2.1134,23.186
3832,-20.965,11.21
3833,75.325,52.721
3834,44.669,85.74
3835,-29.188,94.695
3836,17.451,75.731
3837,-80.831,-9.6228
3838,-68.151,-40.059
3839,86.63,44.227
3840,5.2442,92.254
3841,82.984,31.746
3842,66.283,-29.656
3843,-9.2148,29.368
3844,-50.432,74.369
3845,-1.6473,50.4
3846,-3.0176,98.608
3847,-61.9,25.4
3848,-20.32,37.074
3849,68.578,40.605
3850,10.464,28.104
3851,-89.637,23.521
3852,-17.469,28.654
3853,-28.696,-71.613
3854,43.849,-82.874
3855,7.9821,-57.521
3856,-19.258,34.669
3857,14.197,-46.431
3858,-104.47,-4.2293
3859,24.049,-73.492
3860,-50.977,24.066
3861,17.825,-45.929
3862,-103.81,-8.1298
3863,43.759,41.095
3864,-17.842,-60.001
3865,0.12777,9.7454
3866,-59.192,-40.497
3867,74.449,47.662
3868,27.373,22.898
3869,-58.516,-34.097
3870,-106.83,-12.21
3871,-9.7166,-94.286
3872,-13.103,45.948
3873,-34.214,2.0715
3874,-93.668,6.6301
3875,11.494,-66.29
3876,-3.545,36.11
3877,-86.809,32.911
3878,-41.942,6.1107
3879,-88.745,-22.868
3880,13.115,33.523
3881,-28.624,-21.727
3882,-45.469,-10.695
3883,-63.817,8.6039
3884,-34.181,-69.133
3885,33.206,8.4176
3886,56.059,43.298
3887,-87.772,26.997
3888,74.562,52.402
3889,78.719,-45.151
3890,84.275,-30.128
3891,-26.529,-87.639
3892,-92.516,-8.0936
3893,29.964,18.882
3894,52.666,4.6705
3895,5.4961,85.425
3896,-74.6,-15.336
3897,88.028,-13.178
3898,-12.417,35.275
3899,-1.8827,9.9984
3900,-12.087,-94.544
3901,16.522,-79.037
3902,8.1406,-75.513
3903,-10.26,47.319
3904,-13.827,26.289
3905,5.1023,-37.987
3906,69.494,39.93
3907,10.802,34.575
3908,57.693,73.911
3909,17.682,76.059
3910,-52.095,-56.854
3911,38.76,-88.673
3912,60.948,-41.942
3913,-102.57,-4.3469
3914,-6.8275,-0.17531
3915,-8.1671,-77.908
3916,83.673,-1.5644
3917,-38.023,0.95114
3918,6.8533,24.09
3919,-96.403,2.525
3920,-85.715,33.341
3921,23.839,81.272
3922,-35.615,20.495
3923,11.183,-8.0862
3924,72.155,38.467
3925,11.833,-1.2561
3926,-1.046,43.065
3927,91.296,32.828
3928,1.4979,26.85
3929,39.428,41.938
3930,31.735,79.987
3931,42.105,79.002
3932,75.399,50.375
3933,86.514,36.957
3934,-59.546,26.181
3935,17.14,-70.863
3936,-22.581,-26.851
3937,-2.8552,-49.006
3938,48.665,-87.17
3939,-68.977,-55.89
3940,52.561,-80.993
3941,-103.03,16.897
3942,57.561,43.731
3943,12.396,-17.605
3944,-10.439,45.174
3945,17.038,35.104
3946,-62.994,11.404
3947,48.197,-87.972
3948,-21.862,-70.831
3949,98.202,46.388
3950,-12.28,92.82
3951,88.273,36.266
3952,-87.275,-1.5509
3953,-42.061,2.4881
3954,-72.725,-28.166
3955,13.608,43.981
3956,19.807,-39.66
3957,-34.423,69.129
3958,2.7504,-19.902
3959,-5.4735,-23.638
3960,-31.691,10.849
3961,11.023,-70.152
3962,0.22429,-8.0918
3963,22.789,42.306
3964,36.527,-81.044
3965,-35.823,-81.075
3966,-13.339,-53.134
3967,-12.339,-2.5601
3968,-82.797,32.418
3969,48.192,42.87
3970,-37.998,1.2996
3971,-105.45,-11.931
3972,59.495,-80.65
3973,64.947,65.439
3974,39.153,-34.814
3975,9.3856,50.703
3976,13.589,12.198
3977,64.212,27.836
3978,-71.269,-19.75
3979,-17.476,48.605
3980,-89.995,23.055
3981,12.803,-48.04
3982,-12.642,-5.0594
3983,37.847,33.82
3984,53.58,80.943
3985,17.823,36.253
3986,64.438,88.008
3987,24.256,69.479
3988,4.0265,-64.658
3989,76.42,-42.843
3990,9.4132,-19.109
3991,62.177,41.788
3992,-30.826,12.886
3993,38.932,32.738
3994,-99.342,31.734
3995,72.855,87.972
3996,48.902,52.902
3997,9.6879,31.61
3998,-89.215,26.986
3999,30.901,15.14
4000,-73.748,7.0992
4001,-80.897,-32.012
4002,-69.331,-62.578
4003,41.462,45.78
4004,10.088,90.21
4005,54.584,34.904
4006,27.097,-94.316
4007,-12.583,-84.093
4008,-23.234,-8.1305
4009,0.32187,69.07
4010,-70.463,-14.942
4011,22.214,-62.702
4012,42.634,-87.209
4013,37.646,37.5
4014,-49.173,87.057
4015,-18.568,-82.662
4016,-97.415,-3.2297
4017,16.514,32.348
4018,4.1497,-6.9673
4019,85.977,44.437
4020,-57.681,-33.395
4021,-12.413,2.2385
4022,58.12,-65.718
4023,-106.79,0.87449
4024,-66.954,8.7624
4025,13.51,37.792
4026,38.948,34.067
4027,92.793,27.234
4028,54.433,32.65
4029,75.683,47.994
4030,-14.868,-3.6843
4031,45.449,88.367
4032,1.8907,6.3737
4033,38.11,-30.635
4034,44.213,-76.849
4035,-103.1,-12.958
4036,2.4512,98.256
4037,112,5.4915
4038,14.452,16.768
4039,18.948,9.2554
4040,-79.45,38.396
4041,4.5978,20.064
4042,-0.2228,-60.318
4043,-8.4755,-95.439
4044,47.574,-75.731
4045,-56.184,46.663
4046,53.164,-81.314
4047,5.0356,61.707
4048,-3.0468,80.887
4049,48.183,49.697
4050,13.701,-80.842
4051,47.747,48.171
4052,-14.405,56.581
4053,-57.859,30.693
4054,-22.275,35.435
4055,-8.9737,27.884
4056,41.972,65.905
4057,18.488,-84.194
4058,-81.582,38.429
4059,69.988,40.998
4060,-45.886,-33.218
4061,-32.427,-27.909
4062,14.976,-11.829
4063,73.595,78.632
4064,18.498,-10.495
4065,24.213,97.005
4066,53.204,28.862
4067,-43.621,0.059321
4068,-117.61,15.429
4069,27.1,-94.68
4070,-42.098,43.893
4071,39.766,81.122
4072,30.472,93.862
4073,-58.507,54.712
4074,56.584,-70.339
4075,39.447,-35.012
4076,-66.501,5.6518
4077,-11.159,45.628
4078,66.022,67.477
4079,-98.212,4.2134
4080,7.083,88.449
4081,-77.754,-57.909
4082,52.857,-17.672
4083,-30.614,9.4937
4084,66.788,25.435
4085,-99.847,31.683
4086,-100.95,27.571
4087,33.146,-43.016
4088,52.756,24.146
4089,63.099,14.595
4090,-82.548,-23.376
4091,9.3702,32.987
4092,55.96,39.565
4093,5.8832,8.7939
4094,48.256,42.964
4095,-69.728,30.639
4096,-52.505,-57.362
4097,20.71,42.952
4098,-12.825,99.127
4099,-49.903,23.833
4100,27.559,76.276
4101,72.255,57.335
4102,-66.603,73.924
4103,-76.753,34.168
4104,-102.31,21.876
4105,-72.502,28.32
4106,-32.263,22.542
4107,28.517,-30.904
4108,18.987,74.682
4109,-14.168,44.514
4110,48.711,49.732
4111,-20.591,-25.471
4112,-28.671,-93.675
4113,-33.558,-71.89
4114,-73.759,5.9519
4115,2.1798,13.532
4116,47.939,-90.562
4117,-103.09,-15.11
4118,-8.5619,-0.80347
4119,44.109,13.278
4120,15.264,80.158
4121,72.408,20.353
4122,31.945,79.737
4123,41.497,8.1001
4124,-83.432,34.333
4125,-56.778,30.588
4126,-51.657,-86.382
4127,-13.573,-42.005
4128,47.54,56.301
4129,-64.339,18.304
4130,70.714,-41.384
4131,64.062,66.784
4132,45.049,85.35
4133,-101.06,9.3536
4134,-24.997,21.943
4135,-46.805,66.697
4136,-22.379,-23.528
4137,-104.74,-2.8018
4138,-56.41,-2.0002
4139,88.391,45.907
4140,45.667,27.965
4141,64.403,57.681
4142,-4.1107,-41.318
4143,7.2055,5.605
4144,-11.108,98.27
4145,-31.745,-75.183
4146,-81.234,-11.481
4147,-51.544,22.468
4148,-15.074,-54.646
4149,-13.581,26.133
4150,15.368,14.663
4151,-48.3,6.3295
4152,11.432,-57.945
4153,-87.796,29.133
4154,67.706,57.901
4155,53.516,78.438
4156,-48.284,-22.09
4157,22.498,-64.042
4158,44.837,86.166
4159,-98.068,8.2477
4160,21.54,-5.1529
4161,74.092,-62.566
4162,-50.495,-15.309
4163,-11.946,-25.398
4164,-5.902,-76.652
4165,44.636,34.969
4166,-114.25,13.352
4167,23.465,-58.217
4168,-87.635,-55.167
4169,-13.688,-27.924
4170,27.084,-95.576
4171,-94.887,17.269
4172,41.102,70.707
4173,67.508,48.94
4174,40.638,69.452
4175,66.123,62.394
4176,66.974,57.875
4177,-2.7537,96.941
4178,-103.42,-4.1469
4179,-11.754,45.51
4180,9.1396,72.742
4181,28.878,51.14
4182,-86.099,-25.223
4183,-71.643,49.77
4184,29.359,21.853
4185,22.738,25.6
4186,57.081,-45.607
4187,-2.1724,75.109
4188,47.673,43.548
4189,30.998,84.553
4190,-87.462,31.113
4191,-82.597,35.019
4192,-80.964,28.608
4193,-42.07,56.404
4194,92.826,-59.631
4195,42.446,44.913
4196,32.964,91.197
4197,47.921,53.692
4198,-2.8244,35.401
4199,62.662,-43.253
4200,-45.778,46.466
4201,-14.014,-87.025
4202,73.059,48.228
4203,-102.45,-1.0866
4204,-91.441,3.2993
4205,77.962,39.754
4206,-18.511,-82.872
4207,-0.26479,-58.632
4208,18.55,-82.703
4209,-78.784,36.068
4210,66.69,29.826
4211,8.5708,24.844
4212,-3.5339,50.52
4213,26.295,-18.606
4214,89.707,-43.863
4215,51.995,69.878
4216,50.8,77.132
4217,79.101,50.208
4218,-23.155,-86.992
4219,-22.103,69.045
4220,41.589,45.865
4221,-105.41,-11.831
4222,-28.22,78.196
4223,0.97519,68.028
4224,6.1777,15.694
4225,3.6263,-64.845
4226,-12.008,42.43
4227,-59.214,-7.7129
4228,96.74,56.124
4229,-60.35,18.708
4230,7.9608,-79.707
4231,-3.3096,-78.217
4232,23.277,4.0219
4233,-64.468,-2.8734
4234,-87.902,-4.6265
4235,-79.733,-33.28
4236,39.41,-79.622
4237,-34.506,17.655
4238,56.017,-19.332
4239,17.939,-32.144
4240,12.028,-72.006
4241,42.094,-78.073
4242,-20.218,-1.7363
4243,-12.579,97.65
4244,3.0547,62.891
4245,0.20566,-15.531
4246,-101.4,10.203
4247,-13.822,-6.5108
4248,-7.0055,4.6478
4249,-45.835,-34.46
4250,37.314,3.3246
4251,24.049,-93.963
4252,-101.1,-8.3165
4253,-8.5464,94.236
4254,37.926,-1.6668
4255,-75.443,-55.658
4256,73.581,55.449
4257,8.8081,38.099
4258,84.238,42.68
4259,-14.137,56.115
4260,18.953,-25.449
4261,-27.992,-9.2295
4262,44.899,80.206
4263,33.305,63.833
4264,64.368,-19.099
4265,45.637,75.623
4266,-88.006,22.548
4267,-102.93,21.203
4268,-78.794,34.69
4269,31.89,-41.591
4270,20.841,-40.872
4271,57.547,73.358
4272,-36.022,45.221
4273,-56.133,-80.984
4274,-40.099,57.703
4275,5.9105,58.345
4276,-19.938,-81.862
4277,42.784,32.441
4278,43.79,61.68
4279,54.801,-17.277
4280,19.913,78.462
4281,42.519,75.891
4282,82.003,46.54
4283,73.171,48.265
4284,25.017,14.308
4285,1.1449,20.256
4286,66.142,-27.886
4287,6.7145,-80.111
4288,-52.265,62.457
4289,-17.152,77.684
4290,-33.502,-39.353
4291,71.495,57.005
4292,-71.337,-6.4601
4293,-47.067,-32.799
4294,22.818,-97.958
4295,-86.567,33.934
4296,24.098,71.958
4297,-25.577,60.8
4298,-5.2793,-88.428
4299,97.395,55.045
4300,42.786,88.359
4301,10.084,47.961
4302,-113.87,13.555
4303,-101.98,0.69997
4304,-2.6065,61.265
4305,59.386,-61.398
4306,-25.001,-31.414
4307,71.341,-56.422
4308,61.199,-61.861
4309,34.861,75.676
4310,53.809,-54.581
4311,61.871,53.661
4312,1.4329,-64.858
4313,13.897,37.647
4314,-53.488,11.116
4315,-43.905,-3.4206
4316,34.05,-32.292
4317,24.09,-40.744
4318,11.834,52.661
4319,36.772,91.959
4320,-102.45,3.2119
4321,-83.007,35.159
4322,-33.703,-2.1924
4323,47.463,-89.783
4324,93.338,-53.379
4325,32.773,91.88
4326,35.292,-54.773
4327,66.832,69.215
4328,-29.99,11.26
4329,-100.85,7.7801
4330,-89.724,21.561
4331,-9.5566,3.4948
4332,-44.255,5.3275
4333,-94.886,17.287
4334,-35.605,70.466
4335,53.47,30.756
4336,-27.184,-10.914
4337,33.542,-89.404
4338,48.274,-29.55
4339,4.658,-7.3022
4340,68.952,-13.145
4341,37.21,49.618
4342,-105.12,-3.3285
4343,-67.645,75.059
4344,-86.677,-1.3573
4345,-53.132,62.39
4346,48.065,51.338
4347,55.365,-30.746
4348,43.467,-36.322
4349,10.794,-73.033
4350,20.916,-41.399
4351,42.982,50.899
4352,-48.339,6.7241
4353,-64.238,75.713
4354,-97.552,23.577
4355,-41.143,84.616
4356,-33.131,12.474
4357,-1.0562,29.615
4358,-61.909,52.165
4359,25.451,-48.057
4360,32.478,-16.81
4361,-69.538,40.611
4362,-29.921,49.307
4363,40.19,70.165
4364,-100.81,7.4141
4365,-86.243,63.54
4366,-88.76,-53.121
4367,-73.188,62.951
4368,-0.12013,27.122
4369,-12.339,-2.56
4370,-18.872,-5.317
4371,-105.29,14.073
4372,-5.5876,57.257
4373,42.598,-49.057
4374,-38.562,-73.399
4375,-91.87,4.7187
4376,-72.412,60.38
4377,29.872,-45.507
4378,95.547,20.609
4379,-55.693,-37.332
4380,36.096,-33.948
4381,0.079397,19.084
4382,51.284,43.358
4383,-24.621,32.496
4384,37.521,71.466
4385,65.589,8.8408
4386,-0.31595,27.508
4387,35.061,75.66
4388,10.196,-8.0532
4389,89.254,35.911
4390,-5.7966,-5.0441
4391,-42.9,82.128
4392,-86.293,44.867
4393,-84.217,36.431
4394,44.613,-58.749
4395,35.869,-91.582
4396,-20.88,-72.756
4397,-75.318,-22.372
4398,18.211,51.115
4399,86.452,44.212
4400,29.744,25.529
4401,-58.568,7.7992
4402,-90.09,33.357
4403,-13.924,-5.3563
4404,-102.73,-9.936
4405,58.693,75.849
4406,36.805,3.1254
4407,53.717,79.192
4408,4.341,24.543
4409,-82.369,19.779
4410,23.493,-35.756
4411,-100.81,7.3535
4412,-72.252,69.337
4413,-78.457,-32.938
4414,17.718,-72.729
4415,32.673,-70.33
4416,-2.4075,-15.403
4417,39.061,1.5745
4418,-3.6974,-8.871
4419,28.047,94.926
4420,49.12,79.934
4421,49.427,39.403
4422,-97.776,23.744
4423,51.834,-20.012
4424,65.904,87.687
4425,25.86,-64.951
4426,-54.89,30.322
4427,-17.498,-27.332
4428,-1.1286,30.594
4429,-90.907,14.112
4430,-34.031,6.7788
4431,21.406,15.007
4432,-80.024,35.999
4433,37.498,-90.759
4434,-62.49,56.914
4435,-81.858,23.232
4436,-31.316,90.904
4437,-19.231,-69.201
4438,-87.44,32.058
4439,-82.156,-0.99766
4440,9.5823,-41.164
4441,-56.546,28.022
4442,41.242,89.186
4443,25.715,-45.707
4444,-45.584,-19.227
4445,32.921,12.769
4446,58.649,-26.74
4447,-106.44,-9.1597
4448,20.915,42.816
4449,-17.405,28.322
4450,-73.221,-59.699
4451,-10.204,-75.12
4452,-14.712,100.71
4453,-86.914,32.074
4454,-77.823,58.472
4455,42.253,-79.503
4456,10.184,90.131
4457,0.23399,102.65
4458,-67.76,-39.894
4459,-46.398,85.382
4460,47.221,43.866
4461,54.968,43.149
4462,-13.469,-80.576
4463,81.261,50.291
4464,-40.487,17.285
4465,98.369,19.999
4466,-82.681,37.106
4467,36.254,85.71
4468,-63.633,58.892
4469,48.823,40.115
4470,-7.5293,0.47467
4471,-96.586,5.7188
4472,-89.533,-1.7378
4473,62.423,55.159
4474,5.0514,59.425
4475,-99.748,-2.7892
4476,-8.1608,14.96
4477,-15.025,-6.3269
4478,-50.864,-20.112
4479,59.36,54.605
4480,76.796,43.607
4481,-40.374,-30.622
4482,11.87,99.632
4483,-52.797,-39.05
4484,-27.865,-6.688
4485,1.2421,15.692
4486,-41.109,65.494
4487,73.508,89.336
4488,-11.038,-1.3867
4489,46.461,56.325
4490,-98.236,23.429
4491,-4.6468,101.34
4492,30.899,7.5717
4493,-97.688,4.0561
4494,67.765,68.943
4495,32.927,89.87
4496,60.454,-52.514
4497,-60.731,21.124
4498,28.75,36.086
4499,36.184,89.562
4500,-93.508,-47.676
4501,-79.312,47.232
4502,64.477,-29.034
4503,41.277,-59.322
4504,39.607,90.929
4505,-106.4,14.939
4506,-105.73,-13.138
4507,50.143,60.497
4508,-87.928,24.672
4509,-96.508,-1.643
4510,30.524,91.914
4511,56.256,35.039
4512,-99.9,10.993
4513,-85.148,-13.338
4514,-59.775,69.642
4515,12.527,31.389
4516,14.14,71.943
4517,-86.867,32.244
4518,23.505,13.87
4519,45.696,63.226
4520,-94.703,0.46177
4521,-73.307,-21.593
4522,5.8638,-108.03
4523,27.556,98.993
4524,75.621,51.166
4525,80.499,41.412
4526,35.851,20.97
4527,42.968,13.7
4528,-11.606,41.319
4529,-7.8033,12.993
4530,-58.576,-34.105
4531,-27.854,-94.503
4532,36.683,-32.338
4533,48.208,-61.158
4534,77.143,-6.2617
4535,64.414,54.25
4536,85.518,8.2066
4537,68.087,68.975
4538,-83.016,19.056
4539,-108.02,-8.6678
4540,-57.839,-33.25
4541,5.7881,31.583
4542,33.718,-48.961
4543,41.448,88.607
4544,-80.592,-34.837
4545,-25.182,76.786
4546,-5.5335,-22.669
4547,83.883,42.21
4548,54.743,71.852
4549,106.91,-46.711
4550,-6.7324,-5.1041
4551,55.532,-84.002
4552,66.246,70.58
4553,61.547,-23.454
4554,-80.172,35.922
4555,-55.957,39.104
4556,8.4168,11.402
4557,37.819,39.096
4558,39.824,3.186
4559,3.4503,34.427
4560,-108.84,-8.2016
4561,-93.166,16.365
4562,-66.669,24.94
4563,-6.5737,90.282
4564,15.874,-39.598
4565,-14.674,53.237
4566,32.212,96.361
4567,76.456,50.855
4568,46.205,22.364
4569,78.02,53.888
4570,62.315,22.084
4571,-69.696,-19.409
4572,-99.557,-29.512
4573,-15.396,-52.684
4574,-37.303,-75.832
4575,18.642,36.418
4576,-11.583,43.546
4577,25.289,83.758
4578,68.695,-15.234
4579,-67.968,57.724
4580,10.918,98.743
4581,14.044,8.0622
4582,41.227,73.633
4583,-99.111,2.099
4584,-80.713,20.591
4585,3.6528,62.563
4586,-0.2147,58.707
4587,41.25,88.902
4588,59.458,-80.648
4589,-106.05,29.577
4590,-3.3165,61.63
4591,34.373,-89.674
4592,11.197,-71.871
4593,15.168,-3.025
4594,29.01,95.349
4595,-18.997,-74.229
4596,103.6,31.017
4597,-58.948,67.07
4598,-28.112,-17.295
4599,13.089,-41.795
4600,98.665,52.186
4601,-105.77,17.826
4602,-32.524,-19.069
4603,43.253,45.951
4604,-101.8,11.433
4605,-67.925,-67.958
4606,-11.796,-1.5767
4607,35.593,-62.768
4608,-32.056,7.2418
4609,61.275,-23.628
4610,59.155,-28.637
4611,79.719,26.526
4612,82.784,-49.503
4613,-22.302,-106.37
4614,-15.014,42.684
4615,94.031,23.302
4616,11.187,60.433
4617,34.537,-55.288
4618,33.492,-46.748
4619,-10.438,-0.5456
4620,42.302,61.215
4621,57.406,51.358
4622,83.85,-40.176
4623,-104.23,17.682
4624,-29.583,39.969
4625,-78.618,-68.05
4626,68.23,37.742
4627,-50.963,-39.051
4628,44.389,54.8
4629,55.652,43.072
4630,-46.558,-0.43156
4631,-57.617,71.705
4632,-17.172,56.135
4633,-48.336,6.3784
4634,-81.45,36.722
4635,-102.8,30.063
4636,-99.242,28.763
4637,-32.697,22.83
4638,40.686,37.316
4639,-93.908,23.554
4640,48.355,42.308
4641,36.62,-62.174
4642,-6.5257,100.12
4643,18.733,-81.427
4644,-73.848,53.003
4645,95.124,-50.668
4646,-20.836,6.8039
4647,3.891,96.953
4648,-40.634,-13.51
4649,60.655,-25.403
4650,-9.0517,82.936
4651,57.455,31.81
4652,67.358,38.539
4653,60.622,-75.251
4654,78.067,36.388
4655,91.897,-66.938
4656,38.707,4.8438
4657,-65.693,-76.587
4658,-4.8281,94.286
4659,8.2348,39.137
4660,40.838,61.789
4661,-4.2024,27.768
4662,11.359,-38.587
4663,99.043,50.188
4664,26.365,94.863
4665,-117.99,11.265
4666,79.923,-56.059
4667,75.775,25.46
4668,-72.589,-59.538
4669,60.106,-56.154
4670,63.466,54.342
4671,-75.409,32.782
4672,61.47,41.082
4673,89.572,8.6969
4674,2.6798,16.915
4675,-9.8152,-76.682
4676,-1.6646,61.779
4677,47.318,76.13
4678,-10.025,29.816
4679,-45.693,2.7999
4680,-41.245,-2.3389
4681,-103.13,29.602
4682,35.683,-46.371
4683,-7.141,13.44
4684,-5.0378,102.3
4685,-31.976,64.46
4686,-78.213,36.699
4687,89.85,34.769
4688,-31.148,91.448
4689,97.378,45.363
4690,-61.486,-33.263
4691,23.446,-57.793
4692,-65.188,-42.978
4693,9.3755,-71.219
4694,-101.31,10.685
4695,-27.825,-84.178
4696,36.845,2.8966
4697,38.791,-34.567
4698,-81.243,32.241
4699,-96.517,31.006
4700,71.466,41
4701,74.998,-79.867
4702,-73.178,35.482
4703,-11.404,-15.431
4704,-0.99281,18.336
4705,62.91,58.755
4706,57.387,74.056
4707,-5.9694,3.9995
4708,89.572,8.6972
4709,15.395,9.568
4710,43.643,27.318
4711,-57.389,32.097
4712,99.351,20.047
4713,-39.845,-29.451
4714,-12.293,1.4375
4715,0.00004331,23.907
4716,36.94,80.284
4717,51.131,39.11
4718,-50.894,-27.976
4719,-14.961,52.618
4720,20.107,-34.899
4721,-101.49,3.7038
4722,38.351,7.6447
4723,-64.563,-59.436
4724,-53.957,-46.146
4725,75.676,-36.524
4726,73.864,38.086
4727,50.203,36.066
4728,-71.094,-15.426
4729,-41.559,55.601
4730,66.693,41.054
4731,22.647,-10.611
4732,13.73,-5.6739
4733,13.895,-29.562
4734,-70.897,-65.289
4735,34.076,90.563
4736,-100.39,6.8677
4737,65.381,68.417
4738,28.987,24.351
4739,11.8,-67.005
4740,58.514,-52.437
4741,74.221,-40.804
4742,35.975,23.742
4743,-9.2437,-75.813
4744,47.554,39.152
4745,96.563,44.733
4746,77.996,-37.515
4747,-58.271,79.949
4748,-18.672,-106.53
4749,48.856,-89.18
4750,54.986,-19.706
4751,37.483,-1.7285
4752,-54.974,62.731
4753,52.451,-30.298
4754,62.118,50.763
4755,-30.584,13.013
4756,71.979,-84.965
4757,74.343,-58.437
4758,-14.407,76.479
4759,-13.483,100.03
4760,71.157,-38.324
4761,-43.143,89.275
4762,-99.344,9.3874
4763,91.198,33.547
4764,24.871,28.748
4765,43.79,86.162
4766,13.899,64.569
4767,83.255,43.77
4768,94.881,58.607
4769,-102.1,23.052
4770,-53.759,25.14
4771,36.977,32.59
4772,59.022,-23.385
4773,-42.446,-20.448
4774,-19.651,37.583
4775,-11.408,41.267
4776,112,5.4925
4777,47.782,-19.572
4778,12.285,71.312
4779,37.214,12.928
4780,-34.614,0.028051
4781,-108.01,-9.1254
4782,-56.472,-19.529
4783,-82.783,26.993
4784,39.913,35.178
4785,-107.51,-9.4143
4786,-103.13,30.714
4787,-109.16,-8.3427
4788,-36.336,21.942
4789,59.703,4.5716
4790,-13.542,-9.5312
4791,2.8666,-62.375
4792,-59.799,20.027
4793,68.673,37.397
4794,112,5.4908
4795,-70.559,37.265
4796,61.156,52.763
4797,-29.689,90.866
4798,-88.155,-40.965
4799,30.118,57.606
4800,10.347,34
4801,31.441,74.891
4802,-12.314,-6.8503
4803,80.835,-42.938
4804,19.102,35.758
4805,-20.252,8.8643
4806,-3.4675,3.7111
4807,31.664,-45.808
4808,18.227,-10.25
4809,41.147,25.866
4810,49.669,-33.254
4811,-6.2172,13.194
4812,-57.437,-36.215
4813,-30.145,57.787
4814,9.5337,50.112
4815,73.594,78.631
4816,-12.83,99.088
4817,-60.193,-33.63
4818,74.383,-62.459
4819,-83.441,60.961
4820,-1.1339,40.962
4821,56.404,49.414
4822,59.141,39.667
4823,-5.8675,-4.7855
4824,51.274,53.359
4825,-14.086,99.413
4826,-25.417,32.541
4827,-87.746,26.583
4828,-97.461,15.634
4829,-30.953,-3.3206
4830,43.268,50.719
4831,13.439,-26.286
4832,-8.7666,30.98
4833,-98.202,31.669
4834,97.025,55.677
4835,53.719,-84.896
4836,36.193,-84.155
4837,44.675,-79.079
4838,107.47,-52.469
4839,-48.663,-51.925
4840,-2.9217,50.002
4841,-87.225,-41.737
4842,46.016,14.978
4843,17.67,-7.5507
4844,-67.745,-14.864
4845,7.8301,32.894
4846,-6.0909,33.791
4847,-94.41,28.225
4848,41.179,45.425
4849,77.667,-59.461
4850,1.7015,98.081
4851,-101.86,-10.493
4852,84.673,40.57
4853,77.923,37.398
4854,-21.002,16.763
4855,0.66337,32.079
4856,-20.528,59.911
4857,2.2643,29.112
4858,48.815,37.962
4859,23.871,51.641
4860,-95.079,0.50817
4861,58.354,-4.625
4862,-9.3344,-3.701
4863,44.262,27.102
4864,-19.02,53.2
4865,19.159,33.879
4866,-13.066,-2.0007
4867,63.567,40.249
4868,-86.245,63.539
4869,-16.357,-9.141
4870,45.83,41.165
4871,-26.722,55.564
4872,-43.574,0.79042
4873,72.686,54.798
4874,14.935,57.513
4875,-108.38,-7.4367
4876,-49.266,86.623
4877,-94.933,8.4464
4878,-53.369,29.978
4879,4.8464,26.862
4880,-31.55,90.833
4881,-104.56,-3.8382
4882,-78.652,34.271
4883,-88.062,26.906
4884,39.904,20.601
4885,80.572,48.277
4886,5.6457,58.289
4887,99.434,-61.976
4888,-87.434,44.808
4889,39.838,-91.886
4890,-101.43,10.355
4891,-89.565,33.47
4892,-87.13,32.802
4893,-29.708,44.525
4894,35.483,-47.615
4895,-48.523,65.334
4896,-54.344,-8.3911
4897,-64.752,24.789
4898,3.2089,81.072
4899,70.283,64.5
4900,71.867,50.315
4901,-55.897,-0.44287
4902,23.386,-45.64
4903,50.228,35.952
4904,-12.837,43.282
4905,26.39,-59.925
4906,-84.461,-6.7453
4907,-64.975,-34.3
4908,-85.02,-15.323
4909,-90.203,45.381
4910,35.77,73.794
4911,44.979,105.32
4912,-36.656,-73.299
4913,59.085,39.013
4914,37.621,38.207
4915,72.735,48.841
4916,-71.73,-28.341
4917,-51.251,-53.248
4918,5.06,82.696
4919,-96.372,21.978
4920,-67.215,-56.631
4921,-43.944,-1.6481
4922,0.51601,58.95
4923,-18.335,-62.13
4924,-105.41,-11.459
4925,43.64,45.991
4926,32.975,49.558
4927,89.548,-14.312
4928,-75.223,-66.13
4929,-71.682,50.027
4930,21.482,6.9245
4931,83.321,31.702
4932,-58.25,-31.055
4933,-85.289,32.413
4934,90.641,32.714
4935,-12.987,26.33
4936,42.526,32.636
4937,18.385,-37.415
4938,4.0382,-15.092
4939,5.8634,-108.03
4940,49.719,-34.469
4941,50.382,-26.085
4942,6.3274,59.146
4943,-18.243,-69.116
4944,51.688,35.038
4945,36.631,67.758
4946,-25.271,37.792
4947,52.738,-61.628
4948,-102.1,10.664
4949,79.154,41.584
4950,13.86,19.149
4951,-1.6706,36.681
4952,42.723,86.46
4953,-56.151,27.926
4954,-83.803,-28.123
4955,93.57,-19.214
4956,43.528,8.7358
4957,-17.179,28.501
4958,55.204,43.454
4959,61.14,37.772
4960,-48.888,-33.567
4961,-14.478,-0.93875
4962,-42.153,-20.719
4963,74.135,76.839
4964,77.411,12.879
4965,-17.822,39.771
4966,25.96,60.789
4967,57.725,75.372
4968,2.6754,97.19
4969,45.931,42.349
4970,-72.791,-37.452
4971,-84.955,-25.17
4972,-91.586,22.593
4973,68.733,-37.46
4974,4.7778,-84.885
4975,38.329,-30.536
4976,20.476,22.804
4977,37.588,66.897
4978,35.701,4.2808
4979,4.5513,-4.722
4980,-82.829,-26.299
4981,6.445,11.391
4982,16.844,39.285
4983,2.4892,97.303
4984,-1.1294,-88.78
4985,-73.75,33.976
4986,-55.453,-28.524
4987,-11.794,-1.5773
4988,37.457,-35.241
4989,76.025,-42.182
4990,24.347,-60.149
4991,66.539,-30.134
4992,-101.61,26.539
4993,-15.849,-15.274
4994,-81.406,34.322
4995,-3.5634,76.025
4996,53.484,34.226
4997,-49.246,50.38
4998,41.236,-83.526
4999,45.739,-76.655
5000,-22.301,-106.37
5001,72.785,47.829
5002,-65.837,55.439
5003,-53.542,2.8595
5004,18.352,-9.546
5005,31.758,92.047
5006,-100.92,-0.035787
5007,-74.256,31.779
5008,12.313,28.135
5009,67.228,-60.671
5010,38.495,68.676
5011,-15.461,50.552
5012,-63.767,23.63
5013,80.235,-57.827
5014,-11.636,45.074
5015,47.652,43.206
5016,45.411,103.45
5017,-72.56,-62.676
5018,46.103,103.79
5019,93.484,-18.503
5020,14.82,-69.65
5021,66.629,-22.009
5022,-1.5114,36.647
5023,44.786,28.015
5024,37.122,37.903
5025,42.557,75.971
5026,-47.544,-24.073
5027,-57.202,-36.389
5028,41.452,24.131
5029,37.106,-70.258
5030,34.934,67.343
5031,69.602,29.641
5032,70.051,-21.218
5033,46.701,80.785
5034,-8.8377,76.059
5035,55.666,-59.381
5036,-16.048,-71.179
5037,17.724,68.272
5038,7.4266,84.522
5039,-9.193,-78.485
5040,58.703,48.45
5041,-51.339,-53.87
5042,-32.621,21.06
5043,-40.071,-23.109
5044,8.4019,25.03
5045,-0.64873,47.89
5046,8.834,-55.778
5047,-17.166,83.118
5048,56.709,6.8281
5049,-22.302,-106.37
5050,-25.996,34.775
5051,44.28,61.965
5052,108.45,-44.131
5053,-51.345,23.685
5054,-55.261,-44.362
5055,-57.814,-12.437
5056,-60.545,22.641
5057,-39.063,-6.2098
5058,-39.085,36.973
5059,-1.8585,-46.577
5060,-15.721,25.162
5061,-53.294,7.9803
5062,13.014,84.065
5063,-0.74659,88.582
5064,46.031,40.515
5065,38.363,3.3603
5066,31.21,1.4081
5067,9.0612,76.275
5068,-10.829,-4.8622
5069,47.912,43.775
5070,-5.8161,-91.765
5071,49.675,-31.887
5072,-40.347,12.841
5073,57.89,73.277
5074,-100.8,3.6979
5075,-52.862,74.869
5076,-57.82,22.094
5077,-58.915,-30.898
5078,86.753,-1.5373
5079,64.119,27.94
5080,-60.954,18.355
5081,74.537,30.387
5082,-97.146,3.9912
5083,-11.38,-8.6866
5084,-27.787,-15.768
5085,1.9445,-36.625
5086,35.627,-34.238
5087,-86.79,23.659
5088,19.452,82.946
5089,-102.12,2.9241
5090,-19.536,4.8317
5091,22.699,69.967
5092,44.485,-43.86
5093,-10.631,47.651
5094,46.581,36.632
5095,-99.227,9.1971
5096,-29.956,73.868
5097,32.556,-26.04
5098,-27.446,-7.1782
5099,36.359,-64.009
5100,-58.607,15.941
5101,-56.751,-12.503
5102,100.86,-59.634
5103,71.815,46.737
5104,25.588,68.325
5105,-68.748,-25.212
5106,-43.922,-20.882
5107,-97.175,3.218
5108,-78.176,-68.468
5109,33.514,93.827
5110,28.013,53.572
5111,64.179,66.48
5112,-101.85,-10.502
5113,99.041,48.966
5114,78.248,50.815
5115,-41.467,-6.2351
5116,-102.6,10.366
5117,-38.375,-74.346
5118,77.117,54.442
5119,-8.749,102.3
5120,66.468,53.734
5121,-58.613,-28.834
5122,81.473,49.526
5123,-4.0366,-19.948
5124,63.747,-42.105
5125,-47.042,-25.152
5126,25.346,-61.795
5127,38.262,-60.655
5128,0.16068,18.833
5129,-8.628,32.481
5130,46.343,74.829
5131,-97.541,15.696
5132,67.218,29.183
5133,53.05,79.657
5134,64.407,-28.609
5135,-16.361,-72.635
5136,-41.423,51.728
5137,53.319,81.444
5138,-54.111,-46.772
5139,21.292,54.431
5140,-25.254,-96.447
5141,47.875,52.469
5142,2.0113,88.002
5143,-23.834,53.806
5144,-20.692,83.541
5145,45.78,41.672
5146,79.181,-47.726
5147,-50.913,86.859
5148,37.074,92.089
5149,38.107,-49.243
5150,-67.945,-61.631
5151,-37.539,-74.699
5152,14.305,-40.564
5153,39.583,-30.838
5154,-36.702,30.05
5155,21.305,-81.748
5156,112,5.4916
5157,-36.812,40.375
5158,105.73,-56.124
5159,-85.523,33.602
5160,44.626,-56.225
5161,23.82,69.528
5162,-82.83,25.489
5163,25.813,5.212
5164,54.076,-21.089
5165,-7.5972,-0.37998
5166,-57.107,-10.63
5167,77.587,24.492
5168,-78.227,-68.514
5169,54.695,-64.623
5170,67.925,45.57
5171,14.41,-40.97
5172,-11.297,-5.9829
5173,3.4061,71.153
5174,17.279,-7.9968
5175,-2.422,-13.912
5176,-83.552,-28.561
5177,-46.29,-59.14
5178,-90.344,4.8079
5179,-47.015,-26.739
5180,66.727,25.739
5181,66.812,70.746
5182,-57.552,45.237
5183,-71.554,62.067
5184,-42.107,21.823
5185,54.99,35.605
5186,-71.908,-54.834
5187,-82.021,-37.858
5188,-21.704,-43.541
5189,-58.127,28.999
5190,68.713,38.151
5191,-82.181,-7.0257
5192,-101.45,4.0328
5193,29.932,44.582
5194,45.071,21.572
5195,-50.64,-49.325
5196,35.707,42.077
5197,-93.968,29.789
5198,21.921,-61.166
5199,0.53912,-51.25
5200,-36.841,56.359
5201,-29.781,31.988
5202,-70.064,37.896
5203,-5.3577,50.498
5204,-96.152,5.884
5205,74.072,-81.523
5206,44.28,27.766
5207,-46.333,26.823
5208,18.831,-86.831
5209,63.349,53.834
5210,-57.733,-15.638
5211,30.139,3.0797
5212,14.529,74.223
5213,-72.734,-75.494
5214,25.938,-31.547
5215,50.244,53.34
5216,-73.738,-64.24
5217,17.023,56.103
5218,30.547,2.1797
5219,5.8636,-108.03
5220,2.8147,-62.332
5221,55.26,-60.597
5222,71.377,26.621
5223,3.2288,97.173
5224,37.606,40.486
5225,-4.9981,4.9431
5226,20.141,84.811
5227,-27.676,49.567
5228,-99.292,24.364
5229,15.407,6.0538
5230,27.762,-85.971
5231,51.033,78.015
5232,-33.239,69.017
5233,-34.217,-27.269
5234,-78.081,-70.504
5235,65.103,52.202
5236,71.639,60.844
5237,53.55,-88.946
5238,63.074,14.309
5239,24.69,-84.336
5240,-88.761,-53.12
5241,-70.733,2.4404
5242,-59.547,34.093
5243,34.344,-28.834
5244,3.8355,-9.3666
5245,42.504,-87.223
5246,-37.288,33.378
5247,-38.812,-76.847
5248,40.571,6.6893
5249,32.459,78.449
5250,57.897,-45.44
5251,-32.375,-86.457
5252,-88.609,7.9262
5253,55.273,43.404
5254,-14.174,-25.633
5255,48.673,44.204
5256,40.411,-39.015
5257,61.485,55.101
5258,47.24,75.447
5259,86.974,33.861
5260,-104.57,35.213
5261,5.7306,59.246
5262,7.6152,5.4711
5263,39.008,54.432
5264,26.335,96.69
5265,30.426,94.668
5266,-78.96,-9.6944
5267,-62.448,-87.144
5268,-20.058,37.64
5269,89.384,35.55
5270,-24.921,-102.04
5271,54.354,52.391
5272,57.112,53.064
5273,-44.115,37.774
5274,12.489,-68.526
5275,84.574,-35.984
5276,38.459,-86.073
5277,-32.587,23.688
5278,-80.425,-12.257
5279,-83.749,36.776
5280,5.3935,-1.404
5281,73.508,89.337
5282,-14.153,24.817
5283,-42.782,-20.331
5284,-69.671,38.318
5285,23.016,-80.437
5286,-58.268,-13.468
5287,34.416,0.019661
5288,90.285,-29.527
5289,-101.7,11.444
5290,17.411,75.665
5291,-14.73,-5.0006
5292,72.753,54.407
5293,40.816,89.214
5294,16.44,55.388
5295,-69.54,67.378
5296,-37.116,26.832
5297,-95.921,5.7328
5298,-22.302,-106.37
5299,55.139,79.266
5300,65.476,-41.065
5301,78.584,36
5302,75.615,50.652
5303,-28.897,-77.05
5304,-44.113,8.6568
5305,-27.853,81.916
5306,-12.536,-2.426
5307,49.536,26.525
5308,1.837,24.725
5309,112,5.4907
5310,-54.797,-28.504
5311,-116.72,9.1361
5312,-103.19,3.6508
5313,-84.303,-23.362
5314,-84.649,-22.513
5315,-0.16184,31.355
5316,-33.566,30.279
5317,34.647,79.505
5318,-56.433,-29.253
5319,27.489,92.407
5320,50.67,26.368
5321,41.001,52.089
5322,10.824,77.858
5323,-33.157,-11.094
5324,-83.355,-38.211
5325,28.113,58.165
5326,92.503,59.365
5327,13.187,39.355
5328,50.645,35.544
5329,63.266,14.718
5330,27.538,37.2
5331,-82.487,-19.873
5332,-6.4099,49.136
5333,-2.1666,25.467
5334,-19.52,-73.542
5335,0.43568,34.797
5336,48.123,29.87
5337,8.0217,91.619
5338,19.684,-46.918
5339,-27.115,94.904
5340,-6.1964,-5.4627
5341,-40.833,32.434
5342,-4.0093,18.668
5343,20.393,41.083
5344,-44.883,-23.44
5345,-25.53,-85.485
5346,33.946,-42.577
5347,-78.993,60.653
5348,-60.851,-20.183
5349,35.391,93.365
5350,-42.299,-20.473
5351,-17.403,-7.1335
5352,41.081,36.878
5353,11.122,-1.0169
5354,32.196,23.297
5355,32.701,-41.265
5356,-105,17.361
5357,2.2416,97.022
5358,-58.466,-34.223
5359,37.199,91.868
5360,30.286,42.246
5361,33.531,22.345
5362,-96.28,-2.4948
5363,69.525,46.126
5364,77.541,45.794
5365,41.505,89.021
5366,85.062,12.842
5367,66.668,-31.857
5368,-61.835,-86.907
5369,39.733,68.794
5370,-97.166,4.1349
5371,31.743,80.226
5372,28.088,98.762
5373,75.575,56.064
5374,-98.752,10.695
5375,-31.918,-87.103
5376,54.511,42.951
5377,68.697,-22.773
5378,40.269,-43.832
5379,-35.258,14.836
5380,-9.1796,29.466
5381,11.548,82.858
5382,45.942,86.416
5383,-17.798,56.013
5384,-90.965,5.1278
5385,93.288,-42.845
5386,-55.261,-92.587
5387,-3.3643,-1.9306
5388,14.279,82.985
5389,-34.608,-29.273
5390,17.321,-39.4
5391,-49.717,-18.464
5392,-35.789,-13.333
5393,-105.9,-9.5871
5394,-86.309,-27.477
5395,-20.546,46.002
5396,0.58619,29.29
5397,-73.5,-62.741
5398,90.695,-17.854
5399,20.653,-48.419
5400,72.467,38.573
5401,33.78,25.823
5402,-38.462,-83.46
5403,31.543,91.51
5404,23.146,72.946
5405,36.244,50.717
5406,2.8009,-82.607
5407,-60.053,-27.801
5408,-10.363,-5.298
5409,43.79,20.179
5410,26.673,36.527
5411,-67.117,-63.153
5412,-24.294,77.967
5413,-0.77511,62.412
5414,59.953,39.426
5415,22.312,43.157
5416,-6.1759,101.65
5417,38.159,9.2702
5418,-86.154,44.696
5419,30.737,49.479
5420,-20.769,36.3
5421,-2.8648,61.176
5422,53.641,53.071
5423,22.145,-97.556
5424,52.104,69.437
5425,-94.551,29.79
5426,-84.86,-14.96
5427,-85.128,-10.642
5428,-8.204,-9.012
5429,27.606,-7.2996
5430,30.032,18.457
5431,22.405,45.64
5432,73.595,78.633
5433,-95.979,10.004
5434,-27.47,-17.595
5435,48.46,-0.18843
5436,48.404,37.324
5437,61.089,52.674
5438,23.94,94.829
5439,21.357,-79.063
5440,-50.74,-15.1
5441,-42.306,89.621
5442,-67.222,54.367
5443,74.921,-34.489
5444,79.37,36.357
5445,-4.749,101.26
5446,44.601,19.176
5447,-45.502,-91.36
5448,-77.957,-70.76
5449,-28.218,-19.415
5450,-75.761,18.358
5451,28.466,-76.506
5452,58.74,53.469
5453,-26.381,37.27
5454,44.879,23.959
5455,-10.761,-52.258
5456,39.146,1.3572
5457,26.963,8.2876
5458,79.037,46.396
5459,85.019,39.658
5460,-59.619,-6.3224
5461,-65.877,-83.931
5462,-68.643,73.804
5463,4.9024,62.287
5464,-98.079,25.518
5465,-39.783,-20.757
5466,67.709,-48.511
5467,25.117,97.58
5468,62.822,48.331
5469,81.533,42.816
5470,37.378,77.632
5471,29.85,56.733
5472,37.112,34.724
5473,28.159,-51.869
5474,54.515,-18.327
5475,66.809,68.341
5476,-100.13,10.828
5477,-103.1,-9.7384
5478,67.752,45.604
5479,25.1,-72.268
5480,-32.142,30.211
5481,-9.4247,-74.103
5482,-13.109,-18.292
5483,20.687,-48.489
5484,-48.319,-24.147
5485,-51.774,2.6583
5486,-27.951,-66.521
5487,17.21,-11.628
5488,-55.314,-28.106
5489,25.689,94.638
5490,-89.471,21.315
5491,-58.432,71.583
5492,85.501,45.476
5493,30.074,24.034
5494,31.769,26.396
5495,43.465,21.86
5496,75.235,-48.277
5497,-104.47,17.56
5498,-102.73,-8.3144
5499,83.727,41.885
5500,25.481,-52.516
5501,58.476,52.495
5502,46.402,24.485
5503,-8.3829,-5.5889
5504,-59.884,35.002
5505,77.005,-75.556
5506,74.125,76.877
5507,47.329,38.142
5508,34.891,5.2194
5509,14.289,0.089642
5510,-14.314,56.693
5511,-52.779,2.773
5512,-52.48,67.696
5513,58.149,-4.4889
5514,60.452,-2.5281
5515,11.349,32.527
5516,13.447,33.062
5517,-99.327,30.749
5518,-50.803,-23.758
5519,1.9303,67.566
5520,-18.142,-34.237
5521,-20.352,-25.381
5522,-5.45,-30.05
5523,-15.103,-54.538
5524,38.03,47.339
5525,45.534,-68.402
5526,-93.755,29.581
5527,22.637,-7.145
5528,40.62,81.791
5529,62.773,46.852
5530,-53.943,71.789
5531,-96.185,5.5387
5532,70.059,-53.556
5533,36.861,71.499
5534,12.43,-6.6033
5535,-30.875,-81.203
5536,54.67,80.682
5537,-48.356,-87.215
5538,-68.63,-59.979
5539,15.457,41.185
5540,68.957,26.788
5541,-16.551,114.52
5542,-16.859,-79.562
5543,80.507,40.964
5544,27.879,18.89
5545,21.456,-39.302
5546,-26.192,50.266
5547,14.42,53.987
5548,-108.26,-7.2177
5549,43.475,21.984
5550,5.4009,-35.772
5551,1.4365,68.734
5552,61.317,42.458
5553,71.775,57.592
5554,-100.9,6.0934
5555,-70.763,16.087
5556,5.2824,20.869
5557,24.417,80.458
5558,19.285,79.038
5559,-5.7417,76.276
5560,65.63,28.682
5561,-97.28,-14.196
5562,5.6112,84.612
5563,-59.629,-40.341
5564,-97.123,3.2503
5565,56.635,1.8382
5566,49.659,52.53
5567,-89.519,45.091
5568,61.87,53.527
5569,-10.703,86.827
5570,25.169,93.834
5571,-47.555,-21.721
5572,-50.341,87.086
5573,-60.416,56.121
5574,19.046,-10.085
5575,14.771,75.821
5576,34.789,91.867
5577,15.445,-12.288
5578,-55.794,39.668
5579,-86.246,63.54
5580,80.571,43.758
5581,61.163,38.501
5582,-106.62,-13.383
5583,-102.74,-8.3764
5584,-104.63,28.882
5585,92.915,-65.126
5586,16.194,-67.731
5587,-50.641,-20.931
5588,12.254,-35.55
5589,-19.197,37.578
5590,74.46,47.714
5591,-84.933,-12.137
5592,61.292,55.33
5593,45.479,-68.511
5594,10.9,32.08
5595,63.452,48.917
5596,-4.9773,-15.434
5597,-1.5371,102.59
5598,-99.341,31.921
5599,72.764,87.805
5600,-102.99,21.268
5601,41.395,81.568
5602,-95.568,4.2819
5603,36.294,42.563
5604,54.104,1.4313
5605,52.22,-13.765
5606,48.24,87.303
5607,-19.001,-82.184
5608,59.269,-52.706
5609,17.575,-7.0732
5610,-33.188,90.401
5611,53.686,77.566
5612,41.95,86.462
5613,-102.35,15.698
5614,47.231,48.849
5615,35.603,-45.863
5616,63.293,40.775
5617,36.417,26.797
5618,12.151,32.592
5619,-47.074,85.329
5620,-112.58,14.838
5621,81.534,0.20974
5622,-42.517,-20.458
5623,-9.7197,84.658
5624,62.469,52.532
5625,-40.181,34.859
5626,-23.007,35.966
5627,27.914,-82.216
5628,-100.64,3.5988
5629,-43.971,68.896
5630,-60.876,-32.99
5631,-53.24,0.38505
5632,16.315,30.19
5633,-43.375,4.0456
5634,-56.279,-14.102
5635,-100.99,28.196
5636,-99.518,6.7144
5637,1.5452,88.327
5638,-27.313,-17.149
5639,73.596,78.632
5640,3.3947,92.225
5641,-10.423,-55.798
5642,-14.611,52.69
5643,-21.816,-67.233
5644,-13.978,81.482
5645,17.941,76.272
5646,78.909,48.939
5647,-2.5065,100.42
5648,0.30903,14.59
5649,20.504,75.776
5650,-6.6183,60.657
5651,-22.537,31.705
5652,19.894,1.8458
5653,59.172,42.559
5654,58.934,41.914
5655,32.074,21.353
5656,-10.642,-7.7024
5657,-106.82,-9.122
5658,39.116,47.726
5659,-44.329,42.351
5660,71.709,85.299
5661,57.501,76.64
5662,77.254,49.418
5663,-40.777,40.09
5664,53.639,77.633
5665,-105.25,-11.843
5666,-61.64,19.788
5667,-9.6691,-0.99193
5668,-0.62778,35.651
5669,-62.99,-30.746
5670,-56.922,28.706
5671,37.777,16.242
5672,57.969,73.888
5673,-37.795,84.621
5674,-4.2533,-9.3632
5675,39.202,12.766
5676,-24.216,-5.8707
5677,-22.855,55.61
5678,30.557,53.166
5679,-47.882,-17.407
5680,20.997,-33.746
5681,17.865,-32.252
5682,98.977,50.708
5683,-63.107,23.138
5684,-37.971,81.396
5685,-23.918,54.497
5686,2.7501,9.5728
5687,9.7077,-80.955
5688,-20.024,61.726
5689,73.507,89.339
5690,-90.107,25.214
5691,-107.42,28.528
5692,-64.999,-34.172
5693,66.725,71.067
5694,-104.37,-12.037
5695,-88.619,-20.881
5696,30.134,57.688
5697,7.6725,-16.326
5698,9.6144,31.381
5699,-100.52,-0.45516
5700,-21.768,9.848
5701,-10.696,100.53
5702,-69.357,-61.827
5703,37.81,49.559
5704,65.556,57.921
5705,15.905,-66.87
5706,-64.153,18.938
5707,-2.9226,-0.057815
5708,60.061,39.19
5709,55.049,80.004
5710,-15.382,55.862
5711,-101.51,3.5447
5712,-43.136,-9.4107
5713,7.3076,91.575
5714,59.804,2.814
5715,56.058,-59.285
5716,-83.083,25.862
5717,-5.3727,-1.463
5718,31.937,-69.845
5719,-9.9144,-74.267
5720,0.74036,58.733
5721,-31.004,95.244
5722,-99.652,4.9464
5723,-107.13,28.527
5724,-101.05,8.5115
5725,28.663,-56.878
5726,-93.384,1.7267
5727,60.883,36.93
5728,62.797,49.729
5729,-96.3,2.3874
5730,62.738,47.088
5731,10.706,85.733
5732,-53.026,22.451
5733,81.557,31.75
5734,-23.526,46.529
5735,59.008,42.182
5736,42.51,7.5549
5737,69.914,30.996
5738,-84.068,-13.807
5739,-28.543,-22.137
5740,79.05,41.337
5741,54.738,-61.061
5742,14.03,-63.987
5743,-31.835,41.853
5744,-17.472,47.079
5745,-14.988,-54.317
5746,-10.074,-1.9648
5747,-80.924,34.694
5748,-96.433,30.576
5749,-56.697,28.31
5750,-3.9214,32.154
5751,18.372,84.12
5752,44.256,81.199
5753,-64.945,9.9013
5754,15.281,-60.608
5755,-71.93,-77.274
5756,72.474,58.574
5757,-13.129,-5.1075
5758,38.995,54.18
5759,-71.569,-18.85
5760,-104.71,27.29
5761,73.911,38.026
5762,-22.063,35.985
5763,-105.91,17.633
5764,-105.68,-11.531
5765,15.446,40.635
5766,-36.275,17.084
5767,-56.105,-0.49254
5768,58.887,76.246
5769,-43.986,85.357
5770,1.4937,89.036
5771,-18.274,52.36
5772,-44.081,-31.689
5773,26.626,11.64
5774,6.294,37.93
5775,9.4425,-10.696
5776,36.195,32.798
5777,-90.642,4.6945
5778,-25.569,38.164
5779,-28.22,-19.367
5780,-101.28,19.034
5781,-99.305,26.843
5782,-97.195,6.6065
5783,-106.43,-13.416
5784,58.27,-75.899
5785,36.131,17.749
5786,-104.15,-1.1033
5787,-53.62,60.784
5788,14.031,-5.7495
5789,-69.447,40.199
5790,62.049,-46.003
5791,-34.334,-27.792
5792,67.35,-49.891
5793,-15.4,-27.27
5794,13.537,38.707
5795,39.349,-91.834
5796,44.255,85.572
5797,-98.702,8.0871
5798,45.239,86.988
5799,-56.064,-17.14
5800,1.4872,-6.8777
5801,-63.308,23.034
5802,-11.049,44.656
5803,-85.582,-1.1274
5804,-71.015,-53.285
5805,-65.267,15.708
5806,-39.256,-14.186
5807,-100.21,4.0711
5808,-11.85,-4.4292
5809,-101.01,25.998
5810,47.541,38.655
5811,-4.3667,-7.7114
5812,-97.604,24.427
5813,-40.387,-14.019
5814,-15.286,51.426
5815,103.13,31.6
5816,-82.578,-41.183
5817,-6.7462,35.33
5818,26.555,-52.883
5819,61.94,54.946
5820,-36.384,29.432
5821,-12.129,-1.814
5822,-14.806,-9.5642
5823,-5.3171,-6.122
5824,-101.4,-12.911
5825,-107.51,-9.3972
5826,96.538,44.718
5827,-6.1348,-5.5716
5828,-84.565,-13.945
5829,-10.014,-5.0934
5830,19.447,34.575
5831,-91.594,25.581
5832,35.886,-83.493
5833,25.558,30.082
5834,-26.991,-7.3519
5835,-24.142,92.542
5836,0.8314,31
5837,54.462,80.135
5838,0.82297,49.06
5839,-104.43,-0.13183
5840,-107.16,-9.81
5841,-89.285,-1.5116
5842,36.928,-19.509
5843,36.276,-36.876
5844,35.811,63.789
5845,22.1,-9.917
5846,-79.167,3.3163
5847,-8.9557,-79.842
5848,72.101,2.2888
5849,-8.886,12.059
5850,-21.87,55.415
5851,18.39,-50.206
5852,-74.328,-6.4217
5853,-56.111,-0.051903
5854,12.429,-65.74
5855,-72.925,-21.81
5856,-58.1,66.607
5857,-75.609,-65.08
5858,-30.556,-1.3165
5859,45.456,-43.324
5860,5.8635,-108.03
5861,-29.719,-5.7192
5862,59.293,38.818
5863,-2.8975,-13.645
5864,51.338,36.643
5865,-60.622,-79.049
5866,73.786,57.465
5867,68.394,-16.812
5868,37.378,54.222
5869,-106.42,-10.227
5870,-86.246,63.539
5871,-80.51,-34.917
5872,34.907,2.4025
5873,73.685,-14.235
5874,-39.854,41.896
5875,32.743,23.054
5876,-50.909,84.268
5877,38.326,40.859
5878,-55.835,52.076
5879,-54.075,-56.57
5880,64.091,-41.999
5881,3.1362,56.335
5882,36.192,89.093
5883,59.328,-67.645
5884,-25.52,-0.46188
5885,30.184,22.336
5886,-86.243,63.54
5887,17.571,-48.556
5888,-53.927,-58.838
5889,-85.127,25.969
5890,-48.631,74.838
5891,27.783,4.7499
5892,-21.587,38.433
5893,23.101,66.676
5894,39.63,61.004
5895,-5.8008,-85.807
5896,-97.147,6.5546
5897,-97.049,-3.602
5898,-91.364,25.32
5899,14.308,53.785
5900,89.573,8.6969
5901,-22.54,38.104
5902,-103.37,-2.2816
5903,55.772,64.516
5904,41.283,39.903
5905,67.597,68.579
5906,-99.811,5.9821
5907,13.591,-69.187
5908,32.852,25.007
5909,-8.6984,80.156
5910,-13.995,89.487
5911,-95.17,28.073
5912,-100.56,6.7788
5913,73.989,-81.683
5914,73.999,-81.653
5915,-75.865,55.153
5916,-58.958,-40.389
5917,-43.678,59.133
5918,44.556,41.593
5919,8.9004,38.64
5920,-48.868,35.712
5921,-96.458,1.7904
5922,84.254,42.118
5923,37.044,36.701
5924,-78.827,-10.975
5925,-69.579,30.055
5926,40.869,88.106
5927,-101.26,11.744
5928,-82.137,-41.628
5929,23.819,-94.983
5930,34.509,-84.119
5931,63.025,-5.632
5932,-49.25,-17.478
5933,-115.24,13.137
5934,-103.89,-13.391
5935,-39.911,-17.796
5936,-6.2559,89.553
5937,26.905,-51.228
5938,67.603,-49.747
5939,-45.843,4.1518
5940,-97.361,3.6469
5941,-11.311,85.052
5942,-96.99,-46.825
5943,-11.155,0.031915
5944,79.917,38.48
5945,-102.7,28.546
5946,44.432,-23.416
5947,-75.914,-22.084
5948,-9.2679,-53.311
5949,21.93,-94.135
5950,38.209,16.584
5951,-38.342,1.6017
5952,41.442,-51.949
5953,-15.862,54.085
5954,-30.899,28.882
5955,-39.124,28.656
5956,12.606,-1.0927
5957,29.669,94.478
5958,-17.054,17.871
5959,-81.313,-37.456
5960,-67.611,31.081
5961,-75.014,-16.732
5962,-33.298,-8.375
5963,18.965,36.573
5964,59.412,-23.857
5965,52.527,-20.16
5966,44.664,-86.324
5967,51.108,26.182
5968,10.66,77.673
5969,7.5486,39.969
5970,-13.271,101.74
5971,79.132,-55.353
5972,70.666,53.699
5973,-104.39,0.19441
5974,-70.792,12.477
5975,-89.528,23.239
5976,-72.688,-74.906
5977,-47.887,-16.429
5978,18.918,79.216
5979,-101.74,10.921
5980,-88.189,33.978
5981,-73.301,35.508
5982,64.082,48.127
5983,44.265,73.523
5984,-96.578,30.261
5985,-102.41,16.142
5986,-87.659,-43.037
5987,-82.593,31.18
5988,52.359,-63.981
5989,55.683,-8.2422
5990,42.281,-4.5403
5991,75.543,-2.1444
5992,-60.367,-35.475
5993,39.524,54.565
5994,56.19,76.468
5995,-18.598,-2.1559
5996,-97.833,2.3422
5997,-34.395,1.8239
5998,-89.31,33.266
5999,-73.846,35.838
6000,78.784,41.676
6001,73.525,-82.521
6002,29.53,9.2501
6003,-57.174,51.072
6004,-74.521,14.078
6005,84.369,-46.297
6006,-4.4911,80.845
6007,-80.402,-9.4269
6008,-94.739,29.815
6009,-46.371,25.271
6010,0.43966,53.797
6011,45.721,-83.233
6012,39.176,-90.73
6013,-28.807,-88.435
6014,97.338,45.329
6015,64.7,-41.413
6016,-102.16,22.378
6017,-101.31,3.4906
6018,27.32,-72.216
6019,-11.395,44.936
6020,16.229,-72.43
6021,-11.198,-75.728
6022,-24.795,-78.814
6023,-38.522,-28.1
6024,-64.336,5.8096
6025,-106.89,-13.519
6026,-96.292,6.1573
6027,-89.988,44.743
6028,-80.803,1.4651
6029,-13.207,-95.624
6030,-14.612,-1.5878
6031,-1.408,58.084
6032,57.604,-39.959
6033,74.144,28.148
6034,-100.64,3.7651
6035,-85.927,-23.459
6036,-95.538,25.909
6037,43.417,76.608
6038,-53.857,24.989
6039,51.235,-58.501
6040,-26.187,37.293
6041,-24.828,-91.596
6042,15.315,41.076
6043,-93.987,-8.2898
6044,62.801,48.268
6045,-50.389,-24.086
6046,-60.889,22.928
6047,30.402,-33.663
6048,21.23,82.022
6049,45.265,22.949
6050,-101.54,-2.6111
6051,66.768,25.573
6052,-24.812,-95.021
6053,-101.41,9.6358
6054,-106.71,29.347
6055,-59.01,-40.773
6056,43.015,20.276
6057,-103.77,-13.011
6058,56.181,-59.031
6059,48.953,-64.746
6060,-18.992,79.235
6061,45.479,88.431
6062,-78.565,35.96
6063,-104.45,28.278
6064,-96.244,1.6246
6065,99.829,-60.622
6066,-13.448,26.283
6067,-35.688,27.307
6068,27.384,95.356
6069,42.419,-2.0423
6070,-59.653,34.407
6071,46.889,12.826
6072,-80.828,-2.3304
6073,-65.778,9.6218
6074,-101.56,11.565
6075,88.798,8.7136
6076,81.224,-49.038
6077,-23.876,23.651
6078,6.9132,32.394
6079,-68.17,20.598
6080,-69.531,30.385
6081,-65.315,4.5816
6082,-67.103,-37.776
6083,27.981,-83.615
6084,38.069,8.291
6085,18.881,-85.427
6086,46.107,-65.997
6087,15.329,6.4092
6088,31.461,53.234
6089,-83.223,26.111
6090,-22.071,10.061
6091,-95.853,-1.6666
6092,-53.2,0.40968
6093,43.033,86.487
6094,-101.15,9.9244
6095,26.74,33.433
6096,-31.195,-20.452
6097,-58.471,-0.0020995
6098,-34.142,26.885
6099,23.797,-43.619
6100,0.7993,96.896
6101,-67.823,21.241
6102,-101.71,29.326
6103,25.886,-74.018
6104,-56.215,-31.004
6105,-51.423,45.811
6106,48.552,-68.251
6107,49.096,-47.155
6108,-44.878,9.1085
6109,6.6278,-50.993
6110,-104.77,27.182
6111,-102.46,22.674
6112,-71.788,-18.739
6113,61.801,-42.22
6114,17.047,-1.2564
6115,4.8192,-79.334
6116,21.349,-38.078
6117,66.96,68.737
6118,-104.66,27.698
6119,-100.73,8.0577
6120,36.032,90.068
6121,42.289,84.592
6122,-101.83,11.881
6123,29.671,94.666
6124,3.2113,-63.542
6125,-81.339,36.388
6126,-85.558,-22.15
6127,-69.951,-4.7407
6128,14.289,-71.437
6129,-8.4689,-2.3526
6130,-101.93,21.531
6131,-97.354,-3.6802
6132,52.39,-17.612
6133,55.278,-60.425
6134,68.43,-61.189
6135,-89.359,-1.945
6136,-101.27,0.33035
6137,-102.2,30.363
6138,43.886,-70.663
6139,-88.155,9.9989
6140,-76.229,-63.237
6141,-51.619,-38.8
6142,-96.278,2.4267
6143,-96.433,-46.994
6144,17.703,47.158
6145,-74.85,-13.008
6146,-103.69,-1.9829
6147,21.919,-46.783
6148,-63.343,17.079
6149,35.04,-35.827
6150,-46.093,26.755
6151,-59.036,59.416
6152,-89.722,23.874
6153,29.037,-92.191
6154,-104.42,17.983
6155,36.723,38.338
6156,-60.146,-35.349
6157,-34.013,-31.055
6158,-74.132,53.293
6159,-86.889,32.053
6160,-104.3,0.77377
6161,-44.784,-22.242
6162,37.611,32.939
6163,-14.471,-27.977
6164,59.307,54.587
6165,34.92,36.511
6166,4.3746,64.697
6167,-85.605,-24.936
6168,56.958,-84.274
6169,-31.799,-75.044
6170,-71.402,-77.68
6171,-51.365,83.303
6172,30.243,93.375
6173,42,-84.182
6174,-91.573,5.7842
6175,-16.282,-26.34
6176,-18.731,-84.57
6177,-75.49,56.54
6178,3.1256,-81.128
6179,-97.687,7.2991
6180,41.868,-41.369
6181,13.132,10.254
6182,12.65,96.34
6183,58.491,-54.158
6184,-76.964,-23.671
6185,-68.745,-38.601
6186,-104.11,28.394
6187,-56.3,-1.8688
6188,98.932,51.007
6189,10.683,-83.207
6190,38.397,14.027
6191,47.672,104.17
6192,-77.339,-68.783
6193,53.225,-41.109
6194,-83.571,-25.541
6195,76.105,-43.128
6196,-49.419,-89.13
6197,-4.7917,27.658
6198,49.721,48.989
6199,-91.208,5.2948
6200,76.197,52.025
6201,-99.313,24.618
6202,-117.95,11.138
6203,-89.148,31.736
6204,-88.552,-12.077
6205,-17.306,7.7953
6206,-83.515,20.52
6207,36.174,-81.969
6208,30.395,-2.77
6209,-28.911,-6.0802
6210,-106.62,-9.8322
6211,-81.627,-12.607
6212,-102.65,-12.9
6213,-103.02,3.5026
6214,76.679,52.886
6215,8.4055,18.799
6216,28.015,46.924
6217,20.698,77.74
6218,-28.546,-21.783
6219,-101.88,0.80934
6220,-35.768,-33.21
6221,-31.534,80.62
6222,20.858,68.585
6223,44.645,56.947
6224,62.293,38.377
6225,-104.49,27.11
6226,68.739,-26.909
6227,-36.031,86.281
6228,-91.986,8.1166
6229,-77.423,-57.177
6230,-98.077,31.631
6231,-6.1319,0.35467
6232,13.495,72.186
6233,-12.356,46.356
6234,-50.809,-56.092
6235,11.933,-71.342
6236,51.229,-72.033
6237,-53.628,-58.02
6238,11.865,-71.277
6239,9.836,-78.26
6240,68.278,-48.42
6241,-11.572,85.504
6242,-105.99,-3.3336
6243,-104.38,-13.214
6244,-82.516,-20.469
6245,39.517,27.475
6246,-90.216,12.047
6247,-51.463,-51.071
6248,-21.284,-25.185
6249,-26.226,-98.862
6250,-8.283,-93.027
6251,18.477,-14.055
6252,63.585,-13.704
6253,19.414,-1.2743
6254,-23.181,22.202
6255,87.503,-5.3047
6256,50.388,39.45
6257,-17.999,-106.04
6258,25.949,58.143
6259,-99.165,9.2077
6260,-11.91,77.719
6261,31.419,14.648
6262,10.912,73.378
6263,33.416,91.394
6264,67.541,-17.693
6265,68.492,-23.486
6266,41.245,34.758
6267,-52.849,26.198
6268,-69.28,-66.967
6269,12.122,-57.575
6270,-105.36,13.457
6271,-102.6,21.841
6272,64.963,-9.9133
6273,8.1397,-70.207
6274,-74.594,0.84988
6275,-109.02,-8.0057
6276,-81.801,1.4938
6277,-91.411,-1.3602
6278,-100.81,8.2339
6279,33,-85.527
6280,-13.556,43.081
6281,-69.156,-5.0184
6282,18.546,-37.507
6283,-54.284,-27.571
6284,-96.332,6.3416
6285,-18.968,-3.0585
6286,76.654,-52.89
6287,53.547,23.961
6288,50.913,-17.22
6289,-13.356,97.988
6290,92.869,-42.806
6291,-54.032,7.9741
6292,75.921,-42.975
6293,-72.99,-53.902
6294,63.18,-67.779
6295,-3.8523,3.9928
6296,-62.75,17.442
6297,-71.681,25.793
6298,-99.13,1.332
6299,-61.918,17.863
6300,-54.577,-34.691
6301,-78.395,2.6611
6302,-88.519,33.844
6303,40.382,12.598
6304,46.539,86.162
6305,-71.245,-64.387
6306,-39.918,41.657
6307,-24.83,76.716
6308,-44.773,84.157
6309,-99.85,31.205
6310,-99.399,9.4542
6311,-0.1516,59.201
6312,7.7999,18.782
6313,-87.507,42.859
6314,-77.433,-56.94
6315,-40.227,-62.435
6316,-56.728,-81.863
6317,3.0525,-83.564
6318,-2.4005,-49.939
6319,41.399,-39.992
6320,-100.44,7.0583
6321,-103.72,-13.238
6322,-79.564,38.443
6323,5.3964,56.025
6324,40.425,-79.55
6325,44.974,42.19
6326,34.22,-26.887
6327,56.295,-65.025
6328,-48.411,48.966
6329,74.156,76.766
6330,38.744,38.356
6331,-32.305,24.966
6332,61.925,51.295
6333,19.832,-47.847
6334,40.455,-45.672
6335,15.666,40.991
6336,55.47,56.598
6337,-27.448,-3.4441
6338,-4.4844,-96.16
6339,11.212,-5.7281
6340,75.944,54.467
6341,-24.669,30.941
6342,-14.285,51.306
6343,-93.874,29.962
6344,-103.85,33.399
6345,27.232,55.236
6346,29.33,-45.789
6347,-46.502,-18.03
6348,53.709,33.361
6349,2.1241,54.296
6350,51.953,70.466
6351,-95.413,-47.335
6352,-97.335,-3.7293
6353,3.1625,-81.162
6354,-46.663,-16.82
6355,-11.123,102.55
6356,-81.271,34.322
6357,57.288,47.687
6358,-81.71,-30.693
6359,-42.795,0.029279
6360,64.746,88.166
6361,-21.033,10.882
6362,-11.797,-71.405
6363,43.164,82.957
6364,-101.79,1.9581
6365,26.092,-33.911
6366,-88.417,-15.479
6367,-12.35,-3.8911
6368,-4.6053,-57.937
6369,-102.7,-4.4715
6370,-91.67,5.8493
6371,69.961,-5.3219
6372,-90.593,4.3965
6373,0.26504,55.958
6374,-82.637,35.184
6375,-35.455,25.387
6376,95.197,-42.478
6377,56.04,-60.384
6378,37.609,92.231
6379,-70.3,-53.453
6380,7.483,-14.55
6381,-99.841,2.7886
6382,-5.4702,-38.414
6383,-24.996,-70.784
6384,-9.1679,-35.805
6385,-31.619,-27.507
6386,8.8554,96.357
6387,-5.5429,75.446
6388,-51.712,-38.825
6389,-101.49,10.78
6390,-95.009,0.76633
6391,-14.318,101.59
6392,-14.068,-57.17
6393,-12.171,-71.361
6394,45.094,80.23
6395,-22.302,-106.37
6396,-99.834,-2.9594
6397,6.6283,-77.319
6398,2.7345,64.551
6399,53.33,7.8603
6400,20,-64.934
6401,-10.632,-35.9
6402,77.285,54.867
6403,28.328,13.467
6404,-99.498,8.0727
6405,-57.159,-7.3417
6406,-55.263,-92.468
6407,-35.288,33.673
6408,11.277,54.457
6409,68.589,63.316
6410,-79.319,6.461
6411,-102.98,18.697
6412,-40.162,-26.023
6413,20.005,-35.413
6414,-12.239,-3.3135
6415,89.681,-20.906
6416,79.675,-37.768
6417,-100.83,31.835
6418,51.934,-19.952
6419,-9.907,-2.4102
6420,47.228,10.358
6421,73.218,-45.974
6422,-101.7,11.715
6423,-87.487,6.7917
6424,-105.97,-8.8888
6425,-97.304,10.37
6426,57.078,-62.438
6427,-106.84,-9.7066
6428,-97.963,2.4752
6429,-85.225,-12.152
6430,74.783,56.621
6431,14.852,-33.038
6432,54.9,-17.302
6433,47.619,-90.391
6434,-23.681,80.632
6435,89.838,-29.831
6436,50.686,-22.311
6437,-94.876,0.37037
6438,-96.296,1.6402
6439,-62.287,-84.4
6440,-72.99,-25.458
6441,28.061,28.544
6442,29.795,-41.623
6443,-28.032,-18.841
6444,52.28,54.921
6445,11.46,-12.302
6446,73.508,89.336
6447,-60.62,14.203
6448,-42.005,41.507
6449,10.972,83.011
6450,-58.061,-60.225
6451,-100.87,6.822
6452,-37.986,-5.2192
6453,-0.83843,12.794
6454,-13.961,-2.8467
6455,-100.63,-13.341
6456,52.617,-52.208
6457,-19.365,33.422
6458,-64.891,16.095
6459,-11.759,-78.32
6460,10.678,-58.474
6461,66.797,41.405
6462,16.76,31.95
6463,-44.004,-1.0112
6464,-105.2,-10.095
6465,-104.68,27.658
6466,-13.876,51.817
6467,-38.228,-73.603
6468,45.923,-75.258
6469,43.317,-75.873
6470,46.362,-72.391
6471,44.13,-59.01
6472,-21.844,-72.022
6473,23.477,65.382
6474,0.069736,15.131
6475,62.984,3.7856
6476,-101.05,1.7566
6477,85.449,12.565
6478,58.429,-45.946
6479,46.999,-16.611
6480,29.75,-41.161
6481,-2.932,-80.4
6482,-21.033,-60.032
6483,45.742,63.252
6484,5.8635,-108.03
6485,-101.72,4.0277
6486,8.9394,-70.075
6487,61.285,-44.84
6488,-32.232,-6.5935
6489,-8.182,-91.945
6490,-43.602,-20.178
6491,-48.77,-32.485
6492,49.383,54.164
6493,-104.95,-11.074
6494,-51.872,19.577
6495,51.534,17.614
6496,61.214,-30.522
6497,29.74,-91.847
6498,74.127,76.865
6499,15,-12.407
6500,-4.6658,80.131
6501,-58.647,31.308
6502,70.102,-57.329
6503,-35.29,0.21226
6504,-13.711,-54.994
6505,-85.351,32.502
6506,20.139,-78.55
6507,-49.43,19.61
6508,-81.031,-37.666
6509,81.457,0.24977
6510,13.951,53.256
6511,-70.653,-22.662
6512,-14.863,16.088
6513,-75.881,-11.613
6514,-48.019,-88.137
6515,-50.638,40.841
6516,-88.328,21.561
6517,-98.752,-14.158
6518,-100.85,3.7119
6519,-96.382,2.0811
6520,14.62,39.746
6521,-48.863,-39.683
6522,-32.663,-28.622
6523,-19.969,21.531
6524,-72.281,26.507
6525,17.514,-63.915
6526,-7.7898,-0.93069
6527,-106.89,-9.6114
6528,-78.725,-19.345
6529,-67.569,18.738
6530,-11.943,77.055
6531,34.412,0.0006098
6532,66.665,-31.877
6533,-49.903,-57.219
6534,-17.828,14.374
6535,68.689,-22.524
6536,38.542,-61.979
6537,31.697,49.697
6538,-98.165,4.7376
6539,-85.003,-25.22
6540,33.694,12.453
6541,7.9981,33.125
6542,37.25,12.158
6543,96.766,16.302
6544,-68.652,-80.768
6545,31.583,6.3849
6546,11.084,85.122
6547,-12.632,45.454
6548,24.426,-41.881
6549,46.746,-89.481
6550,55.713,-64.285
6551,77.059,-37.414
6552,-15.873,24.703
6553,-70.559,16.311
6554,72.626,-57.6
6555,1.3741,68.2
6556,85.544,8.1217
6557,-18.723,87.468
6558,-84.851,-25.991
6559,-90.345,21.665
6560,-7.7914,95.75
6561,84.103,-7.065
6562,-57.999,-25.156
6563,-62.789,-35.175
6564,-33.377,18.69
6565,-30.377,-31.556
6566,-27.343,-3.3723
6567,-23.064,79.643
6568,16.176,53.387
6569,26.214,-1.0826
6570,51.439,-58.192
6571,38.993,-92.163
6572,-25.005,-31.064
6573,4.7577,27.32
6574,-91.364,5.2794
6575,56.747,-11.099
6576,-23.811,-33.096
6577,55.313,-62.607
6578,-88.367,-13.057
6579,49.395,-90.116
6580,13.699,-19.222
6581,-23.417,-2.8644
6582,-39.163,-12.733
6583,-100.59,4.0854
6584,-15.492,99.648
6585,-33.465,57.403
6586,54.712,-57.999
6587,-3.0125,38.296
6588,-91.823,4.489
6589,53.944,33.634
6590,-57.419,29.362
6591,-45.942,26.228
6592,-16.114,33.665
6593,-54.587,-11.815
6594,-55.394,-86.644
6595,63.439,12.064
6596,-59.296,36.436
6597,31.683,-44.903
6598,91.33,-42.158
6599,-103.38,-2.0804
6600,-1.6491,-46.61
6601,-64.195,19.853
6602,-34.574,-8.0708
6603,-65.094,-57.812
6604,-76.015,55.335
6605,-10.525,47.499
6606,43.862,-34.153
6607,-11.84,38.804
6608,-35.737,-78.545
6609,-94.016,-8.1982
6610,-26.361,28.951
6611,52.359,-88.911
6612,8.3532,-61.184
6613,-24.857,33.632
6614,32.365,-57.684
6615,42.091,1.8624
6616,-100.65,3.9234
6617,-93.94,29.987
6618,-2.8841,90.171
6619,-75.896,-14.753
6620,-87.12,6.1187
6621,73.508,89.336
6622,44.127,102.79
6623,-47.952,86.397
6624,-74.004,-11.02
6625,-15.147,-68.992
6626,40.563,53.245
6627,-10.294,-3.7068
6628,-42.553,75.202
6629,51.487,59.139
6630,55.35,-55.442
6631,40.813,-40.108
6632,70.59,-49.842
6633,14.249,-63.846
6634,30.128,-37.057
6635,76.04,11.142
6636,-49.08,87.064
6637,-100.87,10.184
6638,-9.2053,40.88
6639,54.37,-57.598
6640,97.88,54.126
6641,25.284,-40.776
6642,-34.182,-0.77762
6643,-67.071,73.588
6644,-72.296,16.624
6645,-102.73,0.68774
6646,-44.182,85.337
6647,66.522,67.219
6648,-0.07498,-76.988
6649,-39.3,77.476
6650,9.6861,31.949
6651,27.053,-87.25
6652,52.073,80.221
6653,-88.228,44.508
6654,-100.62,-2.6964
6655,0.086968,-22.671
6656,-52.405,29.689
6657,-6.8243,53.599
6658,-101.3,9.5333
6659,-69.704,-70.181
6660,-37.588,22.222
6661,15.395,-28.483
6662,11.155,-7.9301
6663,-54.654,-57.802
6664,-76.035,55.099
6665,-8.7649,-46.344
6666,52.633,-64.737
6667,-17.526,-63.906
6668,5.4211,-84.079
6669,-37.371,80.071
6670,-81.494,-30.699
6671,-52.71,-57.85
6672,-81.104,-31.26
6673,-67.926,74.616
6674,70.657,-18.105
6675,-22.301,-106.37
6676,-85.127,-24.414
6677,9.6959,15.18
6678,-81.486,-29.714
6679,-53.565,-59.176
6680,73.508,89.336
6681,-71.057,-12.648
6682,90.438,-12.881
6683,-89.382,45.031
6684,-101.42,18.736
6685,-100.7,10.84
6686,-81.575,38.809
6687,81.807,-44.005
6688,15.644,41.023
6689,-74.258,-11.054
6690,-97.966,-14.041
6691,-12.166,65.382
6692,49.066,-55.671
6693,-40.874,65.883
6694,12.498,-47.185
6695,-33.635,-2.7084
6696,-72.692,35.994
6697,5.8635,-108.03
6698,-9.6366,-7.3048
6699,-6.436,-35.752
6700,45.058,-61.239
6701,53.484,-19.874
6702,-1.7156,61.646
6703,-99.121,9.2663
6704,-85.013,-10.832
6705,-77.066,56.922
6706,36.852,-63.972
6707,-85.924,20.827
6708,40.585,-59.3
6709,73.438,-48.198
6710,-99.432,9.8548
6711,-43.223,-24.891
6712,-17.469,-4.8162
6713,10.62,-75.121
6714,40.17,-70.938
6715,10.09,-24.118
6716,-61.074,72.702
6717,13.394,76.333
6718,-73.759,53.071
6719,31.295,51.69
6720,-88.111,-23.271
6721,-79.287,-38.838
6722,66.945,70.857
6723,78.974,-5.0436
6724,36.055,79.201
6725,-0.57051,-51.863
6726,-55.36,62.167
6727,-71.566,72.329
6728,-69.468,-55.955
6729,-16.763,-24.337
6730,-5.1915,-88.252
6731,26.834,-43.007
6732,12.62,-10.284
6733,-12.894,53.396
6734,74.319,51.036
6735,25.876,12.879
6736,81.17,31.287
6737,26.9,-37.491
6738,-12.137,0.092139
6739,-105.72,14.867
6740,52.315,-2.8
6741,-89.166,21.578
6742,43.596,-63.089
6743,112,5.4926
6744,-91.045,5.2779
6745,41.838,-44.262
6746,53.013,-9.7864
6747,-96.038,1.9202
6748,-89.438,21.524
6749,-19.401,-68.762
6750,39.054,91.359
6751,95.855,44.376
6752,-90.58,4
6753,-88.763,-53.115
6754,4.4416,-75.94
6755,-41.145,-5.246
6756,22.418,75.092
6757,63.257,-28.137
6758,-23.472,17.714
6759,-72.75,68.757
6760,46.633,-65.748
6761,49.511,-63.924
6762,57.445,41.22
6763,-37.602,13.216
6764,-26.171,-5.2773
6765,-88.228,44.508
6766,-61.724,49.308
6767,-6.9999,-34.205
6768,5.6518,-61.818
6769,12.115,-2.6579
6770,-32.335,-31.497
6771,-99.471,6.541
6772,-2.9578,102.18
6773,-13.769,-2.874
6774,-47.798,75.027
6775,58.012,-52.659
6776,32.334,-91.552
6777,-60.923,-34.369
6778,46.56,86.204
6779,-37.664,-9.8086
6780,69.259,66.307
6781,67.621,-16.673
6782,-6.493,-75.935
6783,43.785,-46.63
6784,-74.951,-65.27
6785,41.319,45.588
6786,-9.4336,-93.131
6787,57.997,-67.048
6788,51.288,78.792
6789,-33.459,18.402
6790,-10.734,-76.477
6791,53.01,-57.561
6792,28.448,22.231
6793,13.287,82.65
6794,-0.60851,55.804
6795,-67.62,75.164
6796,-53.53,-57.776
6797,-76.085,-11.288
6798,-37.614,80.063
6799,38.429,-25.199
6800,77.37,-28.868
6801,24.249,-65.638
6802,31.989,-69.657
6803,44.44,-21.397
6804,23.528,-25.346
6805,-1.5329,102.16
6806,-87.625,-40.308
6807,-40.823,-7.0824
6808,56.345,34.463
6809,-0.22253,25.99
6810,-65.418,18.339
6811,-9.1383,46.792
6812,16.604,89.338
6813,17.465,-71.801
6814,68.998,-39.117
6815,17.054,84.195
6816,11.691,-17.327
6817,47.604,39.315
6818,-95.942,25.505
6819,-44.495,-32.892
6820,43.56,-1.3379
6821,-11.74,-1.5323
6822,73.435,88.961
6823,29.342,48.704
6824,-76.968,-67.897
6825,-14.403,-54.982
6826,82.233,-41.927
6827,-16.68,28.271
6828,93.46,-17.797
6829,86.287,-2.1583
6830,34.168,83.872
6831,25.57,-35.892
6832,28.553,-34.21
6833,-6.7027,-5.0678
6834,-10.34,100.79
6835,-14.509,-54.127
6836,-1.7803,21.87
6837,-43.691,89.069
6838,34.516,-22.212
6839,87.013,-38.291
6840,3.6544,17.155
6841,-53.46,-34.993
6842,-11.389,-1.4221
6843,45.335,42.078
6844,-92.514,2.58
6845,-15.022,54.043
6846,79.42,-47.923
6847,38.996,-30.982
6848,52.383,-78.635
6849,3.8439,64.454
6850,-29.584,-6.4091
6851,-25.708,62.003
6852,47.708,-75.474
6853,-47.361,14.694
6854,0.57506,88.36
6855,-4.1088,31.385
6856,-83.183,4.2759
6857,65.133,-18.775
6858,-7.8641,-37.182
6859,92.505,-20.171
6860,69.796,-40.704
6861,8.6246,71.947
6862,-8.4886,-65.481
6863,-27.455,-16.768
6864,-68.815,-62.012
6865,2.2388,-29.39
6866,22.149,-92.626
6867,27.711,-67.191
6868,59.537,-80.714
6869,-44.483,-20.25
6870,80.306,-44.911
6871,-77.324,32.045
6872,3.8854,17.335
6873,-104.75,30.304
6874,56.411,-70.328
6875,9.1798,-49.745
6876,-48.691,-51.543
6877,3.9133,71.176
6878,-31.601,95.384
6879,-13.886,-3.3114
6880,-56.238,-61.044
6881,11.967,-55.627
6882,-13.538,-6.9813
6883,-3.3576,60.809
6884,-27.761,-16.552
6885,81.043,-0.40593
6886,68.853,-60.694
6887,63.389,-54.314
6888,80.151,-43.805
6889,5.8635,-108.03
6890,2.9451,68.703
6891,-70.914,-18.043
6892,57.18,-46.444
6893,-52.68,26.601
6894,28.435,-47.014
6895,38.468,80.337
6896,14.578,54.233
6897,-5.5369,5.3569
6898,48.867,-74.293
6899,-9.0506,-95.153
6900,-24.582,32.608
6901,73.507,89.336
6902,24.138,96.957
6903,-48.037,30.138
6904,37.298,84.073
6905,58.029,62.718
6906,10.001,61.801
6907,48.154,-25.589
6908,-17.022,15.132
6909,24.866,-44.032
6910,-30.301,-2.8292
6911,-60.068,77.73
6912,49.795,79.31
6913,9.0364,88.059
6914,-30.677,4.7295
6915,-88.115,44.616
6916,-13.178,-3.6124
6917,-72.402,-44.216
6918,14.562,-67.222
6919,-41.155,88.077
6920,71.822,-13.856
6921,34.967,-67.221
6922,40.568,-77.187
6923,-39.995,-68.089
6924,4.7262,85.505
6925,-42.899,85.654
6926,64.802,66.484
6927,-104.32,-0.091824
6928,-102.98,-9.752
6929,-77.08,-57.162
6930,-74.869,-64.062
6931,63.382,-28.26
6932,-98.079,-13.647
6933,-8.104,12.762
6934,-69.687,-55.448
6935,-73.763,-10.73
6936,51.709,34.3
6937,8.4424,-60.672
6938,28.443,74.991
6939,-64.823,17.579
6940,-25.467,96.49
6941,60.415,-53.005
6942,52.419,-44.959
6943,-3.9681,-75.833
6944,-75.608,-65.08
6945,65.06,87.445
6946,10.385,46.373
6947,46.475,22.348
6948,45.55,-68.296
6949,-14.282,51.917
6950,-73.305,61.887
6951,15.837,71.437
6952,13.742,-3.0516
6953,2.4286,92.252
6954,61.753,36.07
6955,-7.6823,-2.6076
6956,-89.354,45.021
6957,-22.992,-81.353
6958,-9.5258,-2.6414
6959,1.8304,70.75
6960,-10.618,3.7696
6961,-33.304,18.81
6962,-68.058,51.954
6963,-28.494,-17.777
6964,15.916,-61.183
6965,46.198,-72.844
6966,8.0652,-80.202
6967,-35.466,67.226
6968,-49.241,87.412
6969,0.90809,52.156
6970,-105.13,-3.0383
6971,-89.811,11.186
6972,-71.83,-18.947
6973,42.185,-71.743
6974,57.462,-70.976
6975,43.397,-59.835
6976,-18.993,51.856
6977,-52.113,62.742
6978,29.052,-86.117
6979,-25.683,-70.29
6980,18.204,-60.368
6981,-27.833,-66.517
6982,-92.031,-7.2082
6983,-21.328,9.5471
6984,-80.484,-32.322
6985,41.889,-71.272
6986,-68.768,27.129
6987,-12.699,-4.891
6988,61.834,54.017
6989,34.99,3.8488
6990,-9.7733,101.87
6991,68.883,-11.997
6992,14.444,-27.062
6993,-17.492,11.74
6994,-78.108,8.4186
6995,20.55,84.966
6996,50.582,-62.675
6997,-89.074,12.952
6998,-21.411,81.185
6999,-38.078,14.497
7000,50.474,78.295
7001,10.128,49.255
7002,43.632,-60.169
7003,-9.7811,69.555
7004,-88.867,44.787
7005,-67.594,75.248
7006,-38.677,-19.87
7007,-92.096,8.2742
7008,-79.187,60.936
7009,-13.504,101.71
7010,-21.982,68.331
7011,60.18,-66.162
7012,56.517,-58.992
7013,44.225,-56.908
7014,61.088,37.829
7015,-9.2954,101.56
7016,99.004,50.533
7017,-97.443,15.617
7018,-68.054,-61.718
7019,-5.3827,42.18
7020,60.254,-70.871
7021,-11.367,-93.705
7022,30.461,-61.147
7023,-98.145,-29.684
7024,-21.682,36.433
7025,-14.811,26.755
7026,-104.98,17.334
7027,-99.263,-14.488
7028,73.508,89.336
7029,42.231,-54.854
7030,41.371,39.958
7031,37.784,80.217
7032,-97.109,-46.791
7033,-40.597,-4.6691
7034,-38.531,-9.5449
7035,48.303,-68.371
7036,-19.762,-84.679
7037,-89.305,44.998
7038,-13.936,101.51
7039,48.714,78.293
7040,32.79,-23.827
7041,42.653,-71.079
7042,76.836,-36.812
7043,-75.487,-22.625
7044,44.798,80.124
7045,-69.816,16.385
7046,-34.896,-4.6528
7047,24.29,-65.107
7048,43.638,-34.918
7049,17.102,52.108
7050,-46.355,-33.098
7051,-23.96,7.0018
7052,-53.45,74.442
7053,-36.84,64.973
7054,-3.4871,42.208
7055,-0.028479,79.336
7056,-75.698,-11.293
7057,-32.813,-11.96
7058,71.417,-7.5971
7059,58.406,-74.496
7060,54.53,-83.342
7061,-64.245,3.5419
7062,47.499,102.1
7063,33.384,7.3098
7064,42.137,78.893
7065,-76.774,35.687
7066,-12.59,-4.0715
7067,69.374,-50.785
7068,-26.656,-77.795
7069,45.133,-64.816
7070,-13.729,100.72
7071,35.473,-24.323
7072,60.45,-53.356
7073,19.109,-86.748
7074,-81.54,-30.697
7075,25.886,46.656
7076,69.789,-22.326
7077,29.025,41.815
7078,-40.738,-33.193
7079,-19.662,41.005
7080,27.593,-15.964
7081,51.953,-58.911
7082,-17.52,-61.683
7083,51.841,-49.932
7084,12.247,0.84616
7085,-84.51,-14.127
7086,-10.39,87.212
7087,-91.265,-49.691
7088,73.508,89.337
7089,-11.044,99.273
7090,-64.769,-62.436
7091,-74.332,-63.907
7092,49.034,52.773
7093,-36.637,-73.588
7094,53.493,-66.431
7095,-75.608,-65.08
7096,-46.166,88.231
7097,-102.03,4.1427
7098,-91.013,5.1812
7099,24.3,-42.439
7100,45.949,42.594
7101,-16.407,25.423
7102,-98.691,-15.045
7103,28.357,-65.447
7104,48.386,-76.549
7105,-13.983,-1.3149
7106,32.833,13.731
7107,31.922,17.701
7108,-18.152,-5.6097
7109,-67.043,-68.706
7110,-16.376,97.531
7111,12.504,100.39
7112,-22.347,39.511
7113,-14.169,24.855
7114,-31.785,84.611
7115,38.936,-31.554
7116,44.701,-55.88
7117,35.891,86.312
7118,-17.976,-79.853
7119,-3.4948,34.45
7120,-89.413,45.046
7121,-92.115,-49.015
7122,-51.786,-15.442
7123,-6.7703,25.757
7124,58.62,-27.624
7125,75.248,25.452
7126,-77.938,-68.537
7127,-88.966,18.792
7128,52.946,-61.506
7129,36.725,-44.167
7130,-6.4157,63.58
7131,26.355,99.334
7132,-103.54,1.8773
7133,49.897,-77.457
7134,6.1691,-58.396
7135,-70.318,-10.846
7136,-7.4992,102.89
7137,7.5586,-76.16
7138,68.889,-19.264
7139,19.208,-97.123
7140,33.057,-60.941
7141,3.4313,70.943
7142,25.414,83.693
7143,-76.46,13.963
7144,65.982,66.792
7145,52.454,-58.259
7146,78.275,-56.234
7147,58.701,-67.336
7148,35,-19.353
7149,70.814,-7.1655
7150,52.594,-19.914
7151,50.69,-45.389
7152,-4.2706,41.942
7153,57.785,-67.076
7154,52.531,-44.968
7155,-9.906,-10.598
7156,-99.943,-1.3687
7157,-72.394,52.13
7158,8.8472,-83.507
7159,71.87,-3.483
7160,4.8854,23.707
7161,89.007,-26.685
7162,60.374,63.52
7163,0.42207,87.879
7164,13.875,56.973
7165,-4.3716,32.255
7166,24.616,-50.307
7167,-7.4996,102.82
7168,-52.984,-28.349
7169,9.1264,18.601
7170,-0.38366,-76.285
7171,-17.857,-61.462
7172,-0.69478,71.868
7173,-12.98,-5.0768
7174,64.022,66.166
7175,-44.364,-19.849
7176,-67.435,-63.321
7177,-67.315,31.625
7178,-37.927,-5.6089
7179,-3.0435,-6.9666
7180,10.159,47.562
7181,-79.254,-67.031
7182,-11.23,-0.61189
7183,-19.47,47.741
7184,60.064,-67.791
7185,10.796,-72.966
7186,8.9229,-11.388
7187,-41.663,36.206
7188,32.773,54.636
7189,92.438,-39.705
7190,-103.26,-15.225
7191,97.622,45.601
7192,33.624,4.5528
7193,41.236,53.986
7194,-2.1284,55.026
7195,-0.63575,100.65
7196,-49.908,86.446
7197,40.625,45.043
7198,7.027,-59.063
7199,10.635,-67.395
7200,39.315,-90.56
7201,35.706,31.979
7202,5.8761,93.306
7203,24.718,68.839
7204,-16.362,97.538
7205,39.923,47.988
7206,-48.87,79.067
7207,60.589,-64.739
7208,90.208,-11.664
7209,77.769,-6.0435
7210,59.209,-67.382
7211,-13.806,-88.972
7212,74.376,-40.757
7213,26.174,18.91
7214,-49.59,31.277
7215,-9.7361,-0.93189
7216,-97.144,-13.323
7217,23.037,65.191
7218,-46.534,72.405
7219,-82.651,4.2777
7220,60.461,-62.834
7221,35.878,22.918
7222,50.154,53.384
7223,-56.598,-26.792
7224,91.247,35.671
7225,21.78,72.225
7226,-16.082,25.749
7227,53.045,-85.255
7228,65.023,50.243
7229,-85.143,-3.6955
7230,-67.359,-59.736
7231,31.025,94.643
7232,74.667,14.374
7233,-55.406,72.054
7234,-37.181,80.153
7235,-61.905,-87.508
7236,61.814,-64.432
7237,-22.248,-10.341
7238,-93.868,52.914
7239,-67.357,-62.459
7240,-63.365,22.109
7241,-97.902,4.4568
7242,-50.282,54.526
7243,18.579,-64.491
7244,53.992,-60.094
7245,36.467,92.589
7246,-70.525,-68.627
7247,-12.246,-4.3289
7248,-26.938,-26.284
7249,-13.82,81.308
7250,7.3678,-60.965
7251,58.408,-46.826
7252,-21.827,-15.004
7253,-83.656,20.417
7254,24.379,-64.548
7255,0.15452,35.691
7256,77.628,-59.677
7257,26.545,-33.013
7258,44.875,28.133
7259,49.143,50.686
7260,-47.026,-21.537
7261,-78.039,58.938
7262,-11.607,-4.6841
7263,25.499,97.063
7264,-66.739,27.505
7265,-92.611,27.75
7266,55.161,-84.516
7267,8.8814,71.742
7268,-5.0936,0.63182
7269,-7.6972,93.507
7270,93.565,-59.17
7271,-59.188,26.472
7272,36.382,-23.702
7273,-45.261,71.362
7274,14.737,79.636
7275,26.68,37.716
7276,-8.2979,-5.3243
7277,21.874,75.353
7278,70.213,31.857
7279,-37.792,-76.137
7280,-35.26,14.23
7281,-13.696,36.881
7282,-17.375,-24.685
7283,5.8634,-108.03
7284,68.654,37.577
7285,-101.64,-11.142
7286,-74.162,-66.158
7287,41.735,-59.65
7288,47.055,-77.569
7289,17.511,84.415
7290,-28.208,-19.318
7291,29.749,49.822
7292,-19.735,61.94
7293,-5.4506,33.183
7294,-8.5169,-1.4034
7295,-29.398,40.118
7296,32.522,5.7584
7297,-80.113,-42.033
7298,-17.985,-25.639
7299,47.121,-67.256
7300,-51.581,-38.682
7301,-29.575,-3.5123
7302,-52.33,-27.459
7303,-101.72,-11.849
7304,-34.304,74.544
7305,-46.328,72.021
7306,61.714,-61.255
7307,58.505,-53.773
7308,9.6858,53.808
7309,-83.09,18.028
7310,29.453,-11.245
7311,-50.591,62.767
7312,-36.402,-22.528
7313,-51.976,2.7961
7314,43.109,-49.177
7315,31.417,-56.436
7316,-46.211,-91.328
7317,48.122,-85.829
7318,-48.894,-13.456
7319,-76.181,25.908
7320,-66.179,-61.082
7321,-66.877,-52.44
7322,-41.061,88.488
7323,59.205,73.414
7324,60.317,-67.877
7325,48.065,-25.778
7326,98.792,51.689
7327,-95.689,27.975
7328,-11.119,98.594
7329,55.047,77.117
7330,-101.69,18.666
7331,46.582,49.987
7332,41.77,-70.721
7333,43.795,-59.214
7334,37.887,32.497
7335,73.509,89.337
7336,-42.499,19.942
7337,32.283,12.908
7338,45.098,-64.611
7339,7.8093,-45.965
7340,17.75,71.218
7341,-5.4842,-2.9834
7342,-44.451,-20.856
7343,-15.662,26.762
7344,-32.814,69.288
7345,-66.253,21.869
7346,-61.656,-66.933
7347,-72.032,-54.192
7348,-96.485,-15.569
7349,65.212,-21.909
7350,-12.132,17.64
7351,-45.131,-33.032
7352,85.265,-7.3423
7353,-19.113,13.242
7354,-55.573,-0.82583
7355,-15.849,-7.2884
7356,-27.991,-66.446
7357,-11.53,60.01
7358,-67.517,-79.245
7359,-13.445,15.326
7360,-71.927,13.633
7361,47.129,-63.078
7362,66.173,67.251
7363,-31.445,41.267
7364,-90.015,-50.625
7365,-61.353,34.427
7366,-24.746,89.505
7367,-39.735,87.516
7368,-9.751,95.337
7369,-70.143,-69.561
7370,-18.985,-67.657
7371,1.5382,92.573
7372,-36.563,31.091
7373,-66.823,-68.819
7374,-68.906,-4.8585
7375,45.319,5.9448
7376,18.005,56.118
7377,-65.455,-0.08166
7378,53.431,-50.591
7379,31.21,-41.229
7380,0.10189,52.234
7381,21.854,26.446
7382,56.99,73.391
7383,-52.062,-38.36
7384,-84.466,-39.884
7385,-16.438,-26.8
7386,-7.9741,-5.2609
7387,-33.406,88.949
7388,77.34,-56.69
7389,48.838,-77.319
7390,37.829,35.835
7391,-52.097,23.302
7392,-3.129,0.9792
7393,-38.098,-8.8487
7394,-73.959,-60.255
7395,-45.885,1.0722
7396,-66.167,-83.576
7397,-104.44,28
7398,62.765,-61.225
7399,59.084,-70.611
7400,58.371,-53.839
7401,90.535,-11.991
7402,61.375,-53.961
7403,23.721,4.5265
7404,63.456,40.252
7405,73.508,89.337
7406,21.932,75.433
7407,-15.055,-2.2257
7408,-2.545,75.579
7409,-74.668,-74.325
7410,-14.092,6.2728
7411,-38.778,-0.49838
7412,-17.456,-31.215
7413,-48.902,-84.281
7414,51.596,-50.169
7415,51.402,-58.363
7416,-36.869,79.057
7417,-103.12,3.7187
7418,44.293,80.071
7419,19.161,50.566
7420,-5.8674,75.681
7421,78.73,-18.743
7422,56.682,42.036
7423,-6.8363,81.05
7424,-9.923,-0.21112
7425,50.368,77.164
7426,55.097,-85.329
7427,32.807,46.849
7428,29.446,43.928
7429,-17.975,52.447
7430,-34.636,18.917
7431,-39.91,-11.609
7432,5.8634,-108.03
7433,-69.139,-57.4
7434,-22.448,37.082
7435,-52.158,60.958
7436,1.0905,51.449
7437,85.762,-38.031
7438,44.862,-20.561
7439,18.39,75.48
7440,-60.306,18.767
7441,-42.791,-33.875
7442,-66.251,-59.973
7443,-35.06,-7.9277
7444,-28.068,-18.779
7445,-16.24,99.055
7446,-8.9797,74.233
7447,44.768,-58.928
7448,15.236,-3.7075
7449,-19.026,43.817
7450,29.934,-33.915
7451,-29.129,-18.91
7452,-75.534,-64.975
7453,28.875,40.521
7454,53.858,79.441
7455,78.704,-2.1288
7456,43.604,-34.708
7457,-67.864,-69.604
7458,1.4706,87.843
7459,35.317,-29.006
7460,-14.453,51.542
7461,73.516,89.344
7462,27.739,-80.24
7463,44.899,-33.711
7464,28.214,25.536
7465,25.546,61.996
7466,-67.378,-37.85
7467,17.182,-97.85
7468,1.2915,99.765
7469,42.388,21.468
7470,-82.586,3.9986
7471,-12.667,53.878
7472,-11.468,61.164
7473,88.324,-41.606
7474,90.224,-15.136
7475,7.7167,-60.944
7476,46.794,-78.635
7477,74.859,1.3852
7478,-57.066,29.913
7479,-39.348,77.214
7480,-32.066,-32.704
7481,-85.164,34.107
7482,-21.927,3.9206
7483,-68.849,-27.737
7484,73.701,54.782
7485,19.385,-36.221
7486,59.263,-65.19
7487,62.861,-60.317
7488,50.736,-62.863
7489,37.103,-53.222
7490,18.996,71.574
7491,-20.278,78.838
7492,-79.968,-65.29
7493,50.87,-83.623
7494,-60.06,35.087
7495,49.635,39.191
7496,71.711,85.256
7497,-32.344,11.945
7498,-14.812,26.253
7499,37.346,54.022
7500,-13.106,-45.367
7501,-20.224,46.088
7502,-58.226,15.739
7503,24.383,-83.812
7504,48.289,101.87
7505,-99.864,5.9557
7506,87.041,-42.742
7507,9.8588,40.986
7508,51.582,-81.488
7509,38.925,-71.91
7510,19.737,72.931
7511,-10.942,99.402
7512,81.485,31.805
7513,-13.373,-4.5807
7514,75.652,12.498
7515,-14.841,-3.2367
7516,-66.996,71.483
7517,8.8437,33.528
7518,44.783,56.841
7519,-0.9279,42.943
7520,31.55,-81.948
7521,17.176,-0.80413
7522,3.813,-85.221
7523,66.876,86.454
7524,-97.372,24.366
7525,23.93,89.954
7526,2.364,52.228
7527,15.326,49.956
7528,-49.496,-17.428
7529,73.574,78.675
7530,-14.578,-12.072
7531,-51.328,-13.276
7532,-4.5219,83.219
7533,-24.661,18.355
7534,-10.531,-11.062
7535,63.731,27.831
7536,-76.33,55.743
7537,-73.132,-24.657
7538,-9.743,-6.6124
7539,29.749,-36.875
7540,66.795,-64.164
7541,7.6699,-76.625
7542,66.215,-12.209
7543,-41.371,-24.422
7544,-32.072,9.3628
7545,-34.378,-22.362
7546,-16.048,25.256
7547,-23.985,45.391
7548,-5.2057,-9.0061
7549,65.279,-64.554
7550,78.809,-6.7003
7551,-0.29929,49.567
7552,35.732,-83.752
7553,-65.342,-61.011
7554,69.572,84.898
7555,-15.939,44.778
7556,91.492,-58.232
7557,19.519,51.089
7558,-28.556,-19.924
7559,28.571,98.818
7560,46.965,81.361
7561,29.759,-69.96
7562,4.2726,-42.175
7563,14.946,14.028
7564,83.102,-44.897
7565,82.907,-9.6052
7566,-21.012,51.645
7567,-61.488,-10.064
7568,-28.462,-19.787
7569,-96.84,-46.87
7570,-34.171,7.1949
7571,46.745,-77.247
7572,53.721,-85.417
7573,42.152,-23.692
7574,-77.822,58.474
7575,-30.784,93.393
7576,51.53,-63.984
7577,19.539,83.386
7578,32.72,-41.29
7579,-16.535,55.501
7580,-61.95,72.831
7581,60.671,17.511
7582,33.604,-88.401
7583,-47.46,68.785
7584,45.301,-79.06
7585,31.951,18.881
7586,-3.0837,80.168
7587,-77.087,34.771
7588,-72.501,-15.554
7589,60.072,-68.533
7590,32.357,-21.486
7591,25.217,-92.833
7592,3.6971,-66.997
7593,-49.504,55.614
7594,-82.638,21.241
7595,-68.832,18.5
7596,-29.497,95.726
7597,-35.409,46.222
7598,18.746,-2.1835
7599,1.4045,-80.114
7600,-66.191,22.571
7601,-27.505,7.7121
7602,-92.453,1.8808
7603,-50.731,68.059
7604,49.23,-74.946
7605,36.281,43.446
7606,41.909,0.81273
7607,46.799,104.16
7608,-81.913,59.378
7609,-13.479,81.933
7610,-30.254,90.464
7611,89.218,-13.39
7612,46.013,-66.591
7613,7.0533,85.029
7614,12.873,82.172
7615,-77.121,60.191
7616,-75.034,-16.493
7617,50.515,10.806
7618,-59.312,60.849
7619,48.499,54.124
7620,-9.3833,-92.726
7621,50.665,-5.2857
7622,8.3182,-61.424
7623,35.881,-22.634
7624,-15.897,63.587
7625,-4.3048,-8.4358
7626,-1.8489,-0.16886
7627,0.2468,25.488
7628,23.465,76.46
7629,63.555,-28.45
7630,-54.011,-1.1888
7631,-7.4236,78.609
7632,68.619,-15.221
7633,-53.776,1.3164
7634,-49.789,-27.438
7635,46.853,48.612
7636,31.031,13.158
7637,-98.986,23.778
7638,-42.567,-12.11
7639,-28.773,-29.133
7640,35.229,-19.278
7641,-52.087,73.064
7642,-78.471,59.773
7643,-64.913,58.924
7644,83.287,-3.2042
7645,45.446,-75.773
7646,44.108,-89.081
7647,-12.907,-46.803
7648,28.95,9.582
7649,-7.0765,0.23038
7650,13.897,-41.825
7651,41.031,16.938
7652,-9.2599,-84.985
7653,8.6022,-56.556
7654,-7.5585,73.255
7655,-50.338,-7.4324
7656,112,5.4912
7657,31.755,79.808
7658,45.109,42.253
7659,23.712,-43.772
7660,29.399,-77.216
7661,26.455,12.502
7662,34.643,79.445
7663,-19.958,37.467
7664,-32.871,40.666
7665,9.2336,60.925
7666,-104.99,25.564
7667,-44.939,-41.256
7668,-71.153,16.605
7669,16.694,-82.662
7670,13.522,-59.025
7671,81.344,-15.734
7672,15.507,-7.0089
7673,24.378,-85.004
7674,1.026,90.177
7675,-9.6054,83.935
7676,-105.98,-11.318
7677,-15.213,-40.634
7678,79.356,-7.1162
7679,56.917,-72.056
7680,-42.261,19.662
7681,-81.043,34.2
7682,-35.747,-10.455
7683,7.5052,86.448
7684,-13.66,-52.264
7685,-46.004,-30.165
7686,14.836,-33.056
7687,66.423,-58.294
7688,27.489,-83.583
7689,-75.972,-65.352
7690,43.657,-60.559
7691,14.033,82.98
7692,-81.48,-12.962
7693,-85.264,32.891
7694,-2.5929,-35.411
7695,27.423,-41.94
7696,19.873,-42.989
7697,-9.0228,82.146
7698,48.307,87.34
7699,45.41,103.46
7700,-59.439,-1.1964
7701,-74.579,18.664
7702,-32.482,35.902
7703,-19.013,52.903
7704,-23.541,46.579
7705,46.501,-71.063
7706,54.081,-63.526
7707,47.208,-84.459
7708,-62.296,21.663
7709,-57.3,-14.639
7710,-71.443,69.435
7711,-46.841,26.001
7712,74.807,1.0429
7713,15.108,-57.919
7714,42.543,-24.029
7715,24.549,-9.0612
7716,-100.48,7.2146
7717,-17.616,77.023
7718,30.504,-35.807
7719,6.2274,57.726
7720,59.921,-67.38
7721,-2.0258,69.62
7722,56.769,43.813
7723,-13.159,26.175
7724,-74.383,13.79
7725,32.246,13.101
7726,-28.473,32.44
7727,-12.291,63.118
7728,-59.28,28.218
7729,-8.5425,44.141
7730,-8.6701,85.47
7731,-87.745,31.002
7732,-53.585,-22.461
7733,-40.373,48.706
7734,-85.934,44.831
7735,47.447,-15.037
7736,60.699,-64.214
7737,30.961,1.8657
7738,6.9832,69.185
7739,71.242,-53.495
7740,-31.613,89.549
7741,59.108,45.952
7742,-23.875,89.604
7743,-42.514,-4.6588
7744,25.388,-71.938
7745,-46.259,-16.82
7746,0.98628,-25.036
7747,45.411,103.45
7748,59.463,75.509
7749,-75.854,35.286
7750,-8.0859,27.55
7751,44.998,-61.596
7752,83.03,-50.457
7753,-34.21,32.252
7754,-29.792,95.662
7755,-40.524,-2.4625
7756,-32.207,40.2
7757,21.516,7.148
7758,-0.23403,-82.449
7759,23.65,52.338
7760,-40.564,-40.931
7761,-17.383,28.195
7762,-94.913,0.91715
7763,-12.84,26.355
7764,65.201,-21.128
7765,55.001,-55.366
7766,-30.848,-57.459
7767,23.63,-44.14
7768,-21.93,43.363
7769,14.727,0.092907
7770,-7.6351,-0.71101
7771,-96.356,6.3572
7772,-49.475,20.114
7773,11.174,84.803
7774,-32.01,-11.949
7775,40.028,-20.679
7776,31.686,-39.656
7777,-30.655,39.091
7778,99.288,48.192
7779,-29.688,49.499
7780,-58.924,-16.294
7781,53.661,-60.287
7782,24.12,24.632
7783,-99.194,9.8088
7784,53.385,-50.418
7785,-68.694,20.162
7786,-51.281,-38.256
7787,11.085,100.55
7788,39.296,9.2698
7789,-103.1,-14.931
7790,-67.868,-62.063
7791,-70.151,70.713
7792,-49.515,72.707
7793,59.432,-69.59
7794,-14.669,-90.171
7795,39.738,78.54
7796,-16.811,-5.1759
7797,-80,-36.268
7798,-43.793,18.462
7799,77.064,-75.426
7800,-34.758,-13.522
7801,-26.007,40.607
7802,31.923,-41.309
7803,-6.791,78.949
7804,-27.443,-17.49
7805,20.287,82.183
7806,37.248,2.8714
7807,34.455,23.3
7808,24.412,-65.5
7809,0.14028,53.034
7810,27.134,52.518
7811,-0.72753,48.071
7812,7.2539,16.967
7813,-42.33,28.061
7814,11.256,-57.824
7815,48.176,-77.599
7816,-17.209,48.727
7817,-17.035,28.155
7818,-46.204,-24.308
7819,62.965,-67.34
7820,-35.632,32.224
7821,-32.89,42.816
7822,-63.487,78.981
7823,25.703,62.012
7824,36.728,-77.747
7825,20.035,83.126
7826,50.53,26.722
7827,-5.6283,-22.422
7828,37.004,-59.864
7829,41.925,-51.017
7830,-65.313,18.773
7831,52.287,48.918
7832,45.887,42.326
7833,46.846,-78.111
7834,65.411,87.946
7835,-7.5324,78.716
7836,-83.674,-27.433
7837,-74.14,34.923
7838,18.931,-36.631
7839,-65.235,-58.941
7840,77.664,-49.239
7841,-48.116,71.855
7842,-35.963,-14.439
7843,61.594,-67.209
7844,3.5535,-76.529
7845,27.422,-51.516
7846,-53.386,25.784
7847,-12.99,43.401
7848,-32.068,0.29673
7849,-55.675,-32.527
7850,-56.164,-8.435
7851,44.997,-61.517
7852,-6.5514,-48.759
7853,-9.9387,-85.384
7854,73.508,89.334
7855,-37.583,32.17
7856,-46.66,-33.57
7857,-48.311,30.106
7858,38.952,16.676
7859,-37.44,21.558
7860,-77.416,34.967
7861,-35.306,84.123
7862,47.423,-89.666
7863,73.508,89.336
7864,1.5725,89.744
7865,-55.126,-36.183
7866,14.024,-64.092
7867,-72.577,10.742
7868,47.292,54.122
7869,71.52,-1.2786
7870,61.74,-64.791
7871,-7.91,88.856
7872,-16.858,76.877
7873,39.975,82.724
7874,-78.686,60.085
7875,-88.228,44.508
7876,-36.532,-9.2752
7877,68.257,-60.008
7878,-84.11,-21.488
7879,39.604,54.654
7880,13.423,-30.36
7881,-3.8487,31.098
7882,45.705,-4.9044
7883,-47.118,61.394
7884,-10.476,46.897
7885,-34.919,59.59
7886,6.8745,69.153
7887,-88.657,7.8041
7888,87.15,-41.282
7889,-44.682,39.662
7890,65.236,-21.102
7891,-0.048506,87.98
7892,-45.575,28.443
7893,-35.384,77.598
7894,17.967,-45.046
7895,53.366,-57.068
7896,-21.96,41.243
7897,-24.882,45.041
7898,-50.236,24.023
7899,67.469,55.406
7900,46.372,-72.543
7901,-7.8068,-9.8665
7902,-74.978,-61.631
7903,-100.79,10.938
7904,-33.422,-11.537
7905,-58.383,7.222
7906,-2.0614,72.971
7907,25.753,83.939
7908,7.2879,18.606
7909,-15.075,101.55
7910,70.471,64.588
7911,88.907,-11.172
7912,-81.134,-27.106
7913,-16.253,51.022
7914,-26.146,45.906
7915,-13.602,101.49
7916,23.595,77.677
7917,-27.115,76.233
7918,-62.151,34.122
7919,47.423,-31.399
7920,-12.958,57.619
7921,-83.248,33.232
7922,-31.934,41.46
7923,59.952,-69.097
7924,-20.855,-25.31
7925,-33.992,24.847
7926,-72.623,35.931
7927,-81.297,-40.158
7928,46.876,44.675
7929,-37.328,34.13
7930,-27.91,-65.982
7931,-55.078,-34.469
7932,-34.565,23.047
7933,-53.062,-50.207
7934,-31.961,25.087
7935,-79.012,34.677
7936,43.846,-86.078
7937,-16.986,40.671
7938,10.759,99.147
7939,38.527,-25.291
7940,40.382,-41.68
7941,57.425,-67.668
7942,10.03,-37.31
7943,46.639,102.6
7944,-67.829,-62.244
7945,-68.53,-60.302
7946,16.535,-57.252
7947,-55.199,-29.195
7948,-97.87,24.992
7949,-97.763,3.8658
7950,-76.475,-40.069
7951,57.183,-57.484
7952,-7.6789,39.7
7953,1.5261,-84.857
7954,-11.641,-0.80572
7955,-102.78,-4.7307
7956,-23.918,40.057
7957,-68.808,31.041
7958,-28.172,94.225
7959,-80.048,-34.955
7960,-32.157,33.908
7961,-68.61,16.837
7962,-50.537,-18.552
7963,-35.879,85.984
7964,90.449,-11.86
7965,11.395,-57.322
7966,54.228,-72.813
7967,-16.737,28.394
7968,-54.098,-7.1387
7969,58.78,-27.929
7970,-16.704,84.803
7971,-14.925,51.296
7972,-8.1934,28.695
7973,-57.344,29.756
7974,51.707,-59.334
7975,-10.182,-8.0547
7976,-6.5805,76.146
7977,-59.424,35.004
7978,-27.486,-17.463
7979,-64.015,-29.502
7980,6.056,58.612
7981,61.436,-65.936
7982,4.1813,54.805
7983,1.0502,90.231
7984,41.035,61.819
7985,-46.149,27.187
7986,-71.909,-54.582
7987,-58.725,71.85
7988,93.286,-42.849
7989,-28.347,-21.324
7990,-17.332,28.888
7991,69.759,-1.1696
7992,76.159,0.63346
7993,7.3997,-0.48758
7994,-48.873,19.777
7995,-74.375,16.664
7996,36.251,5.2952
7997,29.826,-21.069
7998,45.82,-74.987
7999,43.595,-58.958
8000,36.381,62.756
8001,-3.3314,96.914
8002,-58.89,32.072
8003,-93.701,-48.062
8004,-41.494,-9.927
8005,19.543,83.397
8006,-69.726,18.582
8007,-41.141,8.2567
8008,30.127,24.712
8009,-75.611,-65.083
8010,-53.66,-37.468
8011,-88.445,-1.9201
8012,54.322,-64.945
8013,23.296,81.923
8014,45.407,103.45
8015,51.609,35.309
8016,-86.08,-1.5143
8017,-11.158,102.93
8018,-21.996,21.135
8019,55.532,55.678
8020,-25.842,36.382
8021,-12.068,-66.968
8022,39.935,90.765
8023,-50.151,57.078
8024,-50.69,-27.189
8025,60.687,-71.677
8026,-42.37,22.562
8027,-60.177,37.154
8028,-55.004,-58.194
8029,-37.458,11.05
8030,-25.284,29.38
8031,56.957,-69.813
8032,26.18,-17.301
8033,42.341,-83.878
8034,-84.023,-27.168
8035,-25.197,40.863
8036,28.479,96.941
8037,29.47,-11.693
8038,53.324,-52.346
8039,-1.5404,27.831
8040,32.662,52.054
8041,-65.797,-62.414
8042,-99.733,22.213
8043,-83.102,17.644
8044,-27.533,7.7787
8045,-7.5306,102.9
8046,-29.165,90.954
8047,-32.079,14.035
8048,80.838,-24.807
8049,32.181,79.852
8050,-66.794,-60.946
8051,34.694,-53.133
8052,-51.763,27.125
8053,-36.25,27.867
8054,68.461,-60.928
8055,69.66,-41.153
8056,-43.67,9.4728
8057,27.271,-44.312
8058,-16.541,28.197
8059,25.91,60.122
8060,-79.956,-27.29
8061,-47.266,14.389
8062,30.975,49.991
8063,-25.037,33.027
8064,59.257,-63.79
8065,-12.787,46.374
8066,-80.153,34.857
8067,-54.802,-26.058
8068,-53.567,-37.819
8069,-17.801,56.369
8070,-25.95,52.192
8071,29.031,42.107
8072,-65.308,21.33
8073,45.41,103.45
8074,70.734,87.555
8075,-73.99,53.151
8076,-102.05,0.9563
8077,-69.469,40.331
8078,45.337,-61.107
8079,11.696,-41.119
8080,-4.2178,77.991
8081,-29.346,59.217
8082,50.907,-56.352
8083,32.667,-15.756
8084,-35.179,43.747
8085,-6.2383,-5.7268
8086,31.693,48.612
8087,66.126,70.655
8088,-101.14,-2.4509
8089,17.217,47.795
8090,-9.8906,78.34
8091,72.248,1.7494
8092,-71.942,16.881
8093,-1.86,52.825
8094,55.808,34.592
8095,38.991,92.006
8096,-2.4163,49.523
8097,-101.08,18.865
8098,53.412,-50.764
8099,7.9024,23.025
8100,-80.273,35.118
8101,-40.108,-22.929
8102,-102.58,0.084294
8103,-25.56,39.235
8104,-27.149,45.767
8105,-68.598,72.981
8106,73.508,89.336
8107,-101.24,3.756
8108,-6.976,57.311
8109,0.26726,23.719
8110,-16.795,19.871
8111,41.472,-42.738
8112,25.386,-71.735
8113,59.794,-65.058
8114,10.217,-79.763
8115,59.715,-67.442
8116,91.667,-67.465
8117,-80.16,35.106
8118,-77.143,-54.218
8119,-49.507,-22.724
8120,-49.701,31.137
8121,-60.245,19.63
8122,0.13649,-62.442
8123,26.755,77.944
8124,-9.7553,99.803
8125,15.008,-70.926
8126,53.296,-57.779
8127,13.992,-55.244
8128,-83.024,18.951
8129,107.7,-52.538
8130,92.138,-51.796
8131,65.409,-43.165
8132,56.277,23.59
8133,-98.479,24.193
8134,21.343,74.468
8135,-77.1,35.618
8136,-66.044,-60.544
8137,-17.075,26.069
8138,47.014,-78.717
8139,16.095,19.877
8140,-70.02,-24.954
8141,-75.708,-29.412
8142,-50.115,47.35
8143,-26.07,-35.021
8144,69.398,-20.68
8145,29.739,-41.661
8146,-61.723,32.558
8147,31.002,-83.411
8148,19.384,83.16
8149,-8.0398,32.843
8150,-85.255,-5.2565
8151,-37.092,25.987
8152,48.604,-57.967
8153,50.675,54.574
8154,-99.567,5.7648
8155,-61.248,31.761
8156,-4.2552,-13.94
8157,68.871,-21.8
8158,18.826,75.12
8159,82.827,33.035
8160,-63.311,78.096
8161,-20.865,-25.732
8162,-49.881,86.904
8163,36.875,-21.309
8164,47.989,-74.766
8165,-35.959,57.292
8166,-38.893,45.039
8167,-13.09,-70.292
8168,-9.1058,42.907
8169,52.501,-64.816
8170,-74.055,16.435
8171,-28.107,-17.982
8172,19.072,70.62
8173,-76.476,29.334
8174,76.839,-1.0677
8175,43.353,-57.365
8176,-13.786,102.02
8177,-88.762,-53.117
8178,-29.663,-2.0936
8179,-50.354,-24.699
8180,16.689,-57.427
8181,-7.6652,76.97
8182,-21.485,82.149
8183,-83.082,59.099
8184,7.0221,-111.68
8185,-76.13,-65.262
8186,30.88,-49.721
8187,-63.783,-42.827
8188,-100.73,6.0713
8189,76.87,-7.7119
8190,70.488,-17.607
8191,-87.929,26.514
8192,17.761,55.63
8193,70.659,-34.83
8194,-17.115,-8.2547
8195,-58.31,-26.897
8196,-24.114,-68.847
8197,-29.733,49.6
8198,-4.2693,78.641
8199,-52.113,23.137
8200,57.962,74.452
8201,-47.205,-16.791
8202,-95.824,4.0426
8203,-14.856,-79.316
8204,-24.46,21.619
8205,-0.20559,-48.069
8206,58.947,-67.263
8207,10.998,-70.189
8208,92.657,-52.839
8209,31.878,47.658
8210,-64.682,68.358
8211,85.313,-6.3105
8212,50.111,-52.725
8213,-2.7036,-24.003
8214,77.629,-34.127
8215,106.67,-54.068
8216,-76.723,56.322
8217,-12.779,100.76
8218,-31.262,16.857
8219,54.327,-72.862
8220,7.8665,-52.84
8221,-56.082,8.2003
8222,-47.593,29.438
8223,30.834,-23.271
8224,36.939,79.964
8225,-53.598,73.886
8226,-59.556,-37.088
8227,4.1914,9.3883
8228,-15.434,52.338
8229,-70.775,10.817
8230,-51.737,12.749
8231,11.232,-57.577
8232,42.794,-71.263
8233,-44.002,21.007
8234,-69.191,28.945
8235,-31.58,34.995
8236,-34.431,79.578
8237,-15.525,29.53
8238,-31.107,5.5368
8239,-48.568,-14.416
8240,-34.368,10.781
8241,33.224,86.878
8242,58.871,-2.9973
8243,38.14,-53.218
8244,-10.22,-3.5857
8245,75.377,-36.59
8246,-17.096,46.083
8247,-76.096,-56.802
8248,0.39159,39.597
8249,3.2177,56.98
8250,-29.496,35.97
8251,-20.896,36.517
8252,89.985,45.3
8253,38.854,28.717
8254,-6.1863,58.219
8255,-49.38,-24.561
8256,-24.939,36.755
8257,32.428,46.995
8258,-23.024,80.694
8259,-51.578,23.429
8260,-26.909,-87.097
8261,-69.087,27.661
8262,-54.82,26.944
8263,-16.411,62.643
8264,-38.53,-28.194
8265,-24.776,17.905
8266,40.017,-39.974
8267,63.097,-62.69
8268,85.923,-24.355
8269,48.952,18.037
8270,79.735,-3.1219
8271,-0.927,-57.454
8272,77.309,10.135
8273,-50.856,39.874
8274,77.045,-75.457
8275,42.237,46.324
8276,-51.771,-24.583
8277,52.732,-58.497
8278,-93.553,16.591
8279,-97.92,-2.634
8280,-20.919,13.253
8281,87.025,-17.165
8282,-25.536,53.747
8283,-3.0303,2.0976
8284,-31.642,34.91
8285,-53.557,2.7527
8286,55.541,-64.14
8287,-40.224,-10.156
8288,-88.228,44.507
8289,-68.867,73.212
8290,-63.271,17.674
8291,-23.669,37.085
8292,33.821,-21.861
8293,46.65,-66.261
8294,-70.559,-41.881
8295,-38.738,-26.63
8296,-103.01,-2.7429
8297,-50.97,31.759
8298,8.1824,-39.374
8299,76.915,-39.37
8300,91.201,-59.206
8301,-8.9382,69.512
8302,19.225,36.029
8303,-70.101,37.256
8304,27.232,39.359
8305,25.219,76.926
8306,-5.5013,75.342
8307,30.11,97.98
8308,-70.362,-37.845
8309,-71.093,-29.375
8310,-33.19,-79.73
8311,4.3696,-84.611
8312,50.224,39.703
8313,56.886,50.926
8314,49.867,-77.733
8315,56.623,-63.478
8316,-54.644,-58.403
8317,-24.293,89.588
8318,-49.109,-22.092
8319,-60.689,36.882
8320,-30.295,95.598
8321,7.91,55.949
8322,47.215,80.904
8323,78.738,-56.72
8324,75.774,-4.9532
8325,82.077,-42.857
8326,-52.344,-21.696
8327,-49.609,-26.109
8328,-35.576,-14.157
8329,-13.211,34.402
8330,-24.595,55.072
8331,43.602,-36.475
8332,47.232,44.336
8333,107.45,-52.453
8334,35.395,94.235
8335,-55.763,-18.257
8336,-48.063,-15.979
8337,107.34,-52.554
8338,-38.15,37.583
8339,-52.641,-21.45
8340,-54.108,25.995
8341,-86.289,32.124
8342,-7.9105,-8.3242
8343,107.78,-52.578
8344,-14.925,53.959
8345,-116.67,37.159
8346,-28.727,-16.473
8347,-31.895,39.872
8348,3.8182,-59.617
8349,-94.119,29.441
8350,-101.04,1.536
8351,-2.0322,23.076
8352,-59.432,61.785
8353,53.744,-64.598
8354,-84.523,-13.439
8355,-102.97,-9.9863
8356,-42.898,22.172
8357,-56.051,-11.894
8358,25.247,-45.12
8359,-59.846,37.437
8360,85.613,-9.1944
8361,88.184,-21.006
8362,7.5271,12.713
8363,-70.052,71.022
8364,30.609,92.705
8365,-32.95,7.2578
8366,-42.307,28.105
8367,-77.346,57.465
8368,7.5993,39.879
8369,45.205,5.3852
8370,-69.359,72.121
8371,-85.944,15.154
8372,-4.8205,30.083
8373,-25.172,-71.521
8374,-13.981,-69.419
8375,-24.243,18.58
8376,25.982,-21.252
8377,-83.931,-10.692
8378,-103.71,17.012
8379,-53.075,-50.328
8380,49.095,40.476
8381,-68.769,38.536
8382,-19.714,49.901
8383,-48.261,49.965
8384,-19.168,44.014
8385,-7.2532,83.612
8386,-64.564,-2.3201
8387,-52.833,-38.898
8388,52.632,-10.918
8389,-69.601,29.02
8390,-55.306,-13.274
8391,-67.095,-17.625
8392,44.924,-64.345
8393,43.461,-80.46
8394,-35.236,2.7606
8395,33.383,-84.418
8396,-13.915,101.38
8397,-39.953,57.324
8398,54.734,-48.588
8399,80.325,-52.045
8400,-24.13,-107.87
8401,-50.005,-28.388
8402,-65.27,5.2779
8403,-45.907,-0.4001
8404,70.717,-34.997
8405,0.27331,28.398
8406,-60.571,-19.482
8407,-44.051,-20.333
8408,-37.62,47.323
8409,9.996,-58.244
8410,79.021,-1.1924
8411,-76.493,-23.949
8412,-49.572,-22.918
8413,83.335,-22.621
8414,10.388,-44.711
8415,73.507,89.338
8416,93.92,-42.206
8417,50.152,-24.549
8418,-39.55,-12.16
8419,-58.56,16.631
8420,5.8849,90.397
8421,20.612,43.639
8422,55.762,-87.188
8423,102.01,-59.232
8424,-53.455,27.251
8425,-39.146,45.273
8426,-68.788,-55.78
8427,-40.329,-12.794
8428,-36.868,84.149
8429,-7.4474,32.736
8430,27.759,99.765
8431,-49.133,-22.441
8432,24.146,68.077
8433,3.552,-38.703
8434,-49.111,-20.942
8435,108.99,-44.66
8436,-46.718,87.733
8437,-22.937,42.735
8438,32.321,10.109
8439,-19.903,40.824
8440,-35.502,-59.276
8441,-75.117,-57.269
8442,-64.822,-62.283
8443,-88.904,-52.758
8444,0.53203,-11.265
8445,-35.543,35.177
8446,55.372,56.611
8447,50.862,-62.93
8448,-3.6063,30.269
8449,-45.196,20.008
8450,-75.613,-64.015
8451,93.402,-63.989
8452,-47.601,28.909
8453,-67.703,74.472
8454,-101.65,11.801
8455,-44.707,-9.2518
8456,37.521,53.03
8457,49.108,39.582
8458,91.404,-59.635
8459,-59.969,38.656
8460,39.011,-89.367
8461,-50.609,46.579
8462,-87.039,-22.579
8463,-41.762,28.738
8464,-61.14,18.12
8465,50.357,21.592
8466,-8.8716,34.597
8467,58.974,38.989
8468,13.734,-19.202
8469,37.544,-41.769
8470,-39.51,27.482
8471,59.741,-70.279
8472,-8.9325,-7.8483
8473,-58.724,-28.912
8474,-85.617,-23.108
8475,-60.205,-18.452
8476,-52.936,74.874
8477,-88.467,28.257
8478,58.152,-71.416
8479,-3.9361,-1.5702
8480,-8.5109,101.43
8481,-77.595,-53.97
8482,67.406,-60.729
8483,47.787,-62.827
8484,-41.984,39.983
8485,-87.03,25.675
8486,-7.0826,83.709
8487,-7.2617,64.211
8488,2.7659,-54.08
8489,47.771,102.32
8490,-13.584,98.144
8491,-8.6451,-6.0566
8492,23.192,75.827
8493,-83.197,-26.229
8494,-9.1884,79.177
8495,-44.487,-23.072
8496,60.394,-67.666
8497,-69.51,-56.913
8498,-41.52,54.658
8499,-41.412,62.445
8500,-36.35,32.693
8501,-77.601,-68.224
8502,-36.011,31.987
8503,-25.555,44.854
8504,26.919,-86.711
8505,43.032,-71.554
8506,-96.908,3.5614
8507,104.8,-55.013
8508,-4.33,41.752
8509,-16.255,-81.074
8510,-21.774,31.251
8511,-62.863,-38.737
8512,40.231,-33.791
8513,-54.271,21.534
8514,-23.896,46.703
8515,-15.062,26.233
8516,-40.353,25.172
8517,-24.115,51.494
8518,75.172,13.36
8519,9.5733,41.963
8520,50.413,40.916
8521,-79.375,28.298
8522,-28.749,-12.785
8523,-59.008,-38.757
8524,-63.856,56.917
8525,23.586,65.609
8526,-67.071,74.637
8527,34.36,-52.314
8528,54.578,-24.381
8529,-47.221,-21.305
8530,-42.072,59.619
8531,-25.013,52.802
8532,10.553,87.927
8533,44.86,4.5468
8534,61.461,-68.846
8535,6.7288,-30.103
8536,-104.08,18.447
8537,-87.514,-55.358
8538,-44.835,83.232
8539,-47.22,14.533
8540,-15.867,-15.373
8541,-33.998,-68.624
8542,8.1852,16.588
8543,-36.06,31.45
8544,-64.731,-61.723
8545,36.833,-22.811
8546,-5.832,27.294
8547,-2.8358,31.678
8548,-6.6755,51.329
8549,-32.314,34.881
8550,5.5964,63.918
8551,60.664,-62.961
8552,-36.847,31.09
8553,-4.2464,30.802
8554,-51.668,-77.912
8555,44.694,-57.04
8556,3.8368,-85.147
8557,-20.899,83.068
8558,-9.8891,101.1
8559,-79.255,61.031
8560,-59.662,-87.048
8561,-91.946,-48.254
8562,-39.42,-10.062
8563,-72.599,-15.627
8564,-24.382,-70.039
8565,63.123,-28.008
8566,-51.956,4.287
8567,-28.34,3.154
8568,-14.323,51.772
8569,59.212,-63.395
8570,-73.854,-20.667
8571,-73.196,-24.452
8572,75.377,-36.892
8573,73.508,89.336
8574,-65.496,-59.026
8575,-31.808,41.221
8576,-75.95,-1.8623
8577,19.007,-46.622
8578,-3.6247,-6.7052
8579,41.245,55.111
8580,-59.082,59.159
8581,-75.44,-32.818
8582,-3.7824,81.662
8583,-1.3783,71.639
8584,23.44,52.661
8585,40.025,-58.643
8586,-80.432,-28.941
8587,29.253,-6.065
8588,-70.129,26.893
8589,-82.258,25.227
8590,47.761,-90.319
8591,-39.586,57.21
8592,-36.596,-9.0982
8593,-73.55,34.053
8594,-57.564,15.654
8595,-101.05,-2.3356
8596,-12.37,0.32612
8597,-32.092,47.566
8598,-32.824,4.3546
8599,-102.94,0.3919
8600,-61.401,11.367
8601,-52.38,74.026
8602,-41.968,28.28
8603,45.722,-56.763
8604,-75.584,-53.115
8605,-39.907,-18.331
8606,92.026,35.642
8607,-16.741,-38.614
8608,-39.338,12.809
8609,-25.436,21.531
8610,32.678,8.3943
8611,38.811,-74.036
8612,72.637,-16.261
8613,-79.24,-53.178
8614,-40.659,-9.5338
8615,-45.713,27.44
8616,-12.959,45.008
8617,-57.004,-14.614
8618,-78.599,-7.8749
8619,-15.42,-2.1996
8620,-61.2,22.312
8621,-102.03,-0.40066
8622,13.736,-54.643
8623,-51.885,33.415
8624,5.8635,-108.03
8625,-4.1124,31.931
8626,-51.856,72.578
8627,60.899,-61.998
8628,-17.685,-76.996
8629,-56.975,74.223
8630,-49.008,74.841
8631,-24.186,57.271
8632,-32.583,33.501
8633,-45.735,46.184
8634,45.411,103.45
8635,-78.931,-67.867
8636,-27.007,31.506
8637,-23.985,16.085
8638,49.062,-48.33
8639,91.364,-15.741
8640,81.5,-51.292
8641,-6.4695,75.018
8642,13.575,49.964
8643,-51.609,-14.266
8644,-102.73,-11.373
8645,89.571,8.697
8646,-74.718,-30.521
8647,31.362,-69.059
8648,-11.268,-1.3895
8649,45.41,103.45
8650,93.433,-67.017
8651,-34.454,-3.1313
8652,69.306,-17.75
8653,-22.452,-65.552
8654,-30.107,95.356
8655,-6.9594,36.46
8656,-2.879,-53.75
8657,-47.323,-24.24
8658,-83.741,19.973
8659,-42.997,5.3178
8660,43.547,-75.758
8661,61.675,-45.301
8662,-51.762,28.297
8663,64.264,88.107
8664,-21.965,-58.8
8665,-4.819,25.807
8666,38.856,17.342
8667,-0.2864,78.916
8668,14.749,-65.731
8669,-95.129,1.87
8670,-15.862,-54.913
8671,-42.552,42.605
8672,-70.351,29.684
8673,34.306,-42.185
8674,48.855,-77.333
8675,-99.119,-13.793
8676,45.412,103.45
8677,-2.5024,75.549
8678,-65.832,-62.451
8679,40.117,2.5286
8680,-42.005,65.23
8681,-36.162,44.376
8682,-100.46,-13.413
8683,-16.682,75.072
8684,13.497,19.306
8685,-38.949,12.092
8686,-53.011,-1.2133
8687,-61.827,21.399
8688,-20.014,60.422
8689,-10.03,-0.98619
8690,32.353,-80.511
8691,-19.149,52.518
8692,46.973,-73.617
8693,5.1391,-64.203
8694,1.0565,96.954
8695,-78.83,32.662
8696,-39.378,0.46754
8697,64.783,-16.721
8698,-36.506,-80.202
8699,-101.24,18.823
8700,-64.26,-85.739
8701,47.727,102.48
8702,-20.062,-24.109
8703,-57.195,72.385
8704,51.577,-61.111
8705,-35.682,2.8752
8706,-45.955,2.1073
8707,-40.918,42.195
8708,18.963,71.352
8709,-36.637,26.12
8710,62.602,-54.206
8711,-85.766,44.816
8712,-26.039,-8.814
8713,27.231,13.476
8714,-66.359,-59.506
8715,-28.092,94.364
8716,-95.255,2.9951
8717,3.0384,-28.032
8718,29.359,96.018
8719,112,5.4914
8720,-85.515,14.54
8721,-40.363,26.34
8722,-13.381,44.063
8723,-28.495,15.131
8724,51.385,-16.078
8725,-33.467,13.3
8726,-14.584,46.541
8727,-4.3444,32.913
8728,52.492,-64.274
8729,49.225,-32.636
8730,-31.763,-74.181
8731,-67.092,5.6862
8732,30.669,0.86685
8733,-26.077,-5.4726
8734,31.572,49.409
8735,-28.478,12.904
8736,61.866,-61.297
8737,40.277,8.1367
8738,32.603,2.0083
8739,-15.825,56.099
8740,-62.703,14.837
8741,-86.136,27.164
8742,-28.615,-55.949
8743,39.204,-56.33
8744,-28.537,28.823
8745,-5.1756,102.39
8746,-33.656,14.399
8747,-23.667,42.739
8748,80.619,-0.48754
8749,-63.563,-85.592
8750,79.004,-4.5839
8751,-72.209,-58.024
8752,-61.322,38.337
8753,-74.858,-28.582
8754,-100.82,18.141
8755,-69.993,-63.962
8756,-14.434,53.165
8757,-19.575,33.556
8758,-28.387,24.328
8759,-41.021,46.727
8760,2.6273,-61.925
8761,73.508,89.336
8762,-40.916,-4.0709
8763,-50.197,14.936
8764,-63.175,-89.578
8765,-24.446,41.114
8766,45.314,103.57
8767,0.34776,15.08
8768,56.925,-26.6
8769,-10.869,101.42
8770,-34.38,81.999
8771,-58.43,61.107
8772,-60.143,29.021
8773,29.73,48.228
8774,29.195,-47.844
8775,-35.831,-12.931
8776,32.68,-16.577
8777,53.465,-19.286
8778,-16.062,-4.4992
8779,25.177,-15.481
8780,-87.856,28.225
8781,-14.957,54.514
8782,-70.665,-22.475
8783,48.722,-57.873
8784,-97.745,19.326
8785,-9.3919,-4.7984
8786,33.447,-41.823
8787,24.651,-39.54
8788,23.603,-39.559
8789,-63.987,-27.334
8790,38.704,-91.363
8791,-42.972,-5.2711
8792,-26.872,27.871
8793,-90.879,13.856
8794,29.048,-7.4281
8795,-7.023,-11.847
8796,-69.099,-3.9001
8797,-72.048,69.67
8798,-77.6,-65.297
8799,33.135,3.9152
8800,-60.033,44.039
8801,40.31,-38.956
8802,-29.6,49.888
8803,3.562,-85.053
8804,27.578,-56.931
8805,34.667,-43.788
8806,25.078,-72.164
8807,29.69,-77.276
8808,5.0946,-37.752
8809,-58.779,-34.163
8810,-84.901,-30.376
8811,-21.041,86.605
8812,-59.048,29.77
8813,91.702,-30.681
8814,-33.682,5.533
8815,-25.323,-8.2504
8816,50.609,-89.219
8817,-49.288,-50.836
8818,9.8993,-40.525
8819,-30.001,73.947
8820,-38.318,-10.264
8821,-31.979,41.399
8822,84.482,-23.224
8823,-14.859,-92.861
8824,59.871,-67.555
8825,87.076,-17.69
8826,-63.672,4.1013
8827,-55.202,-29.509
8828,9.9041,-78.258
8829,58.08,-67.006
8830,-43.805,-89.937
8831,-115.89,11.976
8832,-15.294,54.104
8833,-55.387,40.738
8834,59.812,-46.883
8835,-31.558,14.463
8836,-71.971,50.89
8837,-36.188,-18.382
8838,-19.469,55.003
8839,-32.347,-6.8789
8840,22.711,-91.198
8841,-23.559,47.786
8842,-11.552,44.093
8843,5.0639,-28.638
8844,-0.35917,100.59
8845,-28.342,24.246
8846,-63.331,78.899
8847,-46.451,66.155
8848,30.7,2.976
8849,44.945,-65.218
8850,-83.184,-39.503
8851,-56.005,-1.4873
8852,-103.21,-4.1384
8853,25.742,99.955
8854,-23.774,44.867
8855,11.314,-26.465
8856,-5.3736,-88.329
8857,84.306,-46.33
8858,3.3601,66.737
8859,-73.431,35.335
8860,-47.351,61.383
8861,-10.234,-16.558
8862,-73.205,-65.619
8863,-38.296,10.657
8864,-50.689,40.81
8865,-49.447,71.654
8866,29.042,-77.534
8867,42.69,-74.147
8868,-54.163,-0.59456
8869,36.844,16.955
8870,-15.549,44.607
8871,-19.078,37.522
8872,-65.011,77.832
8873,-42.389,22.583
8874,23.073,42.851
8875,-9.8176,53.948
8876,-51.592,-15.865
8877,-59.514,34.732
8878,-71.494,-17.805
8879,88.948,-21.13
8880,-75.649,-53.3
8881,-49.597,41.14
8882,-35.36,35.128
8883,-59.034,54.298
8884,-51.665,-54.995
8885,17.285,-1.0109
8886,26.784,77.754
8887,49.181,-33.05
8888,33.329,-15.378
8889,-42.164,28.144
8890,-76.512,-40.031
8891,19.64,-64.821
8892,-70.147,-22.24
8893,-107.64,28.185
8894,-0.55102,35.286
8895,-48.857,36.234
8896,-68.522,73.163
8897,-9.9258,-74.926
8898,11.318,-24.044
8899,20.446,42.491
8900,56.889,-73.382
8901,-97.124,-13.302
8902,-19.313,77.645
8903,21.66,-62.431
8904,53.349,51.92
8905,-42.282,28.088
8906,56.333,-59.019
8907,40.938,-59.189
8908,-22.33,-68.687
8909,-3.0946,-14.211
8910,-33.367,-71.452
8911,13.243,93.895
8912,22.836,12.523
8913,35.392,61.128
8914,-36.082,-8.9956
8915,-84.838,27.144
8916,11.153,49.642
8917,20.321,43.796
8918,19.867,43.579
8919,-33.466,91.375
8920,-65.018,70.298
8921,-2.8969,44.082
8922,93.472,-18.479
8923,-58.662,60.998
8924,-12.527,36.892
8925,-62.318,26.017
8926,92.645,-57.094
8927,-18.977,51.936
8928,-45.359,-83.001
8929,19.037,-10.63
8930,8.0112,71.816
8931,-79.269,48.644
8932,-84.439,-1.244
8933,-52.576,72.377
8934,35.727,5.777
8935,-9.8985,-71.477
8936,-65.054,-64.192
8937,-32.488,-28.911
8938,-24.329,89.343
8939,-83.345,-25.816
8940,33.534,-19.959
8941,57.284,-42.29
8942,-102.71,15.922
8943,-47.115,14.456
8944,-25.259,40.575
8945,-18.551,21.003
8946,-42.835,19.721
8947,-16.313,25.809
8948,75.075,-29.556
8949,23.417,-25.437
8950,-12.939,75.214
8951,-63.389,7.7833
8952,-80.634,-8.7586
8953,64.582,88.296
8954,1.7403,18.514
8955,-13.853,81.816
8956,-80.006,-0.56347
8957,44.353,86.007
8958,-4.4075,31.012
8959,-26.054,-70.283
8960,-31.461,-0.79039
8961,41.353,-61.077
8962,8.2478,40.492
8963,77.15,9.1948
8964,-20.932,82.764
8965,-77.482,-57.261
8966,-50.61,86.352
8967,-71.411,62.181
8968,-11.77,77.768
8969,-40.451,48.191
8970,-4.4685,-88.628
8971,45.39,-79.262
8972,-11.74,-1.5323
8973,93.565,-58.776
8974,4.9818,97.443
8975,15.717,-45.578
8976,-53.656,-47.677
8977,-31.329,34.519
8978,-56.059,-27.988
8979,-35.208,-14.03
8980,-52.187,74.365
8981,-70.095,37.386
8982,36.946,-58.934
8983,-10.571,-3.8436
8984,-16.338,62.285
8985,-50.457,-26.818
8986,-16.887,53.582
8987,48.669,37.995
8988,24.89,97.436
8989,-54.849,-30.254
8990,27.786,-91.128
8991,-6.7724,57.486
8992,42.209,79.069
8993,-50.617,-23.779
8994,-31.864,5.8736
8995,-27.697,-16.537
8996,-68.493,19.458
8997,-47.088,14.532
8998,-84.751,-30.75
8999,9.52,-60.968
9000,-12.269,-63.692
9001,41.178,1.6774
9002,-33.053,35.892
9003,16.079,-1.5514
9004,-105.49,-3.2362
9005,-15.529,-80.051
9006,-57.601,28.948
9007,-25.107,-9.871
9008,38.106,-73.57
9009,43.305,0.755
9010,13.474,-5.1153
9011,-72.772,-58.803
9012,-88.755,-53.144
9013,4.6278,-46.873
9014,-49.951,69.751
9015,-29.346,30.345
9016,18.029,75.565
9017,33.853,-53.331
9018,44.011,-59.09
9019,-19.675,42.812
9020,-53.928,-1.0191
9021,-77.982,58.821
9022,-75.804,-53.096
9023,-65.592,-61.246
9024,-53.669,-59.344
9025,-47.988,-21.664
9026,77.907,-47.962
9027,89.218,8.5638
9028,-66.852,18.921
9029,68.72,-56.586
9030,-26.667,-76.362
9031,-92.182,-7.5805
9032,-78.418,-59.717
9033,13.12,19.276
9034,-10.162,30.501
9035,-39.189,74.757
9036,-53.984,25.511
9037,5.8635,-108.03
9038,-65.327,70.519
9039,-40.611,49.466
9040,15.223,68.145
9041,-39.396,30.426
9042,-25.968,-18.524
9043,43.384,-59.739
9044,-12.26,-5.4777
9045,22.912,93.096
9046,-51.82,4.1836
9047,0.30137,9.9353
9048,-41.796,28.75
9049,-4.4033,78.73
9050,8.5609,70.106
9051,-73.91,-62.932
9052,-1.9685,64.035
9053,34.771,-77.017
9054,7.4672,-50.546
9055,77.891,-1.9392
9056,63.879,53.987
9057,-33.675,67.794
9058,-65.179,62.52
9059,-83.637,-14.03
9060,-57.494,30.542
9061,24.765,-37.07
9062,-92.354,-48.799
9063,-26.294,28.198
9064,36.974,42.63
9065,60.054,-70.178
9066,-71.162,36.747
9067,-58.926,2.0612
9068,36.73,-20.312
9069,-3.0095,-85.445
9070,-38.166,-82.334
9071,94.656,-58.224
9072,-36.09,-14.442
9073,-57.203,32.007
9074,-47.804,13.25
9075,-44.089,37.05
9076,-0.26552,69.055
9077,-69.118,-6.7516
9078,38.275,76.056
9079,-13.078,102.13
9080,-2.7788,-75.146
9081,-54.781,68.456
9082,-0.97032,39.767
9083,-54.006,-59.336
9084,-7.1356,55.615
9085,-26.45,-52.316
9086,16.047,10.749
9087,91.301,-58.784
9088,-58.631,59.448
9089,-46.616,63.435
9090,31.602,6.3598
9091,59.511,-83.506
9092,29.812,-12.312
9093,83.255,-6.4135
9094,-64.5,-62.136
9095,5.4339,63.755
9096,2.7695,-45.951
9097,70.449,-51.07
9098,-22.302,-106.37
9099,-61.47,38.278
9100,-63.886,65.541
9101,-46.814,38.309
9102,28.782,-34.855
9103,-63.736,-58.044
9104,17.287,-28.961
9105,92.826,-64.639
9106,58.188,-23.777
9107,-13.821,101.7
9108,-8.136,50.071
9109,28.868,10.184
9110,-73.39,-64.338
9111,-59.588,35.257
9112,14.512,-68.673
9113,3.2064,-58.213
9114,-33.991,-22.401
9115,-31.967,42.384
9116,-7.6238,50.193
9117,-6.4558,50.377
9118,55.513,-79.852
9119,-6.5433,-85.75
9120,-49.436,-50.94
9121,-79.556,-51.076
9122,-105.09,16.919
9123,69.24,-25.415
9124,37.799,-17.271
9125,94.045,-58.948
9126,-58.199,79.945
9127,50.243,-88.908
9128,-0.17383,48.693
9129,-54.726,26.798
9130,-30.265,-73.728
9131,-0.37132,30.2
9132,-17.329,87.019
9133,28.072,38.01
9134,-35.711,37.916
9135,-45.786,60.502
9136,89.876,8.6063
9137,100.41,33.92
9138,-66.587,-18.842
9139,-21.9,31.033
9140,-37.16,84.933
9141,-25.74,-61.7
9142,10.366,-19.839
9143,35.044,-54.84
9144,-0.51365,37.481
9145,-74.036,-60.077
9146,-57.061,46.331
9147,-78.158,-19.459
9148,-55.496,40.784
9149,-55.211,-44.34
9150,-51.153,-87.245
9151,44.409,-88.853
9152,-14.706,37.907
9153,-27.814,-15.799
9154,-54.445,-20.479
9155,-5.6821,77.357
9156,-88.138,24.592
9157,-10.528,-53.707
9158,10.61,-56.612
9159,-5.7207,102.96
9160,16.089,-72.538
9161,-3.9101,-13.412
9162,-9.9888,-90.273
9163,13.102,6.8412
9164,-51.162,20.174
9165,60.458,-61.916
9166,30.838,0.8455
9167,30.415,91.399
9168,-71.986,7.6121
9169,-20.594,38.696
9170,11.235,-70.127
9171,-42.239,-45.622
9172,-97.296,4.3321
9173,91.088,-15.585
9174,-0.7769,96.207
9175,-24.867,15.29
9176,-23.125,55.738
9177,-9.3019,-45.955
9178,92.722,-58.648
9179,13.692,-54.463
9180,21.355,-51.646
9181,85.282,-21.664
9182,-68.82,-27.405
9183,48.345,-89.188
9184,-25.517,-66.689
9185,-26.269,23.667
9186,1.3899,-65.087
9187,11.743,-17.51
9188,40.854,-44.7
9189,-53.445,-47.879
9190,-7.6677,48.235
9191,-63.357,7.887
9192,-6.6351,93.527
9193,90.159,-55.837
9194,-76.393,29.299
9195,5.3925,-74.737
9196,-99.466,5.791
9197,46.339,103.99
9198,3.8698,20.262
9199,-38.181,90.201
9200,-48.081,29.299
9201,-7.6882,64.335
9202,57.267,-69.444
9203,-77.915,-58.279
9204,-78.182,-68.424
9205,-12.99,-0.40835
9206,-48.248,30.3
9207,-61.084,-78.75
9208,51.754,-49.703
9209,37.488,-29.278
9210,41.405,86.978
9211,-31.055,7.0318
9212,-36.693,84.192
9213,-24.639,12.703
9214,-46.978,-30.271
9215,-47.258,14.526
9216,29.419,-43.352
9217,-59.954,50.235
9218,-28.334,32.731
9219,-64.472,68.27
9220,-55.702,-20.668
9221,-19.256,55.053
9222,-22.34,-79.614
9223,-4.5644,-54.357
9224,73.24,-14.095
9225,67.147,-22.56
9226,-29.205,54.093
9227,-98.279,-1.8363
9228,-4.1126,-59.145
9229,-21.581,3.1453
9230,-11.254,51.056
9231,-26.362,43.608
9232,43.498,71.217
9233,-15.692,26.154
9234,-23.195,-11.1
9235,-10.486,46.921
9236,-41.977,28.785
9237,-53.992,-77.313
9238,59.264,-67.362
9239,42.636,-70.876
9240,27.272,18.417
9241,60.151,-64.826
9242,-17.286,28.746
9243,-100.82,-4.0102
9244,49.234,-25.898
9245,45.125,-8.7946
9246,29.106,53.769
9247,74.066,-12.575
9248,0.53087,25.676
9249,15.155,-88.17
9250,-3.0511,-2.2957
9251,-51.83,-34.831
9252,-13.118,82.45
9253,-64.151,23.713
9254,-1.6291,-45.311
9255,-57.02,-89.824
9256,-56.101,25.38
9257,1.0123,100.77
9258,-16.105,55.562
9259,32.544,29.557
9260,-45.46,35.211
9261,-70.42,-15.638
9262,73.212,0.92414
9263,29.124,-30.596
9264,-27.025,-104.91
9265,7.4377,56.057
9266,-5.1902,-82.486
9267,-72.718,-58.858
9268,-65.972,76.57
9269,0.34692,16.585
9270,-63.701,6.2118
9271,-28.657,31.635
9272,45.077,38.925
9273,-67.933,-62.005
9274,-15.134,50.883
9275,3.1789,-59.023
9276,-71.852,-62.615
9277,48.304,101.6
9278,-9.9204,-7.9522
9279,-64.949,-62.327
9280,-97.755,7.5151
9281,-65.059,19.224
9282,-42.286,28.065
9283,-2.6769,62.742
9284,74.081,-12.454
9285,-75.824,-12.232
9286,-37.81,-28.713
9287,10.09,15.319
9288,53.998,-50.143
9289,-63.896,77.065
9290,-25.436,23.804
9291,28.223,11.062
9292,80.457,-33.404
9293,77.135,-4.0071
9294,-17.46,-33.738
9295,-28.078,-16.29
9296,-42.305,-30.447
9297,-47.711,75.09
9298,-41.963,28.527
9299,55.209,-56.708
9300,57.381,-74.187
9301,79.865,-3.6855
9302,-79.476,61.319
9303,-78.818,-51.834
9304,-46.166,76.088
9305,5.8082,-35.302
9306,-28.9,15.335
9307,-34.904,36.074
9308,38.699,86.319
9309,-64.363,-3.0018
9310,-9.117,99.742
9311,-24.929,12.458
9312,-35.047,35.969
9313,-98.67,-1.1292
9314,-51.12,13.161
9315,6.0827,-62.179
9316,-20.803,20.515
9317,-52.637,-47.617
9318,-13.769,-7.1463
9319,-5.8974,38.284
9320,-60.751,25.994
9321,-70.408,30.041
9322,72.699,0.28735
9323,40.55,0.95965
9324,6.0298,-18.737
9325,5.9803,8.4552
9326,-101.79,28.575
9327,16.72,-57.38
9328,-36.165,-31.567
9329,42.321,5.9119
9330,-70.987,-12.858
9331,35.037,-20.082
9332,-24.99,-78.86
9333,-67.68,-61.006
9334,-24.336,56.824
9335,71.407,-47.882
9336,78.517,-18.83
9337,58.626,47.118
9338,-32.47,-77.766
9339,34.064,-42.196
9340,46.685,104.16
9341,-42.221,28.078
9342,-12.899,-56.273
9343,18.316,2.3855
9344,52.798,-58.649
9345,56.79,-71.23
9346,-21.08,20.133
9347,-42.389,28.014
9348,6.6067,81.675
9349,5.5915,-29.56
9350,9.1081,-50.082
9351,12.691,-22.403
9352,4.0047,33.472
9353,-51.54,44.414
9354,-55.894,39.733
9355,-60.066,24.027
9356,93.089,-64.277
9357,-55.544,35.38
9358,20.458,-64.459
9359,51.277,-29.942
9360,5.8635,-108.03
9361,-62.063,78.952
9362,-35.782,37.108
9363,-46.724,38.243
9364,97.702,-65.383
9365,-49.424,46.788
9366,75.409,-36.038
9367,-33.424,44.247
9368,-35.456,-67.772
9369,-20.87,11.328
9370,-35.33,14.555
9371,8.3063,11.022
9372,-71.637,-63.036
9373,-31.572,37.716
9374,-64.179,-60.935
9375,7.7116,-76.736
9376,3.9471,-53.541
9377,95.786,-60.217
9378,-18.48,1.1148
9379,-96.01,-14.617
9380,8.8338,9.6938
9381,48.53,-60.442
9382,13.987,-30.303
9383,25.793,-21.29
9384,14.275,-38.102
9385,-15.415,44.402
9386,-38.593,-73.366
9387,52.599,-64.932
9388,27.432,27.66
9389,54.327,-65.176
9390,60.499,-66.174
9391,35.814,22.329
9392,12.824,76.599
9393,-63.276,24.426
9394,32.94,-17.768
9395,-14.303,65.347
9396,30.75,42.167
9397,6.6516,16.186
9398,-50.288,28.702
9399,21.349,22.874
9400,-104.39,17.926
9401,55.518,-59.743
9402,-33.097,-25.549
9403,3.9814,-53.553
9404,-46.648,-10.37
9405,39.972,-43.003
9406,-23.305,17.949
9407,89.812,-10.051
9408,59.665,-67.403
9409,-29.516,95.626
9410,-21.803,83.933
9411,-7.915,34.023
9412,-85.006,-10.332
9413,-29.106,15.551
9414,50.955,-61.556
9415,-78.454,60.3
9416,-17.339,48.661
9417,2.7037,-28.009
9418,-21.645,-15.922
9419,5.9681,-32.092
9420,-60.174,35.155
9421,-6.7014,32.314
9422,-85.918,26.843
9423,-47.611,14.587
9424,-39.104,12.676
9425,50.725,-61.3
9426,-37.734,29.489
9427,-46.691,27.991
9428,-68.828,-67.065
9429,-22.045,-86.752
9430,-88.228,44.508
9431,8.4136,25.849
9432,-41.198,29.35
9433,31.944,12.742
9434,-59.894,38.601
9435,62.877,48.424
9436,-44.831,-32.12
9437,-12.838,-8.266
9438,-67.174,-68.714
9439,-82.193,-25.549
9440,89.677,-43.289
9441,-11.106,100.66
9442,-91.227,5.1432
9443,-18.763,55.32
9444,-58.583,-16.26
9445,-50.8,-51.513
9446,70.914,-35.598
9447,52.274,-41.61
9448,78.577,-18.27
9449,-65.3,77.21
9450,3.784,68.589
9451,-69.888,-57.257
9452,-18.209,53.336
9453,80.158,-19.067
9454,-17.225,73.073
9455,64.55,-60.639
9456,86.983,-25.033
9457,-46.045,28.272
9458,19.397,42.976
9459,47.911,44.648
9460,-32.083,91.002
9461,-31.486,34.769
9462,73.507,89.336
9463,50.408,-60.855
9464,-116.64,37.122
9465,20.505,42.419
9466,11.523,45.911
9467,11.865,-56.046
9468,56.87,-73.626
9469,32.434,94.195
9470,-62.732,79.024
9471,38.265,39.131
9472,-11.682,-73.93
9473,46.115,-68.33
9474,6.2873,58.262
9475,71.142,64.108
9476,65.295,-42.574
9477,53.537,-3.3441
9478,33.85,-21.564
9479,4.7619,-25.989
9480,-19.219,-27.493
9481,-3.3426,-63.202
9482,-36.049,-1.7273
9483,-116.62,37.065
9484,-51.622,27.664
9485,-60.446,49.889
9486,-2.4203,-28.497
9487,29.536,98.165
9488,-88.19,43.913
9489,-24.631,41.49
9490,-52.863,53.586
9491,-90.07,13.979
9492,48.822,-62.707
9493,-21.326,54.45
9494,56.82,-67.718
9495,95.199,-42.481
9496,-61.044,49.73
9497,-30.035,49.321
9498,34.972,-24.258
9499,-88.227,44.507
9500,48.012,50.648
9501,-13.772,72.903
9502,30.161,12.686
9503,3.0195,77.382
9504,-36.696,-9.6941
9505,105.22,-55.053
9506,16.107,26.031
9507,-0.13033,27.791
9508,-30.552,93.519
9509,-62.216,64.485
9510,-29.932,-76.222
9511,-73.352,13.88
9512,23.849,65.817
9513,-53.716,-1.0749
9514,19.27,-52.105
9515,-41.611,83.823
9516,-4.9181,-88.242
9517,-51.089,59.031
9518,32.784,14.693
9519,14.78,80.075
9520,-66.188,61.991
9521,20.193,22.617
9522,-80.447,9.795
9523,40.794,-84.598
9524,-27.271,0.70921
9525,20.146,-44.152
9526,54.675,80.65
9527,107.45,-52.455
9528,-11.29,-3.9412
9529,-94.49,27.69
9530,22.008,72.52
9531,52.605,-60.204
9532,78.22,10.012
9533,76.33,-37.27
9534,-51.734,60.189
9535,13.595,18.589
9536,-77.212,-57.272
9537,-69.143,-21.165
9538,-21.735,52.154
9539,14.391,53.25
9540,33.327,-85.467
9541,27.246,-51.664
9542,-22.294,10.136
9543,-98.614,-1.6766
9544,48.374,-48.102
9545,-25.004,-53.718
9546,-50.846,-39.192
9547,-74.114,16.418
9548,104.3,-55.831
9549,-60.243,-0.61194
9550,-48.081,29.361
9551,-8.0742,48.204
9552,1.586,-36.649
9553,-2.4858,101.65
9554,-0.75468,17.63
9555,-46.947,14.379
9556,-33.355,27.882
9557,-58.671,18.622
9558,50.36,-3.838
9559,53.769,80.79
9560,-54.544,-12.291
9561,-49.205,51.797
9562,-59.07,27.911
9563,46.031,103.73
9564,-14.217,-40.689
9565,-2.6173,61.159
9566,87.365,-17.302
9567,-49.255,51.774
9568,-0.2468,40.102
9569,-71.758,-53.353
9570,8.3048,10.847
9571,53.075,80.585
9572,92.533,-57.313
9573,46.532,102.69
9574,-33.589,-2.5343
9575,-34.851,25.254
9576,22.182,41.962
9577,18.641,75.746
9578,35.24,-80.37
9579,-75.328,17.043
9580,-93.511,-47.489
9581,-17.491,13.752
9582,-20.113,14.85
9583,95.331,58.038
9584,-57.184,29.381
9585,63.976,-41.523
9586,2.424,101.65
9587,-77.125,13.148
9588,-25.745,51.571
9589,34.446,-66.788
9590,-62.624,0.10551
9591,-61.432,79.026
9592,-68.511,73.873
9593,-7.5914,73.27
9594,-35.788,-72.586
9595,-61,-66.608
9596,-67.465,-37.576
9597,-9.027,34.236
9598,-67.182,-14.73
9599,91.352,-21.219
9600,59.657,-3.0954
9601,27.515,-50.928
9602,107.46,-52.459
9603,-30.996,0.89009
9604,-104.67,26.535
9605,90.834,-22.768
9606,93.305,-59.079
9607,3.2286,20.1
9608,-9.4343,-0.084841
9609,-8.4781,-8.3323
9610,-5.4357,-23.357
9611,53.077,-64.63
9612,76.186,12.63
9613,-54.867,71.604
9614,-23.097,-81.884
9615,-50.625,-51.136
9616,-46.992,14.302
9617,-67.343,68.94
9618,3.9341,13.851
9619,46.986,104.16
9620,33.262,4.0194
9621,-73.098,62.938
9622,44.486,19.486
9623,-2.8371,53.619
9624,-7.1858,13.414
9625,48.521,-53.452
9626,-34.907,44.967
9627,19.274,1.5562
9628,-26.387,78.477
9629,2.2209,-37.381
9630,-64.339,6.2905
9631,-75.751,6.1564
9632,-6.4844,74.556
9633,-35.513,4.1334
9634,47.175,102
9635,38.677,-42.022
9636,-31.799,47.058
9637,-63.625,77.042
9638,-19.391,51.573
9639,-2.1468,-50.141
9640,-66.821,2.3169
9641,-46.884,14.291
9642,-60.867,31.765
9643,-89.57,-51.166
9644,65.713,-9.6124
9645,-77.248,12.415
9646,-102.26,-5.7881
9647,21.962,-46.49
9648,-42.207,28.089
9649,-0.49687,-48.726
9650,11.896,70.486
9651,-48.218,39.545
9652,-20.041,-28.277
9653,31.547,25.349
9654,66.88,-27.695
9655,-74.155,15.147
9656,-45.663,15.349
9657,-73.471,-59.205
9658,-41.422,12.197
9659,-6.6432,-85.036
9660,-35.737,-73.874
9661,-53.411,-84.375
9662,40.516,-26.184
9663,-9.3796,55.269
9664,-37.268,79.848
9665,-98.397,-13.107
9666,-105.21,0.69054
9667,-22.212,-35.892
9668,77.84,-37.649
9669,-58.588,-16.329
9670,-33.549,16.42
9671,89.571,8.6967
9672,-0.86896,88.604
9673,100.48,-59.221
9674,6.6751,4.4727
9675,-10.813,45.636
9676,-59.889,31.526
9677,-33.26,44.593
9678,-63.449,-35.945
9679,-56.943,29.373
9680,-76.167,-65.359
9681,-46.59,75.891
9682,-22.936,13.101
9683,37.026,-13.701
9684,36.183,-64.8
9685,2.2453,21.353
9686,-53.743,26.143
9687,17.656,-46.353
9688,55.659,-64.783
9689,-9.7215,43.744
9690,82.255,-14.651
9691,-72.196,16.065
9692,98.748,51.88
9693,-16.303,-22.627
9694,14.3,89.505
9695,-58.179,79.278
9696,-15.675,53.967
9697,19.279,43.137
9698,-28.426,40.16
9699,0.80237,90.221
9700,-19.789,49.554
9701,25.518,47.503
9702,-4.497,8.8808
9703,30.557,-19.582
9704,14.281,-63.073
9705,-82.245,-21.332
9706,64.372,88.04
9707,-62.853,20.707
9708,-61.156,72.192
9709,-23.906,10.492
9710,7.6974,-26.551
9711,-57.223,22.939
9712,92.158,-39.595
9713,-32.112,27.274
9714,50.287,20.9
9715,-62.547,55.211
9716,73.509,89.335
9717,-37.277,34.235
9718,-67.605,73.322
9719,-29.998,0.67993
9720,-65.896,-64.687
9721,-24.358,41.401
9722,60.86,-44.75
9723,-25.661,61.674
9724,-12.034,-9.0855
9725,-59.811,-39.832
9726,-66.59,-63.244
9727,-104.61,17.198
9728,-2.3908,-15.375
9729,1.7559,-44.275
9730,37.516,6.9116
9731,-17.018,60.678
9732,15.996,-0.24858
9733,-28.742,-57.448
9734,2.8243,71.457
9735,-46.993,13.965
9736,31.654,-44.215
9737,19.597,7.421
9738,-53.781,1.3337
9739,-58.294,-16.976
9740,-4.8975,-10.045
9741,-64.815,9.379
9742,7.4142,88.497
9743,20.334,80.413
9744,41.813,45.799
9745,59.653,-65.335
9746,2.4216,-81.533
9747,-61.444,-20.891
9748,-67.558,-62.476
9749,-30.371,48.823
9750,-33.404,29.212
9751,-49.35,-23
9752,-21.935,-15.531
9753,107.46,-52.459
9754,-40.291,-12.026
9755,18.987,71.234
9756,-31.133,-64.609
9757,-66.744,5.5214
9758,-11.547,-10.221
9759,-38.307,90.087
9760,18.354,5.5496
9761,-23.593,-74.642
9762,-0.13598,87.736
9763,-21.911,3.9005
9764,-77.826,-51.757
9765,48.83,-51.86
9766,56.408,-12.619
9767,-68.72,-56.2
9768,70.06,-53.527
9769,-20.9,80.455
9770,-37.423,38.324
9771,-24.193,49.977
9772,-37.017,-11.617
9773,48.209,-77.276
9774,-76.216,-65.137
9775,-100.03,-2.7206
9776,-4.0115,31.032
9777,-33.558,5.9504
9778,-83.579,-37.974
9779,-56.756,28.239
9780,-29.68,15.768
9781,-33.708,-82.156
9782,-13.774,97.575
9783,-35.737,63.716
9784,16.113,26.004
9785,-34.782,79.883
9786,-67.406,-62.457
9787,-59.709,37.654
9788,41.66,11.82
9789,-61.595,-83.655
9790,-67.078,-58.256
9791,-48.298,13.2
9792,-44.957,-48.51
9793,-53.948,-1.173
9794,-27.599,-64.871
9795,-70.801,-17.73
9796,71.004,-17.128
9797,-30.605,-52.574
9798,-72.81,-59.234
9799,-75.703,-13.392
9800,-86.245,63.539
9801,2.9122,15.544
9802,-55.668,72.137
9803,47.275,39.047
9804,29.462,12.375
9805,-75.916,-14.843
9806,-12.284,55.626
9807,-74.083,31.764
9808,-40.86,67.272
9809,77.304,10.3
9810,-25.447,43.538
9811,-17.287,28.55
9812,-27.676,-15.712
9813,-31.989,70.979
9814,30.147,47.544
9815,-23.1,-80.082
9816,-21.996,44.347
9817,73.508,89.336
9818,-28.794,57.484
9819,-15.847,28.749
9820,28.191,-15.909
9821,-75.506,-65.503
9822,-65.544,68.248
9823,7.2227,6.8166
9824,-41.463,19.544
9825,32.939,7.2374
9826,-35.477,37.777
9827,54.475,-19.415
9828,1.4141,99.605
9829,-67.337,1.9625
9830,38.542,-5.5487
9831,-28.261,-16.034
9832,-65.881,-63.91
9833,-43.238,61.722
9834,-27.812,-16.497
9835,-52.301,-80.469
9836,54.706,-63.427
9837,9.329,-47.699
9838,-37.22,40.658
9839,-10.18,-4.5401
9840,-65.106,-61.306
9841,-1.7015,59.675
9842,-68.414,73.506
9843,-72.67,16.953
9844,27.46,12.26
9845,-28.856,-28.751
9846,-5.6605,35.37
9847,-17.101,-81.025
9848,73.598,78.63
9849,-74.829,-56.901
9850,-65.755,-62.239
9851,24.271,75.755
9852,-43.759,-35.007
9853,-44.816,-34.118
9854,-43.697,51.431
9855,-7.3892,32.927
9856,-21.345,9.5889
9857,-58.81,-40.731
9858,-69.17,-22.622
9859,-56.489,-87.461
9860,-48.99,12.78
9861,52.032,-28.966
9862,-21.471,71.624
9863,-15.954,54.491
9864,21.196,42.32
9865,24.881,74.436
9866,101.43,-51.107
9867,-5.5745,-93.94
9868,43.517,-57.473
9869,-50.203,-51.045
9870,-10.404,31.294
9871,-47.36,-21.508
9872,104.96,-55.099
9873,-77.763,-57.401
9874,-17.458,28.734
9875,-39.74,37.037
9876,10.742,77.203
9877,-12.372,-81.573
9878,1.5665,-13.756
9879,64.446,51.535
9880,-4.3791,-1.9625
9881,-34.581,25.471
9882,-46.971,-58.659
9883,-33.656,68.189
9884,-58.225,-16.559
9885,27.255,81.648
9886,104.71,-55.187
9887,-21.987,85.096
9888,-78.517,-19.462
9889,-34.741,5.5618
9890,-78.457,-68.599
9891,-71.594,-63.12
9892,-77.296,-57.621
9893,-52.028,27.676
9894,-21.423,-59.562
9895,-16.405,-24.081
9896,39.846,-3.736
9897,3.0403,-60.372
9898,-54.855,-0.7824
9899,-52.163,-16.639
9900,50.574,-15.503
9901,-28.872,-90.216
9902,-36.316,80.574
9903,4.2092,-85.028
9904,-82.144,21.157
9905,89.578,8.6972
9906,20.809,-45.088
9907,-78.777,-55.423
9908,-8.7739,-63.953
9909,0.70769,-13.662
9910,-3.638,58.668
9911,-12.958,-4.584
9912,-75.546,-55.638
9913,-19.21,88.205
9914,43.573,-48.665
9915,-77.51,-51.902
9916,35.335,4.3148
9917,93.224,-59.071
9918,12.612,83.448
9919,75.523,-38.528
9920,-8.7385,80.139
9921,-21.153,-39.89
9922,22.328,68.819
9923,-21.731,55.319
9924,15.599,-85.917
9925,-35.446,-81.324
9926,-18.552,27.107
9927,-43.661,21.036
9928,4.6511,-4.421
9929,39.44,90.155
9930,1.473,18.573
9931,-27.804,31.463
9932,0.29046,87.903
9933,-74.13,-64.216
9934,-25.25,15.655
9935,-9.2302,-42.645
9936,7.6621,27.125
9937,-7.2916,102.6
9938,-40.206,42.684
9939,-7.9791,88.605
9940,-6.6938,13.658
9941,24.383,70.392
9942,-19.061,52.618
9943,-76.329,-65.038
9944,-32.07,29.675
9945,-34.638,81.826
9946,-71.736,-18.982
9947,-0.93384,71.462
9948,-62.541,-85.102
9949,-17.715,-59.624
9950,13.009,-59.346
9951,-11.955,67.095
9952,54.31,71.783
9953,102,-58.523
9954,-72.357,-58.565
9955,-76.408,-53.691
9956,-31.421,0.62447
9957,-72.197,-58.129
9958,80.069,-4.0553
9959,-61.387,56.813
9960,6.2522,-30.806
9961,-15.191,-51.776
9962,-49.302,51.715
9963,-21.361,33.155
9964,-59.979,20.206
9965,-4.3148,23.339
9966,-56.208,-83.979
9967,-64.92,77.554
9968,51.27,-17.466
9969,-12.956,-6.2252
9970,-23.075,35.744
9971,-68.853,-78.767
9972,37.28,-76.455
9973,45.427,5.9182
9974,-10.324,-0.7953
9975,-13.955,-5.2911
9976,-42.522,-13.917
9977,-42.031,57.266
9978,-8.0823,29.676
9979,-94.973,-47.534
9980,45.941,42.666
9981,-33.088,-80.325
9982,38.491,-25.18
9983,-89.624,43.039
9984,-37.666,26.713
9985,-76.658,56.223
9986,-39.044,14.44
9987,-0.094636,-59.879
9988,0.63124,14.708
9989,7.1206,-47.868
9990,33.244,11.48
9991,7.0238,-27.29
9992,31.532,-44.01
9993,56.082,-50.593
9994,72.091,-3.8628
9995,-67.333,-62.96
9996,-46.984,43.381
9997,50.88,77.151
9998,2.0874,64.561
9999,-47.061,-21.743
10000,99.12,-59.737
10001,36.913,80.174
10002,36.903,11.713
10003,97.609,-60.893
10004,74.535,13.958
10005,-19.172,49.692
10006,-8.3718,-26.255
10007,-76.722,-46.698
10008,7.8778,-29.11
10009,54.437,80.846
10010,-36.113,-30.935
10011,-7.2428,13.381
10012,76.63,12.072
10013,-34.904,39.25
10014,-48.32,34.112
10015,33.67,77.927
10016,45.854,-57.832
10017,-4.089,78.926
10018,-64.967,-58.135
10019,-39.496,89.346
10020,-74.011,6.0718
10021,-7.3927,-2.286
10022,91.494,-21.564
10023,48.389,-77.42
10024,93.5,-58.816
10025,-61.213,-18.754
10026,-26.498,23.276
10027,5.3098,-5.1847
10028,82.574,-0.088284
10029,0.65879,18.344
10030,-38.097,37.687
10031,-11.977,-54.759
10032,18.609,-39.901
10033,48.363,101.56
10034,-31.199,-74.426
10035,-0.11892,9.8405
10036,-16.763,-26.984
10037,8.4103,-61.755
10038,-15.606,53.98
10039,8.0517,70.879
10040,-55.012,40.662
10041,-29.58,-20.581
10042,-29.758,-3.0316
10043,-59.147,9.2586
10044,49.868,-77.866
10045,78.144,-1.5387
10046,-76.691,-52.431
10047,-18.492,53.256
10048,-43.75,58.984
10049,-12.885,55.485
10050,-44.503,39.474
10051,-30.894,-4.3797
10052,-54.823,68.398
10053,-66.764,-37.799
10054,53.209,-41.088
10055,20.17,-11.172
10056,49.613,2.7391
10057,15.632,-52.569
10058,-97.68,-3.5591
10059,-100.22,-2.2793
10060,-92.047,-49.068
10061,-73.549,-63.154
10062,-88.226,44.508
10063,-51.122,-50.978
10064,3.3445,46.348
10065,-55.734,2.4136
10066,-71.452,-55.91
10067,35.058,16.03
10068,-58.178,80.235
10069,-61.853,4.5136
10070,-1.2752,10.167
10071,69.626,-1.4302
10072,50.963,77.703
10073,-63.654,21.703
10074,-38.181,-10.231
10075,-73.22,-19.926
10076,48.751,-87.692
10077,87.221,-21.17
10078,-81.296,-9.8013
10079,11.583,17.547
10080,-76.957,-65.505
10081,-58.542,1.6355
10082,17.38,-1.3287
10083,13.561,-47.771
10084,-73.987,16.388
10085,-21.843,36.336
10086,-49.374,-51.455
10087,-58.033,70.862
10088,-51.236,-15.448
10089,-36.161,-14.137
10090,-63.269,32.729
10091,-70.276,58.872
10092,-57.725,53.344
10093,-9.1477,83.036
10094,-23.173,-70.215
10095,-39.067,28.018
10096,-5.9024,-46.642
10097,-1.5532,-53.453
10098,-74.166,53.327
10099,62.74,39.124
10100,-30.718,-10.094
10101,0.82523,52.273
10102,-3.1642,36.683
10103,11.196,39.539
10104,58.225,-12.156
10105,-30.046,-3.8663
10106,102.73,-56.374
10107,-23.371,46.571
10108,11.465,-14.03
10109,79.562,-56.409
10110,-15.445,99.763
10111,-31.692,-4.4415
10112,45.36,42.849
10113,-34.873,29.82
10114,-64.33,13.701
10115,-83.64,61.613
10116,44.748,29.606
10117,92.738,-56.704
10118,-97.131,-46.786
10119,-14.097,-0.66561
10120,-84.843,-26.665
10121,42.456,-4.1823
10122,46.911,101.3
10123,-37.53,45.517
10124,17.408,-77.247
10125,36.311,-11.487
10126,-16.857,-80.94
10127,-73.344,-59.676
10128,-10.333,-11.467
10129,-69.029,-24.552
10130,-32.793,-81.92
10131,-33.963,33.917
10132,66.193,-58.825
10133,107.95,-45.834
10134,24.808,-9.384
10135,2.7306,74.089
10136,-67.896,-63.624
10137,-37.079,-9.6239
10138,-25.507,43.241
10139,39.212,56.302
10140,-42.461,-20.796
10141,69.889,-51.226
10142,14.986,-33.065
10143,-16.861,11.365
10144,97.817,-59.595
10145,-82.673,59.692
10146,-56.282,-29.442
10147,-3.8104,-94.486
10148,-89.26,12.652
10149,-75.737,-64.198
10150,-25.657,-71.815
10151,5.2265,97.213
10152,-92.788,12.666
10153,13.62,-17.47
10154,26.509,99.527
10155,-61.017,21.352
10156,-36.015,-1.8151
10157,97.591,-60.159
10158,-38.986,89.378
10159,-58.614,1.4553
10160,-7.9379,84.215
10161,-75.551,17.54
10162,-19.71,-39.881
10163,-31.109,11.878
10164,-63.951,-82.642
10165,-27.819,-66.07
10166,2.794,8.8758
10167,-35.152,15.411
10168,5.8635,-108.03
10169,-112.99,14.359
10170,-25.427,-91.472
10171,19.94,-39.556
10172,61.95,-15.402
10173,-60.465,-30.498
10174,-33.357,70.381
10175,53.63,-31.884
10176,-58.169,66.548
10177,-38.695,-7.592
10178,-73.548,-54.309
10179,29.495,97.311
10180,-15.026,51.176
10181,36.107,43.863
10182,28.225,53.608
10183,-54.823,2.0988
10184,-89.546,-51.207
10185,3.6832,85.345
10186,64.26,-19.802
10187,84.087,-15.694
10188,43.427,31.891
10189,96.278,-59.415
10190,-13.968,43.457
10191,-56.641,-86.932
10192,42.931,2.6248
10193,-81.565,59.218
10194,38.148,82.916
10195,-87.341,-22.665
10196,70.499,-44.015
10197,-14.975,-94.169
10198,-24.71,41.42
10199,-71.706,50.638
10200,86.339,11.847
10201,-52.874,1.0145
10202,12.605,-22.002
10203,76.982,12.634
10204,76.214,11.484
10205,-90.219,44.739
10206,-16.967,-27.741
10207,-68.018,-18.326
10208,-5.8745,-22.908
10209,45.3,-11.342
10210,-62.168,22.002
10211,-47.979,14.551
10212,66.098,-41.867
10213,17.185,-8.8753
10214,-24.851,-99.556
10215,-9.0626,37.541
10216,29.499,43.035
10217,16.775,-31.658
10218,49.36,39.983
10219,-7.8365,81.91
10220,-18.436,52.719
10221,-22.552,-82.276
10222,-0.61182,26.609
10223,-49.977,86.195
10224,97.61,-60.085
10225,-93.803,52.844
10226,-88.228,44.508
10227,76.677,12.752
10228,-32.15,91.251
10229,-25.553,40.477
10230,37.51,80.233
10231,97.43,-58.779
10232,-48.043,13.448
10233,-33.124,71.072
10234,73.944,-32.83
10235,-61.581,-21.623
10236,92.515,-58.394
10237,-97.435,-14.426
10238,-32.052,95.377
10239,7.6884,36.97
10240,2.7479,60.354
10241,-10.523,3.8142
10242,-15.253,55.046
10243,25.648,-73.678
10244,-14.706,-25.184
10245,-4.5589,60.452
10246,-47.636,-18.625
10247,-58.334,1.2499
10248,73.594,78.631
10249,-30.799,-66.259
10250,-83.466,58.535
10251,1.7197,23.161
10252,35.369,8.121
10253,-43.223,-5.3899
10254,4.0051,-1.4277
10255,-33.151,-30.105
10256,35.764,2.2751
10257,99.534,-59.727
10258,104.89,-51.308
10259,-23.025,6.7818
10260,-34.665,-9.6925
10261,-61.318,-31.514
10262,56.206,-31.162
10263,53.729,-7.0406
10264,-40.133,56.062
10265,-42.168,46.39
10266,-60.455,6.636
10267,-55.771,0.9399
10268,-34.147,74.443
10269,-17.246,26.109
10270,22.514,-48.94
10271,-37.678,21.94
10272,-61.8,13.907
10273,-11.248,45.147
10274,43.548,83.944
10275,-20.295,8.6044
10276,67.353,-8.5848
10277,-37.02,-15.635
10278,-81.389,-30.627
10279,-47.812,-16.711
10280,63.237,-2.5594
10281,-2.5941,33.075
10282,-41.889,84.297
10283,61.742,-51.862
10284,45.239,5.0974
10285,-71.845,-58.209
10286,-65.228,-63.736
10287,77.238,12.222
10288,-34.873,35.899
10289,-5.1666,-34.882
10290,-73.925,-67.244
10291,64.334,88.24
10292,-91.847,-0.14131
10293,-53.964,51.259
10294,-34.89,35.866
10295,89.3,-13.65
10296,-67.416,-62.639
10297,-19.658,-74.056
10298,-14.51,97.706
10299,-51.089,-20.475
10300,32.509,-55.635
10301,79.805,-1.8529
10302,-32.884,-85.85
10303,5.0848,-28.972
10304,28.995,-11.468
10305,60.513,-64.853
10306,93.418,-57.647
10307,-41.999,65.219
10308,38.708,-89.38
10309,42.613,-29.33
10310,-6.8859,28.909
10311,21.564,72.756
10312,-37.539,63.794
10313,-80.089,30.048
10314,-17.209,-70.834
10315,-7.5881,13.595
10316,-23.752,21.51
10317,53.463,-72.575
10318,35.861,-83.478
10319,-86.245,63.54
10320,-4.2764,32.707
10321,-67.24,-37.802
10322,12.161,-26.772
10323,17.212,49.463
10324,-24.086,-75.884
10325,-21.913,-79.106
10326,-51.173,30.01
10327,57.524,-18.688
10328,-33.768,-26.878
10329,98.56,-57.948
10330,92.951,-52.994
10331,18.892,75.167
10332,-14.279,77.316
10333,-67.343,-52.955
10334,-24.737,32.701
10335,-57.1,-66.708
10336,-79.258,48.002
10337,-66.075,24.48
10338,-80.71,-41.336
10339,37.504,80.22
10340,93.603,-60.094
10341,22.972,-1.8905
10342,-55.965,30.132
10343,-25.605,-30.804
10344,70.021,-0.97724
10345,-13.266,82.312
10346,-100.85,-1.0782
10347,-69.779,-69.825
10348,20.407,22.237
10349,-17.798,-67.865
10350,89.837,-30.723
10351,-10.369,-76.318
10352,-67.161,29.184
10353,-35.895,7.3535
10354,25.79,52.86
10355,-21.918,31.436
10356,-48.686,12.666
10357,-20.373,8.868
10358,-56.895,28.576
10359,4.0786,-4.7522
10360,-33.749,-77.333
10361,-57.986,15.81
10362,-27.557,-15.555
10363,-71.866,-55.52
10364,-72.893,68.565
10365,-27.228,59.719
10366,-19.944,-35.742
10367,19.678,-37.011
10368,3.0682,-17.564
10369,7.9356,10.609
10370,40.049,-40.653
10371,-19.824,-81.436
10372,1.1951,-56.89
10373,54.883,-15.407
10374,11.106,-2.1942
10375,9.8364,-10.483
10376,91.874,-59.435
10377,-29.25,-18.216
10378,43.715,-46.597
10379,-49.903,12.208
10380,12.968,-67.169
10381,-8.7345,85.646
10382,-9.541,-73.765
10383,1.8193,-84.459
10384,53.696,-13.838
10385,-37.211,36.761
10386,-80.683,-31.717
10387,-73.941,-64.332
10388,-48.206,29.853
10389,77.659,-51.731
10390,-8.5732,49.994
10391,-78.635,-67.873
10392,-96.363,-15.144
10393,-14.834,56.319
10394,84.3,-19.364
10395,-72.609,-58.804
10396,3.7243,29.776
10397,76.454,-30.729
10398,-65.598,21.631
10399,9.2798,-22.382
10400,-3.7333,-74.173
10401,-16.348,10.297
10402,-18.004,-69.272
10403,-39.8,-33.418
10404,-73.896,-20.558
10405,-69.101,29.826
10406,17.243,71.555
10407,-1.2084,-60.185
10408,-53.834,1.0176
10409,-18.969,-69.476
10410,9.4336,71.691
10411,14.674,-27.544
10412,-36.788,16.704
10413,-19.15,-62.166
10414,-18.084,-72.458
10415,9.695,-20.529
10416,-35.326,84.06
10417,-37.006,45.583
10418,30.352,14.292
10419,-1.0134,29.686
10420,-24.448,54.981
10421,30.601,3.2638
10422,-21.048,12.265
10423,-1.3298,53.024
10424,-78.048,-53.95
10425,-58.798,-27.469
10426,-45.895,27.417
10427,40.667,-5.9489
10428,3.2588,-25.395
10429,0.92191,57.475
10430,53.141,80.725
10431,53.747,-19.999
10432,52.818,-65.017
10433,78.168,52.209
10434,-39.86,32.532
10435,-58.995,0.74553
10436,-57.806,-11.478
10437,-34.27,-11.696
10438,-35.363,0.85646
10439,95.952,-64.785
10440,94.031,-58.845
10441,-61.032,73.849
10442,75.386,-59.727
10443,-50.993,-57.702
10444,-28.933,94.085
10445,-68.97,26.997
10446,77.632,-59.716
10447,-18.705,57.344
10448,107.41,-52.847
10449,-68.06,29.053
10450,36.128,1.9804
10451,-60.123,36.032
10452,67.95,-16.82
10453,-30.263,26.621
10454,-52.444,41.206
10455,-13.869,51.5
10456,49.192,-3.1989
10457,21.796,-92.812
10458,13.884,-64.671
10459,-37.257,65.364
10460,51.95,-72.891
10461,41.851,-23.944
10462,-26.217,15.132
10463,6.7292,-7.7226
10464,-41.841,60.602
10465,6.3397,-2.4141
10466,76.397,-30.781
10467,-59.442,7.5197
10468,-12.664,-0.91377
10469,-26.574,53.426
10470,-0.46677,-17.804
10471,3.1118,-25.447
10472,86.471,-5.1995
10473,77.325,-30.539
10474,7.8002,70.7
10475,-18.189,-83.32
10476,-29.658,-20.041
10477,-12.847,87.329
10478,41.083,20.684
10479,46.27,-66.154
10480,-48.49,70.166
10481,64.852,87.82
10482,22.653,21.307
10483,-13.956,54.254
10484,-76.249,-22.679
10485,-34.656,13.899
10486,102.85,-57.449
10487,-14.537,-3.6778
10488,-46.63,13.593
10489,23.082,-49.571
10490,-13.696,-67.58
10491,-53.924,-1.1755
10492,-43.274,-44.95
10493,-77.57,28.375
10494,-49.153,25.428
10495,-32.889,24.591
10496,23.648,24.946
10497,69.083,-56.859
10498,40.436,-26.187
10499,-73.192,-58.973
10500,67.126,67.987
10501,-8.9455,99.685
10502,45.597,-35.992
10503,-72.794,-63.492
10504,-51.713,-11.156
10505,-42.639,40.769
10506,-101.75,-2.4619
10507,-1.7171,44.526
10508,-71.021,-11.253
10509,97.432,45.167
10510,-41.078,15.318
10511,-31.01,19.811
10512,-32.929,71.705
10513,35.943,36.246
10514,37.09,38.705
10515,36.483,24.944
10516,-34.599,82.044
10517,-57.801,27.47
10518,-23.365,56.498
10519,-83.034,32.95
10520,-13.631,73.083
10521,11.317,-70.086
10522,-88.031,31.161
10523,96.389,-63.701
10524,-2.0449,-52.964
10525,-65.743,-62.51
10526,-46.754,-21.352
10527,-51.537,-22.488
10528,28.344,-0.34074
10529,44.329,40.309
10530,-74.956,-61.222
10531,-18.602,16.745
10532,-23.431,16.325
10533,-39.951,30.436
10534,73.596,78.631
10535,-67.099,5.8096
10536,35.131,4.4366
10537,0.4867,-88.792
10538,-1.7789,102.58
10539,105.52,-45.844
10540,-57.368,3.1136
10541,-25.148,12.323
10542,-28.946,93.075
10543,-45.867,-30.337
10544,-22.293,-69.589
10545,30.77,32.215
10546,15.125,37.833
10547,52.925,-0.47208
10548,-63.795,21.166
10549,-24.193,-53.838
10550,-73.315,-59.571
10551,41.795,33.187
10552,42.314,-23.508
10553,-53.576,28.461
10554,-80.086,-30.06
10555,-2.9505,-1.6814
10556,53.936,-57.616
10557,70.939,-40.089
10558,-42.027,36.229
10559,-75.86,-24.524
10560,-23.154,42.551
10561,-31.423,35.325
10562,98.231,-60.141
10563,22.847,-88.964
10564,27.441,-42.71
10565,-63.03,14.248
10566,-71.271,7.0553
10567,-42.041,-15.63
10568,-36.562,-5.7961
10569,-93.444,-48.151
10570,4.3526,60.652
10571,19.028,-23.796
10572,14.456,-0.2877
10573,-19.356,-93.393
10574,-32.606,70.354
10575,-1.8835,36.015
10576,-41.876,-14.752
10577,53.463,-33.558
10578,-6.8702,0.82754
10579,-36.367,78.762
10580,-13.292,-18.445
10581,-58.551,71.74
10582,-58.402,79.876
10583,-67.903,31.693
10584,-83.622,-13.786
10585,-72.137,-13.827
10586,-47.074,14.271
10587,45.714,42.208
10588,-72.603,-58.801
10589,-28.428,24.332
10590,-86.351,33.444
10591,-5.3946,39.193
10592,17.371,56.335
10593,-40.09,35.497
10594,37.873,33.271
10595,3.3161,52.574
10596,-63.524,-28.677
10597,74.143,-34.181
10598,3.9317,74.592
10599,-20.807,-87.993
10600,23.011,64.99
10601,-1.7249,69.485
10602,-70.631,-10.596
10603,94.691,-62.202
10604,99.065,49.415
10605,0.59603,-72.775
10606,-45.814,25.843
10607,-18.346,72.751
10608,-39.459,-39.405
10609,-16.583,53.061
10610,-25.711,31.048
10611,-54.695,-27.092
10612,-81.094,-26.175
10613,-24.121,17.976
10614,50.228,-22.489
10615,53.497,-49.176
10616,28.746,-85.001
10617,-66.27,-60.92
10618,13.844,39.735
10619,39.815,27.776
10620,-34.43,43.7
10621,-63.632,1.6534
10622,-68.346,11.831
10623,-79.046,-67.086
10624,-18.351,29.397
10625,-29.529,-17.581
10626,57.288,-48.108
10627,-38.374,11.914
10628,-57.816,-7.4131
10629,42.487,-6.0692
10630,-15.532,-8.2465
10631,16.062,-0.014536
10632,45.657,-36.542
10633,90.326,-56.43
10634,-57.979,71.706
10635,-46.985,51.518
10636,-37.433,29.351
10637,44.756,-34.471
10638,43.675,5.3166
10639,65.622,-45.857
10640,107.46,-52.462
10641,-19.514,47.192
10642,-46.051,27.493
10643,-46.525,13.941
10644,-50.93,-82.387
10645,10.893,-78.016
10646,-11.157,51.221
10647,-58.14,80.258
10648,-16.801,38.87
10649,-38.018,60.385
10650,56.319,-52.103
10651,-45.016,19.07
10652,94.406,-62.254
10653,-55.344,13.741
10654,-50.669,-28.579
10655,-58.683,-11.361
10656,-16.055,50.054
10657,27.748,-52.855
10658,-90.757,-50.085
10659,-34.895,-59.279
10660,23.736,24.782
10661,45.267,-12.049
10662,60.02,-70.365
10663,28.551,-34.237
10664,-64.928,7.7673
10665,11.027,0.72037
10666,-23.283,-70.581
10667,-6.6936,-0.71183
10668,-17.063,-22.241
10669,65.812,88.256
10670,-72.014,-58.344
10671,-69.71,-57.048
10672,-95.946,-47.16
10673,24.386,76.776
10674,66.685,29.759
10675,-50.713,-23.875
10676,-62.458,-31.412
10677,-36.341,-78.228
10678,-50.04,-25.038
10679,62.419,-61.416
10680,-78.34,-68.521
10681,-68.111,-67.724
10682,-2.7855,72.653
10683,-2.3436,75.37
10684,37.909,-73.571
10685,-56.994,35.677
10686,-11.192,-66.324
10687,-47.377,-20.474
10688,-21.928,-59.825
10689,-74.113,-64.001
10690,-33.764,12.387
10691,49.453,-72.181
10692,96.773,-59.559
10693,57.436,-82.115
10694,-24.394,31.332
10695,-40.059,87.719
10696,-58.358,-8.0099
10697,-52.124,27.82
10698,-105.88,14.927
10699,-58.062,-26.012
10700,-22.016,9.9493
10701,38.821,-12.344
10702,45.795,-19.74
10703,-69.557,-57.084
10704,35.777,41.98
10705,8.13,10.375
10706,-22.011,89.788
10707,-19.467,33.546
10708,10.572,72.011
10709,-13.23,-80.545
10710,-2.4821,41.814
10711,18.749,-49.885
10712,53.699,-72.412
10713,38.358,20.239
10714,-51.328,-14.294
10715,53.26,36.242
10716,49.896,-18.713
10717,5.8634,-108.03
10718,29.119,-68.648
10719,57.439,-40.527
10720,-14.15,81.309
10721,2.1873,56.167
10722,15.284,-9.1005
10723,92.299,-58.501
10724,-47.715,11.357
10725,-31.048,5.4446
10726,65.648,-31.545
10727,-31.197,-4.0723
10728,-29.851,30.707
10729,-30.872,33.791
10730,-35.856,-12.99
10731,-36.392,-71.189
10732,-74.132,-13.262
10733,-66.822,-63.068
10734,-28.475,-16.077
10735,26.224,62.285
10736,-74.165,-63.552
10737,74.034,-81.595
10738,25.518,-40.669
10739,11.372,69.727
10740,73.508,89.335
10741,-60.164,-29.112
10742,-49.244,-17.175
10743,58.659,-75.026
10744,-67.673,-62.194
10745,70.626,-13.818
10746,46.796,-14.81
10747,29.243,-60.773
10748,-18.554,-61.48
10749,-12.038,-63.994
10750,-33.744,43.962
10751,76.502,-1.9263
10752,-55.748,38.166
10753,-69.089,-63.484
10754,-74.673,-65.797
10755,26.301,-0.82791
10756,-20.069,-83.233
10757,-13.371,0.050256
10758,-17.649,-16.408
10759,-25.578,-80.396
10760,-74.501,-65.423
10761,-11.741,-17.476
10762,-19.842,-85.854
10763,-38.893,38.018
10764,-5.3085,-22.62
10765,-13.113,-1.0979
10766,-27.021,52.545
10767,-39.643,-15.167
10768,49.62,-50.232
10769,4.2351,-78.582
10770,-17.356,27.377
10771,-55.165,-35.444
10772,-49.76,30.137
10773,-67.37,5.9323
10774,23.228,-42.98
10775,-54.876,31.074
10776,-7.5051,21.911
10777,-26.469,45.426
10778,20.448,-69.285
10779,-58.084,80.198
10780,38.872,-33.837
10781,64.07,54.59
10782,-36.447,-54.82
10783,-34.848,33.929
10784,-23.214,43.591
10785,30.27,-80.835
10786,29.343,-42.005
10787,-81.075,-8.2619
10788,-11.224,-7.6625
10789,-40.178,57.75
10790,-26.008,-18.409
10791,-30.389,2.9031
10792,-58.195,-80.591
10793,-41.053,92.759
10794,89.353,-41.565
10795,18.104,-32.198
10796,-36.745,30.697
10797,58.054,-52.586
10798,-16.582,86.455
10799,-76.029,-12.734
10800,-90.332,10.189
10801,18.165,34.357
10802,28.096,3.6294
10803,-23.299,89.484
10804,-0.36395,-23.311
10805,-24.511,-19.212
10806,-52.62,-58.124
10807,-97.358,6.5919
10808,-51.302,-53.556
10809,-90.712,45.69
10810,-7.0909,67.077
10811,84.461,-14.44
10812,-62.502,-31.802
10813,-25.652,44.987
10814,-67.368,-69.072
10815,-27.034,91.414
10816,43.49,45.269
10817,-26.086,21.686
10818,-83.155,19.953
10819,14.788,-84.162
10820,-41.467,-33.62
10821,0.94386,89.436
10822,-9.485,-74.092
10823,78.097,39.624
10824,8.4857,-14.259
10825,-24.881,-88.03
10826,-66.311,17.641
10827,-25.08,33.931
10828,25.38,62.031
10829,52.804,-41.361
10830,-76.709,-67.589
10831,-66.15,24.294
10832,84.766,7.7055
10833,-79.317,48.871
10834,-103.57,-13.905
10835,112,5.4907
10836,6.965,70.372
10837,78.924,-18.742
10838,17.1,-46.318
10839,-65.731,-60.759
10840,-69.668,-56.828
10841,-8.1517,-2.4586
10842,-78.775,2.4568
10843,4.6105,69.951
10844,-49.504,71.512
10845,27.05,-90.549
10846,79.17,-54.101
10847,-65.547,-0.30545
10848,-49.978,-17.346
10849,-65.962,-61.62
10850,19.384,-58.32
10851,40.021,-43.181
10852,-6.4634,-49.769
10853,-95.362,-14.448
10854,-58.072,-30.883
10855,-5.8571,54.096
10856,-41.18,51.784
10857,-11.777,43.369
10858,27.855,-93.463
10859,-15.222,44.152
10860,-72.332,-58.648
10861,-78.476,-59.146
10862,-2.0053,44.457
10863,-48.741,-12.534
10864,-7.334,101.6
10865,-13.454,14.364
10866,4.4149,-34.105
10867,-51.614,27.017
10868,-9.3556,43.783
10869,-53.251,-25.261
10870,54.1,0.38093
10871,-60.378,74.012
10872,-16.433,-1.9637
10873,-10.787,-76.305
10874,-24.204,-93.165
10875,72.81,-15.87
10876,-55.556,-17.769
10877,-72.424,-64.728
10878,-14.033,26.19
10879,58.963,3.4189
10880,-50.146,23.991
10881,46.581,48.412
10882,-65.233,-62.579
10883,-75.69,-56.846
10884,-30.998,5.5481
10885,-73.939,-65.059
10886,37.828,27.276
10887,-17.982,77.823
10888,-0.67931,-59.653
10889,66.381,48.907
10890,-15.003,44.232
10891,-70.184,16.282
10892,-38.183,-19.972
10893,12.58,22.386
10894,7.798,69.805
10895,24.357,-69.699
10896,-21.75,85.237
10897,9.8564,45.885
10898,73.508,89.337
10899,40.739,45.497
10900,-4.0533,82.334
10901,57.892,-11.64
10902,-79.182,49.748
10903,70.396,28.327
10904,3.752,34.453
10905,3.1787,70.209
10906,-76.559,34.895
10907,-18.5,-22.372
10908,-54.956,2.999
10909,-50.536,-17.342
10910,-32.885,11.973
10911,40.271,-75.747
10912,-76.423,30.271
10913,-68.903,-67.72
10914,-56.938,27.89
10915,-12.701,26.254
10916,80.484,-35.626
10917,-92.546,-48.404
10918,70.277,66.157
10919,10.104,-21.2
10920,-50.24,-24.243
10921,-53.655,28.957
10922,60.937,-55.715
10923,53.464,-40.051
10924,-32.497,35.09
10925,-9.4982,-9.3151
10926,-78.846,-55.658
10927,-20.139,37.85
10928,77.895,-48.308
10929,-75.521,-64.561
10930,-33.066,74.136
10931,-37.621,79.308
10932,-14.18,0.065622
10933,-25.288,9.17
10934,-5.8154,48.298
10935,-21.47,-66.554
10936,-49.585,-24.043
10937,-38.639,12.843
10938,18.238,-38.002
10939,-40.554,24.702
10940,25.371,-15.975
10941,3.5613,-15.448
10942,-58.984,29.396
10943,85.241,12.717
10944,55.354,-8.4705
10945,-39.972,2.287
10946,-11.411,41.354
10947,55.465,-11.588
10948,21.636,73.955
10949,-27.867,46.328
10950,16.49,39.632
10951,45.53,-3.1305
10952,-35.98,-3.1843
10953,104.48,-55.678
10954,15.329,-28.466
10955,-81.837,35.069
10956,-13.549,-5.3233
10957,39.725,-42.613
10958,38.027,85.639
10959,-28.159,-16.233
10960,-61.575,-66.858
10961,-73.32,-64.548
10962,-20.731,-68.906
10963,-57.71,67.46
10964,-9.6658,-3.9464
10965,-7.1547,80.868
10966,-61.37,33.033
10967,-41.842,-14.79
10968,-74.147,-64.074
10969,-32.858,74.237
10970,11.682,69.409
10971,-60.524,-20.409
10972,-38.797,39.296
10973,76.939,-54.055
10974,27.561,-72.058
10975,31.283,-21.525
10976,64.72,87.238
10977,21.397,-42.107
10978,-25.076,35.884
10979,-79.445,38.288
10980,1.3063,-44.589
10981,-48.955,27.377
10982,-55.225,40.611
10983,13.947,-4.6033
10984,37.28,15.82
10985,-18.607,13.345
10986,-53.951,71.973
10987,-23.03,-66.956
10988,25.568,-9.4402
10989,-74.696,-63.247
10990,-46.335,46.518
10991,-73.865,-33.58
10992,-13.528,-84.948
10993,72.902,-83.536
10994,-13.325,14.652
10995,-26.631,95.741
10996,-49.569,67.151
10997,-3.0937,-3.4426
10998,-63.943,-3.4134
10999,-45.067,-11.087
11000,6.3606,-48.427
11001,-21.36,18.314
11002,-27.671,-16.586
11003,-0.65155,88.692
11004,-63.72,77.169
11005,-65.46,-62.257
11006,-0.46328,36.37
11007,54.964,43.126
11008,-36.995,80.057
11009,36.793,40.146
11010,30.479,-21.323
11011,-64.256,7.5076
11012,-28.259,-16.024
11013,-46.126,-42.047
11014,38.177,32.971
11015,-9.2936,-3.5859
11016,-5.15,-5.5547
11017,-50.769,-50.24
11018,-2.617,-14.885
11019,-11.915,-66.748
11020,14.232,-4.1101
11021,-0.23784,52.32
11022,-50.048,-23.38
11023,54.681,-60.33
11024,-74.187,13.212
11025,85.77,-1.1671
11026,-36.194,-31.506
11027,-32.799,24.659
11028,-5.9796,-91.618
11029,28.485,-33.981
11030,-58.22,66.521
11031,-28.526,-18.041
11032,-66.014,24.283
11033,-25.284,-95.723
11034,-9.2241,13.138
11035,12.862,-4.1483
11036,-53.954,-1.2262
11037,5.1653,-13.451
11038,31.413,48.302
11039,-53.92,26.112
11040,-75.711,-65.207
11041,-37.634,80.208
11042,-53.798,1.3917
11043,0.48942,78.843
11044,24.342,-8.7796
11045,-69.514,-67.293
11046,-40.241,48.742
11047,33.83,24.384
11048,30.497,41.424
11049,19.587,0.99887
11050,13.031,82.726
11051,-3.885,79.23
11052,-53.807,1.422
11053,-46.117,70.306
11054,-17.172,-40.523
11055,38.375,91.983
11056,-75.029,-32.667
11057,-24.531,37.269
11058,50.264,-87.773
11059,-1.5746,16.586
11060,61.323,-65.912
11061,-34.425,70.227
11062,-18.926,52.63
11063,-58.222,80.018
11064,-34.17,7.3367
11065,-0.61532,-59.898
11066,-30.284,-63.947
11067,-64.943,-61.295
11068,6.4493,-26.925
11069,-28.391,-15.884
11070,-27.561,7.3525
11071,-20.119,-35.634
11072,54.778,53.754
11073,-7.916,-68.685
11074,-6.6376,36.983
11075,-71.971,-63.423
11076,-62.869,68.033
11077,-80.908,-33.037
11078,19.336,24.988
11079,-103.88,-3.4445
11080,21.711,74.289
11081,-52.051,24.874
11082,-37.659,-76.482
11083,-25.415,-8.5014
11084,67.227,-53.578
11085,-25.583,-0.66423
11086,-49.31,-84.027
11087,71.17,-52.798
11088,80.092,-37.667
11089,-54.769,-9.3875
11090,8.5181,49.602
11091,-32.357,41.656
11092,-50,-21.109
11093,4.1746,-34.679
11094,-31.099,4.1136
11095,-86.241,63.541
11096,-67.643,-32.476
11097,-8.8241,33.741
11098,5.1711,82.529
11099,-12.965,55.061
11100,50.64,-47.273
11101,33.783,22.093
11102,47.653,11.971
11103,-55.534,40.79
11104,-15.463,-27.807
11105,-65.705,-34.451
11106,-42.25,-14.578
11107,-16.586,-69.739
11108,46.794,-14.865
11109,-65.025,-62.907
11110,-20.944,-74.139
11111,-69.741,-25.032
11112,-10.773,51.273
11113,44.798,-22.929
11114,-59.667,-5.9946
11115,-57.673,52.891
11116,-9.2474,-2.0334
11117,-67.641,14.409
11118,-58.526,75.498
11119,-49.731,-21.383
11120,-34.333,29.473
11121,6.9566,83.78
11122,10.801,-72.101
11123,-42.273,-3.0243
11124,-68.201,-78.533
11125,-23.492,53.966
11126,25.885,92.839
11127,27.643,-78.024
11128,6.1534,-14.8
11129,-20.149,8.9106
11130,-38.536,89.849
11131,71.897,33.283
11132,30.649,-81.166
11133,-25.659,40.316
11134,-26.981,-8.4733
11135,22.275,-58.132
11136,-2.0597,23.025
11137,14.843,56.935
11138,-30.538,-19.203
11139,44.931,-20.659
11140,-5.0178,-55.735
11141,-28.139,-16.739
11142,-79.313,47.323
11143,-63.331,27.07
11144,38.637,-56.14
11145,-59.766,12.614
11146,-28.683,26.483
11147,19.081,-34.205
11148,52.096,-46.584
11149,-68.259,70.174
11150,70.913,-3.346
11151,-40.531,24.689
11152,20.607,42.91
11153,-37.622,-73.954
11154,-52.796,-88.325
11155,-41.307,6.2501
11156,-18.934,12.239
11157,-40.734,84.539
11158,36.676,27.507
11159,-45.185,-41.832
11160,-38.341,21.859
11161,7.4615,-78.273
11162,-24.188,32.513
11163,80.657,-17.367
11164,-60.585,70.663
11165,-61.172,21.292
11166,-34.663,-7.5218
11167,47.031,39.529
11168,10.993,-45.624
11169,-24.141,-5.7263
11170,35.491,-63.906
11171,-26.039,-57.258
11172,-6.0454,33.868
11173,-25.718,-18.85
11174,11.022,12.868
11175,-101.4,-0.34619
11176,-58.044,33.387
11177,-18.518,-39.789
11178,21.507,42.302
11179,5.8506,-7.7343
11180,-8.3353,75.09
11181,40.005,78.145
11182,-32.672,43.493
11183,-13.37,67.683
11184,-16.872,-72.985
11185,-55.581,-39.385
11186,-34.063,26.597
11187,16.787,-74.737
11188,13.824,7.655
11189,-20.883,-58.079
11190,-67.872,28.866
11191,-17.023,55.997
11192,-58.662,66.901
11193,-55.772,-20.522
11194,-24.14,-31.933
11195,-29.344,-17.066
11196,75.477,12.592
11197,-67.906,58.137
11198,19.254,32.771
11199,30.183,94.381
11200,-18.907,51.968
11201,8.9209,-55.659
11202,42.824,25.725
11203,-46.076,-17.106
11204,-37.384,40.284
11205,-2.5037,99.26
11206,-67.7,-67.094
11207,62.683,-13.433
11208,-0.30615,60.928
11209,10.821,32.318
11210,-59.444,24.444
11211,-0.75287,-59.6
11212,-25.287,92.345
11213,-58.314,43.181
11214,-29.575,11.381
11215,-5.8207,75.509
11216,-48.803,40.887
11217,21.197,-42.73
11218,-14.109,-76.799
11219,-60.254,-85.122
11220,73.537,-14.824
11221,-37.699,81.422
11222,-56.732,72.789
11223,-47.683,-18.874
11224,-2.4862,51.738
11225,15.431,-12.475
11226,48.569,-4.4797
11227,19.991,80.736
11228,11.145,-0.051637
11229,-48.12,-16.147
11230,-47.814,11.365
11231,52.449,-18.879
11232,-56.356,38.58
11233,27.929,-35.116
11234,-30.937,41.718
11235,-60.588,-30.291
11236,10.355,-0.11126
11237,-32.117,-6.4088
11238,15.114,-31.012
11239,-41.822,-31.635
11240,-54.743,25.452
11241,-59.886,-81.736
11242,2.2984,21.412
11243,-31.114,40.865
11244,-0.46183,91.944
11245,-2.1896,-4.827
11246,-56.324,40.59
11247,64.179,-9.8006
11248,-16.082,50.967
11249,-21.171,-60.065
11250,-21.146,-68.225
11251,11.046,-18.849
11252,-50.945,12.925
11253,-40.486,57.169
11254,-3.4554,41.508
11255,-11.441,-52.066
11256,-7.4439,85.708
11257,-115.27,38.344
11258,-62.917,19.287
11259,-0.89842,33.752
11260,17.727,-11.809
11261,-81.159,-37.385
11262,-59.625,37.813
11263,-25.495,79.255
11264,-15.675,46.825
11265,36.301,42.767
11266,-71.907,-16.756
11267,-75.859,-11.857
11268,64.596,25.936
11269,31.396,53.48
11270,30.205,94.377
11271,-46.824,43.407
11272,-1.3974,36.615
11273,36.351,28.041
11274,-23.359,6.7171
11275,5.3894,85.025
11276,-75.248,54.449
11277,-12.179,76.779
11278,-1.3984,59.5
11279,79.016,46.223
11280,13.124,71.138
11281,-19.527,-60.393
11282,37.752,-73.474
11283,60.598,-68.591
11284,-38.809,89.5
11285,-50.223,39.373
11286,20.558,-48.287
11287,32.498,-29.421
11288,0.18916,79.266
11289,5.8635,-108.03
11290,16.084,-67.953
11291,-26.313,35.063
11292,-11.313,46.143
11293,-4.3364,77.96
11294,29.922,3.2668
11295,82.437,-23.745
11296,-66.351,63.405
11297,-56.224,29.306
11298,-60.106,30.343
11299,-16.689,-0.14633
11300,-38.906,-26.588
11301,19.116,-47.797
11302,79.888,-34.547
11303,75.364,13.092
11304,-62.754,65.759
11305,-18.939,14.418
11306,37.277,-41.858
11307,-18.184,-105.76
11308,-55.36,-80.522
11309,-49.491,71.004
11310,38.734,12.736
11311,-51.273,27.439
11312,8.9328,49.504
11313,13.607,-25.968
11314,2.135,-17.028
11315,-27.454,2.4108
11316,47.056,-63.109
11317,-23.721,-71.374
11318,49.44,-74.412
11319,-12.118,16.626
11320,23.731,66.876
11321,-53.63,-47.214
11322,27.688,88.278
11323,-73.698,11.197
11324,-10.014,-71.543
11325,-57.383,32.541
11326,27.932,58.205
11327,-48.104,-12.279
11328,-42.427,40.015
11329,-32.089,38.574
11330,16.033,-0.16033
11331,-23.507,-9.6525
11332,28.187,-56.856
11333,-72.407,-28.62
11334,-73.931,-27.489
11335,33.558,5.844
11336,-51.976,2.458
11337,-72.837,-26.939
11338,-24.344,17.967
11339,-55.256,75.285
11340,27.997,25.385
11341,-73.516,9.437
11342,-40.563,85.233
11343,-56.873,49.433
11344,-11.635,-53.261
11345,-62.33,56.093
11346,-33.24,3.0067
11347,-50.033,53.026
11348,-7.7222,46.841
11349,5.8636,-108.03
11350,-26.908,36.39
11351,57.752,-45.489
11352,-37.269,46.312
11353,-33.834,71.231
11354,-73.282,15.219
11355,75.81,12.635
11356,44.968,29.833
11357,10.559,85.809
11358,-63.255,-10.497
11359,-58.96,28.858
11360,13.895,-21.41
11361,90.032,-19.435
11362,-62.456,-84.35
11363,-65.175,-59.087
11364,-80.65,-28.589
11365,-8.1943,57.678
11366,-61.884,49.799
11367,18.132,-20.942
11368,-57.367,-72.711
11369,34.109,-81.003
11370,17.111,32.168
11371,-0.35307,31.056
11372,54.86,-18.081
11373,-66.126,24.129
11374,-61.38,78.106
11375,31.456,-63.301
11376,-31.661,88.164
11377,47.33,-85.265
11378,80.424,-35.438
11379,-41.81,60.372
11380,-43.673,63.972
11381,-67.293,19.571
11382,-29.127,-51.557
11383,-40.369,33.472
11384,21.392,-42.071
11385,76.271,-78.505
11386,23.544,-45.443
11387,-37.397,68.837
11388,43.566,-1.3461
11389,-9.4787,98.948
11390,-2.4836,61.201
11391,-68.094,51.926
11392,50.654,-15.588
11393,-13.005,99.025
11394,7.9162,39.08
11395,-5.4424,75.103
11396,-50.409,-80.873
11397,56.91,-48.103
11398,-31.896,-60.047
11399,-33.743,-59.293
11400,1.8097,-14.189
11401,-70.507,-68.613
11402,6.4933,-11.922
11403,-24.853,-6.322
11404,3.8474,-76.342
11405,-11.696,-37.257
11406,-66.557,-18.834
11407,-60.083,-83.191
11408,-61.737,33.341
11409,-65.453,4.806
11410,5.9533,-12.627
11411,13.432,-12.083
11412,-29.191,-2.6534
11413,21.639,-46.586
11414,3.4522,54.256
11415,-53.362,25.627
11416,2.0435,-57.795
11417,16.58,10.69
11418,31.884,79.812
11419,77.304,12.532
11420,-102.3,-2.2624
11421,-5.7678,50.371
11422,28.727,11.236
11423,42.404,-86.103
11424,69.557,-56.89
11425,50.442,-54.595
11426,-72.124,8.0756
11427,45.712,43.635
11428,-51.59,39.49
11429,-38.824,37.604
11430,-25.349,-95.635
11431,-41.183,37.385
11432,-59.143,-30.138
11433,-8.6527,78.33
11434,43.077,-75.806
11435,-45.557,64.993
11436,-73.031,-14.242
11437,14.159,0.36292
11438,5.8635,-108.03
11439,75.396,-79.123
11440,-16.981,51.494
11441,7.4993,-50.525
11442,79.441,-56.262
11443,3.2613,-28.508
11444,-52.3,-80.492
11445,-52.575,-57.829
11446,-59.546,37.798
11447,-9.1902,-5.5803
11448,-17.597,-70.656
11449,0.98927,80.331
11450,-51.42,71.968
11451,15.451,-62.185
11452,-20.711,-28.72
11453,-62.03,-82.844
11454,-16.463,83.658
11455,-30.387,-73.518
11456,57.449,74.007
11457,-22.761,-61.978
11458,-36.53,30.64
11459,-16.452,43.797
11460,-37.049,-75.387
11461,44.549,-86.391
11462,-62.737,66.099
11463,6.936,-6.9595
11464,14.11,-5.8679
11465,-3.6118,74.943
11466,56.915,-68.318
11467,-55.759,-82.416
11468,-31.909,93.329
11469,-6.0629,37.376
11470,-60.978,-35.491
11471,-27.886,8.6613
11472,-39.128,-7.957
11473,10.174,-58.241
11474,-37.588,69.782
11475,-88.228,44.508
11476,-31.391,-6.9624
11477,0.99336,36.646
11478,36.18,-29.68
11479,-66.519,2.148
11480,-24.962,29.542
11481,10.938,-9.5955
11482,-13.986,-7.4357
11483,-64.287,76.784
11484,0.21254,55.235
11485,-65.681,74.935
11486,-81.425,10.487
11487,-31.906,74.579
11488,76.781,-52.776
11489,-5.809,-93.77
11490,-27.874,-61.398
11491,-14.722,-43.174
11492,-12.694,-4.1451
11493,-0.56964,91.683
11494,-21.772,-87.095
11495,-32.642,56.82
11496,18.226,-82.629
11497,-34.991,59.351
11498,-58.775,-38.164
11499,97.19,-60.158
11500,-19.22,-62.055
11501,-22.562,23.252
11502,-3.2649,-13.487
11503,8.4153,-60.616
11504,-30.896,-70.733
11505,-56.872,0.6156
11506,-37.375,37.397
11507,-32.526,45.126
11508,-10.998,-85.308
11509,52.845,-38.621
11510,-1.4772,-48.299
11511,-41.318,77.764
11512,-5.4359,-57.903
11513,12.319,-2.2244
11514,0.082432,79.923
11515,-2.5516,25.545
11516,-9.8989,-2.8521
11517,11.394,-32.932
11518,-44.663,-6.4259
11519,6.1924,64.563
11520,-65.582,64.153
11521,1.3407,-14.651
11522,-30.197,8.9841
11523,-10.802,98.761
11524,23.977,-37.152
11525,56.664,-69.701
11526,-36.551,-73.313
11527,-60.541,31.409
11528,44.942,-22.377
11529,-53.943,0.084638
11530,-19.854,-83.684
11531,1.813,69.33
11532,-49.444,-17.541
11533,-3.9502,34.353
11534,86.045,-5.7285
11535,36.973,7.7682
11536,-4.4043,19.982
11537,3.1709,-63.726
11538,-56.247,-83.077
11539,-7.7437,-92.36
11540,-45.063,-88.902
11541,-30.486,-69.197
11542,38.613,-34.249
11543,-24.046,7.0593
11544,68.255,-21.162
11545,43.302,-34.714
11546,22.549,79.618
11547,-62.991,57.538
11548,-11.404,67.978
11549,21.163,-83.46
11550,36.733,-89.055
11551,-17.343,18.421
11552,9.292,-69.932
11553,-78.811,-59.997
11554,-46.086,-24.719
11555,-18.844,-68.183
11556,3.3124,-7.3969
11557,-9.1266,23.639
11558,72.899,-0.0047713
11559,-55.342,13.75
11560,-21.135,-72.887
11561,-1.4744,-49.234
11562,-73.119,7.1729
11563,-5.6296,-58.817
11564,-32.623,34.318
11565,22.101,9.9514
11566,30.971,-34.071
11567,18.649,-1.8616
11568,-51.388,-34.474
11569,-6.6866,-75.717
11570,-9.8209,-65.803
11571,-60.595,26.407
11572,21.279,14.456
11573,36.692,-21.129
11574,66.308,67.34
11575,9.9861,49.595
11576,-42.655,-3.7527
11577,-24.833,32.749
11578,68.461,-21.947
11579,1.2399,81.002
11580,-62.92,33.526
11581,89.874,-9.9223
11582,-51,87.132
11583,0.308,26.414
11584,-63.908,63.006
11585,44.426,28.523
11586,-0.174,33.179
11587,48.413,40.836
11588,-37.035,-75.502
11589,-12.964,-17.276
11590,5.4235,-59.234
11591,-24.033,-54.038
11592,82.965,-9.7497
11593,-16.472,86.266
11594,-9.3437,36.395
11595,-19.977,61.449
11596,17.838,-8.2167
11597,-39.232,55.484
11598,-29.057,-29.601
11599,81.582,-43.79
11600,53.226,-41.141
11601,16.174,-98.696
11602,-74.203,-5.9497
11603,-58.526,1.3875
11604,-36.109,66.395
11605,-35.481,31.01
11606,-13.828,36.793
11607,44.293,54.062
11608,-48.754,-14.769
11609,-6.9799,51.218
11610,-49.942,47.773
11611,-26.73,-95.719
11612,2.2343,-49.905
11613,-17.975,-97.847
11614,-58.649,71.7
11615,5.8635,-108.03
11616,-29.066,73.781
11617,-76.482,17.201
11618,28.143,-48.034
11619,-17.809,-67.614
11620,15.598,-37.932
11621,-2.0602,74.587
11622,-57.966,-8.8574
11623,23.642,-63.475
11624,-22.143,31.244
11625,30.27,-40.186
11626,-30.817,-66.17
11627,8.7062,-69.41
11628,-68.252,62.576
11629,40.405,24.032
11630,14.068,76.979
11631,9.395,75.936
11632,-1.5708,44.316
11633,74.041,-81.373
11634,-5.1139,40.245
11635,85.7,-6.9412
11636,89.255,-17.872
11637,-54.414,-8.7122
11638,-50.694,-50.127
11639,-45.98,-41.182
11640,9.8075,71.868
11641,96.329,-57.492
11642,-22.821,35.425
11643,32.28,53.89
11644,15.252,-71.306
11645,12.82,-7.5911
11646,-7.122,101.87
11647,37.657,49.324
11648,9.953,72.521
11649,-27.359,31.458
11650,-61.567,-87.144
11651,23.71,-95.766
11652,-58.333,-78.831
11653,-63.707,23.328
11654,-12.156,-1.9455
11655,-12.994,-3.2019
11656,89.431,-42.482
11657,-33.874,-11.544
11658,-48.503,-33.045
11659,-4.8919,76.691
11660,5.692,43.648
11661,8.3257,70.519
11662,-11.34,33.589
11663,-99.497,-11.976
11664,92.416,-19.561
11665,-26.092,21.162
11666,-47.382,28.927
11667,-19.329,-71.312
11668,38.608,17.35
11669,-49.929,12.08
11670,12.811,-1.8489
11671,-36.565,27.482
11672,-79.178,33.834
11673,11.295,46.445
11674,-9.2458,-69.591
11675,11.684,-3.2228
11676,-21.666,-71.905
11677,-32.084,-9.2537
11678,35.044,4.3881
11679,27.264,-52.206
11680,41.876,-6.841
11681,-7.2831,-50.153
11682,59.952,-27.687
11683,-31.217,5.5416
11684,47.571,-20.126
11685,32.197,21.994
11686,4.7079,-5.5646
11687,-1.9429,44.268
11688,18.973,-89.518
11689,19.692,-0.86032
11690,-7.2143,24.942
11691,71.579,-14.251
11692,-58.936,-84.528
11693,-24.815,31.83
11694,-24.714,81.036
11695,-16.014,64.796
11696,-37.596,-14.788
11697,-100.41,-2.5934
11698,-95.193,-47.448
11699,18.338,-1.719
11700,22.689,-41.755
11701,-3.0713,-63.59
11702,-36.833,27.047
11703,-68.889,-22.348
11704,-20.022,-61.855
11705,53.512,-13.906
11706,-23.701,-75.681
11707,-22.792,-71.632
11708,57.138,-73.304
11709,-34.15,15.477
11710,-76.661,-12.376
11711,-13.625,10.858
11712,-16.03,-54.65
11713,46.942,-69.965
11714,58.794,6.4053
11715,-63.139,68.979
11716,-95.019,8.1438
11717,-19.184,-60.968
11718,5.5198,69.858
11719,-86.531,-23.288
11720,4.93,57.352
11721,9.6444,-11.608
11722,-32.213,-3.9525
11723,2.7724,-50.229
11724,-56.387,-82.749
11725,75.134,0.55561
11726,21.106,3.8603
11727,8.9824,-1.9711
11728,58.76,-85.188
11729,-58.058,67.235
11730,-34.544,8.997
11731,-55.73,-9.0791
11732,-38.857,12.747
11733,35.483,-23.632
11734,-56.559,-37.761
11735,6.9913,30.948
11736,-3.9748,34.324
11737,-88.924,-22.784
11738,-55.356,-79.505
11739,18.043,-41.047
11740,-74.512,-15.358
11741,-61.229,-21.37
11742,-51.82,-50.692
11743,0.84023,101.28
11744,-52.372,1.8308
11745,-20.458,-71.733
11746,-12.421,76.955
11747,-28.319,-10.342
11748,-19.249,-61.962
11749,33.141,61.624
11750,51.022,40.633
11751,-33.388,91.083
11752,78.122,-56.73
11753,-0.39889,15.498
11754,-47.64,-19.563
11755,-102.96,1.6157
11756,-1.2863,59.753
11757,-56.617,67.37
11758,2.3011,-81.677
11759,-29.753,78.392
11760,38.765,-58.02
11761,-47.568,-34.018
11762,-95.501,27.653
11763,2.6827,69.664
11764,27.828,-43.905
11765,14.891,-3.5281
11766,-57.881,67.257
11767,49.214,-67.256
11768,20.381,-93.036
11769,42.447,-59.198
11770,-54.766,-41.199
11771,0.25172,16.77
11772,-24.787,0.91175
11773,54.029,1.1898
11774,-23.877,11.731
11775,-76.807,34.446
11776,96.288,-59.223
11777,50.928,48.906
11778,-31.574,43.167
11779,-32.749,35.525
11780,13.818,-71.69
11781,-7.7651,26.359
11782,9.9236,-81.795
11783,-3.6503,31.53
11784,-34.911,6.2975
11785,-47.148,-16.5
11786,-57.352,22.782
11787,-53.751,-48.541
11788,-14.269,-87.392
11789,73.257,-46.725
11790,-55.75,-83.815
11791,-6.0531,35.554
11792,2.8921,38.292
11793,39.831,-12.271
11794,40.342,81.696
11795,40.199,14.887
11796,-46.573,64.362
11797,-82.945,-38.698
11798,-71.837,-37.124
11799,-64.93,-1.8328
11800,-17.104,-87.583
11801,62.912,71.22
11802,-26.261,12.718
11803,-33.236,-80.371
11804,35.141,-90.51
11805,20.591,-70.236
11806,26.176,62.359
11807,1.7458,-7.9687
11808,-58.356,-29.056
11809,-35.688,7.02
11810,-32.287,14.303
11811,-12.286,76.709
11812,-95.757,3.3182
11813,45.514,73.472
11814,-25.191,-102.63
11815,18.486,0.60448
11816,79.692,-34.921
11817,-61.168,21.141
11818,112,5.4914
11819,38.383,41.072
11820,13.778,-13.318
11821,20.293,41.837
11822,-50.144,49.801
11823,-40.118,51.854
11824,23.194,-46.248
11825,-12.869,46.24
11826,0.23974,99.49
11827,-69.43,39.941
11828,-21.371,-85.158
11829,-50.547,14.707
11830,66.385,53.916
11831,-19.05,-61.055
11832,45.027,-31.621
11833,47.171,-6.3736
11834,-53.313,-79.578
11835,-52.707,62.615
11836,-91.283,3.9845
11837,41.978,43.955
11838,-49.963,86.265
11839,16.182,57.496
11840,15.841,-38.889
11841,4.1765,74.91
11842,-67.023,-60.092
11843,-18.089,-105.9
11844,49.614,38.223
11845,12.811,-13.316
11846,-14.004,-87.524
11847,5.886,-62.037
11848,-26.404,-103.36
11849,51.12,-16.696
11850,-35.298,17.02
11851,54.693,43.141
11852,-73.618,-62.747
11853,-21.949,33.535
11854,33.637,50.6
11855,17.759,-83.663
11856,-67.119,31.577
11857,-12.626,44.372
11858,8.5806,76.367
11859,-3.29,-76.317
11860,9.7334,-22.452
11861,3.8804,29.166
11862,47.112,-84.8
11863,-5.4205,32.699
11864,91.851,-65.773
11865,-9.259,70.647
11866,-14.577,37.188
11867,-31.744,-80.127
11868,-38.889,29.354
11869,71.571,-39.755
11870,-36.115,65.487
11871,10.37,-8.0091
11872,34.766,3.6404
11873,-41.253,0.54882
11874,72.006,-17.54
11875,-5.0279,21.213
11876,18.025,76.202
11877,-89.02,-50.258
11878,-53.143,-46.476
11879,-52.752,26.422
11880,-50.778,-50.275
11881,9.8962,-7.7444
11882,-55.618,-83.314
11883,82.086,-9.1222
11884,-34.296,79.142
11885,-49.789,-7.1487
11886,37.991,33.094
11887,12.02,-45.122
11888,-15.012,-93.861
11889,46.248,-52.663
11890,90.829,-12.984
11891,-64.724,2.2228
11892,-36.204,-10.041
11893,-84.903,-10.861
11894,-2.6907,44.121
11895,20.912,24.373
11896,-71.599,-77.352
11897,-46.135,-59.52
11898,46.558,-73.159
11899,73.596,78.632
11900,-22.548,89.207
11901,-46.916,12.923
11902,40.745,53.057
11903,6.641,-82.295
11904,-12.491,-94.669
11905,-64.806,9.8235
11906,-36.631,-9.3014
11907,-4.7193,29.917
11908,55.002,79.708
11909,0.84434,-49.344
11910,-13.801,-77.927
11911,10.473,50.479
11912,27.699,36.757
11913,19.482,32.883
11914,-71.557,12.949
11915,28.154,-48.256
11916,-25.752,28.961
11917,-55.441,-24.815
11918,-73.153,29.211
11919,-21.944,-106.45
11920,-1.1543,101.83
11921,14.953,-4.2633
11922,-5.1478,26.485
11923,-76.263,55.653
11924,-16.73,52.287
11925,-8.3523,74.176
11926,-23.107,-62.623
11927,14.532,-69.792
11928,84.592,-1.6872
11929,-22.382,-35.908
11930,-57.462,8.281
11931,9.6113,-47.468
11932,-25.411,-7.2673
11933,-57.082,69.61
11934,61.598,49.573
11935,61.388,1.6246
11936,62.383,-62.223
11937,-76.111,13.238
11938,10.364,-9.6657
11939,26.242,38.13
11940,10.197,76.847
11941,1.6745,-58.688
11942,15.93,-72.548
11943,-84.627,-25.174
11944,-72.461,7.6036
11945,27.623,95.947
11946,2.7971,10.665
11947,30.597,-32.165
11948,-23.039,-10.01
11949,-3.3169,35.028
11950,-17.055,-70.914
11951,-55.012,6.1837
11952,-6.6101,13.528
11953,37.412,-91.984
11954,-41.276,-28.477
11955,-87.715,-19.519
11956,-105.47,0.83948
11957,38.388,39.236
11958,53.395,0.0040367
11959,28.289,-82.547
11960,-103.22,16.152
11961,-78.978,4.1172
11962,13.948,60.172
11963,36.16,38.927
11964,5.4296,83.389
11965,-31.414,52.012
11966,-60.484,-12.29
11967,-23.512,-75.25
11968,57.454,-86.753
11969,48.035,-52.997
11970,23.066,-25.094
11971,22.041,70.559
11972,-67.571,-53.287
11973,-67.569,-52.55
11974,3.6698,57.929
11975,12.067,-10.297
11976,-33.762,-58.83
11977,-78.442,2.4902
11978,92.584,-52.53
11979,-31.905,39.199
11980,-5.5193,-41.211
11981,4.0823,-84.906
11982,-55.648,19.474
11983,-71.511,27.886
11984,-74.002,-11.688
11985,15.924,70.705
11986,30.145,-91.383
11987,24.147,-87.814
11988,0.17739,-47.528
11989,9.3731,-45.892
11990,11.427,-2.9859
11991,34,82.468
11992,-71.428,26.064
11993,82.864,-46.818
11994,-5.568,82.281
11995,54.715,43.141
11996,0.17156,9.6955
11997,69.326,52.588
11998,-51.261,-38.942
11999,-19.109,-62.897
12000,-29.148,-97.649
12001,27.083,-96.462
12002,3.4072,-30.697
12003,-27.283,-11.159
12004,29.601,-83.995
12005,-76.291,25.765
12006,-72.211,36.278
12007,-76.158,55.52
12008,36.812,10.502
12009,-38.078,25.154
12010,-29.694,49.807
12011,-5.5946,-76.323
12012,-75.032,-31.974
12013,-60.377,-19.219
12014,15.44,53.534
12015,-30.911,74.169
12016,28.207,-95.268
12017,9.1585,40.066
12018,-52.691,66.297
12019,23.997,46.871
12020,24.097,74.064
12021,25.735,46.864
12022,-2.6534,17.738
12023,60.852,-68.595
12024,83.984,-2.6946
12025,-70.866,-25.844
12026,69.366,-22.657
12027,14.316,-42.448
12028,20.774,-55.537
12029,-19.236,-93.52
12030,51.362,4.7246
12031,75.241,-79.454
12032,-79.866,5.393
12033,2.5501,-53.579
12034,70.699,87.53
12035,-11.334,51.305
12036,-33.067,-12.133
12037,-63.32,20.075
12038,-104.77,0.16829
12039,-105.83,14.749
12040,14.504,71.428
12041,69.659,-22.596
12042,-31.964,38.745
12043,9.6478,-10.659
12044,-3.3476,34.693
12045,35.86,14.512
12046,-11.056,-85.525
12047,-82.864,-13.863
12048,6.2394,-74.861
12049,58.605,-26.774
12050,-67.023,-56.922
12051,3.3616,-15.191
12052,63.513,40.878
12053,-6.562,-91.097
12054,-36.745,70.471
12055,7.7639,-81.893
12056,15.902,-38.604
12057,-29.393,-3.2479
12058,15.126,-27.1
12059,22.787,41.559
12060,4.8138,-78.652
12061,42.135,-43.184
12062,4.9907,-84.483
12063,31.49,-16.214
12064,-56.41,-0.2481
12065,-99.428,-4.0084
12066,-57.812,-88.729
12067,-100.36,-3.2852
12068,-19.85,-82.744
12069,-16.105,-88.574
12070,29.377,7.0679
12071,-57.924,-27.582
12072,14.023,-17.316
12073,26.854,-63.356
12074,18.035,47.433
12075,38.53,39.174
12076,23.687,-94.736
12077,1.5606,67.258
12078,-70.162,-23.121
12079,-1.6237,72.055
12080,-40.975,4.505
12081,-11.928,-57.314
12082,-112.73,14.656
12083,-58.136,28.018
12084,-55.071,-0.72897
12085,-16.889,-82.86
12086,3.7641,-7.366
12087,8.4471,39.789
12088,16.746,-69.637
12089,-65.848,-37.266
12090,14.607,-84.274
12091,22.346,11.411
12092,-102.73,32.224
12093,64.776,51.661
12094,-39.165,29.442
12095,15.423,30.819
12096,-14.628,-52.225
12097,58.653,-65.593
12098,-50.174,20.036
12099,-21.241,29.92
12100,39.318,-91.575
12101,79.915,-18.203
12102,44.678,-74.541
12103,60.684,37.002
12104,-9.676,67.011
12105,33.158,84.031
12106,13.296,-5.4618
12107,24.544,80.413
12108,-59.228,37.119
12109,45.818,88.125
12110,5.8638,-108.04
12111,34.397,15.624
12112,10.185,-23.681
12113,-0.72893,-58.833
12114,-105.33,-12.11
12115,6.595,79.285
12116,-8.8551,99.462
12117,-66.099,24.032
12118,9.1121,-14.076
12119,-58.988,29.703
12120,-0.93335,-76.989
12121,-6.2205,21.035
12122,55.392,-64.514
12123,-58.595,25.849
12124,95.191,-42.48
12125,-105.88,17.853
12126,-4.6032,-103.11
12127,-103.67,16.811
12128,62.973,52.397
12129,66.332,70.354
12130,-13.333,-69.171
12131,4.1245,-58.951
12132,77.207,-30.644
12133,-27.479,-31.073
12134,4.0228,9.6339
12135,-16.074,-22.532
12136,-3.7733,-87.258
12137,27.798,98.723
12138,4.9863,83.436
12139,24.307,4.4297
12140,-22.609,31.41
12141,76.081,-78.22
12142,-6.6742,-88.531
12143,46.615,-67.958
12144,86.018,-6.2623
12145,-52.075,2.2918
12146,46.628,86.099
12147,0.05012,-62.072
12148,-67.504,-72.171
12149,22.712,-10.526
12150,37.196,58.322
12151,18.259,23.601
12152,0.9982,-5.6792
12153,-33.56,-10.503
12154,38.909,36.896
12155,42.858,31.508
12156,-30.552,73.536
12157,16.92,-75.817
12158,-14.952,44.275
12159,33.987,-23.141
12160,-7.5934,35.605
12161,-19.391,-24.975
12162,11.488,51.191
12163,43.502,8.5798
12164,-101.45,-11.217
12165,-102.34,-0.21261
12166,76.194,-33.701
12167,17.929,-33.407
12168,8.0034,-55.137
12169,51.292,-87.035
12170,51.372,-64.421
12171,52.302,6.1451
12172,-62.149,21.227
12173,-33.356,-28.008
12174,-55.296,-0.53146
12175,77.047,-75.472
12176,-73.27,33.847
12177,-74.814,-18.077
12178,1.2511,27.035
12179,31.393,11.441
12180,-97.299,-3.2581
12181,-102.84,1.566
12182,-41.167,-91.411
12183,-47.21,85.582
12184,-47.349,63.122
12185,3.4058,68.656
12186,-3.4549,-57.103
12187,4.0504,-1.9919
12188,11.292,-70.733
12189,-34.449,13.476
12190,-6.8437,13.543
12191,29.045,56.63
12192,58.625,-80.377
12193,-100.84,0.80765
12194,31.6,92.207
12195,35.602,-44.356
12196,-12.815,99.584
12197,20.721,24.06
12198,-18.796,77.944
12199,28.637,54.244
12200,-58.188,-16.443
12201,27.825,47.214
12202,-21.052,32.34
12203,-66.237,9.9217
12204,72.419,-0.88902
12205,78.706,-18.292
12206,2.3384,-32.066
12207,-55.421,-58.589
12208,-106.12,0.53737
12209,42.068,4.8643
12210,19.533,8.1991
12211,54.691,-64.256
12212,70.177,-43.516
12213,-56.557,-76.299
12214,3.6565,62.578
12215,14.577,75.05
12216,-88.069,43.176
12217,28.275,52.404
12218,10.223,-0.7749
12219,35.524,-35.325
12220,34.809,4.84
12221,-67.103,-52.496
12222,28.817,7.3222
12223,-45.689,27.221
12224,-37.576,-83.469
12225,-4.0329,37.638
12226,4.3965,-14.588
12227,50.085,-86.336
12228,-68.109,70.592
12229,21.143,10.101
12230,33.808,85.375
12231,-80.973,30.505
12232,-50.637,82.298
12233,26.062,4.4651
12234,80.305,-8.7113
12235,30.413,5.8971
12236,-8.1049,-69.329
12237,-10.759,-75.324
12238,37.6,-4.5723
12239,-14.803,-8.9104
12240,-71.986,-76.358
12241,-64.911,-84.428
12242,22.896,95.913
12243,-4.8524,-6.4379
12244,-45.061,-6.5264
12245,13.121,-16.226
12246,-14.739,54.175
12247,89.604,-14.623
12248,32.195,-61.795
12249,32.303,-86.652
12250,-4.4886,8.895
12251,9.8171,-80.96
12252,-59.635,35.048
12253,25.946,80.861
12254,-75.887,-11.652
12255,-55.608,-34.962
12256,-21.758,36.044
12257,19.086,35.428
12258,-14.962,-79.084
12259,81.189,-38.49
12260,-55.467,40.654
12261,-15.778,63.227
12262,4.866,72.909
12263,-11.14,-2.616
12264,27.893,21.447
12265,-70.399,13.11
12266,-68.801,-27.517
12267,-60.771,-73.464
12268,-86.73,-11.016
12269,-39.023,18.01
12270,-31.902,13.639
12271,51.805,-20.501
12272,-33.727,68.174
12273,7.1697,-53.404
12274,56.235,-80.649
12275,-56.406,73.063
12276,-91.899,-8.6981
12277,96.818,-62.535
12278,2.0904,24.142
12279,4.3072,85.381
12280,24.983,83.828
12281,-2.9945,42.3
12282,29.494,48.115
12283,-28.473,93.775
12284,-5.864,48.393
12285,30.463,-33.653
12286,65.092,-50.28
12287,-4.6764,19.37
12288,89.284,-43.469
12289,-97.333,3.1098
12290,-19.282,18.323
12291,36.645,25.442
12292,59.399,1.5487
12293,44.158,-75.936
12294,68.944,-37.265
12295,-33.725,-78.475
12296,85.24,12.689
12297,20.773,-52.838
12298,-3.7601,67.859
12299,-4.1393,-103.53
12300,2.5039,-26.555
12301,17.394,31.298
12302,10.155,48.887
12303,8.8629,72.761
12304,2.1242,87.927
12305,-68.263,28.228
12306,-2.0435,48.962
12307,65.541,26.873
12308,-60.996,74.077
12309,41.497,28.45
12310,-38.295,-9.1942
12311,-78.716,5.9554
12312,101.59,33.303
12313,-9.8303,-77.503
12314,-11.291,-4.6973
12315,11.131,-17.334
12316,85.848,-24.392
12317,-67.17,-80.3
12318,-74.288,-10.724
12319,5.3307,-24.822
12320,-73.72,35.221
12321,-100.76,-2.0106
12322,-97.761,5.0485
12323,6.1344,77.752
12324,42.778,14.8
12325,-69.922,71.607
12326,36.508,86.707
12327,29.085,2.6717
12328,-4.3036,-4.7223
12329,-37.033,65.977
12330,4.9549,-6.5844
12331,-74.853,7.1476
12332,-81.855,-4.9502
12333,-89.202,23.743
12334,13.687,80.229
12335,100.53,-59.197
12336,-19.033,-80.013
12337,-53.745,22.134
12338,-47.059,-88.523
12339,-20.851,-72.755
12340,4.5011,-13.647
12341,-61.274,21.774
12342,-69.762,12.212
12343,-27.118,90.88
12344,8.5102,73.728
12345,-18.321,-83.965
12346,22.481,-77.163
12347,48.386,-78.445
12348,-74.621,-67.863
12349,-16.741,-88.022
12350,-105.69,16.67
12351,-97.997,23.291
12352,-26.116,-7.4685
12353,-46.959,14.42
12354,57.561,-10.606
12355,14.14,-29.403
12356,-3.36,-76.439
12357,-2.1482,-75.182
12358,2.2773,7.3628
12359,-78.476,2.4161
12360,0.50328,62.531
12361,-87.668,-1.8149
12362,-1.7625,-48.191
12363,40.787,-1.9591
12364,50.065,10.226
12365,-19.571,61.035
12366,-40.976,-9.9352
12367,-46.025,-91.223
12368,13.538,77.653
12369,-12.422,-5.0826
12370,-66.861,-37.326
12371,-43.513,4.6671
12372,21.396,15.18
12373,29.703,-88.435
12374,6.2609,-85.148
12375,-60.785,21.496
12376,-39.894,2.1901
12377,-104.61,0.18374
12378,-32.157,70.589
12379,39.616,-32.189
12380,22.576,79.562
12381,29.64,5.1653
12382,-1.2455,27.417
12383,51.62,-70.668
12384,-53.917,22.376
12385,-25.84,32.201
12386,12.725,-3.9446
12387,6.9055,59.37
12388,32.455,-71.214
12389,26.577,-49.295
12390,16.635,-28.461
12391,-45.38,-82.941
12392,-33.319,5.015
12393,23.479,65.516
12394,-32.416,-77.334
12395,-75.272,-56.753
12396,32.041,-44.406
12397,3.097,56.794
12398,91.606,-59.42
12399,-28.872,15.201
12400,-37.572,47.283
12401,-37.807,63.772
12402,-18.419,-73.358
12403,-1.6565,37.143
12404,4.0116,-59.351
12405,33.338,2.513
12406,-19.274,-42.678
12407,-16.949,52.244
12408,-72.706,15.932
12409,-0.94438,-82.364
12410,4.5018,-4.5699
12411,8.438,-1.6209
12412,35.473,-42.385
12413,56.756,-86.775
12414,63.896,-19.668
12415,-57.354,72.091
12416,-69.658,39.39
12417,-55.468,17.574
12418,6.3377,-61.416
12419,19.649,-19.44
12420,18.046,45.526
12421,6.9402,-7.1345
12422,-15.724,55.653
12423,-25.435,-66.503
12424,-95.139,-13.391
12425,3.7012,-59.793
12426,6.0286,79.027
12427,30.359,41.348
12428,-0.62969,99.176
12429,-28.119,57.631
12430,59.44,-61.913
12431,8.4196,57.497
12432,-33.243,-78.046
12433,-6.7114,13.567
12434,-101.92,-6.7237
12435,-26.025,-33.143
12436,38.007,37.781
12437,-17.077,-68.997
12438,18.302,69.231
12439,18.279,-45.834
12440,89.57,8.697
12441,5.25,70.547
12442,4.6521,-59.897
12443,-22.473,-84.096
12444,-61.126,-80.001
12445,-72.285,15.662
12446,65.367,44.885
12447,-52.579,-59.213
12448,78.205,-3.4333
12449,-21.624,-87.992
12450,21.357,-69.317
12451,21.202,0.085952
12452,2.7833,-79.656
12453,-15.995,-35.951
12454,-20.161,82.739
12455,-8.5045,40.515
12456,-9.3412,27.247
12457,-8.1041,-67.273
12458,4.4374,77.528
12459,7.6519,69.744
12460,-68.87,16.71
12461,-9.596,-72.09
12462,-57.834,0.94276
12463,-48.14,-11.954
12464,-49.518,53.593
12465,24.945,71.394
12466,-105.96,0.73088
12467,5.3038,-33.225
12468,-65.501,2.8505
12469,8.3536,31.74
12470,-101.13,1.4651
12471,-79.114,33.086
12472,-78.557,32.346
12473,53.34,53.588
12474,59.423,-4.3969
12475,40.008,-17.112
12476,17.529,-21.243
12477,27.704,-47.384
12478,48.27,39.805
12479,-100.46,-3.5851
12480,-57.567,-85.298
12481,-24.938,-102.24
12482,20.799,3.7563
12483,-20.824,-71.083
12484,9.6671,-15.158
12485,1.2732,23.976
12486,-97.021,31.309
12487,-66.414,-37.692
12488,20.786,-34.065
12489,58.138,-58.572
12490,-55.88,-83.122
12491,8.7937,-55.423
12492,2.2663,101.81
12493,47.395,-6.559
12494,16.168,-37.37
12495,22.259,-87.731
12496,75.475,-7.7373
12497,66.826,-62.375
12498,-3.8979,32.076
12499,-1.0201,-76.295
12500,-3.5039,-104.19
12501,-100.9,0.041465
12502,-100.92,-1.0828
12503,1.089,66.847
12504,-46.305,-83.029
12505,-82.099,19.429
12506,5.5819,-12.689
12507,-55.142,-78.635
12508,-24.606,-103.43
12509,-19.223,-62.281
12510,-15.445,-54.236
12511,89.649,-42.618
12512,52.281,50.276
12513,4.5778,-4.5756
12514,-4.316,-73.625
12515,31.003,-85.006
12516,18.004,-64.691
12517,-17.183,52.785
12518,5.6936,71.961
12519,-32.246,68.428
12520,0.4815,101.64
12521,31.285,3.4209
12522,4.0836,58.085
12523,-46.841,70.242
12524,3.1991,53.573
12525,-82.989,-14.214
12526,-9.9995,-86.547
12527,3.1426,74.456
12528,63.004,56.936
12529,-51.283,74.824
12530,31.962,74.579
12531,-53.314,74.275
12532,-0.061696,-65.013
12533,79.878,-34.444
12534,-69.979,16.18
12535,-7.5709,1.9316
12536,-40.277,-51.728
12537,53.559,-84.004
12538,6.5952,-17.403
12539,37.781,79.361
12540,2.961,-5.3516
12541,-34.41,3.2585
12542,-11.181,50.989
12543,37.214,-86.2
12544,-12.129,52.074
12545,-45.281,-1.7389
12546,-92.27,12.933
12547,-94.531,-13.836
12548,-66.393,-53.921
12549,22.614,-77.521
12550,-59.103,-30.342
12551,-103.19,-13.919
12552,-22.544,-46.877
12553,6.5348,-47.61
12554,-99.292,-1.1156
12555,-3.7264,32.07
12556,-15.947,64.033
12557,-70.336,-43.407
12558,-26.244,-8.7316
12559,-61.765,-82.062
12560,-60.227,34.078
12561,26.796,22.017
12562,-28.23,-88.339
12563,-33.596,-39.184
12564,-7.7066,101.55
12565,-92.781,-47.131
12566,85.115,12.801
12567,32.66,7.7633
12568,-5.7012,79.753
12569,105.33,-45.631
12570,-33.081,-80.061
12571,-59.901,35.394
12572,-100.66,4.0825
12573,-101.02,1.874
12574,24.54,-41.257
12575,7.0727,-59.28
12576,-2.2615,35.389
12577,27.408,-53.268
12578,29.954,18.151
12579,27.186,-89.919
12580,-42.259,-2.8601
12581,21.787,-42.851
12582,-65.741,22.074
12583,-104.82,-10.463
12584,-106.04,-11.075
12585,-73.267,34.367
12586,-64.199,-58.212
12587,35.394,81.418
12588,4.9412,11.722
12589,28.208,-72.372
12590,16.119,-89.049
12591,-44.656,50.933
12592,-99.766,4.5215
12593,62.808,48.143
12594,24.158,9.235
12595,25.887,61.807
12596,-15.408,-70.439
12597,8.9172,-82.618
12598,54.609,-71.233
12599,-14.058,-27.86
12600,-33.673,-79.754
12601,-94.312,-8.0295
12602,-33.045,58.209
12603,58.036,40.654
12604,-28.412,-67.435
12605,-7.6128,75.474
12606,36.788,25.899
12607,-36.934,68.972
12608,13.156,6.691
12609,-43.956,68.359
12610,16.197,31.338
12611,7.6209,37.111
12612,-0.86172,-88.72
12613,-103.68,0.30362
12614,25.29,69.273
12615,83.237,40.93
12616,14.446,0.10358
12617,19.277,0.77063
12618,-10.155,64.207
12619,29.016,-42.675
12620,57.205,-21.826
12621,-24.641,-72.1
12622,-3.7265,-104.11
12623,19.298,-64.594
12624,-32.573,70.703
12625,-15.286,54.978
12626,9.2833,39.677
12627,48.603,-68.322
12628,83.694,-29.528
12629,-104.45,-10.234
12630,-104.47,0.27905
12631,-60.095,28.406
12632,36.354,12.924
12633,1.9671,-36.557
12634,-22.419,-82.021
12635,-63.643,78.959
12636,-72.591,10.175
12637,-43.815,-3.1422
12638,48.028,-90.807
12639,-59.961,2.4174
12640,39.858,-56.826
12641,-29.822,49.283
12642,-13.521,1.0949
12643,-75.66,-32.028
12644,-3.544,75.121
12645,23.235,-77.741
12646,-51.868,-48.061
12647,-19.94,-23.321
12648,-20.659,-67.384
12649,35.302,1.6255
12650,-32.113,-1.049
12651,-107.3,-8.5367
12652,-61.56,-73.805
12653,14.21,71.153
12654,-12.902,-25.652
12655,42.62,84.147
12656,-25.236,84.287
12657,1.617,67.254
12658,-18.338,-40.335
12659,-53.88,-56.104
12660,-75.331,-61.625
12661,-53.451,-17.051
12662,-104.72,17.157
12663,-29.529,-6.356
12664,-82.17,19.183
12665,-2.3935,73.338
12666,28.691,79.472
12667,3.2934,34.285
12668,-13.936,81.641
12669,-9.8822,-77.195
12670,17.732,-66.56
12671,-37.36,-26.76
12672,93.3,-62.307
12673,-25.802,-67.344
12674,-10.772,-91.611
12675,-32.422,-85.787
12676,-51.922,33.298
12677,65.973,-44.588
12678,-31.514,72.7
12679,-50.927,82.57
12680,-35.68,44.914
12681,48.21,-88.518
12682,-55.093,-92.547
12683,-57.487,32.881
12684,17.618,-61.01
12685,40.937,44.686
12686,-101.6,-11.009
12687,13.592,-6.0629
12688,48.178,53.702
12689,4.3423,-15.348
12690,-104.43,18.026
12691,-10.999,-72.741
12692,-10.099,-74.22
12693,38.494,12.341
12694,39.326,22.658
12695,-33.94,82.14
12696,45.073,-74.389
12697,30.564,16.676
12698,-10.861,17.538
12699,-105.74,0.46765
12700,13.806,-1.8381
12701,-5.3341,19.243
12702,12.475,-2.5713
12703,11.582,-10.466
12704,-67.238,10.645
12705,29.984,11.168
12706,-25.592,-68.733
12707,-69.521,16.347
12708,16.841,84.412
12709,-9.3737,-78.854
12710,37.579,90.571
12711,9.7441,76.405
12712,3.8239,24.958
12713,-65.659,-80.577
12714,-32.641,65.375
12715,35.736,39.016
12716,12.867,-13.965
12717,-8.7938,34.493
12718,-24.924,46.966
12719,12.586,-21.598
12720,9.1459,59.842
12721,26.118,5.0528
12722,18.085,-45.628
12723,-100.13,-9.9576
12724,-102.99,-3.4196
12725,-15.965,-20.151
12726,14.453,79.183
12727,-11.659,-76.868
12728,30.334,6.4063
12729,-50.429,62.239
12730,12.948,-20.814
12731,-81.45,-55.283
12732,-6.4097,24.605
12733,-105.81,-3.1436
12734,-23.49,-69.001
12735,-32.8,68.377
12736,-71.479,62.127
12737,27.604,-47.736
12738,12.612,-80.778
12739,14.477,-69.031
12740,27.983,-35.428
12741,41.428,-77.304
12742,70.126,-37.906
12743,-64.493,5.6843
12744,-72.471,-74.395
12745,-38.717,-12.179
12746,-59.158,26.352
12747,-17.195,-27.391
12748,-38.767,-7.2458
12749,-104.47,-13.153
12750,-47.795,7.313
12751,-19.182,-62.52
12752,-11.974,-18.102
12753,-19.023,-83.583
12754,-22.313,19.261
12755,-27.557,93.612
12756,-41.813,32.776
12757,97.25,-60.525
12758,-14.543,68.4
12759,38.941,-90.023
12760,-50.793,19.478
12761,-58.98,1.5258
12762,24.279,49.444
12763,-38.532,56.018
12764,-49.233,55.607
12765,27.235,-91.941
12766,59.747,-22.487
12767,43.934,-57.344
12768,41.378,80.973
12769,-18.977,-62.331
12770,-2.0957,69.765
12771,-60.062,37.285
12772,-56.302,-12.382
12773,42.094,-57.652
12774,3.3872,-58.458
12775,23.186,4.6478
12776,48.045,-31.496
12777,-65.195,17.188
12778,-14.083,81.555
12779,-40.729,15.577
12780,25.59,-85.312
12781,-29.203,78.353
12782,43.433,-77.223
12783,-23.319,-11.158
12784,-12.849,-85.495
12785,14.964,-89.324
12786,45.748,13.669
12787,-30.606,-76.809
12788,-81.36,61.334
12789,24.406,22.88
12790,47.685,-89.811
12791,-23.002,-85.674
12792,-10.907,-72.52
12793,8.9603,-1.819
12794,-55.747,7.7272
12795,81.284,48.619
12796,-32.2,-95.169
12797,-54.478,17.563
12798,-34.025,-10.875
12799,-10.204,-68.133
12800,-4.9865,101.53
12801,19.184,51.881
12802,39.091,-42.987
12803,-49.13,36.142
12804,-88.154,43.876
12805,21.817,81.737
12806,43.887,-85.282
12807,-26.785,-92.204
12808,-59.057,8.5973
12809,-15.061,54.145
12810,0.97664,-13.362
12811,9.6641,-10.393
12812,6.2622,-8.1328
12813,11.958,-9.9808
12814,-70.951,62.695
12815,13.973,-20.98
12816,52.547,-10.842
12817,8.9569,76.603
12818,-9.289,76.24
12819,48.197,87.43
12820,1.7091,58.551
12821,38.506,16.6
12822,-29.986,78.752
12823,-3.8674,-87.742
12824,-50.241,67.049
12825,-106.23,17.606
12826,55.649,-28.134
12827,2.0918,-4.2467
12828,13.215,-1.7837
12829,-21.025,-87.613
12830,-32.75,14.121
12831,29.555,96.423
12832,10.183,79.047
12833,-37.029,32.158
12834,-11.102,-2.7528
12835,46.116,52.774
12836,0.74123,-12.328
12837,46.036,43.923
12838,-2.3828,25.522
12839,-16.5,-80.884
12840,6.7137,70.882
12841,-60.245,29.659
12842,-29.257,-3.7503
12843,16.743,-58.19
12844,-106.14,0.63277
12845,2.5538,-16.399
12846,52.91,12.342
12847,-12.367,-71.37
12848,35.55,-36.79
12849,-68.076,11.367
12850,-39.45,-55.124
12851,19.758,24.178
12852,-40.914,-91.353
12853,-47.629,6.5278
12854,-18.305,-67.965
12855,-19.518,-84.983
12856,36.269,80.74
12857,-6.6864,-75.885
12858,20.509,42.038
12859,2.8261,-66.726
12860,42.529,-58.863
12861,54.425,-16.505
12862,-67.279,74.766
12863,-24.673,-91.848
12864,22.988,-40.659
12865,-10.202,-78.294
12866,-3.4546,-76.68
12867,5.4415,-59.998
12868,-9.5492,-93.074
12869,-40.901,-0.40183
12870,-9.5178,-71.263
12871,-30.833,38.909
12872,47.304,81.763
12873,14.127,83.258
12874,46.583,51.812
12875,-94.741,6.8215
12876,60.443,-54.595
12877,-12.528,16.175
12878,-63.934,19.68
12879,-49.992,-34.294
12880,-101.33,-0.13782
12881,-48.834,-89.382
12882,-31.199,96.33
12883,15.765,-7.5274
12884,-41.853,-42.927
12885,45.436,27.816
12886,-33.457,92.715
12887,-60.621,29.86
12888,2.2629,-65.455
12889,-65.968,63.638
12890,-105.91,0.75168
12891,-55.374,13.761
12892,7.0696,88.4
12893,-10.756,-93.42
12894,36.214,27.796
12895,-55.816,-57.611
12896,44.581,-34.626
12897,-75.801,18.129
12898,-16.89,-15.684
12899,38.112,-91.357
12900,-51.849,3.7683
12901,7.7117,-10.817
12902,-38.532,12.424
12903,13.333,0.76433
12904,7.1417,-13.523
12905,25.249,-61.407
12906,6.2791,24.394
12907,4.4856,-77.496
12908,-60.366,75.725
12909,-37.408,22.08
12910,-53.587,7.9168
12911,17.364,-7.1559
12912,13.11,89.428
12913,-35.767,56.704
12914,19.654,42.932
12915,46.684,-77.099
12916,48.566,-85.249
12917,-93.022,-7.8411
12918,17.637,-20.22
12919,-61.807,14.163
12920,10.142,-10.751
12921,10.943,34.564
12922,-60.837,34.64
12923,-11.128,-2.6917
12924,4.0042,60.421
12925,5.9063,-58.872
12926,86.863,-23.928
12927,-17.698,-79.881
12928,57.351,43.906
12929,3.6939,-85.853
12930,4.2204,-8.217
12931,-55.522,-28.335
12932,25.557,62.02
12933,2.9227,-7.2717
12934,42.903,-57.472
12935,68.561,-18.142
12936,-65.233,-79.552
12937,32.726,-85.852
12938,38.208,48.06
12939,-20.792,-87.204
12940,-47.732,74.558
12941,26.094,81.086
12942,47.323,-3.5183
12943,21.371,-42.063
12944,48.961,-88.043
12945,-39.837,10.131
12946,-47.157,-83.216
12947,6.9567,-82.192
12948,-99.639,3.9867
12949,2.0296,7.5099
12950,-32.752,-81.85
12951,14.473,-0.76779
12952,-38.35,-10.254
12953,-12.902,75.44
12954,3.6452,91.453
12955,-15.914,-29.936
12956,-11.087,-2.7668
12957,53.077,-65.12
12958,-99.57,-11.584
12959,16.54,75.221
12960,9.0559,-3.1708
12961,-33.708,72.356
12962,-25.58,62.085
12963,-5.7359,79.434
12964,-16.844,82.271
12965,-0.047978,-21.321
12966,8.6439,-83.296
12967,32.237,-24.827
12968,13.752,-47.906
12969,-55.134,64.28
12970,24.335,52.882
12971,7.5822,-83.489
12972,-69.071,-23.382
12973,-33.779,-13.813
12974,-17.846,-61.554
12975,-93.579,-8.1969
12976,43.668,79.988
12977,11.373,-10.858
12978,47.106,-40.886
12979,32.558,94.018
12980,-4.3621,74.345
12981,51.296,-63.52
12982,89.027,-26.653
12983,-8.4311,83.248
12984,15.816,24.541
12985,16.071,53.415
12986,-52.55,52.896
12987,-17.164,-38.391
12988,-75.844,55.129
12989,37.949,-0.49105
12990,91.126,-28.012
12991,35.946,-19.12
12992,-0.28836,17.916
12993,-82.328,19.266
12994,32.339,93.986
12995,-57.493,30.786
12996,5.7358,-80.656
12997,-66.852,5.8376
12998,50.134,-46.677
12999,-14.374,81.27
13000,-55.741,-0.29338
13001,-67.313,-53.459
13002,-0.16803,33.665
13003,12.533,-11.52
13004,-23.424,-11.278
13005,0.16309,78.571
13006,-99.057,-0.71762
13007,-3.8504,55.308
13008,-17.71,-68.983
13009,70.85,-36.438
13010,-94.643,18.918
13011,-101.49,-2.7255
13012,5.4516,-15.423
13013,35.851,36.209
13014,47.74,-87.682
13015,23.296,-86.18
13016,-101.14,-4.7893
13017,14.235,10.929
13018,47.157,-31.022
13019,13.257,-10.775
13020,-27.618,-7.9997
13021,-36.11,56.741
13022,64.159,53.823
13023,93.012,-52.976
13024,-69.465,-69.575
13025,-80.764,-6.4373
13026,-48.681,66.625
13027,-0.58268,-14.502
13028,37.626,40.292
13029,-0.21755,80.732
13030,-61.541,30.529
13031,19.166,-40.617
13032,33.61,-89.523
13033,82.051,-47.727
13034,73.17,-46.194
13035,52.246,-49.804
13036,-39.154,-21.654
13037,-37.747,-83.647
13038,36.405,-84.911
13039,5.2545,-78.668
13040,25.448,-71.744
13041,2.7434,-31.163
13042,89.576,8.6967
13043,-5.5451,-37.246
13044,-101.09,0.0017415
13045,4.7615,-78.626
13046,-29.872,4.9426
13047,-22.551,-10.242
13048,1.8427,69.218
13049,-15.138,-78.821
13050,12.245,-58.319
13051,5.6908,-6.3903
13052,-61.907,26.388
13053,2.1135,26.404
13054,-31.577,69.862
13055,51.858,-31.431
13056,-6.1324,-66.474
13057,-47.668,-87.092
13058,7.8309,-52.068
13059,12.618,67.011
13060,-61.735,25.301
13061,54.438,38.903
13062,-15.219,-83.407
13063,78.494,-45.321
13064,-64.392,17.205
13065,20.157,42.921
13066,-5.3551,26.622
13067,-20.162,84.186
13068,-43.304,69.051
13069,36.514,-90.059
13070,-11.65,-81.795
13071,38.93,-58.225
13072,-56.118,-83.412
13073,-43.155,89.508
13074,91.729,-58.283
13075,-44.094,86.196
13076,-6.8271,84.509
13077,57.262,-74.099
13078,-66.251,16.423
13079,-38.819,2.5336
13080,-1.24,62.655
13081,-14.07,70.32
13082,40.242,54.905
13083,3.5566,-65.447
13084,37.829,-79.282
13085,-65.113,20.295
13086,-21.408,-64.152
13087,12.598,-12.724
13088,-63.962,54.702
13089,-69.817,12.523
13090,0.093767,93.615
13091,-50.581,52.868
13092,41.984,-68.986
13093,49.713,-79.065
13094,49.005,-76.146
13095,7.4695,6.8542
13096,58.572,-74.507
13097,49.086,-85.013
13098,70.784,-17.614
13099,47.367,-82.478
13100,-40.548,-90.404
13101,-21.51,-29.207
13102,-19.76,-83.295
13103,-20.886,-68.756
13104,1.9936,74.569
13105,66.795,33.619
13106,-19.617,41.05
13107,52.096,-80.967
13108,-102.61,29.855
13109,76.187,-59.53
13110,-4.9807,90.073
13111,-54.83,-0.029979
13112,-65.296,0.38798
13113,-102.58,-3.2057
13114,-19.505,88.632
13115,-10.479,-88.92
13116,47.55,31.803
13117,-42.153,41.528
13118,-9.014,37.762
13119,-26.827,46.29
13120,67.853,-59.995
13121,-97.361,-13.252
13122,-96.679,6.2204
13123,3.1576,-5.7993
13124,2.2441,-16.829
13125,9.8395,-5.248
13126,0.71078,39.409
13127,38.857,7.5487
13128,0.10112,36.041
13129,-30.316,-71.063
13130,-29.795,4.9948
13131,-14.161,-94.322
13132,53.031,-65.305
13133,-40.628,-34.652
13134,-43.746,-20.913
13135,-51.022,-80.075
13136,31.303,0.25712
13137,40.694,37.762
13138,20.41,-7.0509
13139,-32.167,74.782
13140,-18.336,75.476
13141,-37.748,-69.367
13142,-39.153,12.499
13143,8.8468,-37.146
13144,47.197,-89.642
13145,38.896,83.702
13146,51.444,-28.667
13147,-7.0776,-67.63
13148,19.778,7.4408
13149,20.149,22.903
13150,0.27462,-15.279
13151,-43.358,5.1282
13152,59.71,-70.51
13153,56.892,-39.978
13154,-55.596,19.256
13155,-64.782,68.267
13156,-0.27426,44.318
13157,-3.9559,-76.525
13158,-18.239,-81.716
13159,-27.678,-65.398
13160,27.709,-77.939
13161,35.853,-83.657
13162,-33.48,-77.417
13163,-37.399,69.666
13164,-37.546,-83.682
13165,-6.1316,-74.229
13166,-11.32,33.047
13167,-8.1083,12.75
13168,93.691,-55.756
13169,74.162,13.969
13170,50.976,11.95
13171,64.496,-38.647
13172,-16.057,-79.395
13173,57.284,75.942
13174,-18.997,-93.342
13175,-8.5125,-84.606
13176,-18.478,-80.959
13177,-56.066,-81.811
13178,-18.339,61.989
13179,-97.095,-3.5742
13180,-23.108,-88.033
13181,44.275,26.844
13182,92.991,-58.582
13183,-50.873,-20.009
13184,50.635,-86.747
13185,-18.412,-54.713
13186,10.185,-23.339
13187,35.883,-83.749
13188,-85.019,-22.214
13189,-9.6965,1.3794
13190,-11.586,-52.179
13191,-91.568,0.22347
13192,15.115,-65.563
13193,7.5021,30.34
13194,-1.1907,34.585
13195,34.815,76.392
13196,10.683,-0.84203
13197,9.3581,76.471
13198,-20.481,-88.347
13199,-76.534,36.13
13200,-25.678,-67.089
13201,10.276,48.625
13202,77.027,-52.911
13203,-41.445,-29.221
13204,14.108,-49.398
13205,-75.491,12.264
13206,-67.123,71.614
13207,3.4943,46.016
13208,41.222,-89.044
13209,35.926,6.0268
13210,53.559,-88.991
13211,66.743,-49.129
13212,92.797,-60.371
13213,-3.7983,-103.96
13214,-77.739,2.1263
13215,-34.543,-90.453
13216,6.0595,-7.801
13217,52.377,-17.951
13218,-65.361,62.849
13219,-11.536,98.471
13220,-7.8748,93.25
13221,-102.2,4.3747
13222,-105.14,-3.3922
13223,12.184,-29.369
13224,23.422,-8.6897
13225,22.498,-10.568
13226,-1.643,-29.96
13227,28.664,23.196
13228,87.401,10.96
13229,-40.209,60.955
13230,34.976,-54.13
13231,-0.59619,-86.756
13232,25.767,19.226
13233,87.111,-20.278
13234,-76.193,25.812
13235,-59.151,1.8994
13236,-25.064,-7.8705
13237,-5.6567,-22.548
13238,-21.571,-25.07
13239,7.3747,-14.769
13240,40.708,-51.186
13241,48.282,42.682
13242,-11.457,-67.028
13243,-38.792,86.225
13244,-64.053,62.921
13245,-54.757,1.6711
13246,-32.27,-81.718
13247,-28.296,-22.66
13248,5.2639,-60.754
13249,72.194,81.537
13250,69.513,41.014
13251,-0.61884,-52.007
13252,-13.994,-78.901
13253,-32.543,88.408
13254,-0.64378,-82.385
13255,-31.208,-75.405
13256,76.01,-59.368
13257,65.061,-29.141
13258,8.1839,70.474
13259,34.846,94.631
13260,-21.183,9.4876
13261,-58.556,71.486
13262,-56.292,-10.254
13263,-34.026,-76.489
13264,-106.78,15.347
13265,-75.608,-65.08
13266,69.435,-41.635
13267,54.252,-54.473
13268,-42.008,-0.58744
13269,-29.684,-75.178
13270,2.7603,-16.249
13271,-31.695,-80.258
13272,38.101,-73.467
13273,-26.607,-5.0417
13274,43.461,-55.12
13275,17.144,-28.925
13276,84.826,-1.6657
13277,3.8324,-1.6164
13278,9.2975,-3.8105
13279,9.0654,-52.263
13280,-26.464,-10.407
13281,-3.224,42.435
13282,48.735,-89.52
13283,-23.336,-83.456
13284,31.823,47.599
13285,-28.677,-22.283
13286,-28.387,-15.837
13287,-94.507,-8.2813
13288,-25.157,-9.2793
13289,51.835,-51.601
13290,-24.612,-94.252
13291,-71.182,-74.967
13292,-53.223,-59.471
13293,37.378,-61.876
13294,-21.377,-78.035
13295,10.779,-13.078
13296,-60.974,73.857
13297,-1.5924,43.401
13298,-57.231,23.431
13299,58.344,-4.8392
13300,-9.2088,77
13301,-13.13,-69.11
13302,-60.857,74.768
13303,58.584,-75.72
13304,19.086,-36.453
13305,92.087,-29.649
13306,-23.826,-69.08
13307,13.787,-9.1131
13308,-10.177,-72.539
13309,-17.7,-68.964
13310,44.835,7.506
13311,66.487,-30.114
13312,15.117,8.8378
13313,-65.603,59.037
13314,67.832,-60.292
13315,10.144,-81.148
13316,-4.5189,-77.149
13317,-40.623,1.9569
13318,-31.959,-68.163
13319,83.043,-46.19
13320,-7.8167,-44.065
13321,-30.722,2.8639
13322,-6.3326,-50.423
13323,97.844,-62.215
13324,40.967,45.381
13325,-46.796,-32.484
13326,-24.202,-79.728
13327,-2.848,-7.313
13328,-56.894,25.044
13329,-40.492,17.243
13330,-4.5292,26.218
13331,-58.269,1.2423
13332,-0.016751,100.37
13333,-15.413,50.792
13334,-0.065058,53.852
13335,-5.821,-95.646
13336,-69.33,15.609
13337,-85.187,-10.547
13338,-32.07,-11.234
13339,53.132,-85.552
13340,-40.438,17.197
13341,18.864,-7.9542
13342,-17.25,76.194
13343,4.3394,-2.5435
13344,54.638,-16.821
13345,27.834,-77.991
13346,-78.817,-26.043
13347,16.316,-4.9255
13348,5.2938,77.609
13349,-28.322,-10.359
13350,-1.2884,-81.218
13351,-37.633,-73.527
13352,51.536,14.836
13353,-51.024,30.098
13354,-27.776,-89.364
13355,39.319,39.555
13356,-42.599,-33.84
13357,32.629,-64.234
13358,-25.785,-8.142
13359,52.301,-30.657
13360,-64.917,-1.8694
13361,-19.02,-72.084
13362,-46.953,-16.937
13363,-9.5344,-76.9
13364,30.601,97.868
13365,-34.954,17.586
13366,-59.075,1.5821
13367,-22.956,-62.278
13368,-74.154,-53.153
13369,-38.774,-82.908
13370,7.4696,70.55
13371,6.5226,-8.9785
13372,23.198,4.0338
13373,-63.281,50.763
13374,-34.131,-2.9368
13375,-61.424,11.324
13376,7.6419,-13.388
13377,-24.774,-69.319
13378,12.951,-13.964
13379,-31.413,80.335
13380,45.785,-85.124
13381,-20.886,-84.515
13382,20.012,23.086
13383,-3.01,98.071
13384,-19.966,-74.098
13385,1.2437,80.325
13386,-23.178,-7.9736
13387,63.337,-50.643
13388,-85.644,-11.906
13389,-11.613,-95.848
13390,51.266,39.016
13391,7.4202,75.247
13392,-90.95,-1.5187
13393,91.494,-67.327
13394,-14.633,51.921
13395,-41.105,4.6254
13396,71.371,-39.412
13397,-73.414,-23.405
13398,-102.13,-6.0414
13399,-99.708,-9.6181
13400,20.067,-6.9659
13401,-12.647,36.107
13402,-42.776,65.931
13403,-39.842,24.421
13404,-25.981,-64.033
13405,-25.051,-31.11
13406,-72.788,-27.421
13407,-100.24,-0.48572
13408,-65.973,-55.658
13409,-19.292,-62.381
13410,-18.327,-60.102
13411,-2.5553,17.224
13412,58.982,-27.239
13413,61.663,-22.728
13414,83.429,-49.481
13415,-52.152,7.1937
13416,-58.847,8.126
13417,-37.436,-72.731
13418,0.95118,-13.27
13419,16.962,61.088
13420,5.5187,-59.788
13421,43.379,2.6073
13422,-9.5469,-70.651
13423,63.541,40.117
13424,2.2721,57.213
13425,2.2526,-16.928
13426,-22.298,-85.026
13427,-28.454,-93.616
13428,28.696,-77.549
13429,-32.138,-7.2782
13430,-59.016,-39.113
13431,47.013,85.332
13432,89.572,8.6968
13433,21.725,-41.306
13434,12.321,-80.189
13435,20.291,-56.323
13436,-55.879,-57.806
13437,45.239,-36.372
13438,-38.347,-68.671
13439,-33.743,66.949
13440,-65.757,-61.547
13441,-64.826,-28.064
13442,49.322,47.016
13443,45.033,8.913
13444,-0.55522,37.034
13445,-11.013,-85.095
13446,37.179,83.073
13447,-12.337,36.542
13448,-35.966,-9.1393
13449,37.143,91.996
13450,-36.084,6.7946
13451,-60.998,21.322
13452,-44.773,10.01
13453,5.5007,-34.712
13454,-0.81772,17.526
13455,-48.66,-88.304
13456,3.709,-50.151
13457,-16.44,-79.504
13458,37.126,40.725
13459,-82.023,22.654
13460,-1.3315,33.221
13461,-12.672,63.747
13462,-57.533,79.51
13463,26.573,-50.346
13464,29.242,0.11605
13465,-2.5932,35.625
13466,0.73228,-13.045
13467,-56.821,24.418
13468,-0.72824,20.424
13469,-59.375,-40.562
13470,58.233,-10.102
13471,-55.63,-89.121
13472,75.226,0.26972
13473,-60.746,15.796
13474,-27.611,94.586
13475,53.306,-72.627
13476,2.5328,67.379
13477,-39.734,85.209
13478,12.951,-14.055
13479,38.434,33.332
13480,76.297,-47.428
13481,-39.67,14.425
13482,-22.261,-87.711
13483,-5.2733,-0.29172
13484,-16.63,84.859
13485,-101.8,20.502
13486,-23.804,-91.904
13487,61.317,53.57
13488,32.267,82.2
13489,-83.034,-39.464
13490,-19.922,-68.777
13491,-18.318,-85.996
13492,3.9485,-7.9315
13493,-80.903,-27.134
13494,48.722,-59.854
13495,22.389,-58.21
13496,-24.524,-86.646
13497,-0.1306,-58.728
13498,-18.761,-81.391
13499,23.469,65.552
13500,5.6523,-7.944
13501,0.63653,54.028
13502,-85.477,21.433
13503,29.647,94.188
13504,-13.887,-82.214
13505,-17.288,27.74
13506,-72.947,-23.011
13507,-86.313,24.182
13508,-11.722,76.985
13509,3.7428,56.214
13510,14.18,-83.94
13511,56.252,-70.22
13512,-59.307,65.113
13513,-34.031,-81.326
13514,24.048,85.279
13515,-33.732,-39.551
13516,-1.6702,8.4294
13517,9.3941,-24.37
13518,64.77,-41.408
13519,0.62881,-55.088
13520,16.294,27.981
13521,-9.7528,-68.045
13522,-14.941,56.262
13523,62.675,47.801
13524,27.793,74.632
13525,29.562,97.938
13526,35.049,94.28
13527,-6.443,79.526
13528,-31.328,68.718
13529,-73.368,12.724
13530,-7.4761,-1.5175
13531,-39.532,-14.211
13532,-16.829,-72.976
13533,-33.171,-89.198
13534,15.525,-14.029
13535,28.689,-34.939
13536,-7.6558,35.764
13537,-60.659,-82.021
13538,20.573,-55.448
13539,-41.374,-28.832
13540,-82.073,-39.979
13541,-97.63,-3.6524
13542,15.675,70.569
13543,43.786,84.376
13544,-12.843,-84.946
13545,85.424,-43.648
13546,93.033,-17.904
13547,-43.889,-20.767
13548,-44.785,-5.9699
13549,-99.347,0.85873
13550,-52.756,68.024
13551,2.7341,-16.259
13552,-26.072,-9.7148
13553,16.321,80.691
13554,-20.8,-73.121
13555,10.552,-67.097
13556,15.702,-69.308
13557,-45.225,-20.037
13558,-14.803,85.141
13559,-63.463,21.545
13560,-15.27,-4.0447
13561,-25.981,-57.516
13562,-4.7859,20.225
13563,19.632,1.2224
13564,-47.089,22.162
13565,16.697,0.51488
13566,-39.846,-1.6789
13567,-24.118,-75.359
13568,15.537,-16.039
13569,25.747,52.971
13570,3.5733,-68.113
13571,-72.648,13.791
13572,-53.056,-59.088
13573,6.9622,5.0722
13574,-28.113,-66.997
13575,13.491,0.61443
13576,9.3973,-3.0013
13577,-18.29,-24.797
13578,8.2055,-75.555
13579,-45.912,25.188
13580,-70.839,16.722
13581,-39.007,31.492
13582,51.928,21.724
13583,-69.481,40.465
13584,-43.706,-4.947
13585,-108.28,-7.7861
13586,-25.394,-66.57
13587,-44.565,3.3818
13588,42.002,-4.6951
13589,-10.171,30.395
13590,-19.921,84.332
13591,-52.08,-78.543
13592,90.25,-16.974
13593,-99.435,5.0261
13594,-18.108,-83.434
13595,40.631,-57.701
13596,-20.697,-72.056
13597,-23.437,9.0037
13598,-54.012,54.359
13599,99.051,50.091
13600,-59.718,69.163
13601,-63.124,79.003
13602,-13.587,-5.2073
13603,-12.446,-88.06
13604,-73.024,33.813
13605,69.512,-55.878
13606,-17.841,-71.281
13607,-3.811,18.093
13608,28.576,-33.975
13609,-53.801,-78.931
13610,8.2818,69.853
13611,-5.3588,-52.694
13612,5.8635,-108.03
13613,-67.155,-15.085
13614,72.689,80.411
13615,-40.535,0.98448
13616,34.776,34.03
13617,32.757,-62.585
13618,-1.2026,-51.127
13619,-33.986,-33.788
13620,-10.394,102.3
13621,-0.52538,80.078
13622,8.0401,73.682
13623,24.741,-2.372
13624,18.692,1.7854
13625,5.0588,77.583
13626,-5.2815,59.051
13627,-90.651,45.649
13628,-51.554,51.121
13629,0.81229,78.86
13630,44.983,38.503
13631,-60.705,47.899
13632,-69.523,26.878
13633,2.2687,-81.756
13634,-41.038,-30.494
13635,-68.106,74.505
13636,11.665,-13.799
13637,-57.434,2.9679
13638,-17.73,-0.34654
13639,7.4782,-13.475
13640,10.629,34.936
13641,58.845,-5.0906
13642,11.063,-70.139
13643,-38.634,-9.3501
13644,18.423,75.029
13645,-72.598,-27.792
13646,-57.962,7.1866
13647,-1.931,44.295
13648,-38.019,3.653
13649,-13.431,-66.826
13650,5.4247,66.96
13651,19.986,-47.802
13652,0.0034402,35.576
13653,-95.735,-47.37
13654,-45.754,9.8681
13655,-0.0027699,29.613
13656,20.228,-8.665
13657,74.125,76.877
13658,-39.582,16.554
13659,-37.392,49.838
13660,-39.036,46.749
13661,-0.64518,-77.303
13662,34.584,-89.521
13663,24.148,-95.686
13664,-22.736,-4.149
13665,4.3785,39.386
13666,17.034,-42.407
13667,-13.199,46.038
13668,-32.508,-70.341
13669,-19.545,-69.088
13670,3.9033,40.832
13671,10.706,-3.5716
13672,-55.372,28.154
13673,-42.569,-86.822
13674,4.1154,-15.168
13675,-57.153,24.701
13676,20.424,-25.069
13677,39.019,-30.775
13678,-92.1,22.77
13679,-26.129,2.7939
13680,32.955,-45.144
13681,44.779,-34.092
13682,6.5057,-11.84
13683,7.841,-12.772
13684,-13.365,-2.8097
13685,-74.756,-47.777
13686,45.456,-36.194
13687,40.514,36.643
13688,32.716,15.502
13689,-40.986,72.874
13690,-97.562,-3.3979
13691,-49.46,19.272
13692,12.363,-10.514
13693,76.48,-6.6008
13694,7.5855,50.455
13695,-22.697,-89.761
13696,4.6435,-8.148
13697,11.92,10.078
13698,-25.572,-8.5823
13699,-98.477,-2.149
13700,-78.815,2.3874
13701,2.8188,25.156
13702,79.872,-43.847
13703,-65.428,4.4698
13704,-59.519,34.889
13705,-45.237,-82.73
13706,-9.0651,-46.19
13707,16.775,-8.1089
13708,-22.811,-69.952
13709,14.671,78.5
13710,14.233,-69.787
13711,7.779,-75.545
13712,93.091,-26.158
13713,-85.35,44.773
13714,-97.576,-3.6774
13715,-13.354,99.576
13716,8.9807,77.474
13717,-53.333,2.3432
13718,10.422,86.161
13719,-103.6,16.642
13720,-62.119,16.787
13721,25.775,99.017
13722,11.055,37.847
13723,43.461,-7.3338
13724,-32.223,-70.144
13725,3.2139,51.319
13726,7.6899,-60.029
13727,-6.1437,-1.4665
13728,-57.384,31.969
13729,21.248,-77.4
13730,16.139,-8.8757
13731,-35.359,64.211
13732,-19.285,-72.968
13733,-31.618,-1.1577
13734,-67.25,-52.348
13735,-56.242,-59.104
13736,12.439,-11.009
13737,-45.829,27.338
13738,-24.701,-79.166
13739,16.178,-1.436
13740,16.806,-76.096
13741,57.317,-68.984
13742,0.62382,52.428
13743,-35.12,84.088
13744,-75.999,35.29
13745,3.0674,-11.594
13746,11.26,-10.281
13747,-10.988,98.082
13748,-69.645,-24.145
13749,40.074,-84.002
13750,-48.687,35.242
13751,2.8731,-61.399
13752,-75.26,5.5919
13753,80.729,-24.752
13754,89.573,8.697
13755,13.836,-81.205
13756,10.446,85.317
13757,-3.1231,79.281
13758,-8.7402,86.295
13759,15.601,-7.3328
13760,-51.526,43.895
13761,19.276,-11.199
13762,63.733,39.549
13763,74.648,55.26
13764,18.11,-40.95
13765,-11.953,-87.452
13766,3.4885,27.651
13767,49.579,-18.376
13768,44.203,-89.066
13769,7.9479,-55.101
13770,-55.149,-0.70088
13771,10.958,1.2104
13772,3.8578,70.936
13773,-70.285,16.001
13774,-90.475,3.7363
13775,-3.061,64.487
13776,4.1372,70.917
13777,21.514,79.669
13778,72.557,-2.62
13779,1.7548,-59.159
13780,-57.493,-59.69
13781,32.591,-86.47
13782,57.297,-67.1
13783,18.664,-46.5
13784,-90.366,5.7226
13785,5.8635,-108.03
13786,20.016,44.184
13787,-105.72,0.54882
13788,14.167,83.386
13789,4.5122,-0.57419
13790,-48.101,7.3601
13791,8.0618,-4.1909
13792,-58.695,33.966
13793,-19.41,-72.673
13794,42.827,50.758
13795,-4.9565,-45.69
13796,80.822,-0.5814
13797,40.868,-17.268
13798,-33.994,8.4181
13799,-26.089,-91.702
13800,-11.434,100.56
13801,-11.87,-0.19739
13802,3.9184,-15.089
13803,-100.37,-13.335
13804,-27.829,-16.093
13805,39.674,-48.321
13806,7.5219,-13.174
13807,-80.047,-51.827
13808,-12.224,-87.472
13809,63.362,-19.812
13810,-9.8553,101.26
13811,13.414,39.446
13812,-5.781,-67.021
13813,57.957,40.099
13814,10.522,-4.4706
13815,-32.561,-2.1113
13816,32.837,25.234
13817,32.218,-62.709
13818,25.835,60.566
13819,23.362,-63.561
13820,76.136,-48.326
13821,83.835,-49.483
13822,-67.828,31.743
13823,-83.21,3.4925
13824,-54.492,-1.3145
13825,-45.805,-83.29
13826,11.634,-72.349
13827,-19.025,57.809
13828,-91.087,5.5753
13829,10.576,-9.2075
13830,2.766,101.91
13831,-25.762,-69.247
13832,-27.001,-11.13
13833,4.6797,-33.594
13834,-70.878,31.247
13835,-0.15351,77.935
13836,8.4244,-9.082
13837,-13.535,-69.849
13838,-30.287,-8.7988
13839,-37.907,78.223
13840,34.061,32.704
13841,-12.098,-1.7892
13842,-19.76,-80.448
13843,44.509,-72.074
13844,-11.866,-63.38
13845,5.9344,-7.5747
13846,-4.0852,-73.598
13847,-92.025,-48.153
13848,-66.104,24.096
13849,9.2221,-1.5902
13850,56.278,-40.147
13851,70.85,87.622
13852,-16.492,15.214
13853,17.284,-31.956
13854,10.869,86.186
13855,-47.663,-32.604
13856,-28.966,-93.156
13857,2.5288,19.391
13858,1.597,-82.461
13859,50.977,-71.789
13860,-103.46,-3.8565
13861,33.99,79.626
13862,-1.8541,37.177
13863,-27.037,-77.995
13864,-49.421,-51.018
13865,56.778,-83.648
13866,32.04,-24.742
13867,-3.1965,-13.511
13868,-41.855,-1.5043
13869,-9.2052,23.723
13870,-5.4488,-8.4459
13871,46.349,-92.124
13872,-25.416,-68.994
13873,-1.2116,53.143
13874,44.994,-14.355
13875,28.94,-46.347
13876,27.731,-51.046
13877,-63.915,33.259
13878,58.9,-52.593
13879,-80.512,1.0483
13880,-19.421,-72.707
13881,-30.363,-1.2272
13882,-48.882,55.234
13883,54.234,-55.854
13884,68.729,-27.197
13885,-87.854,33.224
13886,-71.825,69.696
13887,-25.432,-102.5
13888,3.8787,54.921
13889,-18.271,62.155
13890,-8.5297,-90.122
13891,-11.69,-63.687
13892,9.074,55.705
13893,-75.259,31.864
13894,-5.1773,17.718
13895,-53.959,1.736
13896,3.6553,76.13
13897,-64.206,27.597
13898,-20.015,77.854
13899,-101.88,-6.7264
13900,-70.09,33.093
13901,17.765,-51.201
13902,-97.464,15.357
13903,44.878,10.753
13904,-0.73467,36.211
13905,27.107,-52.408
13906,-38.482,14.359
13907,-77.182,60.452
13908,-39.01,3.2545
13909,54.48,23.407
13910,-13.287,38.028
13911,-1.34,37.026
13912,37.648,-6.7281
13913,-52.35,17.368
13914,-96.445,2.3379
13915,-63.349,-77.668
13916,-32.3,-82.049
13917,48.179,-20.784
13918,-23.277,-90.35
13919,-1.516,71.358
13920,6.4965,-62.183
13921,43.952,80.14
13922,16.372,-7.599
13923,-7.4113,-4.1852
13924,-56.022,2.9415
13925,-12.537,11.941
13926,10.153,40.635
13927,4.9446,-2.8901
13928,-9.1111,-30.537
13929,72.647,-0.34787
13930,95.196,-42.478
13931,-18.72,57.45
13932,-28.865,57.041
13933,-23.257,6.7143
13934,1.2033,-77.904
13935,-38.3,-28.454
13936,-11.598,60.123
13937,45.131,28.491
13938,-14.258,-92.775
13939,-56.852,75.156
13940,-76.496,54.674
13941,63.928,-65.112
13942,-7.4232,21.808
13943,20.288,10.867
13944,-36.966,-75.444
13945,-22.522,-35.552
13946,20.763,42.65
13947,-37.273,79.648
13948,-28.974,78.423
13949,14.479,-20.801
13950,46.671,-78.825
13951,-3.439,21.776
13952,-64.36,27.597
13953,89.576,8.6969
13954,18.016,-46.193
13955,24.343,-92.7
13956,-15.942,-53.079
13957,-101.3,10.542
13958,33.402,6.1467
13959,15.163,-2.7352
13960,2.7256,-7.1882
13961,-8.2417,-67.74
13962,-17.576,61.933
13963,20.383,22.754
13964,17.004,62.686
13965,-11.89,78.156
13966,-22.085,41.279
13967,-5.5965,39.273
13968,96.305,-60.076
13969,-0.71932,-79.771
13970,-11.99,-72.209
13971,-46.723,-51.515
13972,21.067,82.744
13973,-42.65,-42.288
13974,-46.31,-89.228
13975,5.3154,-47.334
13976,-99.175,9.3165
13977,-60.759,78.692
13978,46.955,-89.875
13979,-105.32,-15.733
13980,20.413,40.936
13981,10.767,-37.603
13982,4.8787,-81.881
13983,100.66,-67.631
13984,-85.255,30.457
13985,36.015,-85.762
13986,3.0393,-11.587
13987,-27.059,-74.452
13988,-38.439,-24.531
13989,9.8317,-34.778
13990,-15.991,92.224
13991,-34.871,16.877
13992,-39.195,53.006
13993,-104.87,-14.809
13994,-58.37,59.635
13995,15.999,0.61189
13996,52.1,52.238
13997,-74.081,12.546
13998,-42.563,82.351
13999,75.1,29.616
14000,-32.245,30.432
14001,-0.51017,101.12
14002,-74.517,-18.657
14003,-84.425,25.755
14004,42.881,14.261
14005,21.656,71.185
14006,40.227,-48.493
14007,-19.993,-23.563
14008,50.238,-63.346
14009,-52.741,-57.884
14010,5.8816,79.642
14011,-17.449,-44.238
14012,73.445,-45.478
14013,-13.947,55.957
14014,-36.55,57.26
14015,-17.395,-69.825
14016,-14.214,81.204
14017,9.8597,-24.398
14018,22.21,11.505
14019,19.447,-51.475
14020,-67.274,-13.727
14021,21.517,71.063
14022,-18.992,14.422
14023,-71.71,36.807
14024,67.548,-20.874
14025,-2.5707,-60.214
14026,-30.752,42.025
14027,-38.361,3.4472
14028,-63.037,78.805
14029,-59.654,29.275
14030,-79.068,-24.23
14031,19.677,24.851
14032,-53.886,18.216
14033,-9.0613,-66.048
14034,2.1586,-84.036
14035,-89.827,27.99
14036,-63.227,35.375
14037,4.5115,-5.0039
14038,-55.758,-58.957
14039,9.0795,76.062
14040,24.37,9.353
14041,35.4,13.776
14042,29.033,12.006
14043,-54.301,-0.55904
14044,63.974,26.668
14045,23.106,40.629
14046,64.312,-0.35033
14047,-29.068,78.312
14048,19.34,-52.141
14049,-8.1496,33.085
14050,-91.806,16.926
14051,-1.3226,-15.321
14052,81.805,-42.864
14053,4.1663,60.526
14054,-25.621,-83.056
14055,55.23,-85.125
14056,49.582,20.056
14057,-26.803,53.305
14058,-29.328,-70.566
14059,-38.136,65.081
14060,-22.372,-87.784
14061,31.385,53.234
14062,-13.077,-87.026
14063,-50.414,-59.847
14064,-16.221,99.015
14065,45.871,-3.811
14066,17.007,-8.2655
14067,5.8635,-108.03
14068,30.783,22.354
14069,-9.0236,-75.963
14070,38.114,-79.615
14071,-59.91,24.369
14072,-49.695,-89.01
14073,33.383,82.551
14074,67.537,-17.304
14075,-42.546,-3.5767
14076,24.733,-73.281
14077,55.318,-39.912
14078,-30.83,66.726
14079,-11.197,-80.179
14080,19.625,-51.53
14081,43.064,-35.715
14082,-5.0422,29.941
14083,11.975,-49.556
14084,76.181,-32.63
14085,8.6713,-60.49
14086,-31.967,87.103
14087,-13.29,-78.785
14088,-104.99,-3.1387
14089,-28.618,-0.41256
14090,-26.025,93.975
14091,-59.343,1.2476
14092,46.573,55.505
14093,-7.1116,-21.647
14094,-57.066,37.761
14095,-69.9,29.702
14096,-103.04,-3.2376
14097,-101.67,0.45982
14098,-41.97,73.461
14099,-44.464,-86.714
14100,-20.433,-85.957
14101,-65.138,-28.343
14102,2.4292,-15.196
14103,-41.574,0.65467
14104,-8.0732,48.711
14105,-59.541,13.926
14106,-18.877,76.254
14107,48.317,42.183
14108,-60.362,18.335
14109,55.365,52.235
14110,62.831,-45.453
14111,20.172,-55.856
14112,-5.3874,-58.551
14113,-91.463,-1.1482
14114,-100.03,-1.3539
14115,3.3372,45.849
14116,-44.811,22.142
14117,36.223,-22.794
14118,-12.947,-77.187
14119,-98.111,-12.508
14120,-25.94,-95.681
14121,-42.741,-5.4504
14122,75.727,-38.826
14123,3.6293,-60.991
14124,-47.446,-19.068
14125,-14.476,-67.276
14126,73.71,-35.299
14127,-16.722,-79.56
14128,-14.137,43.34
14129,-19.577,-75.239
14130,-67.069,10.527
14131,70.691,64.803
14132,-94.26,1.3936
14133,7.1393,91.566
14134,4.1684,-46.072
14135,-53.333,0.43776
14136,-93.952,-47.992
14137,-48.398,6.6723
14138,15.039,-27.361
14139,-0.48033,78.036
14140,77.336,34.682
14141,-11.957,2.5168
14142,-2.0299,25.361
14143,1.3512,42.223
14144,16.325,32.708
14145,-16.909,39.215
14146,32.93,94.856
14147,-55.497,30.792
14148,24.803,44.664
14149,-61.505,25.067
14150,55.515,21.891
14151,-72.556,-26.514
14152,-106.17,-10.312
14153,35.09,3.507
14154,-20.604,-28.17
14155,70.421,-17.271
14156,73.508,89.337
14157,21.126,33.096
14158,56.94,-63.172
14159,32.005,-35.667
14160,-47.05,8.2981
14161,2.2661,41.589
14162,-14.746,43.816
14163,-32.159,-8.9928
14164,29.252,-3.9394
14165,-23.65,89.561
14166,4.1765,20.145
14167,-88.604,26.825
14168,-58.871,46.727
14169,-30.38,14.559
14170,-68.757,-56.037
14171,-20.18,-67.523
14172,-3.6167,21.397
14173,-100.54,-3.9689
14174,-1.8665,33.115
14175,19.287,79.281
14176,-81.481,-10.279
14177,-5.4788,33.758
14178,-97.477,-12.875
14179,-12.555,34.042
14180,91.7,-30.723
14181,-35.788,-78.72
14182,-79.851,38.504
14183,-54.074,-58.272
14184,26.565,-82.278
14185,-54.685,-85.896
14186,-84.551,-14.039
14187,40.746,34.619
14188,-21.724,81.156
14189,-52.059,3.845
14190,-9.6914,46.552
14191,-71.562,-52.757
14192,12.068,-13.352
14193,3.3354,-6.3132
14194,30.116,-85.634
14195,4.412,64.673
14196,-87.951,-13.061
14197,-99.965,-13.38
14198,37.899,-60.994
14199,7.4186,-58.981
14200,6.2411,-47.339
14201,-41.744,60.362
14202,6.1499,-29.064
14203,89.068,-42.881
14204,-71.264,27.946
14205,-19.194,-91.522
14206,-45.283,-4.2422
14207,-19.713,49.997
14208,8.9672,-0.077934
14209,27.686,56.573
14210,-99.83,21.952
14211,10.493,-50.787
14212,-2.7486,75.183
14213,-11.684,30.426
14214,-55.935,-85.095
14215,-63.822,19.345
14216,33.672,46.81
14217,50.702,77.714
14218,52.079,71.482
14219,-34.064,2.9339
14220,27.37,50.547
14221,-19.823,84.952
14222,0.24673,10.4
14223,-26.779,-74.166
14224,-77.479,-51.66
14225,2.7816,102.11
14226,-11.841,-91.127
14227,6.0848,97.821
14228,98.729,47.418
14229,-95.962,4.2147
14230,30.675,-47.475
14231,53.897,-17.153
14232,-44.296,4.2544
14233,4.8958,-32.555
14234,31.385,-34.43
14235,56.845,35.237
14236,-9.0606,-74.194
14237,-24.154,57.201
14238,-36.543,-13.327
14239,62.068,41.927
14240,-38.523,13.418
14241,-50.326,-86.554
14242,-72.543,-64.857
14243,-15.278,-79.103
14244,-39.254,-2.7587
14245,-86.344,-27.208
14246,28.661,-44.693
14247,-16.316,-26.322
14248,-35.404,1.8436
14249,-21.298,30.292
14250,-14.011,-55.01
14251,-22.904,63.032
14252,-23.711,-9.851
14253,-11.148,-2.605
14254,-75.838,55.122
14255,70.781,-35.067
14256,-44.983,-6.5145
14257,-30.094,-13.31
14258,-53.792,-1.1456
14259,40.916,44.823
14260,-77.948,34.29
14261,-72.899,-76.424
14262,51.364,-16.021
14263,50.798,-87.275
14264,-14.618,37.293
14265,10.904,-3.2689
14266,3.131,-64.928
14267,46.501,-0.74327
14268,-30.272,28.862
14269,-104.33,-13.245
14270,-39.008,41.129
14271,67.153,48.801
14272,-89.203,21.553
14273,-84.537,-26.466
14274,-22.632,79.108
14275,-23.487,-2.9085
14276,-32.561,-81.53
14277,-29.706,0.39953
14278,38.343,22.425
14279,-0.68894,-28.574
14280,-79.305,2.2922
14281,-37.543,65.485
14282,-109.3,-8.7906
14283,88.397,6.9553
14284,-76.788,56.431
14285,-105.79,14.712
14286,5.1478,50.886
14287,-90.758,3.6728
14288,-81.21,-10.77
14289,-23.053,-88.848
14290,-58.603,24.49
14291,-57.55,22.277
14292,-58.361,10.527
14293,-51.705,54.936
14294,-67.387,61.388
14295,29.122,26.856
14296,4.2495,-18.542
14297,5.4817,70.725
14298,-58.299,10.552
14299,-23.382,-80.362
14300,-35.669,-14.321
14301,14.998,7.7109
14302,-12.252,51.94
14303,-51.406,24.749
14304,34.771,19.703
14305,-103.6,-1.8625
14306,-89.624,3.6407
14307,18.367,-88.85
14308,-79.419,61.247
14309,18.969,-6.4152
14310,-50.741,-18.926
14311,47.972,-57.087
14312,-93.536,-0.75074
14313,-95.84,5.6372
14314,-27.539,-65.969
14315,-53.834,23.453
14316,-92.074,14.372
14317,72.673,-49.413
14318,-39.777,31.839
14319,-68.437,74.232
14320,-16.113,62.626
14321,17.294,-13.972
14322,52.749,-15.939
14323,18.825,-33.987
14324,-8.9124,-74.266
14325,-36.379,-74.558
14326,-92.62,-6.946
14327,11.589,72.786
14328,-49.908,72.623
14329,26.84,-80.57
14330,-73.164,-66.579
14331,16.111,-13.84
14332,32.004,13.213
14333,-13.833,51.925
14334,-35.768,-69.779
14335,-44.405,-20.296
14336,8.7247,-10.765
14337,24.481,52.186
14338,53.083,-11.954
14339,5.1918,67.744
14340,-59.006,37.811
14341,-24.791,-102.97
14342,89.571,8.6968
14343,5.1075,75.481
14344,92.554,-59.012
14345,-35.705,-14.288
14346,-33.417,70.697
14347,23.981,-73.04
14348,-9.1005,34.27
14349,-69.797,37.921
14350,2.497,10.35
14351,28.915,81.79
14352,-53.599,-60.049
14353,17.171,-80.236
14354,35.629,17.25
14355,-101.45,3.6949
14356,7.4269,-15.184
14357,10.795,72.013
14358,68.998,-16.427
14359,75.259,-10.017
14360,-101.18,21.796
14361,32.559,-82.452
14362,19.402,34.721
14363,55.149,-50.174
14364,-48.169,-11.851
14365,-87.398,31.226
14366,-19.631,-69.385
14367,-88.102,-19.44
14368,-63.719,18.961
14369,-26.505,-72.532
14370,9.4395,-17.721
14371,26.961,11.223
14372,68.567,-51.874
14373,13.894,-15.039
14374,16.609,39.279
14375,-87.789,3.0899
14376,-10.96,29.685
14377,-10.938,-89.138
14378,35.22,81.281
14379,-67.256,59.937
14380,-35.338,33.185
14381,-36.055,38.014
14382,-73.259,-55.823
14383,-104.33,-0.17241
14384,-67.404,18.659
14385,-5.2263,22.21
14386,9.4455,-47.557
14387,-59.104,69.464
14388,-101.66,-5.6531
14389,17.083,-12.095
14390,56.055,-60.082
14391,-79.42,-6.8659
14392,-87.603,26.817
14393,91.705,56.953
14394,49.344,-0.24028
14395,35.203,-68.73
14396,-8.5327,-66.824
14397,77.552,-54.26
14398,7.5593,35.442
14399,-10.659,45.165
14400,74.539,13.796
14401,-7.8104,66.862
14402,-11.136,-2.6222
14403,35.513,82.405
14404,-59.458,-39.862
14405,-51.643,-51.053
14406,-76.322,32.12
14407,22.683,-50.797
14408,-27.103,53.948
14409,-11.743,-76.662
14410,-43.959,11.67
14411,-44.332,-42.16
14412,-18.334,-46.861
14413,49.673,-47.516
14414,-28.671,-61.686
14415,19.517,-0.92109
14416,-82.417,31.54
14417,-32.175,-69.874
14418,-100.73,-2.3451
14419,-75.834,25.863
14420,22.36,41.783
14421,102.03,-56.791
14422,9.4608,76.63
14423,-56.243,-29.269
14424,-19.03,-68.383
14425,-12.92,-80.799
14426,-15.154,92.43
14427,-35.495,-29.19
14428,17.339,39.947
14429,64.503,-29.54
14430,16.294,-98.638
14431,46.872,30.106
14432,75.108,13.066
14433,0.32284,29.445
14434,-39.711,-14.46
14435,52.759,-81.068
14436,-101.59,-12.006
14437,43.446,-6.2824
14438,-24.892,-101.58
14439,45.983,-55.602
14440,-33.956,68.971
14441,-39.455,-59.518
14442,-11.153,-2.5945
14443,-51.84,2.8675
14444,-23.634,-68.267
14445,1.371,27.879
14446,99.092,-61.676
14447,41.618,32.207
14448,-11.144,-2.5866
14449,-100.78,0.26306
14450,38.688,-85.811
14451,50.898,0.22495
14452,0.76074,36.164
14453,46.406,-45.102
14454,22.916,1.2356
14455,-25.147,-78.634
14456,-1.6863,-83.336
14457,-17.996,-77.544
14458,14.47,-2.6757
14459,32.037,15.63
14460,26.183,20.113
14461,46.956,-80.268
14462,46.205,-13.649
14463,36.339,-49.721
14464,17.437,-23.211
14465,-47.05,59.869
14466,-102.39,-13.506
14467,27.102,95.174
14468,-10.999,-72.237
14469,-54.546,-58.335
14470,-38.724,-12.223
14471,26.766,-32.104
14472,77.056,10.713
14473,-65.301,70.436
14474,-18.754,-71.425
14475,64.728,-51.98
14476,-86.418,44.783
14477,-11.476,33.02
14478,30.347,-91.747
14479,0.27134,78.71
14480,-27.061,-90.691
14481,42.279,-87.306
14482,17.407,-28.955
14483,-35.307,64
14484,-37.017,-65.065
14485,-49.291,78.479
14486,11.696,69.018
14487,-21.949,3.9122
14488,96.595,-63.422
14489,18.332,-82.447
14490,-30.139,29.885
14491,-53.081,-21.233
14492,-62.572,65.24
14493,90.016,-55.001
14494,-33.649,72.122
14495,27.06,25.376
14496,0.6498,100.83
14497,-33.318,-80.434
14498,-86.416,32.275
14499,-98.83,-15.283
14500,-13.727,34.214
14501,-37.762,13.726
14502,52.588,-49.969
14503,13.489,-18.601
14504,5.8634,-108.03
14505,-52.794,23.544
14506,-103.3,-2.4547
14507,-8.7217,-75.829
14508,16.084,-39.849
14509,-0.68515,-61.195
14510,-38.732,-26.68
14511,-107.16,-9.3459
14512,-10.274,43.081
14513,-28.623,-15.895
14514,-72.081,26.714
14515,-101.19,-4.8139
14516,1.6037,61.472
14517,-13.598,34.809
14518,15.714,-28.569
14519,-56.923,-61.014
14520,-82.517,-28.776
14521,36.87,-77.884
14522,-0.26994,92.512
14523,17.159,59.626
14524,1.8373,-80.514
14525,19.891,-46.719
14526,-11.398,-85.25
14527,-20.154,44.448
14528,59.271,16.275
14529,81.359,-38.605
14530,-21.389,19.605
14531,-6.8336,19.387
14532,-77.923,58.693
14533,-23.344,-70.539
14534,13.092,-28.668
14535,55.021,33.831
14536,-58.638,-30.096
14537,-21.457,2.0793
14538,5.9573,78.844
14539,-30.921,-75.586
14540,-95.015,24.207
14541,23.415,90.676
14542,-15.607,-71.132
14543,1.8314,-7.7261
14544,-8.6463,-95.299
14545,2.8923,22.431
14546,58.083,-6.3292
14547,-97.698,-3.5734
14548,-81.887,-29.544
14549,-54.222,-0.5199
14550,49.836,-52.609
14551,32.988,5.7152
14552,-106.14,17.465
14553,-101.92,21.761
14554,-30.97,0.015576
14555,41.014,40.893
14556,55.767,-60.415
14557,-76.887,59.76
14558,-6.1007,-68.893
14559,-31.56,74.505
14560,-103.93,-12.26
14561,-100.37,-0.53287
14562,-15.326,-79.214
14563,22.811,21.433
14564,10.38,-4.8375
14565,78.024,-54.515
14566,6.0312,91.14
14567,17.083,-5.101
14568,11.963,71.407
14569,18.037,39.152
14570,-49.132,-27.603
14571,-45.349,-82.462
14572,-103.26,3.6215
14573,-39.574,-6.7101
14574,-104.17,-0.032202
14575,24.515,61.939
14576,22.544,-6.3496
14577,4.9264,77.423
14578,55.5,76.922
14579,30.283,42.788
14580,-31.579,41.248
14581,-103.08,-2.9255
14582,-6.3977,-6.2229
14583,71.266,-52.164
14584,-9.217,86.119
14585,10.678,-83.005
14586,-22.828,-89.237
14587,-80.549,32.136
14588,63.522,39.409
14589,-58.128,-6.1028
14590,-49.719,47.271
14591,-41.435,6.0238
14592,-41.546,1.4995
14593,-3.7369,17.914
14594,-46.397,-22.658
14595,45.909,-32.611
14596,58.876,43.484
14597,-22.716,-79.818
14598,-13.376,-70.134
14599,-0.4264,53.179
14600,-58.281,27.196
14601,-22.465,79.323
14602,-43.047,-85.432
14603,42.082,50.847
14604,57.431,44.125
14605,96.313,-61.119
14606,-32.997,-75.641
14607,-17.911,38.992
14608,-32.137,1.0505
14609,15.2,38.412
14610,-24.166,-91.681
14611,63.66,-30.232
14612,-21.714,-87.34
14613,-25.44,-71.938
14614,30.973,6.5149
14615,24.225,80.836
14616,-89.104,24.508
14617,-7.9324,94.09
14618,-107.32,27.782
14619,13.715,-35.456
14620,-2.7865,101.78
14621,-103.3,-4.4332
14622,51.961,-20.269
14623,47.459,-16.707
14624,-14.671,75.741
14625,39.1,22.08
14626,37.572,-16.183
14627,-35.065,37.411
14628,-59.979,2.4346
14629,-22.552,-109.43
14630,-10.216,58.259
14631,-0.057979,63.884
14632,44.729,-29.216
14633,2.1772,56.239
14634,-13.505,61.678
14635,29.351,-97.091
14636,48.422,-21.078
14637,-19.151,34.764
14638,14.775,71.625
14639,3.5605,-60.287
14640,-44.723,20.659
14641,35.426,10.325
14642,-23.227,-74.515
14643,-106.37,-9.8671
14644,-97.244,-1.9151
14645,36.942,86.541
14646,3.5031,67.409
14647,12.538,-10.051
14648,-31.757,95.411
14649,-32.443,68.494
14650,41.632,-55.85
14651,-99.344,2.2116
14652,-17.063,-59.636
14653,-42.952,66.427
14654,-95.997,5.8767
14655,-9.1656,-75.923
14656,-11.607,-77.147
14657,33.413,94.008
14658,-58.231,67.192
14659,2.454,-19.557
14660,7.1488,59.156
14661,6.0722,77.729
14662,-0.053502,36.077
14663,25.983,4.5987
14664,-54.552,-8.6569
14665,-99.687,-2.7675
14666,-75.422,-31.459
14667,-39.091,-91.326
14668,54.685,80.002
14669,-16.421,86.458
14670,-54.521,3.1018
14671,1.8913,13.396
14672,2.9237,72.399
14673,5.2779,33.762
14674,-8.6775,41.941
14675,-16.72,95.182
14676,-3.5643,67.99
14677,-94.482,28.473
14678,27.284,29.461
14679,36.459,-16.219
14680,39.896,-45.953
14681,6.8536,-0.38919
14682,9.3291,60.065
14683,-101.54,3.8873
14684,-92.838,-5.4304
14685,56.934,35.512
14686,-4.9019,100.56
14687,40.291,37.095
14688,-31.589,91.675
14689,47.397,-5.7766
14690,-43.774,38.722
14691,7.2165,71.679
14692,-0.16936,58.293
14693,41.88,-7.5969
14694,4.5416,-60.112
14695,17.793,-65.217
14696,-9.9137,-74.896
14697,3.9694,-0.53261
14698,-47.725,-17.277
14699,52.718,80.132
14700,-52.767,67.978
14701,35.865,23.149
14702,39.964,77.789
14703,61.025,-11.142
14704,-103.78,19.012
14705,-31.166,11.011
14706,54.554,79.952
14707,41.77,1.2207
14708,-43.705,0.24658
14709,4.9311,77.361
14710,-1.3111,54.371
14711,-20.457,87.77
14712,-8.9584,49.918
14713,-52.364,2.2439
14714,51.798,22.245
14715,-59.429,-12.612
14716,-93.291,1.6664
14717,-9.145,71.364
14718,-12.883,45.631
14719,32.056,-6.2627
14720,35.192,33.969
14721,-78.181,6.3165
14722,28.916,96.616
14723,-55.31,74.586
14724,8.0226,79.629
14725,-31.006,90.678
14726,75.677,56.045
14727,-6.7949,38.679
14728,-22.448,-87.046
14729,-48.434,-21.869
14730,76.188,-59.604
14731,24.184,97.217
14732,54.298,51.035
14733,-33.069,-89.811
14734,55.359,54.847
14735,-40.224,58.86
14736,96.968,44.502
14737,-37.127,69.914
14738,59.687,-26.72
14739,-49.501,66.392
14740,-91.342,-1.001
14741,-10.153,42.6
14742,-36.689,25.636
14743,-36.625,-5.6298
14744,6.5564,-24.278
14745,-33.933,68.008
14746,12.383,-80.833
14747,5.9967,92.774
14748,-69.235,7.968
14749,14.809,-69.272
14750,-86.985,30.669
14751,-26.47,76.992
14752,-42.146,-39.491
14753,17.678,-8.88
14754,-42.196,75.126
14755,-9.159,-64.701
14756,-88.634,-19.406
14757,-26.001,29.455
14758,-0.18456,21.728
14759,-66.853,66.247
14760,-75.523,-57.432
14761,-34.19,70.61
14762,-34.192,74.501
14763,10.13,77.621
14764,14.276,-68.948
14765,55.829,36.025
14766,-88.594,29.904
14767,50.1,-87.952
14768,-17.736,56.26
14769,13.184,-23.325
14770,59.463,-57.308
14771,23.728,93.718
14772,63.206,-66.682
14773,60.658,-27.517
14774,13.733,-5.1411
14775,73.463,-32.931
14776,-33.572,-14.045
14777,-22.324,-81.137
14778,1.4674,66.999
14779,27.764,17.995
14780,-14.129,81.343
14781,8.902,69.435
14782,14.434,-5.4203
14783,1.1679,-80.707
14784,16.685,89.484
14785,71.242,-39.256
14786,-3.1568,-41.731
14787,12.767,-13.688
14788,17.712,-79.996
14789,-14.727,25.624
14790,46.388,80.094
14791,-9.0865,-66.141
14792,19.43,49.542
14793,-22.34,-94.265
14794,-52.703,26.572
14795,31.804,31.151
14796,54.8,38.12
14797,-15.09,-81.588
14798,56.949,-69.378
14799,41.614,86.577
14800,-22.464,-10.221
14801,-8.8702,-92.312
14802,39.771,-2.4424
14803,-28.887,26.285
14804,47.908,-20.668
14805,-63.087,-35.49
14806,57.096,44.075
14807,30.867,-58.852
14808,-24.34,-84.91
14809,61.237,36.156
14810,6.5008,59.551
14811,16.737,-8.1746
14812,20.148,-44.094
14813,46.849,50.831
14814,60.907,-51.255
14815,-28.072,-100.54
14816,-45.185,-11.189
14817,8.6767,-11.173
14818,-43.03,1.4739
14819,45.351,1.4982
14820,35.842,86.456
14821,-27.058,53.989
14822,41.711,-59.574
14823,7.6072,71.48
14824,32.685,25.104
14825,-23.739,-88.114
14826,5.6615,67.137
14827,33.541,25.612
14828,29.819,-95.503
14829,-56.401,-12.052
14830,-29.925,91.741
14831,-42.089,56.25
14832,-106.79,29.226
14833,-80.882,-40.438
14834,-30.715,2.4254
14835,9.3216,59.976
14836,-7.3071,55.688
14837,-41.458,-2.7609
14838,73.988,55.953
14839,-7.1437,-35.657
14840,-12.482,0.046387
14841,-5.6015,58.793
14842,-65.745,75.002
14843,37.074,36.615
14844,3.2984,71.233
14845,-0.97169,31.575
14846,16.292,-26.645
14847,13.088,-27.003
14848,18.063,33.371
14849,-79.66,38.496
14850,-49.065,74.851
14851,-15.327,50.744
14852,12.16,-1.8223
14853,34.543,-46.902
14854,13.001,-21.025
14855,42.894,86.298
14856,33.688,91.142
14857,2.4224,19.709
14858,-8.5299,-66.189
14859,38.343,32.71
14860,14.731,82.398
14861,-13.238,-47.735
14862,-42.167,20.681
14863,-1.6275,35.772
14864,54.855,31.073
14865,-71.64,25.642
14866,8.1707,91.78
14867,37.275,33.229
14868,17.448,-45.762
14869,-9.1241,-75.61
14870,41.367,87.797
14871,14.898,-83.735
14872,52.301,-63.656
14873,29.003,-92.429
14874,-73.404,15.278
14875,-21.872,5.5635
14876,28.085,-34.265
14877,37.439,90.243
14878,-33.623,-59.258
14879,-97.744,19.202
14880,47.086,-79.113
14881,23.581,68.267
14882,-20.874,16.553
14883,-19.546,89.503
14884,0.33605,100.26
14885,10.469,73.329
14886,-86.858,22.523
14887,11.175,-12.594
14888,-38.464,74.243
14889,28.328,52.175
14890,16.904,-8.294
14891,9.2746,75.18
14892,12.859,-24.612
14893,9.4698,-53.195
14894,-9.5159,-3.8238
14895,-85.287,30.547
14896,20.08,-24.859
14897,27.837,-90.975
14898,-59.304,-29.045
14899,16.146,72.002
14900,-1.0475,9.2666
14901,8.2533,70.594
14902,48.007,-90.655
14903,26.92,12.384
14904,10.496,-91.468
14905,8.3469,-11.928
14906,11.354,-17.99
14907,-79.602,38.538
14908,-91.146,5.0942
14909,-101.73,-13.685
14910,-17.74,-77.139
14911,4.917,80.253
14912,-4.0524,-56.621
14913,79.505,-52.688
14914,24.792,44.786
14915,21.302,-10.523
14916,10.001,-10.093
14917,11.141,-12.02
14918,-31.161,72.402
14919,-17.026,-15.504
14920,-34.885,35.622
14921,-84.822,21.394
14922,23.351,3.9029
14923,-59.253,68.829
14924,-14.085,-87.841
14925,-15.156,-24.754
14926,-25.751,39.449
14927,9.0028,52.244
14928,-70.476,59.419
14929,23.601,65.727
14930,54.85,43.234
14931,-4.917,90.176
14932,54.256,29.719
14933,-94.508,17.614
14934,-99.075,8.8844
14935,-55.197,-0.6241
14936,-20.59,87.679
14937,20.823,24.348
14938,-15.532,92.572
14939,-35.96,6.8703
14940,-90.776,13.553
14941,51.613,9.5425
14942,-105.61,14.958
14943,-2.1384,-49.01
14944,52.81,-85.07
14945,5.711,79.011
14946,17.427,-3.5156
14947,14.851,-42.158
14948,20.368,23.486
14949,-101.88,21.701
14950,13.918,64.352
14951,-43.083,89.46
14952,-11.738,-73.081
14953,3.7579,71.444
14954,-31.547,-0.16372
14955,2.7432,-11.543
14956,14.191,-80.717
14957,-102.2,26.924
14958,41.446,73.349
14959,3.8609,16.95
14960,22.854,22.221
14961,9.4835,-19.281
14962,19.566,1.1563
14963,-106.23,1.132
14964,-79.041,37.498
14965,19.971,0.41805
14966,-73.256,30.536
14967,-5.6931,85.93
14968,27.756,74.974
14969,-79.851,30.418
14970,-77.913,58.653
14971,7.1109,85.023
14972,11.907,-2.3732
14973,14.232,-67.758
14974,-46.118,-22.95
14975,-101.43,26.343
14976,-25.35,-6.2764
14977,37.066,37.528
14978,39.383,39.711
14979,55.971,75.412
14980,45.768,-30.106
14981,-67.304,-58.061
14982,-32.193,-81.907
14983,6.6133,-78.286
14984,-68.073,-76.597
14985,28.69,3.5159
14986,-53.878,33.193
14987,-99.436,-12.14
14988,-8.0397,-64.804
14989,-9.9414,-74.067
14990,14.574,75.036
14991,63.649,43.104
14992,19.6,0.98281
14993,24.97,19.172
14994,26.326,-31.539
14995,52.979,-87.947
14996,73.823,-34.095
14997,-6.05,-46.286
14998,14.293,-2.613
14999,26.021,97.631
15000,4.7282,-10.509
15001,14.065,-0.36442
15002,-0.75916,-15.275
15003,67.32,67.207
15004,-41.521,73.436
15005,-4.5322,52.216
15006,12.023,-6.236
15007,76.992,-35.274
15008,-81.607,-26.748
15009,21.159,0.082639
15010,-52.752,52.83
15011,-3.42,82.096
15012,14.419,79.533
15013,-7.1155,34.833
15014,-54.989,26.851
15015,7.1339,-15.632
15016,-55.974,45.97
15017,9.484,45.921
15018,-5.4784,1.0958
15019,20.227,80.426
15020,-12.329,36.74
15021,-23.306,-74.868
15022,41.224,-84.636
15023,-49.413,86.854
15024,55.735,43.313
15025,-50.098,-24.34
15026,-67.364,-25.516
15027,1.5161,70.641
15028,-29.779,-75.061
15029,-40.738,36.224
15030,9.6796,73.728
15031,73.575,-43.423
15032,3.3885,58.772
15033,-36.866,-79.375
15034,43.003,11.846
15035,-12.063,-1.7566
15036,73.508,89.335
15037,12.915,-13.986
15038,-5.4811,37.795
15039,-80.869,27.427
15040,17.623,-21.81
15041,25.33,-8.6238
15042,26.112,62.482
15043,-63.628,67.523
15044,69.739,-1.313
15045,30.911,-35.241
15046,-106.51,-12.072
15047,-50.855,-56.276
15048,-42.08,-22.32
15049,-47.782,-25.237
15050,-4.2426,89.955
15051,37.055,-88.527
15052,27.424,30.01
15053,11.294,-0.50945
15054,35.652,-69.332
15055,5.8634,-108.03
15056,34.788,-56.033
15057,-1.0587,36.475
15058,6.7284,69.361
15059,10.003,-1.0512
15060,-28.84,-76.978
15061,-13.477,50.281
15062,37.716,80.083
15063,-21.488,-86.453
15064,-52.243,-57.857
15065,42.526,-83.931
15066,-43.009,63.29
15067,-75.815,31.257
15068,-36.951,56.71
15069,-19.062,-61.593
15070,1.5151,-55.731
15071,-70.846,65.353
15072,-42.939,-28.096
15073,-44.554,12.051
15074,5.6666,89.697
15075,-11.707,-72.174
15076,-38.467,-6.2034
15077,-77.304,34.397
15078,75.052,-57.251
15079,34.543,82.146
15080,2.3827,23.388
15081,-39.848,-0.88743
15082,-62.983,33.416
15083,4.3683,70.99
15084,38.612,37.765
15085,-105.48,-10.58
15086,49.87,-29.881
15087,-36.98,36.353
15088,-50.688,46.055
15089,13.575,73.89
15090,11.469,51.269
15091,46.076,39.521
15092,-13.196,-85.724
15093,4.8041,-10.662
15094,1.9433,29.339
15095,38.913,-48.331
15096,-60.636,28.031
15097,11.704,-1.1496
15098,-2.5318,43.314
15099,-7.916,80.273
15100,88.62,-5.9979
15101,67.962,57.868
15102,-79.89,64.136
15103,20.736,43.029
15104,24.977,84.351
15105,35.63,32.795
15106,42.246,-66.11
15107,-42.925,-73.103
15108,49.293,-0.31622
15109,-24.051,17.327
15110,-42.02,74.957
15111,7.6835,70.226
15112,-0.26714,40.381
15113,41.684,82.102
15114,-11.851,-76.736
15115,17.858,-79.617
15116,81.473,-37.613
15117,-12.403,-75.79
15118,-61.988,25.17
15119,11.036,-49.573
15120,42.099,-74.036
15121,49.84,-52.582
15122,-74.504,-13.331
15123,-45.47,-82.298
15124,-71.474,62.122
15125,10.801,-3.2976
15126,8.7858,75.665
15127,63.274,48.821
15128,-19.367,3.684
15129,-19.549,38.326
15130,37.587,41.764
15131,4.1798,-8.2813
15132,-3.6617,17.749
15133,7.0811,5.7265
15134,-3.8654,-75.649
15135,24.838,46.499
15136,56.016,34.676
15137,38.26,80.242
15138,-87.509,-55.383
15139,-53.714,-38.746
15140,-11.307,-79.23
15141,-8.3893,-84.996
15142,11.953,-86.402
15143,-85.968,-23.308
15144,-54.688,-35.452
15145,-41.283,-6.4978
15146,-25.752,37.117
15147,96.075,-39.997
15148,42.257,84.625
15149,34.859,76.346
15150,-38.906,75.751
15151,-21.074,-89.109
15152,15.945,-64.595
15153,-18.403,-82.668
15154,21.319,14.359
15155,24.525,-73.533
15156,-7.0685,13.464
15157,-98.832,7.7966
15158,42.392,37.417
15159,47.399,-6.6503
15160,-12.659,-5.848
15161,31.368,82.597
15162,-24.371,89.422
15163,49.152,23.443
15164,-36.346,-22.608
15165,11.485,-10.117
15166,16.057,48.057
15167,9.5962,-46.066
15168,-25.075,30.395
15169,55.393,1.2661
15170,97.791,-60.487
15171,39.089,87.482
15172,11.945,-83.139
15173,46.047,22.377
15174,-34.655,66.37
15175,-35.515,63.973
15176,10.486,85.714
15177,61.862,42.103
15178,-90.07,-50.58
15179,-45.652,8.964
15180,14.628,-69.522
15181,45.728,26.235
15182,-73.97,-62.549
15183,-33.688,90.941
15184,-6.0582,-22.634
15185,-29.113,-22.862
15186,21.47,24.138
15187,11.143,-0.58187
15188,9.2223,33.048
15189,-43.554,5.0629
15190,6.5024,77.053
15191,19.416,-84.76
15192,14.014,-19.742
15193,-51.382,-19.377
15194,-60.054,35.328
15195,11.998,-2.2586
15196,63.908,42.631
15197,66.306,41.04
15198,-59.432,69.117
15199,13.536,11.723
15200,-53.966,-58.483
15201,-16.755,-80.479
15202,-104.78,-14.483
15203,-90.701,45.683
15204,-29.839,90.975
15205,67.156,52.795
15206,11.391,74.769
15207,0.24849,79.969
15208,-17.798,-71.534
15209,-24.138,-78.653
15210,4.505,-4.7252
15211,-15.196,51.627
15212,57.274,-71.489
15213,-35.343,14.897
15214,-94.157,-47.89
15215,-6.1951,-66.396
15216,-10.519,-5.3139
15217,-10.526,-77.993
15218,34.207,55.48
15219,-13.578,-85.463
15220,23.051,25.091
15221,80.378,37.611
15222,-42.475,4.0217
15223,16.704,38.709
15224,4.1495,27.798
15225,3.846,21.105
15226,34.93,82.081
15227,-92.198,28.375
15228,-43.599,-3.0605
15229,-43.835,12.317
15230,42.211,6.2863
15231,63.112,48.695
15232,-65.494,19.302
15233,-55.703,-58.937
15234,10.327,-3.4002
15235,-11.737,-67.504
15236,26.812,23.402
15237,-3.0294,-34.916
15238,12.271,-10.764
15239,1.6088,-17.991
15240,-3.9467,90.146
15241,-83.474,25.839
15242,-56.148,29.85
15243,-59.172,34.628
15244,58.536,12.508
15245,55.467,55.471
15246,-9.0317,30.807
15247,15.825,85.142
15248,-59.584,67.628
15249,-38.129,3.4215
15250,42.703,24.803
15251,80.173,49.527
15252,76.379,-51.404
15253,17.635,-11.385
15254,-63.161,-63.254
15255,54.681,-0.95135
15256,11.452,6.7209
15257,8.456,75.458
15258,11.876,-3.0956
15259,1.748,-78.674
15260,65.808,57.092
15261,51.546,54.07
15262,23.76,-39.101
15263,-51.088,-1.8291
15264,-12.265,-71.152
15265,12.814,-2.3412
15266,9.1126,-10.718
15267,6.0302,-7.9663
15268,33.336,83.642
15269,28.675,95.705
15270,39.918,-56.395
15271,-10.064,-87.631
15272,-85.023,-22.803
15273,66.239,61.878
15274,-52.85,61.274
15275,-62.089,25.246
15276,14.108,-12.858
15277,-23.315,-71.081
15278,80.221,-30.924
15279,64.777,54.181
15280,-12.756,-7.9912
15281,4.4777,-7.5361
15282,4.7889,-8.6994
15283,-14.509,32.217
15284,56.924,39.817
15285,-104.26,-11.66
15286,-12.323,-85.857
15287,16.659,-9.77
15288,36.203,89.515
15289,19.768,-37.222
15290,2.3707,21.866
15291,45.047,34.777
15292,37.379,34.617
15293,-12.092,-71.068
15294,3.9478,20.394
15295,15.138,71.404
15296,19.387,-8.8871
15297,12.75,-13.34
15298,8.014,-56.718
15299,13.32,-3.0907
15300,-18.664,-0.65031
15301,-35.656,4.4485
15302,-11.969,2.2414
15303,36.896,87.159
15304,-89.007,18.663
15305,33.108,25.54
15306,20.361,0.53391
15307,0.11109,74.932
15308,17.845,-97.265
15309,35.442,81.253
15310,-80.465,36.123
15311,67.15,28.175
15312,-29.878,1.3015
15313,-23.221,-78.809
15314,-30.889,54.901
15315,39.534,34.577
15316,-48.772,-26.514
15317,5.503,84.126
15318,-20.451,-84.018
15319,74.001,-43.737
15320,-41.357,30.712
15321,45.018,34.467
15322,6.7121,59.05
15323,-56.045,40.368
15324,-52.293,-83.912
15325,-55.162,-58.104
15326,52.789,34.177
15327,75.996,-77.926
15328,40.637,45.621
15329,-81.79,24.543
15330,23.664,82.093
15331,34.619,-86.113
15332,9.6433,-11.79
15333,41.59,1.1877
15334,-24.522,-88.069
15335,13.435,-80.879
15336,-67.866,69.556
15337,56.41,73.236
15338,16.165,-81.196
15339,8.8381,-11.237
15340,19.785,49.022
15341,10.751,75.79
15342,47.156,-75.043
15343,-24.409,-80.415
15344,69.585,65.934
15345,24.371,76.783
15346,40.513,23.725
15347,54.598,-40.927
15348,38.71,-56.475
15349,71.05,52.378
15350,68.758,26.397
15351,26.69,38.178
15352,-58.115,80.313
15353,20.808,42.887
15354,-19.622,-36.57
15355,1.352,-13.739
15356,14.816,74.871
15357,-28.99,-92.896
15358,17.874,-9.4297
15359,43.061,29.026
15360,-68.033,-21.79
15361,12.352,8.6764
15362,44.696,4.2131
15363,-47.781,7.2601
15364,11.638,72.934
15365,35.211,-84.68
15366,41.511,-59.311
15367,70.271,-46.779
15368,58.317,33.544
15369,-11.353,49.981
15370,40.965,90.45
15371,-102.45,1.4644
15372,5.8803,-60.121
15373,16.821,-24.395
15374,-10.735,-63.521
15375,35.642,86.582
15376,78.76,-48.325
15377,-103.89,-1.82
15378,-94.858,15.483
15379,-31.017,-7.446
15380,24.372,98.081
15381,47.83,29.8
15382,39.265,-58.063
15383,-54.956,-57.545
15384,-27.426,-82.038
15385,18.038,-9.5132
15386,5.0708,-0.21343
15387,13.682,72.892
15388,-83.44,21.964
15389,9.7708,-10.531
15390,13.595,-30.114
15391,28.724,79.465
15392,-7.579,-73.748
15393,43.455,31.984
15394,50.355,50.058
15395,6.3136,58.026
15396,8.0955,-15.057
15397,-50.301,46.783
15398,-67.271,-56.275
15399,-46.336,87.336
15400,34.423,79.566
15401,25.804,-31.695
15402,67.353,58.015
15403,-100.67,17.863
15404,53.003,53.845
15405,47.036,44.756
15406,-106.07,-0.15225
15407,-37.037,66.681
15408,-67.302,-62.545
15409,50.231,-6.8157
15410,63.465,48.864
15411,-24.173,52.228
15412,32.58,78.472
15413,-9.797,1.1789
15414,87.77,-43.693
15415,13.981,-25.347
15416,2.4008,53.193
15417,-7.0855,-76.113
15418,40.859,-84.488
15419,-11.268,-1.3895
15420,-30.565,-75.192
15421,-10.511,-69.816
15422,-36.139,-78.268
15423,10.826,-39.768
15424,16.695,34.991
15425,-60.094,20.948
15426,2.0309,-8.643
15427,3.9761,39.132
15428,33.192,39.999
15429,76.896,-57.057
15430,66.329,62.345
15431,9.1103,52.21
15432,78.6,-53.948
15433,-7.218,55.709
15434,0.53959,-77.867
15435,-2.4894,-78.294
15436,55.428,51.291
15437,2.1241,41.602
15438,-31.548,-31.822
15439,34.973,-36.131
15440,11.015,73.988
15441,1.3321,41.988
15442,51.649,72.026
15443,-37.373,-83.755
15444,10.33,-25.777
15445,11.794,-7.7027
15446,17.703,76.16
15447,14.941,71.405
15448,22.503,-62.916
15449,23.002,42.647
15450,24.988,19.698
15451,19.308,1.619
15452,13.231,82.134
15453,-69.284,-62.42
15454,-92.36,6.6617
15455,-23.595,22.279
15456,20.216,70.605
15457,0.48624,9.4452
15458,-65.583,21.714
15459,66.104,25.474
15460,42.417,50.39
15461,5.6353,39.573
15462,-60.166,34.041
15463,-41.279,-1.3017
15464,19.302,33.93
15465,2.5593,41.689
15466,51.276,-29.317
15467,-14.628,24.386
15468,49.953,78.818
15469,-39.998,-15.289
15470,-99.985,-2.0618
15471,72.569,50.938
15472,-48.846,-19.037
15473,-118.38,12.887
15474,-4.3892,-0.68142
15475,10.164,-82.477
15476,-0.32533,70.791
15477,17.137,-39.785
15478,-18.818,54.413
15479,-14.363,76.926
15480,25.434,31.448
15481,34.183,81.912
15482,64.562,66.734
15483,-8.7943,84.357
15484,-101.82,11.44
15485,0.5105,52.156
15486,-35.571,-67.792
15487,-19.011,55.437
15488,-7.1321,102.37
15489,-10.295,65.298
15490,34.26,-52.32
15491,-0.14067,100.63
15492,40.884,-90.958
15493,-12.988,-75.946
15494,-0.28562,-76.257
15495,42.357,86.497
15496,29.325,6.6354
15497,-42.584,-42.208
15498,-28.55,94.358
15499,19.205,-40.279
15500,32.693,24.61
15501,-10.806,86.451
15502,-44.222,9.5474
15503,38.983,35.728
15504,45.272,21.961
15505,-6.4051,100.27
15506,68.87,68.392
15507,66.553,69.087
15508,30.449,3.1549
15509,-66.096,24.317
15510,36.839,36.282
15511,24.76,88.806
15512,-12.708,-63.331
15513,32.522,24.611
15514,-113.13,14.212
15515,18.654,-60.582
15516,20.708,23.985
15517,21.529,27.748
15518,49.718,-64.279
15519,40.734,35.793
15520,11.006,-1.6872
15521,39.193,26.833
15522,-12.869,68.252
15523,57.881,47.069
15524,69.828,46.706
15525,11.102,-70.329
15526,-27.581,7.9695
15527,48.43,70.478
15528,75.631,48.477
15529,85.744,44.758
15530,17.277,-7.5562
15531,5.293,-81.858
15532,19.099,0.9462
15533,112.01,5.4929
15534,46.292,85.256
15535,35.97,23.482
15536,-90.393,-0.39767
15537,22.759,68.916
15538,1.9434,-80.116
15539,-36.862,-75.632
15540,39.407,-66.996
15541,0.74721,57.407
15542,-11.689,-6.9452
15543,-96.273,4.6646
15544,44.078,27.29
15545,39.92,77.705
15546,61.961,21.031
15547,-84.866,-5.3137
15548,-14.625,54.469
15549,91.185,33.047
15550,29.256,81.931
15551,-12.952,57.435
15552,26.736,-38.752
15553,65.752,57.796
15554,28.346,40.581
15555,-31.225,90.394
15556,-19.404,54.742
15557,-19.402,-68.621
15558,29.173,-91.363
15559,5.8635,-108.03
15560,-79.043,-67.877
15561,-83.24,-26.475
15562,28.272,78.301
15563,65.077,67.672
15564,5.5978,67.117
15565,41.246,-60.895
15566,-41.516,-1.6148
15567,-41.431,92.066
15568,33.071,93.037
15569,26.083,62.257
15570,54.972,76.335
15571,63.427,55.773
15572,63.054,55.427
15573,41.401,4.1385
15574,66.128,49.473
15575,-55.869,-20.017
15576,60.984,37.802
15577,33.195,-61.096
15578,10.512,-46.246
15579,-30.846,95.434
15580,-32.394,-28.15
15581,-77.199,-65.468
15582,40.987,-58.711
15583,25.29,-48.67
15584,-27.096,-78.169
15585,-18.896,-28.928
15586,11.449,-8.4737
15587,9.6559,75.574
15588,24.777,80.455
15589,79.383,36.541
15590,75.155,51.106
15591,-64.303,74.742
15592,46.039,22.522
15593,59.955,63.774
15594,35.878,-46.495
15595,-58.244,79.308
15596,-14.634,-1.4464
15597,17.123,7.2309
15598,63.518,38.817
15599,14.647,79.533
15600,32.978,-46.788
15601,29.595,16.926
15602,10.216,-84.111
15603,94.401,-62.246
15604,57.337,53.207
15605,64.975,62.798
15606,13.093,35.194
15607,-2.7312,-13.702
15608,-50.841,68.714
15609,5.8998,55.922
15610,66.597,62.54
15611,-73.484,-19.286
15612,16.969,47.961
15613,-106.48,-9.4078
15614,-28.585,92.584
15615,-101.47,-2.564
15616,-9.6565,-65.983
15617,-6.3363,-2.7859
15618,-79.334,-67.138
15619,21.695,-33.828
15620,-86.246,63.538
15621,45.376,-74.39
15622,7.2892,56.701
15623,38.107,33.11
15624,-25.208,12.885
15625,-2.5539,35.487
15626,-16.998,94.785
15627,51.304,26.143
15628,75.55,47.623
15629,15.278,-35.424
15630,41.116,81.83
15631,37.252,15.376
15632,73.844,-58.146
15633,-12.272,-47.34
15634,6.8911,-78.164
15635,-57.795,33.009
15636,-59.457,68.871
15637,21.228,-84.761
15638,12.829,-2.8584
15639,40.693,-56.297
15640,21.422,23.081
15641,54.541,76.611
15642,12.288,-2.5612
15643,6.0731,70.941
15644,-13.8,85.752
15645,3.6875,76.083
15646,20.313,21.974
15647,-0.23152,71.332
15648,10.583,85.231
15649,67.937,68.293
15650,-20.99,21.047
15651,-51.173,39.946
15652,25.469,-71.528
15653,-11.513,100.24
15654,16.091,-4.2017
15655,-22.623,-85.263
15656,23.419,25.214
15657,-5.8877,101.1
15658,38.717,28.134
15659,-39.942,85.903
15660,-68.787,-62.108
15661,63.838,50.824
15662,13.88,71.575
15663,-80.037,-65.696
15664,8.2175,71.713
15665,20.164,22.665
15666,18.339,-50.214
15667,64.934,55.405
15668,15.367,60.835
15669,23.319,-43.156
15670,-64.891,-31.383
15671,66.467,62.425
15672,54.486,71.748
15673,49.891,61.248
15674,-33.443,-8.5763
15675,51.947,-32.888
15676,-10.068,-76.465
15677,-18.236,56.556
15678,74.429,52.019
15679,43.831,-48.609
15680,15.951,-37.896
15681,14.633,71.501
15682,65.189,54.416
15683,-2.7091,95.869
15684,64.286,57.227
15685,40.78,-45.617
15686,5.1583,-6.9203
15687,4.8545,-81.99
15688,37.721,39.056
15689,-12.467,-9.1595
15690,94.592,-62.111
15691,-80.661,62.715
15692,18.338,-80.963
15693,-75.968,-15.085
15694,1.3191,17.38
15695,41.242,45.704
15696,-36.277,30.188
15697,-12.644,-6.6449
15698,47.492,54.047
15699,9.7233,77.139
15700,-7.3406,-77.06
15701,42.059,84.7
15702,-52.172,-22.74
15703,-29.12,88.431
15704,34.07,91.382
15705,15.726,33.022
15706,-2.5112,102.88
15707,41.281,81.761
15708,49.231,42.506
15709,-75.683,-13.073
15710,51.916,-9.6126
15711,1.7705,100.97
15712,10.449,-67.253
15713,-58.118,80.174
15714,73.044,48.573
15715,58.969,54.463
15716,72.692,53.967
15717,7.8018,30.349
15718,29.639,-45.383
15719,10.011,73.638
15720,8.7346,-13.285
15721,86.88,35.392
15722,77.686,45.924
15723,-9.8817,-75.932
15724,64.6,66.441
15725,-2.5982,102.67
15726,39.958,20.761
15727,10.658,75.694
15728,12.801,32.618
15729,38.119,33.544
15730,75.184,51.932
15731,40.824,87.648
15732,1.4,80.153
15733,36.229,-60.765
15734,52.818,80.038
15735,48.207,22.569
15736,41.593,-56.851
15737,76.488,54.824
15738,80.925,30.151
15739,-11.131,-77.876
15740,55.164,43.237
15741,66.025,62.693
15742,90.65,35.232
15743,30.448,92.767
15744,42.547,76.837
15745,93.17,-28.153
15746,8.1691,-3.6042
15747,25.247,-50.516
15748,17.399,71.272
15749,-9.0907,-4.2398
15750,50.193,78.327
15751,33.285,79.096
15752,72.277,-56.63
15753,-16.788,-0.64579
15754,2.9706,-20.147
15755,53.355,54.295
15756,86.598,44.281
15757,13.208,-1.7166
15758,2.4158,92.1
15759,-12.203,-0.82119
15760,-73.109,68.397
15761,-24.487,89.774
15762,-6.9193,53.729
15763,107.54,-52.479
15764,-41.871,74.075
15765,92.826,26.215
15766,47.135,-63.005
15767,14.242,0.00016233
15768,13.38,-26.237
15769,35.778,52.692
15770,-49.099,-25.773
15771,12.847,33.594
15772,-51.466,81.569
15773,-83.28,33.647
15774,-46.641,15.439
15775,-74.445,-63.502
15776,-65.312,-58.802
15777,35.167,84.472
15778,8.7221,76.363
15779,65.58,69.04
15780,10.735,-39.794
15781,88.629,-36.698
15782,-21.784,-14.705
15783,-45.631,88.008
15784,-89.278,-51.553
15785,-0.19878,44.343
15786,73.514,51.302
15787,38.052,86.336
15788,68.621,43.888
15789,-33.97,-60.317
15790,14.061,-40.412
15791,15.367,-39.045
15792,71.449,-12.84
15793,-39.22,16.446
15794,83.349,31.688
15795,6.3079,19.59
15796,-20.511,-68.75
15797,-78.544,-68.208
15798,75.103,-34.528
15799,32.114,-56.32
15800,65.879,68.392
15801,61.79,53.483
15802,71.524,38.69
15803,79.758,50.595
15804,29.868,-77.357
15805,32.524,56.209
15806,3.4354,-14.791
15807,5.8589,8.7214
15808,-9.4984,-66.953
15809,65.258,61.84
15810,10.282,27.342
15811,74.551,50.831
15812,56.696,-40.583
15813,-13.565,-74.615
15814,42.977,31.332
15815,-29.221,56.528
15816,66.581,58.204
15817,15.97,60.494
15818,14.608,75.859
15819,-95.715,29.902
15820,27.653,-42.319
15821,6.4415,-80.895
15822,-62.794,78.902
15823,-13.593,-94.495
15824,4.8343,77.315
15825,82.566,43.066
15826,76.114,47.756
15827,-72.265,62.29
15828,37.568,85.307
15829,-58.237,75.484
15830,-30.191,-68.288
15831,-15.787,-0.086015
15832,-62.401,20.75
15833,82.926,43.597
15834,-48.685,27.469
15835,-16.904,84.732
15836,62.213,12.644
15837,43.663,19.757
15838,18.444,42.765
15839,5.2005,58.184
15840,26.044,62.387
15841,28.683,96.464
15842,-29.736,73.698
15843,36.986,86.867
15844,66.949,70.851
15845,7.1088,35.642
15846,40.945,73.531
15847,18.969,-38.53
15848,33.71,92.306
15849,-13.728,36.743
15850,-78.928,-67.898
15851,-37.603,21.243
15852,9.8151,86.769
15853,19.961,-39.388
15854,8.8373,38.428
15855,36.503,25.162
15856,37.836,83.074
15857,59.706,39.268
15858,-92.064,-49.052
15859,26.61,19.222
15860,-12.339,-2.56
15861,-6.5901,100.25
15862,-21.288,-78.561
15863,-58.356,-16.083
15864,-52.795,74.762
15865,61.355,42.868
15866,44.061,42.204
15867,-16.745,-2.421
15868,-21.524,2.3573
15869,18.62,-2.2287
15870,42.037,84.065
15871,40.94,72.961
15872,20.053,22.826
15873,88.454,29.205
15874,-33.476,68.608
15875,38.11,34.063
15876,-101.74,9.4377
15877,56.859,46.957
15878,3.5923,52.166
15879,62.151,51.426
15880,-78.304,-67.933
15881,48.611,43.329
15882,65.413,49.61
15883,52.82,52.219
15884,12.828,-13.503
15885,-36.462,-18.18
15886,-9.9577,-72.073
15887,68.882,39.577
15888,51.256,78.275
15889,66.128,57.923
15890,40.99,49.73
15891,10.292,-67.428
15892,57.059,75.877
15893,-13.69,-5.7268
15894,16.655,79.848
15895,64.682,66.507
15896,32.087,-64.15
15897,-9.6854,97.962
15898,61.039,37.274
15899,40.511,85.514
15900,37.432,39.13
15901,-0.36582,52.041
15902,37.088,38.586
15903,-1.1549,36.661
15904,-63.835,78.77
15905,-77.13,-68.684
15906,1.8334,101.58
15907,25.807,61.85
15908,17.779,76.459
15909,62.981,16.896
15910,64.662,56.635
15911,-33.898,67.468
15912,4.3978,-13.17
15913,29.869,-64.147
15914,-45.883,-24.076
15915,46.122,103.81
15916,-26.071,48.815
15917,-0.42002,39.58
15918,23.986,41.271
15919,97.609,45.583
15920,-21.056,12.09
15921,-65.017,-63.186
15922,54.561,43.167
15923,-30.834,86.41
15924,-52.814,82.41
15925,22.773,42.026
15926,-43.598,59.093
15927,42.152,-73.25
15928,11.808,72.535
15929,31.02,19.655
15930,57.826,74.219
15931,41.467,-47.419
15932,5.5148,76.002
15933,-4.2487,81.441
15934,74.369,-10.069
15935,7.755,85.24
15936,25.9,90.793
15937,-12.797,-6.3824
15938,13.754,-39.219
15939,-57.899,71.723
15940,13.654,-13.209
15941,-11.323,-66.873
15942,-13.775,-1.5604
15943,-9.1773,-3.4127
15944,36,-63.85
15945,79.478,49.77
15946,7.7833,-13.509
15947,33.872,84.766
15948,76.763,11.315
15949,25.295,-92.323
15950,6.6231,-11.9
15951,37.944,89.602
15952,14.155,83.218
15953,-37.337,-74.184
15954,-60.278,67.723
15955,7.1219,84.672
15956,-12.569,32.441
15957,1.3909,30.487
15958,12.07,-10.901
15959,-10.838,-72.504
15960,66.354,62.341
15961,49.93,52.962
15962,-86.246,63.54
15963,73.508,89.336
15964,81.407,31.125
15965,62.019,51.14
15966,50.019,79.012
15967,18.483,-89.776
15968,8.8809,90.676
15969,50.601,78.082
15970,-82.34,36.434
15971,8.861,-10.582
15972,10.477,30.487
15973,-8.0377,8.4292
15974,16.506,-70.598
15975,3.9604,58.412
15976,68.007,39.52
15977,60.92,11.902
15978,43.011,20.694
15979,8.7076,41.248
15980,32.689,-87.993
15981,57.895,34.419
15982,-34.811,66.386
15983,0.65182,22.902
15984,7.6092,63.857
15985,-23.421,-2.9504
15986,-31.646,95.534
15987,38.54,86.538
15988,40.903,36.702
15989,-18.763,-22.519
15990,7.8582,39.006
15991,23.679,82.294
15992,-57.898,33.162
15993,47.881,-72.968
15994,37.401,5.1725
15995,-9.8468,-0.92712
15996,-86.245,63.54
15997,16.765,-80.352
15998,-1.5942,8.612
15999,68.434,-17.88
16000,20.209,1.5472
16001,-6.2532,57.807
16002,18.158,-80.551
16003,16.747,-39.732
16004,32.961,4.0075
16005,-27.818,83.262
16006,47.008,-20.509
16007,45.51,85.264
16008,66.015,62.366
16009,17.427,-97.608
16010,-38.357,-74.629
16011,82.028,46.634
16012,-80.807,36.309
16013,-36.915,1.913
16014,11.585,83.471
16015,11.94,-10.311
16016,8.2234,70.869
16017,-68.325,-34.74
16018,21.088,-41.006
16019,-58.316,-28.469
16020,1.7077,52.893
16021,-0.43133,24.466
16022,35.209,-48.307
16023,-92.828,-48.401
16024,54.91,-78.886
16025,43.629,56.497
16026,-35.042,83.652
16027,-6.2068,-0.56738
16028,69.05,40.752
16029,15.508,32.524
16030,41.258,23.359
16031,49.848,79.575
16032,75.838,-35.575
16033,35.774,22.98
16034,49.142,81.714
16035,69.149,47.691
16036,4.4033,77.544
16037,66.809,86.448
16038,19.369,-77.316
16039,-0.15462,52.794
16040,62.689,54.678
16041,-29.628,10.99
16042,72.256,38.574
16043,92.614,27.59
16044,66.397,67.464
16045,-46.496,67.417
16046,46.927,-86.776
16047,28.341,-46.775
16048,-10.203,-70.815
16049,37.036,92.947
16050,21.135,3.0157
16051,62.049,51.382
16052,-62.817,77.632
16053,15.183,79.633
16054,3.2424,58.01
16055,-8.4424,-6.2531
16056,19.389,83.618
16057,76.907,-53.23
16058,42.316,82.188
16059,31.829,26.305
16060,27.602,-42.124
16061,31.61,-42.928
16062,89.708,36.112
16063,4.0422,3.2132
16064,4.4138,27.816
16065,-5.0122,20.155
16066,-70.431,12.375
16067,-64.507,-3.0591
16068,-37.184,65.611
16069,-89.938,-50.701
16070,-62.141,21.922
16071,78.2,36.435
16072,30.498,47.476
16073,28.258,-34.175
16074,21.745,-81.302
16075,35.351,-45.148
16076,3.1757,13.22
16077,-5.0026,2.6157
16078,26.764,-32.55
16079,24.394,81.07
16080,20.554,-33.178
