Label,optsne_1,optsne_2
1,60.998,9.9158
2,-66.462,-18.899
3,-70.245,-79.73
4,101.12,-51.548
5,-84.327,-10.632
6,28.424,43.03
7,-22.425,-64.646
8,-62.819,79.422
9,-43.289,66.497
10,-34.681,55.956
11,-49.644,41.196
12,66.151,-58.434
13,-20.262,59.975
14,56.287,6.0535
15,5.3083,-50.412
16,-26.928,-95.451
17,21.413,-8.1534
18,30.597,-3.0961
19,-52.901,62.261
20,-71.285,-77.746
21,55.338,42.645
22,-33.433,-83.668
23,2.9533,73.915
24,-5.3809,-91.276
25,5.7271,-59.847
26,35.48,93.628
27,-49.915,-23.804
28,-55.316,46.776
29,-43.113,17.848
30,-33.358,34.007
31,-44.916,-6.0393
32,-80.804,20.517
33,25.13,-95.469
34,78.036,-50.396
35,10.344,-49.862
36,45.821,11.344
37,-42.613,82.168
38,29.236,-17.662
39,81.012,-17.204
40,74.225,-62.025
41,-5.8189,-43.429
42,-59.033,-83.798
43,44.83,104.08
44,99.704,41.563
45,30.897,27.304
46,51.564,26.3
47,20.71,-32.979
48,37.443,35.727
49,-30.999,5.656
50,-84.987,20.084
51,-60.122,75.428
52,-56.768,-9.2206
53,-37.895,49.17
54,29.234,-47.741
55,-80.894,21.155
56,-42.199,-2.9582
57,-0.92169,-14.996
58,23.646,-89.887
59,-6.258,63.532
60,28.66,37.054
61,-12.613,-94.633
62,37.687,-12.575
63,88.65,-13.724
64,49.315,14.348
65,-3.1061,-34.346
66,-8.9303,-92.72
67,-66.767,8.3936
68,84.237,-16.725
69,78.363,-5.7687
70,-1.1506,-45.487
71,73.142,1.3196
72,60.302,-67.307
73,6.2419,-30.688
74,51.779,-63.324
75,4.0747,-85.045
76,-55.878,-79.436
77,25.831,80.917
78,22.523,-92.928
79,53.475,-13.528
80,34.956,-49.259
81,20.959,-81.945
82,12.085,78.72
83,50.428,26.451
84,-42.753,8.1457
85,4.2799,-25.668
86,6.3652,-62.001
87,61.192,-68.796
88,66.167,-59.187
89,-20.027,-82.005
90,41.885,-10.622
91,26.208,-15.965
92,54.142,-26.152
93,47.163,-33.048
94,54.851,-54.304
95,33.118,-18.374
96,44.825,-45.361
97,28.932,-96.64
98,73.178,-6.9352
99,3.7944,-25.98
100,77.518,-48.329
101,10.483,-56.641
102,41.891,-26.264
103,46.724,-89.527
104,-0.24784,-59.517
105,-3.9376,-91.674
106,-45.086,-32.903
107,-98.872,-30.496
108,-56.524,-61.151
109,-4.4168,-55.012
110,9.9924,-35.062
111,-33.452,-94.105
112,84.957,-7.5562
113,-14.795,-29.174
114,14.118,-54.852
115,-71.167,-63.306
116,10.241,-35.116
117,-52.053,-19.277
118,-58.006,-8.4127
119,58.994,-16.512
120,-4.3053,-88.825
121,19.666,-32.614
122,74.405,56.226
123,-11.462,80.609
124,-4.6354,63.618
125,-70.958,0.22357
126,80.434,-24.532
127,18.425,-21.568
128,-5.9486,-39.322
129,-3.7175,-104.11
130,7.7583,26.732
131,90.891,-28.808
132,-17.66,77.317
133,65.658,-11.021
134,58.106,2.0019
135,-4.8759,-31.162
136,-12.853,-55.153
137,-15.207,-42.453
138,42.873,89.582
139,-36.425,38.698
140,-40.937,8.2934
141,-66.588,-76.814
142,55.549,-39.897
143,-21.077,-40.958
144,16.205,-28.775
145,17.483,-77.965
146,-59.626,-88.763
147,25.568,10.881
148,-10.379,-52.331
149,-87.336,30.339
150,-103.25,16.353
151,57.635,-57.727
152,22.694,-89.036
153,83.072,-35.947
154,49.952,-58.554
155,30.204,-8.4598
156,56.051,14.825
157,-2.9966,-49.739
158,-25.654,-61.59
159,-16.525,1.5936
160,29.781,-94.933
161,-42.501,89.458
162,67.961,36.712
163,45.192,-31.629
164,38.87,-14.81
165,12.331,-47.271
166,22.499,-62.075
167,-73.479,12.234
168,5.0892,-37.766
169,-67.838,13.49
170,-36.706,-59.414
171,39.535,90.639
172,19.983,1.4125
173,2.3793,-16.423
174,28.209,34.159
175,29.457,98.495
176,26.039,-81.259
177,-38.903,13.885
178,40.093,-39.733
179,-42.334,56.249
180,-76.564,35.691
181,63.219,-65.098
182,70.685,-6.6166
183,89.979,-17.446
184,-9.0461,-94.911
185,59.302,-62.018
186,91.147,-20.616
187,6.8501,-59.594
188,47.049,6.9768
189,68.678,84.912
190,-21.406,1.9831
191,56.219,36.736
192,36.945,37.317
193,-56.581,-8.8758
194,36.08,-15.788
195,-50.567,-89.053
196,-5.5314,-38.37
197,-0.6858,-45.177
198,-14.775,4.7402
199,23.9,-38.244
200,-6.1288,-68.946
201,6.4953,74.716
202,21.494,-43.206
203,46.662,2.7417
204,50.343,30.717
205,-30.821,-0.67249
206,-38.464,-76.562
207,53.52,-65.124
208,88.645,-25.204
209,36.382,-67.101
210,-3.0579,-29.949
211,87.579,-5.1434
212,36.281,-12.605
213,-59.587,-80.379
214,16.11,-6.1624
215,-56.092,-1.5288
216,35.68,-80.895
217,29.749,22.164
218,48.881,-26.587
219,-6.6249,83.382
220,2.589,26.393
221,-33.93,40.847
222,-13.135,-53.102
223,13.381,-54.443
224,84.374,-20.347
225,3.0311,-31.125
226,40.834,-12.162
227,37.122,-9.4158
228,-21.826,-14.968
229,-57.827,-79.411
230,49.796,-34.563
231,39.557,-74.403
232,-28.061,-104.58
233,-40.982,15.023
234,-35.391,46.365
235,-52.079,72.631
236,32.276,-67.015
237,75.436,-3.8197
238,53.711,-28.843
239,35.39,-36.737
240,-106.44,-10.568
241,38.03,-25.014
242,25.386,-20.718
243,19.541,-34.342
244,34.085,26.183
245,-55.062,-91.309
246,-2.7077,99.912
247,17.148,83.159
248,-30.95,-53.427
249,-3.8317,-38.316
250,99.062,41.608
251,-40.38,-0.60363
252,23.3,67.844
253,-69.568,40.786
254,61.091,-51.917
255,71.115,-0.25065
256,-78.803,6.6448
257,-67.166,-1.4158
258,37.819,-57.812
259,2.6183,13.391
260,-59.39,-80.172
261,-36.239,70.132
262,7.501,-77.614
263,40.789,-16.665
264,25.322,-15.496
265,30.748,-23.316
266,16.167,-88.986
267,-49.3,-23.247
268,41.532,19.159
269,53.221,43.53
270,-33.804,74.304
271,-44.292,50.293
272,-39.802,-17.257
273,-32.014,75.157
274,54.269,32.998
275,85.405,-15.836
276,79.213,-36.119
277,-65.303,-72.179
278,-60.791,-88.337
279,26.776,-17.78
280,-74.153,-13.33
281,-52.492,-57.199
282,-82.849,-6.0262
283,4.2023,-13.212
284,-2.3927,100.66
285,85.781,-6.0943
286,69.408,-37.78
287,-55.734,8.0268
288,75.611,-35.205
289,-3.1338,-34.189
290,-74.694,-6.7662
291,-10.922,-92.44
292,-105.11,14.357
293,-59.526,-81.685
294,-41.174,92.367
295,21.418,-87.874
296,-41.588,91.977
297,76.591,54.932
298,23.576,4.2473
299,67.702,38.462
300,5.8144,57.127
301,-26.292,94.869
302,-22.016,35.854
303,28.083,21.246
304,54.09,-50.404
305,-63.884,15.812
306,49.282,-7.7323
307,6.4567,69.895
308,0.95148,59.149
309,-58.285,-24.3
310,-53.225,-19.419
311,26.675,-30.742
312,-4.373,-30.134
313,33.612,-16.318
314,23.367,40.962
315,-14.92,43.631
316,40.864,44.438
317,-51.601,-88.381
318,-9.2614,101.63
319,-3.1295,-49.699
320,26.569,-63.455
321,66.375,-59.537
322,82.072,-11.742
323,81.266,-5.7654
324,-1.8648,-57.334
325,39.209,-78.246
326,74.203,-48.119
327,1.7973,-65.584
328,-11.106,-40.698
329,4.1204,13.674
330,-67.692,-52.675
331,61.41,38.179
332,22.076,-46.87
333,-90.218,14.837
334,31.278,-85.765
335,-32.224,7.3311
336,-52.7,-14.854
337,-25.021,42.656
338,54.867,-20.886
339,-104.43,35.402
340,13.272,-79.03
341,-2.6344,-31.274
342,-78.039,1.3346
343,-64.26,-77.943
344,53.288,-40.974
345,79.167,-18.691
346,68.328,-39.749
347,-42.45,-90.691
348,-11.045,102.82
349,5.0189,-13.568
350,-80.887,26.687
351,36.856,-80.286
352,-11.18,-52.012
353,19.022,-80.663
354,-24.042,53.514
355,34.82,-85.186
356,7.1399,-31.373
357,43.817,-59.283
358,50.753,10.942
359,34.911,-36.426
360,59.151,-80.731
361,-50.489,-50.806
362,-53.823,-84.004
363,7.9206,56.948
364,-84.444,35.433
365,36.708,80.545
366,-24.236,57.114
367,-57.544,-13.355
368,33.503,-21.508
369,74.879,-50.009
370,-10.704,-17.445
371,-60.183,-83.031
372,-62.079,-87.492
373,59.77,-52.941
374,-11.668,0.40518
375,20.424,-82.744
376,33.532,15.098
377,6.187,-62.086
378,9.4233,76.277
379,-58.196,-13.371
380,31.002,-23.532
381,23.27,-35.921
382,53.014,-82.627
383,50.254,-78.155
384,-11.275,0.74172
385,-12.942,87.033
386,-29.623,10.829
387,-45.786,-8.7218
388,-18.061,-53.951
389,-3.6767,51.444
390,13.13,39.35
391,-55.361,-12.598
392,48.238,-47.698
393,89.533,-28.292
394,-3.5288,-30.428
395,-39.274,57.012
396,86.736,-3.3867
397,73.219,0.83848
398,80.163,-47.233
399,2.4109,6.3158
400,-52.939,17.435
401,-23.376,-74.526
402,-1.2382,-57.887
403,11.689,-81.34
404,-50.336,-19.937
405,-36.676,30.67
406,-0.291,62.264
407,35.42,12.459
408,36.312,-20.081
409,38.983,-91.265
410,54.581,-60.574
411,54.524,-82.627
412,3.7075,-27.984
413,-89.774,11.147
414,-70.208,-61.298
415,59.883,-16.69
416,30.27,18.377
417,-53.38,-28.698
418,36.652,53.109
419,33.572,81.546
420,-48.614,66.997
421,-42.88,64.888
422,41.742,-7.1934
423,-37.504,-82.194
424,6.4665,-30.215
425,76.444,-0.39816
426,16.153,-89.055
427,-58.862,7.925
428,24.475,-81.95
429,67.452,52.307
430,-26.041,54.622
431,-10.954,-51.865
432,37.512,-8.6677
433,47.375,-8.7038
434,-102.82,4.984
435,32.344,-21.478
436,43.686,-60.47
437,1.311,68.626
438,-57.311,45.937
439,-27.954,18.606
440,-17.09,82.657
441,36.552,-18.629
442,39.395,-79.295
443,3.7108,-76.274
444,-12.56,-42.672
445,70.129,-43.373
446,-63.572,19.11
447,-59.003,-61.051
448,54.453,32.333
449,55.637,52.766
450,-22.031,29.203
451,11.073,-49.317
452,-67.91,-52.826
453,-37.652,84.554
454,-57.415,-60.175
455,43.299,-77.811
456,-6.9891,-91.98
457,9.6247,33.72
458,-44.282,19.041
459,-9.2309,-46.036
460,68.066,-5.5706
461,-73.044,-3.6398
462,66.091,-23.322
463,-51.481,71.385
464,-87.646,-55.171
465,44.515,45.674
466,37.512,-84.909
467,7.2017,-53.866
468,28.364,18.168
469,32.486,6.3321
470,5.8494,-18.597
471,48.958,-39.693
472,12.874,-35.9
473,-3.335,-35.899
474,34.93,-15.03
475,79.926,-2.9441
476,90.495,-19.533
477,5.5698,-32.363
478,2.331,-30.222
479,-28.289,-18.964
480,-66.67,36.039
481,87.473,9.2361
482,-56.929,26.931
483,14.503,-86.741
484,40.825,60.532
485,-6.8964,25.931
486,-32.787,-8.9961
487,21.448,74.128
488,-67.749,71.605
489,71.16,-39.93
490,-3.1878,-87.562
491,-60.72,-83.24
492,33.039,95.196
493,60.305,-24.189
494,-0.14223,-59.827
495,35.836,23.767
496,-2.1647,25.458
497,-58.438,-12.885
498,-56.163,-11.566
499,-50.295,-24.148
500,61.037,-54.019
501,56.452,-64.036
502,57.784,-0.90378
503,61.432,4.8481
504,40.255,-8.1893
505,59.581,-2.4777
506,57.594,-0.7729
507,45.789,-14.07
508,-67.81,-69.465
509,-0.7925,76.551
510,73.857,47.798
511,6.5674,-51.144
512,19.414,-75.113
513,36.305,42.291
514,-17.03,-15.443
515,29.17,13.23
516,-92.207,-7.3321
517,-60.56,16.168
518,18.545,-20.328
519,56.345,-70.126
520,43.858,-86.048
521,-22.297,79.998
522,-45.645,44.827
523,-50.032,-7.4355
524,47.73,-75.58
525,75.073,0.92511
526,34.882,-23.625
527,18.328,-40.147
528,-68.369,-60.631
529,-29.608,-98.072
530,46.966,-82.213
531,-11.715,43.448
532,-51.927,70.517
533,63.64,-10.492
534,6.5558,-54.768
535,-1.4997,-50.567
536,-72.771,-0.87149
537,-89.474,10.811
538,44.479,-89.119
539,27.097,24.4
540,38.551,-25.603
541,37.216,-35.089
542,-57.796,-88.546
543,-51.379,-12.071
544,65.35,-15.809
545,19.742,-45.152
546,10.911,51.262
547,-45.985,-24.443
548,9.7968,-13.188
549,82.51,26.528
550,-55.608,-2.0352
551,34.956,-19.116
552,32.094,-39.892
553,-6.7369,-77.597
554,-10.746,-67.445
555,1.7528,103.3
556,6.366,78.399
557,-12.737,52.056
558,81.638,-10.856
559,36.355,-13.412
560,-101.5,-10.83
561,52.299,-40.227
562,55.544,-5.7372
563,36.072,93.683
564,-11.179,-82.878
565,13.777,6.5606
566,-31.33,-7.7289
567,56.922,-46.244
568,48.331,5.9398
569,66.25,-59.423
570,59.925,-67.23
571,-52.751,-88.519
572,-60.629,-85.265
573,68.85,-40.397
574,34.391,-89.227
575,66.553,48.846
576,11.457,35.671
577,10.147,-21.859
578,-104.83,-11.656
579,-84.164,-20.765
580,-53.108,74.639
581,-42.173,-2.2818
582,-47.352,40.941
583,28.339,-92.776
584,3.4079,-14.523
585,38.804,-9.7433
586,40.986,-16.745
587,86.836,8.905
588,18.405,43.178
589,40.079,90.758
590,12.138,-35.728
591,-6.7293,82.852
592,8.4619,-46.278
593,-68.506,-69.687
594,39.447,-56.579
595,-104.35,-6.3386
596,87.378,-25.141
597,29.234,-17.765
598,20.66,-68.508
599,-12.862,3.9104
600,-22.963,81.833
601,-55.22,62.024
602,48.471,56.588
603,-12.898,-86.366
604,35.763,35.093
605,12.86,77.688
606,-15.715,-53.259
607,94.902,15.043
608,85.487,-11.291
609,16.198,49.838
610,46.028,-45.769
611,-2.0922,-50.559
612,2.1159,65.171
613,-43.944,5.082
614,-51.784,62.894
615,43.364,-47.92
616,38.222,33.686
617,-55.689,-8.3049
618,56.269,-47.679
619,-67.792,11.021
620,-1.9729,-28.4
621,-48.08,-87.124
622,89.277,-13.677
623,-19.405,33.88
624,-105.95,-10.682
625,30.701,27.437
626,0.37648,-62.176
627,83.555,-12.472
628,35.181,-72.843
629,91.065,-20.482
630,-12.354,16.875
631,56.1,1.8963
632,-35.852,-69.693
633,-103.89,-0.66172
634,-97.342,15.469
635,-74.38,13.245
636,82.934,-33.692
637,31.487,-24.371
638,0.38695,-50.982
639,-73.464,6.9352
640,67.206,-23.813
641,-11.968,-18.129
642,-13.875,43.994
643,-22.639,81.879
644,14.428,-35.652
645,-48.862,-24.039
646,58.805,-3.6608
647,35.64,-21.907
648,85.427,-37.242
649,-43.568,-89.143
650,34.76,-17.505
651,-56.944,8.1612
652,-6.1979,-89.29
653,42.784,45.458
654,-2.9471,39.284
655,-103.94,-0.96268
656,13.501,-69.304
657,-65.711,58.804
658,36.075,-10.677
659,7.103,-77.86
660,50.954,15.545
661,46.856,-33.113
662,-66.152,8.438
663,-93.211,12.964
664,-73.377,68.185
665,17.971,-8.2986
666,-12.588,-32.62
667,-16.003,84.883
668,45.292,88.681
669,-14.397,-52.533
670,-55.718,-12.627
671,-50.17,-7.4551
672,45.123,38.194
673,-3.1459,-36.009
674,-55.332,-0.35249
675,4.6801,-57.11
676,-50.254,-79.778
677,37.454,10.825
678,-47.449,-83.602
679,-46.063,-9.0901
680,-26.879,-4.8273
681,-54.066,73.255
682,-21.519,19.512
683,73.728,-56.428
684,-67.831,71.159
685,-103.84,-1.572
686,52.329,-80.744
687,55.096,7.0568
688,67.198,-7.7247
689,78.512,-18.788
690,66.438,-59.279
691,52.435,-68.534
692,-55.621,-78.495
693,28.551,-90.434
694,-29.831,-74.726
695,18.25,-81.727
696,-62.318,20.381
697,-69.517,38.367
698,-24.263,94.134
699,75.788,-48.288
700,18.006,-74.532
701,21.529,75.766
702,-53.291,-46.157
703,-13.03,-53.188
704,-47.394,87.854
705,-51.153,-20.589
706,-35.647,58.963
707,87.949,-24.757
708,85.81,-3.7004
709,-66.032,18.779
710,28.38,-65.713
711,-57.174,-60.501
712,57.171,-1.1498
713,74.31,0.65906
714,-38.086,-92.96
715,46.563,-16.201
716,-1.603,102.33
717,-63.997,57.36
718,-51.435,-8.347
719,48.702,19.034
720,13.739,-69.314
721,7.0462,70.913
722,73.877,0.14238
723,56.597,-72.223
724,77.441,-49.945
725,-69.643,12.048
726,32.408,-21.568
727,53.977,-64.881
728,18.724,-22.717
729,6.8476,27.635
730,4.465,57.201
731,35.953,16.484
732,0.48818,102.63
733,61.021,52.756
734,-54.863,-8.2375
735,-81.485,-31.337
736,-77.438,35.39
737,36.104,-88.323
738,-46.801,-7.4479
739,72.228,-13.412
740,-58.748,-87.408
741,-66.801,-70.633
742,-3.9327,-35.573
743,85.693,-16.286
744,52.698,-81.361
745,18.254,-80.415
746,55.828,39.598
747,68.008,35.492
748,-44.571,11.823
749,-0.7528,80.661
750,-39.036,30.656
751,32.271,-75.173
752,17.666,-20.421
753,54.298,-81.766
754,44.639,-73.497
755,57.86,40.139
756,-4.4406,-15.873
757,-50.437,45.713
758,-57.648,54.094
759,-51.133,-28.274
760,-2.0917,-55.75
761,58.671,11.412
762,-5.5577,-22.715
763,69.991,-7.31
764,50.651,-45.473
765,5.0034,-30.553
766,-8.5755,-27.361
767,7.6852,-79.667
768,20.987,78.245
769,48.234,-65.638
770,-82.482,25.055
771,28.33,56.199
772,65.489,-2.3137
773,39.524,-91.064
774,38.763,-14.966
775,-79.027,-51.329
776,-56.318,-2.0087
777,50.979,-71.241
778,12.286,-1.9242
779,83.713,-0.71386
780,67.39,-56.788
781,56.247,1.7903
782,-64.699,7.7057
783,-19.625,-93.816
784,20.343,42.09
785,-13.399,-86.703
786,40.89,61.646
787,8.0215,30.833
788,43.837,-73.33
789,32.594,14.838
790,-2.8234,74.945
791,-48.004,-31.766
792,-62.067,57.947
793,-58.186,-12.163
794,12.292,-17.623
795,37.048,-3.2046
796,-67.088,-69.557
797,36.235,-5.2904
798,-4.0274,-28.984
799,72.063,-56.63
800,11.431,6.6694
801,-40.335,35.596
802,37.222,-89.391
803,51.447,14.082
804,-2.3785,-29.371
805,85.068,-41.393
806,59.452,-54.113
807,80.066,-18.813
808,-94.917,14.913
809,17.797,-20.459
810,81.315,0.24177
811,25.042,-44.532
812,-13.946,-74.271
813,-91.974,18.642
814,76.436,54.658
815,74.317,-61.768
816,35.773,24.391
817,41.302,-72.592
818,53.964,-82.366
819,59.558,-18.727
820,29.943,-40.262
821,4.142,-26.48
822,-9.7255,-92.61
823,-9.9912,-30.978
824,42.579,24.926
825,-56.058,39.296
826,-39.066,74.942
827,-63.547,22.245
828,70.589,64.674
829,-58.017,-12.655
830,-65.27,-71.762
831,6.6336,-61.939
832,-0.85426,-45.046
833,-9.1888,-17.854
834,-94.65,19.997
835,-7.9281,-49.625
836,31.227,-65.848
837,7.0355,71.36
838,-26.656,-95.376
839,55.597,52.338
840,-5.1509,76.173
841,45.476,-66.462
842,-23.311,46.495
843,21.172,-53.488
844,-21.976,16.8
845,80.3,-53.437
846,-28.62,-54.531
847,23.693,-95.973
848,36.346,17.517
849,-3.8184,-55.909
850,12.24,-27.901
851,57.05,41.973
852,4.2435,56.323
853,1.9947,70.985
854,-52.855,-7.4
855,-29.033,29.724
856,-54.569,3.0684
857,21.73,-46.522
858,5.8721,-24.668
859,90.558,-19.714
860,-14.466,-34.3
861,-1.9145,-48.228
862,6.6137,-77.18
863,-7.6865,-91.892
864,37.401,27.003
865,24.381,23.195
866,-55.103,-58.18
867,-17.105,-63.894
868,10.723,-41.46
869,-18.267,-54.514
870,-34.217,25.685
871,35.172,-64.614
872,7.8862,-61.914
873,31.278,-93.155
874,47.418,-31.465
875,80.074,-33.012
876,54.693,9.9212
877,83.364,-9.4364
878,29.671,-23.961
879,-59.391,-85.732
880,77.759,-47.766
881,53.258,-41.462
882,-103.83,-2.2634
883,-53.334,-21.711
884,70.501,-58.878
885,45.38,-11.797
886,37.156,-18.472
887,30.466,-11.986
888,-19.785,-40.256
889,35.639,-20.187
890,-66.628,7.7586
891,68.595,-38.538
892,-0.63851,-28.275
893,57.701,-71.172
894,35.556,-92.09
895,-68.234,-68.23
896,37.937,40.938
897,-2.5922,-35.007
898,-16.667,84.939
899,26.548,81.077
900,59.246,41.732
901,13.221,74.263
902,10.82,77.903
903,-49.169,-24.2
904,3.3484,54.35
905,-31.286,93.552
906,40.105,-12.595
907,62.716,-10.507
908,31.757,-39.616
909,70.781,-6.8145
910,-13.109,-52.676
911,49.194,-49.737
912,13.197,-81.098
913,-27.299,40.925
914,31.755,13.079
915,-24.802,-101.52
916,27.835,-93.161
917,-29.42,-70.748
918,-48.419,-87.451
919,84.939,-15.62
920,58.957,-75.756
921,30.03,-3.0852
922,64.941,15.65
923,-33.592,92.524
924,21.771,-8.2939
925,4.8466,68.444
926,61.852,52.405
927,-13.187,77.804
928,-21.923,80.23
929,-9.0465,-94.04
930,-46.58,-89.346
931,77.424,-48.693
932,88.663,-29.583
933,-56.568,-9.6468
934,-35.563,58.774
935,-44.154,37.783
936,38.057,-8.5928
937,70.316,-38.239
938,-73.142,62.981
939,-0.047329,-61.939
940,28.838,33.651
941,1.4404,-65.089
942,99.701,-67.713
943,38.229,-20.35
944,-64.791,-80.07
945,17.857,-20.532
946,-65.493,5.3262
947,46.642,29.485
948,-16.92,-31.482
949,-10.776,-74.339
950,-42.699,-90.968
951,45.009,-56.802
952,59.203,-52.67
953,-3.5465,-90.764
954,3.0394,-59.631
955,42.051,-28.799
956,42.518,-5.8276
957,60.104,52.481
958,-36.196,-14.415
959,-23.928,43.225
960,-33.531,42.13
961,32.991,-67.217
962,89.607,8.8495
963,-50.235,60.096
964,0.66689,102.76
965,-15.496,89.848
966,-5.0913,-36.675
967,32.363,-92.62
968,20.923,-37.449
969,25.468,-51.574
970,-45.621,3.007
971,-40.206,42.619
972,-61.531,-27.134
973,-1.78,-53.595
974,36.943,-12.185
975,48.494,-88.86
976,-14.822,-92.589
977,44.477,-10.78
978,61.338,-55.878
979,48.313,-45.239
980,23.348,-95.46
981,22.798,-92.978
982,25.539,4.1887
983,3.0995,70.879
984,37.268,11.715
985,-2.2107,-26.019
986,20.813,-42.909
987,13.327,-39.407
988,41.025,45.004
989,3.8444,60.495
990,34.382,-84.196
991,57.394,46.444
992,-8.6478,-95.426
993,46.471,-16.058
994,43.895,-70.165
995,45.174,-61.199
996,-103.32,-1.4007
997,37.554,83.193
998,0.97427,54.765
999,38.2,40.371
1000,39.972,78.507
1001,-6.0143,102.9
1002,28.229,-80.891
1003,-57.889,-12.779
1004,-38.237,43.601
1005,-12.485,-54.793
1006,-52.395,60.081
1007,-12.971,-38.783
1008,58.218,10.915
1009,10.04,-83.054
1010,56.092,26.654
1011,73.595,-3.2678
1012,85.675,-8.9897
1013,58.428,-77.03
1014,-70.524,12.222
1015,-69.414,-75.05
1016,44.394,-34.989
1017,29.485,-59.956
1018,39.859,83.788
1019,26.976,-51.14
1020,-41.396,-11.164
1021,11.014,-35.069
1022,6.0194,-60.148
1023,-7.6165,13.265
1024,35.4,-21.964
1025,-58.823,17.305
1026,36.569,-19.586
1027,25.884,-55.705
1028,59.574,-75.577
1029,67.462,-60.294
1030,40.776,45.048
1031,52.955,35.024
1032,24.99,-73.033
1033,37.226,25.301
1034,0.62363,48.906
1035,-1.2679,19.34
1036,36.735,-66.188
1037,27.173,30.502
1038,78.459,-18.667
1039,46.652,-84.983
1040,-102.15,-13.562
1041,42.654,89.716
1042,-56.008,-20.54
1043,51.555,22.145
1044,87.281,-5.7393
1045,54.345,-72.933
1046,63.314,-24.894
1047,-5.6347,-57.809
1048,47.224,-41.87
1049,0.70644,31.954
1050,8.9976,56.279
1051,-33.35,68.613
1052,-2.5923,73.354
1053,-34.038,40.344
1054,7.5455,-50.512
1055,21.375,-74.432
1056,40.293,-91.037
1057,44.71,-33.223
1058,26.404,-17.967
1059,3.8308,-61.173
1060,4.2769,-84.561
1061,77.687,-60.014
1062,27.183,-82.968
1063,19.475,-37.176
1064,-69.726,72.204
1065,-42.292,50.165
1066,-21.814,80.213
1067,36.177,-17.956
1068,82.89,-20.977
1069,46.257,-79.444
1070,32.248,-56.311
1071,-29.798,78.876
1072,4.7392,76.116
1073,10.758,-4.9171
1074,19.962,-92.258
1075,30.938,23.031
1076,10,-22.275
1077,39.151,47.532
1078,87.638,-25.011
1079,69.171,-41.644
1080,-94.349,20.247
1081,20.39,41.603
1082,45.667,-33.065
1083,-46.703,14.414
1084,-23.027,35.702
1085,37.017,-48.614
1086,62.766,51.068
1087,-32.428,-81.625
1088,36.717,-6.0342
1089,73.321,-47.898
1090,3.9089,-26.735
1091,47.76,-6.6963
1092,-63.935,-84.424
1093,75.612,1.8652
1094,27.332,-81.154
1095,-2.3812,-88.859
1096,5.7106,-6.3685
1097,13.271,31.701
1098,-2.0087,-58.809
1099,4.2074,-12.049
1100,-3.5431,102.77
1101,21.026,-55.908
1102,-41.469,57.085
1103,-52.887,72.324
1104,80.595,-31.679
1105,79.655,-15.672
1106,36.052,-20.64
1107,5.8889,-60.006
1108,60.912,-13.876
1109,-46.005,66.223
1110,21.309,78.265
1111,-3.9737,34.72
1112,-26.069,55.492
1113,16.192,-40.388
1114,42.887,-14.459
1115,34.626,-17.974
1116,34.422,14.199
1117,60.997,-55.113
1118,5.5568,-33.459
1119,-49.659,-88.217
1120,23.585,3.5292
1121,-9.9764,-69.618
1122,34.671,-76.551
1123,-42.722,89.138
1124,77.219,46.351
1125,-11.262,-63.331
1126,-26.128,53.254
1127,37.871,-56.861
1128,-6.7672,-93.252
1129,52.334,-86.512
1130,60.183,-16.912
1131,84.298,-20.337
1132,43.535,-74.002
1133,-11.395,101.6
1134,-16.632,99.278
1135,14.167,6.1705
1136,-51.574,-19.512
1137,-46.731,44.854
1138,16.412,80.537
1139,17.943,-22.183
1140,75.149,0.82886
1141,31.018,-15.829
1142,-16.269,-52.761
1143,-1.0677,87.906
1144,-42.657,-87.502
1145,-23.556,94.308
1146,12.115,-20.017
1147,-16.863,99.251
1148,-7.7492,78.523
1149,-10.382,42.259
1150,-57.013,50.956
1151,16.958,3.4028
1152,83.495,-17.825
1153,-74.177,0.53718
1154,44.737,-82.328
1155,47.661,23.437
1156,63.091,-62.677
1157,84.887,-22.912
1158,62.01,37.962
1159,-43.071,12.091
1160,69.069,27.399
1161,-74.532,-6.8357
1162,-2.8062,-35.088
1163,-74.65,14.003
1164,33.827,-65.296
1165,39.525,-56.1
1166,64.915,51.73
1167,-23.418,-71.347
1168,27.707,-82.593
1169,-44.325,36.869
1170,29.986,-17.963
1171,79.463,44.979
1172,44.111,-13.396
1173,82.113,-17.054
1174,86.123,-4.9519
1175,65.775,-27.708
1176,0.33152,-51.076
1177,85.845,-37.069
1178,88.545,-27.392
1179,18.474,-92.212
1180,52.604,-31.004
1181,82.773,-49.855
1182,25.286,-72.89
1183,44.171,-74.666
1184,74.79,-47.406
1185,42.321,-79.681
1186,25.897,-96.346
1187,-104.09,-1.2494
1188,-50.997,-1.859
1189,19.01,36.745
1190,-34.201,72.826
1191,-21.873,80.02
1192,-30.371,95.725
1193,0.47833,102.53
1194,-15.424,-42.585
1195,42.752,-57.456
1196,27.598,-93.577
1197,61.857,-14.27
1198,3.5967,-25.14
1199,59.082,-76.974
1200,-9.3449,-42.397
1201,-67.86,-67.606
1202,-24.77,-92.615
1203,5.7967,-18.781
1204,33.784,79.741
1205,-55.885,-29.802
1206,-57.478,-30.964
1207,10.697,-83.149
1208,-46.969,-64.745
1209,5.0721,-84.34
1210,4.0663,-84.208
1211,16.769,-5.7915
1212,65.789,26.091
1213,43.991,81.167
1214,37.048,-6.0739
1215,79.429,-33.322
1216,36.339,-27.694
1217,-52.009,-88.244
1218,3.1219,-41.048
1219,78.159,-53.13
1220,14.229,-31.483
1221,-24.234,51.013
1222,2.2555,55.575
1223,-45.823,70.644
1224,56.572,-86.513
1225,0.10123,-15.995
1226,-94.148,16.153
1227,43.372,-47.993
1228,3.1433,70.308
1229,19.328,-56.534
1230,26.89,99.461
1231,55.794,-3.7983
1232,12.531,15.74
1233,84.304,-10.937
1234,82.894,-46.495
1235,-70.189,-9.7346
1236,3.8543,68.679
1237,-3.0242,54.017
1238,13.24,-43.79
1239,76.914,-30.695
1240,58.293,-74.004
1241,36.687,86.463
1242,-35.811,58.061
1243,-62.998,50.602
1244,-11.536,-82.865
1245,-66.47,-2.8676
1246,58.834,-39.188
1247,34.236,-17.293
1248,21.358,-44.83
1249,45.883,-65.88
1250,81.956,-48.483
1251,-42.271,8.8576
1252,33.759,26.265
1253,31.449,18.56
1254,62.607,46.965
1255,-12.501,-41.432
1256,-25.693,-61.629
1257,-33.565,-39.434
1258,1.3066,56.783
1259,5.499,-8.0429
1260,-61.167,-9.7269
1261,4.3582,85.661
1262,2.4136,55.665
1263,-61.08,58.733
1264,41.276,-6.8737
1265,61.037,-10.269
1266,60.641,-51.518
1267,84.579,-3.0219
1268,44.164,-78.732
1269,-3.5971,-57.243
1270,51.633,32.315
1271,69.412,-3.0154
1272,26.971,30.938
1273,-25.467,-97.558
1274,-13.074,46.103
1275,-0.12672,53.832
1276,-15.795,86.209
1277,-46.144,-30.176
1278,-39.77,57.409
1279,59.112,11.915
1280,-1.8454,-45.151
1281,-17.619,-30.323
1282,29.117,-21.352
1283,-74.638,-7.0214
1284,76.747,-55.605
1285,33.802,-73.549
1286,59.958,-64.018
1287,64.778,21.505
1288,13.288,0.14891
1289,49.336,-10.539
1290,61.454,53.233
1291,35.457,-76.435
1292,36.361,25.344
1293,-27.301,44.138
1294,81.777,48.165
1295,57.028,24.274
1296,49.895,-71.818
1297,50.651,25.448
1298,51.931,-5.8592
1299,55.514,6.9855
1300,-1.8934,-43.753
1301,35.287,-14.437
1302,75.493,-56.951
1303,2.2603,56.761
1304,-1.627,10.406
1305,18.608,-36.495
1306,-50.322,-70.193
1307,-42.591,0.05787
1308,31.925,20.544
1309,17.6,-91.07
1310,35.78,-21.765
1311,11.619,-57.378
1312,63.395,-4.5687
1313,42.038,-8.0037
1314,35.705,-89.594
1315,72.989,-49.777
1316,67.81,-4.6362
1317,-1.3685,51.382
1318,30.204,4.4125
1319,14.412,-20.66
1320,2.3273,16.833
1321,48.231,87.358
1322,82.084,-27.249
1323,-2.9267,-42.721
1324,-21.853,5.5331
1325,40.338,-12.875
1326,87.46,-28.785
1327,79.602,-36.838
1328,60.205,-63.413
1329,5.9001,-34.58
1330,-49.588,-88.002
1331,-21.802,-71.041
1332,-35.546,64.259
1333,-51.958,55.722
1334,-31.973,-11.391
1335,57.622,-0.95974
1336,70.503,-12.444
1337,-61.036,30.5
1338,36.177,-14.981
1339,35.962,16.341
1340,20.754,41.41
1341,84.037,-12.971
1342,59.442,-56.745
1343,40.451,-16.85
1344,54.295,-26.302
1345,19.423,-19.413
1346,55.881,-56.042
1347,13.861,-58.05
1348,-47.825,-89.466
1349,43.634,-55.504
1350,15.426,-28.651
1351,-17.681,-73.408
1352,8.7808,-9.3932
1353,32.437,-7.8519
1354,40.776,-81.826
1355,4.2135,-33.504
1356,32.723,-25.944
1357,35.449,-90.877
1358,-11.232,-92.247
1359,44.103,59.902
1360,31.638,-62.077
1361,-38.836,44.533
1362,-15.718,-28.077
1363,29.5,-17.64
1364,33.071,-31.967
1365,28.651,-66.684
1366,84.916,-10.675
1367,25.227,-72.732
1368,18.907,-96.179
1369,66.674,29.849
1370,0.61859,48.878
1371,-45.495,67.597
1372,-37.353,84.928
1373,75.235,-0.17534
1374,-48.628,-90.009
1375,78.796,0.087161
1376,30.944,-39.889
1377,45.15,-76.413
1378,42.063,-47.895
1379,69.12,49.134
1380,2.8764,-65.044
1381,-26.981,90.844
1382,-9.3343,-87.623
1383,65.691,-9.8458
1384,-73.003,5.5666
1385,48.514,-75.268
1386,1.1981,1.4726
1387,57.459,6.7848
1388,51.782,25.963
1389,-3.5432,98.346
1390,14.789,-5.0263
1391,-32.749,6.771
1392,30.108,97.422
1393,-46.323,67.002
1394,-61.385,55.736
1395,-23.064,81.591
1396,-38.485,43.326
1397,88.309,-21.166
1398,-65.086,7.7772
1399,67.69,-22.634
1400,4.3197,-28.958
1401,-65.568,5.2676
1402,68.798,-61.767
1403,56.574,-71.444
1404,-55.05,62.516
1405,30.403,21.702
1406,-87.378,31.349
1407,-2.8976,-13.646
1408,-38.439,43.396
1409,26.128,-81.985
1410,37.233,-16.245
1411,84.212,-19.703
1412,61.275,-12.17
1413,-11.613,14.664
1414,31.171,24.901
1415,-20.165,-65.685
1416,41.688,6.39
1417,9.32,-11.331
1418,-53.796,-44.46
1419,11.665,-71.455
1420,27.758,-41.939
1421,-6.8619,-68.286
1422,59.661,51.664
1423,33.812,-88.359
1424,41.829,-12.129
1425,-10.922,-15.96
1426,77.255,-7.3613
1427,43.33,37.918
1428,40.689,-6.7259
1429,-18.825,-35.935
1430,37.451,-62.084
1431,-8.2058,102.71
1432,22.209,-92.707
1433,-11.803,-73.202
1434,1.1661,-13.671
1435,33.175,14.595
1436,0.7884,-62.632
1437,-23.816,18.496
1438,-47.575,53.093
1439,-67.803,70.308
1440,26.67,81.119
1441,17.886,-83.131
1442,61.121,-4.3228
1443,77.375,-53.681
1444,61.71,-4.3499
1445,38.433,-12.47
1446,74.72,-53.974
1447,65.054,-19.888
1448,-11.783,-93.074
1449,10.429,-17.075
1450,30.072,18.049
1451,29.354,35.195
1452,31.196,-23.838
1453,-65.588,4.7412
1454,44.32,-88.946
1455,14.907,-4.1985
1456,-4.6603,41.382
1457,-26.124,44.847
1458,71.172,-56.966
1459,4.0209,-53.583
1460,-54.431,-86.56
1461,-30.048,-72.939
1462,61.366,-63.218
1463,90.189,-20.918
1464,16.121,-4.2949
1465,2.1168,42.124
1466,-52.047,1.2835
1467,-1.9472,-82.974
1468,61.403,53.479
1469,39.926,-12.342
1470,-69.702,-75.002
1471,4.2595,-31.563
1472,37.417,-22.304
1473,63.861,-22.757
1474,6.5071,-30.255
1475,68.966,46.322
1476,10.59,69.742
1477,-13.924,-71.765
1478,55.271,79.938
1479,-14.461,44.219
1480,29.766,52.63
1481,-63.685,70.293
1482,50.777,-45.351
1483,28.154,33.747
1484,56.886,-67.131
1485,47.353,-29.657
1486,62.047,-64.218
1487,2.2353,-64.77
1488,33.122,-75.164
1489,-0.15339,77.427
1490,0.41818,-49.558
1491,57.306,-2.2081
1492,66.225,-51.106
1493,11.298,-39.991
1494,51.995,-70.652
1495,28.808,32.855
1496,83.446,-26.862
1497,47.87,-57.515
1498,57.838,-71.275
1499,54.619,-60.114
1500,47.5,-25.912
1501,31.766,34.645
1502,56.942,43.385
1503,-9.7455,-87.762
1504,-66.87,-59.336
1505,30.76,45.978
1506,28.866,2.1024
1507,12.728,-65.41
1508,-7.6279,56.309
1509,-2.2388,-53.732
1510,7.1748,75.22
1511,-23.402,-11.058
1512,2.9383,-40.915
1513,-28.657,-94.98
1514,53.037,-66.589
1515,-17.546,77.62
1516,-34.753,66.17
1517,-65.684,-54.125
1518,11.187,-70.866
1519,34.935,20.05
1520,-22.705,18.857
1521,19.017,-61.375
1522,-51.871,-19.517
1523,-32.437,33.8
1524,-37.851,-83.451
1525,42.266,33.493
1526,36.386,-8.982
1527,-69.734,-78.193
1528,-50.325,-89.103
1529,54.51,-64.926
1530,-74.38,53.542
1531,29.983,18.085
1532,31.396,23.742
1533,41.707,50.76
1534,54.642,-77.58
1535,1.5307,-65.246
1536,89.763,-17.721
1537,45.943,8.4983
1538,35.434,-6.5518
1539,35.315,-19.442
1540,10.714,1.2727
1541,83.974,-29.722
1542,40.043,-12.881
1543,60.983,-54.244
1544,58.31,-67.757
1545,-15.12,-79.448
1546,14.281,-81.301
1547,26.74,99.64
1548,35.242,-85.411
1549,-84.847,25.998
1550,-9.1717,76.668
1551,-40.3,57.469
1552,-14.014,101.7
1553,-61.202,73.567
1554,26.038,-17.943
1555,33.693,-19.986
1556,52.441,-51.052
1557,-75.399,12.054
1558,78.65,-57.265
1559,35.936,-67.23
1560,6.393,-84.111
1561,-55.039,63.854
1562,22.639,21.768
1563,21.369,-11.042
1564,9.8671,-3.7225
1565,33.744,55.594
1566,-52.312,70.805
1567,30.381,-21.908
1568,64.748,-6.6002
1569,45.15,-31.175
1570,39.122,-10.545
1571,-14.696,-43.374
1572,-64.168,7.5338
1573,82.182,-25.645
1574,23.359,-67.688
1575,59.61,-56.611
1576,8.8656,-47.582
1577,13.295,-5.0801
1578,-49.478,-50.865
1579,17.769,-32.828
1580,-16.096,-29.478
1581,8.0001,69.324
1582,-47.316,61.674
1583,-85.38,-22.258
1584,38.392,-13.067
1585,55.895,-3.6705
1586,-61.59,-66.873
1587,-6.7675,-30.691
1588,21.304,-62.276
1589,25.456,-51.699
1590,-11.073,103.02
1591,16.126,-39.765
1592,-51.404,-14.855
1593,70.696,-16.709
1594,45.155,-32.274
1595,32.058,-23.07
1596,47.72,-56.472
1597,78.747,-48.366
1598,31.901,-91.692
1599,27.098,-79.944
1600,25.449,-73.015
1601,-23.897,-83.094
1602,36.947,42.598
1603,-13.443,-81.304
1604,25.13,81.733
1605,47.513,-20.397
1606,-2.1139,72.479
1607,76.694,-5.0313
1608,27.23,-17.944
1609,-8.9001,-58.931
1610,-11.017,-85.149
1611,-0.56119,79.818
1612,-30.093,40.333
1613,-19.25,-93.479
1614,5.3025,-32.661
1615,-40.093,67.873
1616,-35.506,65.327
1617,-67.81,71.391
1618,53.76,45.383
1619,27.252,5.0791
1620,6.2122,62.061
1621,38.554,33.469
1622,-26.298,55.316
1623,30.81,-92.413
1624,82.108,-41.044
1625,53.288,-0.70843
1626,60.933,-72.214
1627,56.263,26.418
1628,-102.32,-5.6143
1629,35.701,15.216
1630,-10.394,-89.441
1631,6.2196,-7.5506
1632,-31.478,74.465
1633,5.6393,-76.512
1634,-10.853,-68.509
1635,39.497,87.696
1636,-100.74,32.169
1637,-32.613,41.759
1638,74.058,-0.67506
1639,3.5155,-68.045
1640,53.459,-64.733
1641,63.416,-59.754
1642,-68.819,-13.928
1643,-44.446,-34.379
1644,5.1695,68.163
1645,-1.1418,-60.738
1646,-5.0023,-42.603
1647,60.909,45.945
1648,70.651,41.561
1649,59.928,-62.032
1650,20.101,-34.586
1651,-33.923,8.1079
1652,37.249,-11.253
1653,20.081,-23.025
1654,32.607,-15.991
1655,-66.373,-80.924
1656,42.367,-56.08
1657,63.37,-59.697
1658,-23.489,-71.522
1659,-21.767,-68.172
1660,-60.116,57.527
1661,-19.727,-72.565
1662,3.9478,-24.977
1663,3.928,-68.517
1664,-55.598,6.7147
1665,26.374,-15.532
1666,56.155,-40.056
1667,23.934,-95.725
1668,70.296,-11.86
1669,-17.737,-53.718
1670,52.433,-81.652
1671,-15.172,44.148
1672,54.202,-79.502
1673,10.261,-54.479
1674,47.959,-90.342
1675,46.727,20.579
1676,-72.059,-3.5851
1677,-28.588,-71.633
1678,26.761,-17.826
1679,48.064,-75.15
1680,66.436,-11.832
1681,52.566,-57.58
1682,-10.18,-69.358
1683,17.362,-8.1095
1684,-10.418,-84.424
1685,18.934,79.598
1686,68.153,-48.429
1687,-44.766,4.4188
1688,51.959,-57.481
1689,-14.28,-32.576
1690,-70.232,8.1535
1691,-18.118,-36.081
1692,-55.892,-88.288
1693,21.918,-91.231
1694,20.595,69.318
1695,-3.2462,-58.146
1696,9.8462,74.93
1697,18.605,-48.783
1698,-11.832,77.995
1699,-88.525,27.178
1700,-43.833,63.741
1701,-37.452,46.453
1702,-40.13,86.352
1703,53.287,6.9638
1704,-81.664,35.186
1705,90.087,-16.879
1706,76.904,-33.118
1707,-103.9,1.876
1708,64.604,-8.9014
1709,37.895,-23.052
1710,53.419,-81.98
1711,-90.78,16.805
1712,-27.913,-98.047
1713,-26.321,-57.05
1714,-33.242,72.732
1715,14.031,7.4447
1716,26.294,-52.316
1717,-23.807,29.488
1718,80.126,50.233
1719,37.194,-15.041
1720,48.939,-86.327
1721,79.778,-7.5276
1722,-9.9295,-90.521
1723,-55.343,1.1908
1724,16.8,-75.982
1725,11.324,49.658
1726,-35.518,34.111
1727,-3.2195,-34.663
1728,86.837,-3.5102
1729,40.436,-16.763
1730,4.5893,-25.614
1731,53.427,-65.357
1732,67.268,-57.491
1733,-2.3925,18.437
1734,26.011,-51.348
1735,70.734,65.567
1736,1.4322,102.95
1737,22.898,67.439
1738,57.803,-0.84048
1739,28.745,-66.944
1740,6.6426,-31.032
1741,52.199,-87.184
1742,-37.797,-74.087
1743,11.996,-55.486
1744,12.873,-1.6048
1745,4.8402,-84.166
1746,33.062,0.53525
1747,37.076,36.569
1748,23.098,66.182
1749,-5.669,-36.42
1750,26.232,-94.316
1751,23.069,-17.778
1752,47.261,-26.57
1753,74.356,2.4297
1754,25.202,-72.442
1755,3.3698,-84.971
1756,-51.059,-14.47
1757,-27.705,31.873
1758,-7.9576,-36.345
1759,-82.096,3.4068
1760,24.451,-84.677
1761,43.144,-73.713
1762,19.158,-56.916
1763,6.39,-15.147
1764,-15.321,-92.095
1765,23.275,-67.695
1766,48.308,86.716
1767,-58.196,69.36
1768,-61.262,72.558
1769,-44.207,37.792
1770,52.525,15.989
1771,50.247,-35.948
1772,84.948,-28.637
1773,-5.2519,-23.675
1774,84.89,-10.862
1775,65.217,-21.918
1776,43.254,-59.354
1777,12.539,-71.861
1778,11.72,72.599
1779,23.502,-90.372
1780,85.903,-10.869
1781,-63.254,78.76
1782,-11.106,84.181
1783,-34.477,56.35
1784,59.189,-18.371
1785,40.039,-8.956
1786,-20.034,-82.412
1787,-47.542,51.72
1788,0.37451,-62.279
1789,-1.7541,42.985
1790,101.44,-51.016
1791,-51.686,63.529
1792,34.492,-86.211
1793,44.704,-83.27
1794,11.532,-33.344
1795,-60.786,74.077
1796,-8.7191,79.747
1797,81.054,-6.0651
1798,27.125,-19.361
1799,53.776,-66.478
1800,34.082,-90.071
1801,79.243,-47.471
1802,-44.558,-34.701
1803,48.131,29.479
1804,11.558,-67.314
1805,-60.88,-30.916
1806,54.632,-83.965
1807,-14.229,-28.237
1808,79.757,-2.369
1809,41.79,4.5847
1810,19.831,-19.369
1811,-72.8,16.215
1812,-30.046,-31.776
1813,11.706,-72.324
1814,44.261,62.205
1815,59.253,39.11
1816,-57.068,46.676
1817,-32.697,-45.597
1818,84.041,-49.09
1819,84.555,-3.5458
1820,49.47,-77.077
1821,32.127,-67.837
1822,43.779,-60.067
1823,64.341,-54.463
1824,-99.219,23.802
1825,8.6946,0.26977
1826,39.508,12.502
1827,33.144,-73.1
1828,11.461,-7.7088
1829,-38.969,-82.741
1830,45.754,-33.31
1831,2.8151,-54.054
1832,40.265,-12.201
1833,29.307,-22.312
1834,0.17084,-80.245
1835,60.004,-67.16
1836,44.298,-74.961
1837,63.869,-22.078
1838,16.128,57.386
1839,74.061,-53.485
1840,1.5293,8.2325
1841,23.09,-87.113
1842,16.588,-72.425
1843,34.945,-46.605
1844,85.563,-23.65
1845,36.965,-13.986
1846,79.1,-0.35076
1847,69.865,-6.2929
1848,24.031,-62.428
1849,11.538,-85.277
1850,9.6063,-46.76
1851,90.34,-57.05
1852,-51.196,-38.996
1853,-57.403,-7.691
1854,-24.699,37.498
1855,-34.785,35.956
1856,41.956,3.3471
1857,46.566,-75.225
1858,92.413,-27.569
1859,29.414,-93.233
1860,79.707,-24.85
1861,54.487,-65.401
1862,74.284,-61.692
1863,11.956,-40.722
1864,-27.71,94.7
1865,41.277,39.92
1866,19.16,-77.718
1867,75.167,-58.26
1868,-16.003,53.954
1869,17.105,-11.605
1870,-32.785,-95.194
1871,15.064,50.17
1872,-33.983,32.846
1873,5.0344,-82.392
1874,-100.84,8.2303
1875,27.505,-86.986
1876,79.218,-31.772
1877,30.171,-41.554
1878,43.871,-89.236
1879,-1.5211,-65.326
1880,72.498,33.859
1881,-25.922,53.173
1882,44.261,-13.529
1883,24.74,-17.383
1884,-13.244,-33.849
1885,3.4125,-25.28
1886,34.948,-19.025
1887,6.3838,-32.824
1888,-74.744,16.802
1889,30.057,-65.12
1890,47.251,-85.016
1891,9.0209,-56.745
1892,-11.256,-66.2
1893,26.004,35.37
1894,-104.5,-12.087
1895,-40.941,11.743
1896,17.696,7.3132
1897,-82.466,25.548
1898,-41.624,56.148
1899,-37.457,-22.658
1900,-19.395,40.63
1901,89.984,-18.856
1902,29.472,-14.451
1903,6.9305,-53.474
1904,-66.55,10.099
1905,64.727,-20.709
1906,30.41,22.491
1907,4.5698,77.385
1908,29.787,-82.775
1909,39.353,-3.4533
1910,28.238,-52.269
1911,48.914,-61.492
1912,-8.3127,-87.93
1913,-98.864,13.831
1914,85.317,-32.004
1915,60.804,-14.197
1916,-64.088,23.243
1917,19.368,-21.397
1918,25.081,77.955
1919,-50.901,-83.812
1920,-51.823,12.859
1921,-9.2167,100.45
1922,-61.001,55.64
1923,-49.635,-7.4761
1924,-57.93,-61.006
1925,91.093,-13.195
1926,67.519,-4.5725
1927,31.063,33.183
1928,73.695,-47.106
1929,29.829,-90.51
1930,44.86,80.033
1931,-48.609,4.6586
1932,33.974,39.384
1933,19.194,-86.188
1934,-52.822,62.136
1935,-67.089,39.151
1936,-89.053,12.961
1937,37.015,10.643
1938,34.617,-7.1638
1939,38.347,-13.284
1940,-83.253,3.5522
1941,55.656,-52.632
1942,6.9546,-61.078
1943,3.9698,-76.195
1944,25.802,-89.546
1945,29.048,-92.212
1946,1.7327,56.852
1947,5.7107,-84.246
1948,18.896,7.0891
1949,-14.528,-22.789
1950,21.478,-10.553
1951,-28.44,18.753
1952,42.763,-71.546
1953,81.406,-32.098
1954,93.669,-66.543
1955,62.037,-61.007
1956,3.9941,-63.531
1957,29.718,-92.345
1958,17.947,-97.242
1959,1.6978,-57.148
1960,-76.687,-64.857
1961,23.327,-4.11
1962,8.3846,-70.471
1963,1.714,-80.193
1964,65.676,8.6586
1965,1.7358,-49.402
1966,43.991,54.911
1967,-10.503,-52.383
1968,33.261,-12.483
1969,40.828,5.6954
1970,74.689,-0.246
1971,50.2,-83.917
1972,92.65,-42.786
1973,83.809,-29.642
1974,37.176,-7.0041
1975,-24.103,-37.283
1976,-67.057,6.8768
1977,61.963,-18.701
1978,60.269,-63.195
1979,45.852,-73.509
1980,30.167,-96.529
1981,81.321,0.29856
1982,47.451,-26.614
1983,3.7867,-15.167
1984,38.047,33.65
1985,5.7305,14.893
1986,2.063,42.246
1987,12.228,-71.862
1988,49.343,-78.493
1989,21.021,78.215
1990,-84.883,25.689
1991,-59.779,50.931
1992,-46.04,46.746
1993,-56.373,-20.993
1994,58.852,-51.354
1995,22.562,-97.359
1996,63.6,-42.986
1997,40.974,30.033
1998,25.612,-4.638
1999,29.29,-64.491
2000,28.424,33.386
2001,-23.029,-26.655
2002,4.8368,57.965
2003,-45.317,-30.742
2004,-47.79,35.522
2005,-92.573,30.695
2006,36.844,-90.781
2007,54.269,-52.384
2008,57.672,-68.548
2009,35.598,-91.395
2010,59.739,-54.723
2011,25.259,-87.656
2012,29.396,28.597
2013,-44.599,-88.985
2014,49.099,-75.727
2015,-41.539,49.828
2016,13.246,-54.533
2017,-87.752,7.9364
2018,68.7,-13.484
2019,36.1,-20.273
2020,-72.956,16.255
2021,24.673,-88.458
2022,-13.069,-26.838
2023,1.0418,-64.315
2024,-9.6446,83.623
2025,-12.286,78.818
2026,-46.078,-32.952
2027,19.538,47.973
2028,-6.919,-92.473
2029,84.325,-7.8069
2030,1.5365,-43.946
2031,80.93,-42.615
2032,-35.672,64.095
2033,-4.8089,27.509
2034,-66.618,69.167
2035,-52.231,72.251
2036,41.851,-14.673
2037,48.396,6.1548
2038,82.822,-16.31
2039,-3.3778,-30.802
2040,79.454,-31.026
2041,-74.808,13.971
2042,-57.547,-60.576
2043,45.594,-37.142
2044,13.266,-68.952
2045,-49.057,67.359
2046,-37.209,84.733
2047,48.539,-86.339
2048,80.18,-18.12
2049,-10.586,-30.531
2050,84.178,-29.946
2051,17.855,-80.457
2052,77.338,34.862
2053,-68.373,74.426
2054,-35.28,-24.096
2055,82.223,-11.411
2056,-60.518,16.08
2057,17.783,-97.403
2058,-0.61605,-60.408
2059,19.271,-6.2065
2060,7.4667,-13.662
2061,-26.697,-97.662
2062,12.866,-22.041
2063,3.6271,-64.731
2064,2.8036,53.434
2065,-45.354,35.625
2066,-35.466,57.162
2067,25.576,-32.508
2068,37.558,-4.1105
2069,72.733,-0.25613
2070,84.831,-15.657
2071,-59.723,7.4234
2072,41.87,-68.888
2073,49.975,-83.779
2074,83.383,-49.39
2075,4.2895,-18.032
2076,12.698,54.221
2077,65.243,51.526
2078,-40.994,49.634
2079,25.476,-48.032
2080,-50.339,41.448
2081,72.975,-38.655
2082,-70.259,5.4015
2083,35.315,12.418
2084,60.177,9.0842
2085,-11.604,-31.083
2086,18.421,-21.904
2087,-11.917,85.233
2088,-26.065,-91.786
2089,-0.1274,34.985
2090,54.546,14.516
2091,27.197,-21.656
2092,25.274,-72.12
2093,52.193,-47.377
2094,30.589,27.697
2095,-18.946,-84.161
2096,-20.932,-73.732
2097,-17.979,-27.618
2098,10.692,77.734
2099,21.403,81.699
2100,-15.338,-42.867
2101,31.643,-40.065
2102,80.871,-15.449
2103,24.71,-20.206
2104,-67.021,-52.748
2105,-27.725,-104.74
2106,29.407,1.2645
2107,63.426,-4.5384
2108,40.424,-6.5315
2109,78.859,-56.612
2110,90.585,-25.351
2111,22.73,-97.853
2112,-21.83,-92.603
2113,12.294,-6.5618
2114,-25.695,-8.4368
2115,-37.492,32.49
2116,36.507,-59.979
2117,-25.441,-54.861
2118,52.904,-80.47
2119,60.711,-12.653
2120,-51.896,-84.263
2121,74.658,-0.35122
2122,4.1405,-56.14
2123,47.934,11.396
2124,57.351,-65.476
2125,77.793,-5.2313
2126,29.833,-90.678
2127,60.838,-54.178
2128,25.613,-9.5849
2129,2.2009,57.308
2130,1.2457,-56.826
2131,20.852,8.0299
2132,-12.277,65.421
2133,-52.708,62.549
2134,-72.946,68.62
2135,15.606,51.717
2136,-53,74.588
2137,-8.8586,80.971
2138,-54.205,71.248
2139,55.841,15.799
2140,27.905,33.469
2141,43.497,-70.542
2142,17.552,-72.837
2143,55.983,-64.36
2144,-38.391,-61.962
2145,37.152,-48.735
2146,29.621,42.76
2147,-12.144,16.308
2148,20.104,-8.6917
2149,3.927,-56.444
2150,70.631,-7.6791
2151,-2.6418,-91.592
2152,-101.1,-1.642
2153,70.5,-39.287
2154,5.3995,-33.089
2155,16.349,13.867
2156,14.72,-58.607
2157,43.274,14.737
2158,4.0357,-14.265
2159,-65.913,-78.111
2160,70.499,-34.905
2161,-48.275,6.4502
2162,-33.424,69.958
2163,-37.469,27.094
2164,53.015,-86.512
2165,-68.348,11.47
2166,59.074,-54.827
2167,49.34,-27.243
2168,-56.667,46.79
2169,-37.131,55.502
2170,-61.543,78.976
2171,-66.151,2.8295
2172,73.529,-0.55208
2173,48.576,-84.392
2174,49.797,-56.504
2175,1.6547,-65.106
2176,11.697,-81.417
2177,14.285,-30.693
2178,-15.323,-85.409
2179,-10.331,84.844
2180,-38.741,76.553
2181,-100.85,17.712
2182,59.999,-54.078
2183,31.807,-40.033
2184,56.468,-58.752
2185,22.518,-63.203
2186,-0.22129,37.271
2187,17.931,-37.781
2188,-50.067,-28.403
2189,-54.356,71.357
2190,33.045,95.225
2191,-22.764,81.742
2192,6.9612,-80.254
2193,8.7791,-62.05
2194,28.421,32.472
2195,1.07,-28.377
2196,3.8689,-33.717
2197,35.682,-39.548
2198,23.881,-94.424
2199,2.6138,-79.438
2200,-13.967,101.72
2201,82.6,44.157
2202,-6.0132,25.832
2203,30.177,22.382
2204,59.857,-59.146
2205,28.666,-28.281
2206,54.133,-60.304
2207,-7.1516,60.403
2208,32.827,-71.587
2209,1.3305,74.655
2210,34.473,25.187
2211,11.676,-81.998
2212,-1.6636,14.241
2213,1.9333,67.621
2214,31.656,57.048
2215,44.83,4.0597
2216,35.04,-7.2662
2217,64.313,-7.4339
2218,-74.747,-7.0784
2219,-10.218,-29.444
2220,-61.97,13.403
2221,31.078,-68.605
2222,6.3304,-83.78
2223,14.51,-30.912
2224,6.0318,-19.065
2225,45.666,88.578
2226,32.587,35.77
2227,-9.8175,-76.186
2228,-5.3988,102.08
2229,-56.741,45.35
2230,59.309,-50.913
2231,43.045,-33.579
2232,65.705,-3.5325
2233,86.593,-28.012
2234,46.946,-79.959
2235,17.839,-21.544
2236,26.532,0.69958
2237,4.4813,-62.829
2238,-37.022,69.172
2239,-42.818,8.302
2240,74.77,55.692
2241,-87.596,30.64
2242,19.628,82.077
2243,60.239,54.734
2244,2.3774,-57.962
2245,-53.642,-60.192
2246,45.043,-32.472
2247,43.852,9.2462
2248,55.477,20.239
2249,37.388,-13.275
2250,86.399,-5.5699
2251,74.035,-54.611
2252,84.25,-12.688
2253,-76.999,5.1246
2254,38.063,-57.977
2255,-74.485,-6.5201
2256,26.678,-93.84
2257,19.806,-85.192
2258,8.781,70.218
2259,29.376,32.686
2260,84.702,-4.336
2261,44.456,-43.978
2262,46.417,29.77
2263,-21.939,10.243
2264,26.535,-54.71
2265,16.001,79.786
2266,13.931,53.245
2267,31.725,78.869
2268,22.1,75.293
2269,49.633,3.377
2270,36.324,-9.3208
2271,15.715,-15.888
2272,7.252,-78.273
2273,45.163,-10.22
2274,40.528,-56.326
2275,7.0764,-74.659
2276,22.818,37.622
2277,-39.504,39.354
2278,53.787,-10.738
2279,31.506,-66.021
2280,-19.667,-105.39
2281,18.776,-20.23
2282,20.321,-19.466
2283,54.085,-64.638
2284,26.726,-92.279
2285,88.428,-6.7466
2286,-4.1782,51.239
2287,29.125,22.468
2288,-27.677,32.766
2289,24.755,-36.397
2290,-97.27,15.829
2291,58.037,-45.791
2292,66.275,-60.276
2293,42.264,-5.9944
2294,23.957,-87.104
2295,56.748,-86.073
2296,-11.483,-91.662
2297,2.3092,66.338
2298,2.9741,-84.728
2299,74.107,-62.255
2300,15.62,-85.951
2301,-31.973,73.136
2302,36.59,80.855
2303,10.654,37.835
2304,-4.3289,39.742
2305,13.574,-13.566
2306,58.377,-66.862
2307,59.896,-19.035
2308,-7.1003,-86.849
2309,52.953,-85.679
2310,89.445,-14.228
2311,38.67,-25.685
2312,69.021,-61.711
2313,32.169,-73.855
2314,-56.723,-87.117
2315,-39.002,31.553
2316,9.1018,45.897
2317,-59.628,-18.413
2318,51.062,-2.9512
2319,7.7146,-45.976
2320,80.509,-0.41983
2321,46.96,-80.968
2322,61.266,-4.3758
2323,-58.077,16.534
2324,-5.4234,-93.58
2325,66.799,-59.417
2326,-59.571,70.34
2327,0.72177,-61.227
2328,27.038,34.109
2329,2.0298,74.623
2330,-37.06,31.85
2331,28.301,33.761
2332,82.891,-43.27
2333,-47.859,-82.571
2334,-14.381,-65.309
2335,28.608,-28.005
2336,63.768,-67.563
2337,10.344,-80.121
2338,-40.026,35.737
2339,-53.829,71.327
2340,81.234,-16.611
2341,34.302,-89.564
2342,48.445,6.0501
2343,-2.521,-44.113
2344,-4.1575,-56.768
2345,82.565,-12.627
2346,82.435,-22.069
2347,34.234,-32.39
2348,-42.353,-32.414
2349,-21.24,-68.334
2350,12.592,-5.3861
2351,15.954,-62.343
2352,6.9528,-9.2582
2353,53.043,21.72
2354,4.6513,-81.674
2355,-104.93,0.19724
2356,53.01,-0.61635
2357,66.473,45.255
2358,60.79,-4.1513
2359,37.654,-79.107
2360,73.848,-56.904
2361,-103.56,-2.5703
2362,1.088,-12.066
2363,45.697,29.578
2364,24.261,-93.846
2365,0.48226,87.858
2366,-18.744,-47.898
2367,-13.115,66.914
2368,26.879,99.5
2369,15.2,-26.556
2370,69.155,-9.3366
2371,45.148,-10.947
2372,90.924,-30.117
2373,80.031,-32.385
2374,-28.786,-28.831
2375,61.803,-58.532
2376,58.46,-53.6
2377,23.391,-92.341
2378,0.11695,36.518
2379,34.715,-47.387
2380,-2.6686,100.53
2381,59.423,39.46
2382,35.695,93.205
2383,-30.755,33.929
2384,-73.054,-5.8192
2385,-47.006,-64.773
2386,38.012,-8.0046
2387,57.055,-64.946
2388,29.23,-91.913
2389,32.053,80
2390,5.1386,-84.679
2391,4.4358,27.733
2392,21.278,54.469
2393,-52.509,74.757
2394,-100.86,19.975
2395,-40.221,-62.053
2396,-35.786,65.235
2397,46.463,-46.519
2398,-15.464,-35.369
2399,-17.801,-40.348
2400,60.541,39.517
2401,-38.401,85.753
2402,54.97,-40.171
2403,-85.834,5.0779
2404,77.746,-51.602
2405,-59.172,-60.653
2406,13.225,-20.245
2407,1.8313,103.1
2408,-21.926,79.557
2409,61.365,-10.63
2410,40.605,-10.813
2411,91.699,-12.202
2412,20.771,-33.71
2413,60.829,-41.858
2414,66.633,-13.154
2415,-42.813,-0.56437
2416,38.284,-90.278
2417,33.101,15.035
2418,-2.1001,-53.534
2419,5.8931,-5.7174
2420,-32.864,73.723
2421,-58.503,-26.624
2422,-72.883,68.594
2423,-56.297,46.554
2424,-2.4213,-35.85
2425,3.7996,-25.073
2426,72.117,2.2552
2427,39.195,87.476
2428,41.653,-12.244
2429,13.98,-87.889
2430,-40.799,46.632
2431,7.2071,-76.499
2432,5.3213,-30.962
2433,5.0415,-78.918
2434,-60.501,74.093
2435,-8.184,-69.277
2436,2.3273,61.737
2437,2.1949,8.6605
2438,10.629,-46.136
2439,45.663,8.8089
2440,-97.465,15.599
2441,-44.355,-89.977
2442,66.807,-11.374
2443,48.377,-31.086
2444,65.811,-22.729
2445,22.14,-92.753
2446,70.375,-50.229
2447,-12.241,-53.681
2448,-22.142,37.05
2449,59.187,-5.4295
2450,77.601,-47.989
2451,36.999,-24.769
2452,-90.442,45.52
2453,24.372,-65.394
2454,7.6729,-59.375
2455,35.788,42.403
2456,3.7584,33.855
2457,19.192,-35.747
2458,5.6993,76.043
2459,-36.843,44.121
2460,-43.704,67.358
2461,83.549,-5.445
2462,-60.094,23.013
2463,11.969,-68.031
2464,2.905,-82.787
2465,55.719,43.197
2466,5.9854,-5.6061
2467,-2.1788,-82.931
2468,24.387,57.835
2469,-41.697,49.352
2470,24.251,80.803
2471,48.782,-29.519
2472,-15.269,-34.418
2473,2.1722,-29.976
2474,40.56,-8.7836
2475,86.428,-10.553
2476,2.4432,6.0865
2477,30.456,29.43
2478,19.467,-69.543
2479,70.693,-50.232
2480,-26.263,-90.837
2481,-16.923,-47.97
2482,-8.3158,84.112
2483,27.202,-43.173
2484,47.659,81.992
2485,4.2157,-31.66
2486,24.245,19.483
2487,-77.064,4.7034
2488,43.23,-57.088
2489,32.544,-23.62
2490,68.282,-23.908
2491,35.096,-60.595
2492,-10.111,-89.239
2493,20.12,-69.129
2494,12.705,8.6841
2495,-104.24,0.48287
2496,49.483,-33.143
2497,-10.076,-64.82
2498,37.209,32.866
2499,-35.271,55.842
2500,61.006,45.895
2501,37.065,-87.447
2502,6.9418,-76.738
2503,-12.015,-82.073
2504,44.846,-56.119
2505,0.9272,-62.488
2506,53.775,14.758
2507,34.612,-70.171
2508,-20.492,-65.301
2509,49.618,-84.426
2510,-44.157,88.147
2511,-19.522,-73.018
2512,9.0845,59.497
2513,-15.1,15.415
2514,-38.231,73.882
2515,32.634,11.925
2516,-52.313,72.607
2517,65.532,48.707
2518,4.1035,-25.245
2519,53.41,-45.58
2520,-45.152,-88.923
2521,31.703,-69.861
2522,-47.623,7.0827
2523,1.2687,-65.106
2524,0.030315,-88.446
2525,15.958,-0.26386
2526,-59.946,-10.089
2527,-50.32,-24.729
2528,37.606,80.463
2529,-4.0679,63.425
2530,83.207,-37.893
2531,53.35,6.8411
2532,73.983,-3.7674
2533,63.339,-0.24187
2534,70.384,-50.188
2535,68.273,-53.733
2536,19.629,-19.377
2537,-25.391,-103.09
2538,29.423,-96.955
2539,22.81,-90.954
2540,53.237,-52.568
2541,-12.192,-26.806
2542,8.0911,32.571
2543,-22.357,-60.176
2544,28.248,33.295
2545,5.7015,-56.601
2546,-57.109,-89.035
2547,-4.4898,-55.759
2548,-14.345,84.95
2549,-11.87,83.408
2550,28.998,98.714
2551,62.685,-45.241
2552,79.589,-35.294
2553,-57.974,-64.898
2554,-3.7042,-51.384
2555,18.845,-70.579
2556,3.2655,-53.959
2557,23.339,-4.1872
2558,11.131,-10.104
2559,-22.735,-89.097
2560,-53.416,-20.036
2561,11.314,-91.108
2562,32.342,79.821
2563,55.299,-3.1596
2564,27.982,-42.722
2565,45.877,-31.069
2566,-80.357,-9.8527
2567,37.486,-13.302
2568,2.1388,-49.252
2569,1.8785,-66.382
2570,43.777,-79.503
2571,48.588,-10.678
2572,13.803,-27.433
2573,2.6428,-82.354
2574,-39.075,37.285
2575,-53.528,-60.391
2576,56.192,-11.947
2577,-69.394,16.01
2578,26.589,-54.856
2579,37.742,27.49
2580,-36.209,65.738
2581,11.869,-72.151
2582,12.532,65.53
2583,-16.248,25.343
2584,-7.2081,13.624
2585,-63.709,-75.361
2586,-2.9052,-56.525
2587,19.775,48.984
2588,-10.203,42.999
2589,36.458,42.534
2590,-47.381,59.93
2591,-45.975,87.853
2592,48.76,-39.405
2593,90.437,-18.854
2594,52.476,-59.626
2595,3.9605,-58.064
2596,-5.2332,-26.68
2597,44.348,-88.965
2598,-1.164,102.36
2599,10.716,-13.625
2600,40.305,84.26
2601,19.998,-42.518
2602,-12.001,-85.466
2603,-98.808,1.2686
2604,36.959,-9.9944
2605,-63.023,6.0564
2606,60.335,-46.01
2607,3.1022,-81.463
2608,20.955,-59.855
2609,-32.904,-59.886
2610,-18.726,-40.07
2611,12.294,-35.886
2612,29.646,-21.39
2613,-76.431,15.508
2614,38.082,-90.892
2615,30.559,32.811
2616,-30.062,-96.182
2617,-82.491,-5.8586
2618,-12.183,35.992
2619,4.4036,59.01
2620,44.692,3.9457
2621,37.719,-17.708
2622,36.572,-18.713
2623,75.808,-59.264
2624,13.303,-59.586
2625,26.42,47.346
2626,21.942,-10.371
2627,27.38,30.643
2628,15.737,-39.052
2629,49.419,-63.635
2630,43.676,56.989
2631,14.165,-87.655
2632,34.851,3.7537
2633,-84.917,-0.95499
2634,1.9443,-48.303
2635,-62.717,-90.072
2636,60.781,6.0339
2637,49.479,-85.353
2638,53.349,-58.854
2639,-21.293,-73.254
2640,-26.745,-97.818
2641,-6.9521,78.311
2642,-40.274,53.596
2643,95.283,-60.108
2644,54.19,13.292
2645,17.827,-60.944
2646,42.848,-80.98
2647,21.125,-74.916
2648,7.4391,32.592
2649,27.169,-91.019
2650,-2.5595,21.929
2651,-52.391,72.189
2652,33.364,-14.859
2653,-64.873,7.6281
2654,47.855,14.152
2655,53.146,33.838
2656,-19.518,-104.76
2657,-41.978,-87.93
2658,36.304,-11.009
2659,50.593,-55.88
2660,52.956,-65.144
2661,3.7045,-58.617
2662,-49.82,19.889
2663,30.873,-60.427
2664,12.513,-14.154
2665,-35.04,-82.258
2666,-0.60401,-16.413
2667,23.576,77.03
2668,2.2231,70.959
2669,70.869,-14.383
2670,-1.981,-29.217
2671,66.164,-50.664
2672,46.546,-32.482
2673,-58.458,76.529
2674,4.7224,68.411
2675,24.477,80.384
2676,40.707,45.594
2677,-41.122,1.1593
2678,10.859,32.049
2679,-56.296,-31.63
2680,-35.567,27.212
2681,27.821,-92.03
2682,-91.053,6.6683
2683,50.119,15.966
2684,-62.197,-75.749
2685,-79.343,38.297
2686,5.0003,-82.791
2687,45.82,-43.468
2688,9.62,-81.07
2689,44.068,84.226
2690,32.167,36.684
2691,15.98,79.849
2692,52.09,-86.734
2693,20.114,22.574
2694,-39.218,29.31
2695,78.88,48.142
2696,43.722,45.669
2697,0.38222,-27.52
2698,30.41,-45.408
2699,47.593,-88.698
2700,-9.4135,-89.472
2701,49.279,-7.5765
2702,78.671,-47.398
2703,26.577,17.804
2704,-68.239,-80.093
2705,-12.653,43.605
2706,-40.579,-2.5542
2707,10.672,-35.101
2708,74.898,0.59838
2709,23.17,20.505
2710,-17.367,-41.593
2711,-33.033,-62.429
2712,-2.5651,-90.77
2713,3.878,-68.445
2714,-48.66,7.8931
2715,3.2308,70.912
2716,-48.024,53.194
2717,12.041,-26.737
2718,22.993,-40.128
2719,-86.994,7.1087
2720,24.327,-91.368
2721,38.387,-47.581
2722,50.371,-66.053
2723,23.187,-87.174
2724,46.802,-72.674
2725,76.184,-45.062
2726,56.993,14.732
2727,72.307,1.5265
2728,34.59,-36.026
2729,8.9031,-7.7953
2730,44.398,26.246
2731,25.419,-91.396
2732,32.098,-6.6017
2733,-89.392,26.947
2734,60.545,-0.52459
2735,28.918,35.626
2736,52.681,-57.198
2737,8.4088,-59.929
2738,3.4792,-77.108
2739,61.401,-62.51
2740,48.876,-25.937
2741,24.225,-38.397
2742,61.864,42.778
2743,-9.98,-64.394
2744,-14.305,101.87
2745,61.398,54.588
2746,-3.3104,-36.574
2747,28.102,33.096
2748,64.247,-9.5202
2749,59.256,-50.744
2750,45.419,-35.51
2751,-65.706,7.5592
2752,-56.649,-85.633
2753,59.463,-54.529
2754,43.982,-46.093
2755,-58.15,8.0506
2756,-25.967,-57.775
2757,-79.348,31.327
2758,-25.297,-102.48
2759,62.591,-7.5486
2760,4.343,-62.257
2761,34.495,-62.962
2762,7.7635,-80.795
2763,64.146,53.264
2764,-9.5985,-87.67
2765,-51.078,47.086
2766,-56.338,-61.04
2767,43.775,101.77
2768,60.779,42.496
2769,22.602,82.461
2770,-48.774,-22.185
2771,-32.625,22.468
2772,88.877,-18.464
2773,-64.865,8.104
2774,52.725,-52.193
2775,-22.164,-56.81
2776,-49.897,87.194
2777,49.818,-29.814
2778,31.43,-86.901
2779,68.743,-16.341
2780,82.006,-41.826
2781,35.35,-20.947
2782,45.039,29.509
2783,46.459,-47.935
2784,-55.058,-0.47306
2785,10.098,-83.074
2786,48.547,84.952
2787,64.25,-51.343
2788,-76.655,35.752
2789,14.433,-31.104
2790,29.251,-34.478
2791,-10.159,83.653
2792,3.1015,34.377
2793,9.1641,51.014
2794,50.131,-1.0544
2795,64.15,-7.4283
2796,-63.227,6.826
2797,79.324,-7.0688
2798,51.742,-57.919
2799,-59.342,66.14
2800,42.799,-81.586
2801,33.839,81.809
2802,-45.736,-20.164
2803,8.3113,36.359
2804,56.075,50.143
2805,-68.739,-67.592
2806,45.233,-33.895
2807,38.085,-73.69
2808,-18.388,-70.877
2809,43.214,46.058
2810,-56.444,-57.242
2811,24.402,80.496
2812,-42.532,88.639
2813,4.4971,27.791
2814,-47.63,48.214
2815,36.012,85.874
2816,69.552,67.4
2817,28.546,33.971
2818,50.578,5.8763
2819,38.224,-25.101
2820,65.415,-50.446
2821,72.551,-1.4919
2822,53.797,-65.736
2823,53.558,-54.958
2824,-33.86,-80.459
2825,-26.179,-57.529
2826,30.854,-61.123
2827,21.797,24.441
2828,75.449,27.259
2829,77.545,-31.238
2830,-24.177,56.645
2831,-8.6507,82.407
2832,23.074,20.377
2833,29.219,-17.392
2834,9.0955,-45.372
2835,26.882,-83.68
2836,59.455,-58.098
2837,75.194,-58.234
2838,59.979,-64.626
2839,-42.03,-24.604
2840,18.552,81.987
2841,-35.346,65.996
2842,42.54,44.745
2843,37.977,-11.734
2844,26.303,-94.009
2845,79.488,-1.129
2846,53.865,8.0711
2847,-23.893,-91.609
2848,36.935,-12.186
2849,-103.88,-1.7292
2850,-38.926,63.419
2851,-73.008,-3.6874
2852,12.089,9.9851
2853,3.4819,-59.015
2854,27.448,30.707
2855,-45.719,88.271
2856,0.79644,-57.552
2857,-116.7,12.036
2858,-82.195,35.853
2859,-30.854,28.227
2860,50.605,39.313
2861,-57.124,-59.972
2862,-4.2838,-96.274
2863,35.044,-8.5328
2864,-93.77,52.694
2865,-69.639,11.986
2866,83.195,-13.189
2867,50.937,-58.526
2868,-45.981,-82.535
2869,82.695,-46.896
2870,43.296,-30.037
2871,48.356,-29.359
2872,12.316,-13.519
2873,-38.165,1.1093
2874,-30.424,-69.303
2875,62.012,-60.236
2876,16.75,62.821
2877,-65.602,58.756
2878,36.561,-65.713
2879,8.3809,57.756
2880,41.125,-7.4397
2881,81.058,-16.103
2882,-7.183,-52.196
2883,37.023,-35.216
2884,22.267,23.348
2885,60.013,53.601
2886,9.1538,51.844
2887,-30.632,95.705
2888,-9.8632,-65.102
2889,-19.665,-85.891
2890,25.95,99.455
2891,-38.061,3.3228
2892,-39.574,-6.3578
2893,-81.545,23.018
2894,30.952,-42.78
2895,-12.102,-94.503
2896,1.7766,-65.289
2897,70.138,-43.21
2898,33.391,-18.826
2899,58.27,-5.9377
2900,43.739,-76.264
2901,6.9135,-77.608
2902,-88.788,-7.8992
2903,8.8917,-81.315
2904,31.428,41.763
2905,50.223,-69.924
2906,-18.49,16.173
2907,-12.64,43.237
2908,-97.525,-0.36599
2909,42.133,-9.9969
2910,-10.758,33.888
2911,8.2669,-61.8
2912,59.917,-80.652
2913,-37.785,69.786
2914,-23.146,-75.464
2915,32.268,-56.232
2916,10.384,-35.077
2917,35.662,93.265
2918,89.954,-17.035
2919,-51.51,0.53583
2920,58.993,-56.593
2921,38.281,-91.505
2922,1.1946,-88.805
2923,16.778,-82.3
2924,-79.206,29.605
2925,-12.644,42.974
2926,5.4804,-61.706
2927,-42.469,-8.0004
2928,-70.324,26.769
2929,27.109,-91.511
2930,8.1285,-30.707
2931,12.574,-51.175
2932,23.285,-91.555
2933,22.656,-92.889
2934,39.442,-31.673
2935,-9.6939,-89.192
2936,48.564,-45.408
2937,46.563,88.169
2938,47.609,28.21
2939,19.439,82.585
2940,10.361,-49.129
2941,52.774,-69.857
2942,66.047,44.184
2943,-57.795,-9.1034
2944,-9.6335,-42.612
2945,72.415,-0.72007
2946,-24.123,7.1598
2947,87.924,-39.256
2948,45.171,19.954
2949,-0.43614,-80.024
2950,70.236,-50.909
2951,21.406,24.583
2952,46.138,-54.452
2953,-51.658,-88.634
2954,8.2098,-58.904
2955,-27.843,31.95
2956,29.49,28.433
2957,-2.626,-37.158
2958,49.021,-33.167
2959,3.3629,-67.369
2960,51.703,-82.074
2961,-0.66804,-61.458
2962,38.461,91.604
2963,20.224,36.438
2964,60.641,-4.2994
2965,17.291,45.195
2966,47.801,-77.401
2967,45.42,-76.337
2968,-45.983,-82.706
2969,-67.001,-52.739
2970,82.773,27.901
2971,81.427,30.984
2972,40.402,-16.974
2973,56.712,8.8321
2974,-31.384,-82.282
2975,-74.839,0.23701
2976,38.318,-25.162
2977,-57.061,10.797
2978,34.292,-32.413
2979,53.599,-58.916
2980,49.907,-72.857
2981,17.622,-80.539
2982,14.485,-0.36337
2983,28.364,98.824
2984,45.915,-4.098
2985,0.58083,20.904
2986,-22.604,-87.53
2987,65.703,45.813
2988,-0.1438,77.32
2989,-65.083,-78.342
2990,-4.5278,-30.684
2991,-51.638,1.3573
2992,39.91,12.005
2993,78.248,-56.247
2994,54.981,-55.763
2995,66.556,-50.891
2996,64.25,-54.548
2997,3.2407,15.41
2998,-4.1731,18.364
2999,10.687,50.584
3000,41.083,90.307
3001,13.629,8.1506
3002,-65.895,-60.813
3003,-41.597,6.8449
3004,25.264,77.09
3005,28.914,-89.496
3006,47.046,-30.831
3007,40.287,11.683
3008,27.751,-36.586
3009,4.0148,-24.846
3010,55.971,78.069
3011,50.671,-50.408
3012,-19.316,-69.102
3013,-3.9726,18.493
3014,-21.243,12.886
3015,44.254,33.061
3016,-25.338,43.808
3017,-31.447,13.808
3018,42.515,10.179
3019,-20.773,-89.101
3020,36.759,-9.5816
3021,51.469,7.3008
3022,61.21,-61.301
3023,78.221,-33.463
3024,-7.079,-93.03
3025,58.223,46.627
3026,22.495,79.94
3027,5.3127,-63.678
3028,-68.225,70.952
3029,46.029,14.998
3030,-3.2632,-41.462
3031,26.058,-85.015
3032,62.768,13.519
3033,43.991,-31.84
3034,54.549,25.001
3035,-50.706,-88.362
3036,-21.465,-66.435
3037,0.91991,-61.747
3038,50.172,-7.6081
3039,-9.3679,-88.86
3040,-5.682,82.373
3041,-103.01,0.41105
3042,6.9604,-31.538
3043,-22.514,-86.717
3044,-44.244,-31.534
3045,69.287,-24.383
3046,31.168,0.89965
3047,42.511,-77.147
3048,-28.993,-88.706
3049,32.76,-68.343
3050,-56.65,-57.053
3051,5.6636,56.48
3052,14.969,-70.23
3053,43.955,14.274
3054,24.82,-73.381
3055,-43.252,66.707
3056,37.68,-2.3733
3057,26.116,-74.496
3058,57.625,9.8252
3059,58.721,-76.501
3060,-56.2,-86.137
3061,54.262,-66.365
3062,-45.005,0.65105
3063,-3.3619,74.829
3064,6.1176,29.061
3065,-68.322,71.631
3066,-42.519,88.693
3067,18.444,-84.851
3068,9.3426,60.033
3069,50.479,-54.129
3070,80.964,-5.1471
3071,17.875,-47.457
3072,59.061,-2.8736
3073,-22.349,-88.919
3074,87.887,-24.218
3075,-33.922,92.794
3076,60.161,39.434
3077,44.17,60.138
3078,3.7843,69.97
3079,-6.0672,21.53
3080,-4.868,59.227
3081,14.173,33.443
3082,43.728,59.491
3083,-37.53,52.803
3084,-3.9374,74.296
3085,74.146,-0.095829
3086,39.328,-10.709
3087,-77.226,11.916
3088,85.58,-22.655
3089,83.769,-35.938
3090,9.3543,-58.307
3091,14.295,-27.543
3092,-0.49061,102.1
3093,13.941,78.888
3094,41.199,90.325
3095,79.754,-36.11
3096,-103.97,-9.2343
3097,19.034,79.27
3098,-45.893,-32.434
3099,-38.442,-13.656
3100,41.333,55.064
3101,38.098,-79.593
3102,45.286,-56.173
3103,-105.87,-9.4947
3104,-56.648,-61.473
3105,44.85,-77.106
3106,40.182,-40.688
3107,76.22,-58.759
3108,31.853,-89.704
3109,90.322,25.924
3110,44.886,26.694
3111,-50.733,69.23
3112,84.915,-17.023
3113,19.603,-19.298
3114,26.831,33.572
3115,67.084,-7.6898
3116,53.437,-80.921
3117,19.309,-24.346
3118,40.599,-30.857
3119,-74.305,-6.0792
3120,-9.261,101.53
3121,13.484,-41.612
3122,38.435,-73.227
3123,41.415,-80.239
3124,22.343,-86.096
3125,20.03,0.50544
3126,16.564,52.382
3127,72.732,58.373
3128,-47.725,23.657
3129,-30.683,41.056
3130,41.938,-26.478
3131,80.445,-42.677
3132,31.472,-70.789
3133,12.922,-21.501
3134,54.608,-11.754
3135,36.233,93.556
3136,-35.575,55.975
3137,-13.727,-56.857
3138,-8.842,43.791
3139,17.072,-40.141
3140,-5.991,-77.663
3141,33.078,-12.98
3142,54.694,-60.044
3143,69.974,-59.414
3144,33.629,-19.637
3145,-87.161,4.6163
3146,24.637,-84.612
3147,2.3369,-30.255
3148,55.96,-80.417
3149,37.7,-57.585
3150,71.553,-57.642
3151,3.7635,9.3107
3152,26.094,-47.753
3153,5.9368,-47.528
3154,85.136,-37.454
3155,-83.336,4.1083
3156,46.421,9.7182
3157,23.932,-77.776
3158,42.436,-87.225
3159,6.3073,86.236
3160,-85.04,21.32
3161,35.048,94.476
3162,59.593,-65.402
3163,1.117,-44.12
3164,40.991,-59.545
3165,35.891,-83.404
3166,22.05,-43.595
3167,-56.146,11.556
3168,7.595,29.704
3169,-1.1966,102.03
3170,54.263,-80.108
3171,58.684,76.526
3172,30.706,25.239
3173,-10.915,84.602
3174,-83.371,-23.093
3175,34.662,-9.6025
3176,-17.234,-85.083
3177,62.826,-13.051
3178,63.516,-50.396
3179,-6.1851,-95.774
3180,16.184,-71.661
3181,-1.4867,-91.32
3182,-17.143,-84.436
3183,4.6169,77.44
3184,-31.04,-96.037
3185,1.5955,88.414
3186,35.453,32.946
3187,28.277,11.007
3188,65.79,-21.375
3189,40.61,61.895
3190,38.266,-20.56
3191,-53.874,31.241
3192,34.284,-19.907
3193,11.833,53.118
3194,1.1275,68.444
3195,10.6,51.43
3196,4.8775,-80.638
3197,-41.623,1.6796
3198,8.8998,15.82
3199,1.1147,-61.14
3200,-65.771,2.1858
3201,0.18512,63.356
3202,56.656,23.171
3203,-21.491,-17.422
3204,-23.751,-54.414
3205,0.95117,-78.008
3206,93.164,-17.515
3207,26.068,20.185
3208,32.773,22.627
3209,43.593,50.638
3210,8.9601,51.497
3211,-14.186,-31.25
3212,13.648,-41.257
3213,30.974,30.229
3214,85.384,-43.669
3215,28.382,15.327
3216,-80.763,0.7072
3217,49.525,-25.853
3218,16.922,59.977
3219,37.183,5.2397
3220,4.8109,42.368
3221,32.794,22.046
3222,37.346,16.788
3223,-40.02,-90.324
3224,5.3279,-63.93
3225,7.9979,-56.872
3226,69.641,67.377
3227,20.3,-68.23
3228,54.234,-80.951
3229,70.746,65.121
3230,-46.392,71.828
3231,-75.388,-14.481
3232,34.939,-84.206
3233,38.705,-15.081
3234,37.167,-88.601
3235,28.02,-91.451
3236,87.024,-31.003
3237,46.045,22.364
3238,-104.9,-10.112
3239,3.6389,-28.174
3240,-88.909,-18.702
3241,38.116,89.529
3242,-6.8679,-77.519
3243,17.28,-11.007
3244,-21.53,-68.246
3245,-6.3578,-34.386
3246,30.372,-2.7599
3247,47.552,36.438
3248,56.895,26.034
3249,24.558,-65.278
3250,10.677,-82.503
3251,41.715,-44.13
3252,14.853,-70.229
3253,51.024,-29.182
3254,24.313,23.348
3255,56.083,26.109
3256,24.025,17.032
3257,-2.6245,98.481
3258,37.301,-46.405
3259,37.87,-21.752
3260,40.593,-45.279
3261,26.852,-69.552
3262,-3.3931,-38.892
3263,15.566,9.1144
3264,-11.394,-16.178
3265,20.202,-91.826
3266,28.97,98.772
3267,27.537,-68.942
3268,-31.669,78.625
3269,-34.134,46.767
3270,82.096,-48.146
3271,-68.144,-69.727
3272,-71.561,27.867
3273,-22.73,-7.1402
3274,19.766,8.5161
3275,-52.203,70.263
3276,5.2996,15.045
3277,83.545,-12.497
3278,29.549,-83.44
3279,43.297,-85.234
3280,67.232,38.778
3281,-36.346,66.848
3282,67.125,-22.622
3283,-6.4641,-41.143
3284,84.499,-3.1187
3285,53.384,-50.122
3286,-65.594,7.1931
3287,-95.088,3.2124
3288,63.543,-64.935
3289,4.4107,-85.086
3290,48.816,-74.532
3291,36.075,-32.963
3292,-59.968,67.502
3293,76.534,-36.719
3294,53.453,-52.157
3295,-30.419,73.982
3296,-56.514,-57.14
3297,30.769,-42.679
3298,39.686,19.804
3299,24.326,22.984
3300,-58.027,-87.622
3301,6.7505,-84.795
3302,-2.1668,-82.85
3303,43.713,-84.312
3304,24.789,-30.934
3305,8.0777,-83.719
3306,-14.194,-80.397
3307,8.847,74.462
3308,0.79022,36.112
3309,-17.636,-38.448
3310,31.921,-68.723
3311,-70.636,71.278
3312,8.1807,-28.413
3313,30.295,-21.483
3314,44.732,-83.035
3315,92.069,-42.038
3316,-6.9651,-36.127
3317,30.921,-91.335
3318,36.697,-90.961
3319,-26.749,-95.733
3320,2.2611,-64.887
3321,-11.705,-63.018
3322,-13.058,35.23
3323,97.166,18.771
3324,19.042,34.027
3325,63.582,-50.44
3326,65.563,-9.1635
3327,-70.154,-78.934
3328,62.262,-59.846
3329,7.1973,5.3067
3330,25.088,77.221
3331,-37.807,-52.124
3332,15.545,-27.787
3333,13.828,53.03
3334,43.598,-77.782
3335,33.615,81.456
3336,36.721,-5.9788
3337,-55.436,-0.88043
3338,5.6681,-80.737
3339,59.133,3.7359
3340,-29.493,-76.051
3341,42.009,11.97
3342,-44.755,-88.952
3343,9.364,-31.232
3344,4.048,-32.951
3345,87.372,-25.107
3346,-25.375,-7.44
3347,70.457,-10.198
3348,42.66,25.06
3349,33.922,8.3905
3350,11.199,-66.299
3351,36.543,85.161
3352,20.273,-6.1619
3353,38.838,1.454
3354,77.313,-3.9561
3355,-53.204,-31.582
3356,79.213,41.293
3357,-23.821,-10.808
3358,35.113,-19.571
3359,85.482,-16.924
3360,-54.738,-0.81459
3361,-7.7363,79.763
3362,4.4965,57.95
3363,-43.908,67.541
3364,-103.28,20.598
3365,-10.372,-18.374
3366,17.692,-80.306
3367,36.213,24.637
3368,19.733,-8.6829
3369,37.875,87.77
3370,-56.603,-31.217
3371,19.34,-51.803
3372,53.577,12.853
3373,59.986,11.007
3374,-64.947,8.9421
3375,37.159,-61.796
3376,-63.312,-83.887
3377,71.545,59.059
3378,-23.435,-91.371
3379,12.509,-3.5192
3380,28.485,74.037
3381,55.467,-83.944
3382,-23.728,-68.991
3383,1.6054,-16.07
3384,15.852,-38.293
3385,89.642,-14.435
3386,95.241,-39.345
3387,6.5049,-30.681
3388,33.93,35.426
3389,8.1428,80.124
3390,76.676,-42.398
3391,-0.0052696,63.682
3392,-71.902,26.787
3393,-25.057,-92.693
3394,36.755,-61.234
3395,31.835,-43.973
3396,6.3138,78.407
3397,-0.71911,42.017
3398,-20.785,-88.733
3399,-14.646,-28.428
3400,-8.0893,50.113
3401,41.783,-7.8517
3402,-11.214,-25.628
3403,44.684,-32.209
3404,84.444,-23.187
3405,59.189,-67.782
3406,45.406,-60.68
3407,47.468,-55.999
3408,51.203,-63.77
3409,25.369,-92.754
3410,9.8249,-82.72
3411,-21.791,-69.427
3412,13.933,72.244
3413,59.248,1.4507
3414,29.849,-0.84039
3415,18.889,82.071
3416,-18.899,-105.55
3417,15.99,-38.332
3418,37.296,-9.8227
3419,70.914,-12.217
3420,51.864,-71.193
3421,78.525,-50.123
3422,36.699,-81.174
3423,31.982,-87.465
3424,45.684,-29.963
3425,55.57,79.117
3426,1.8198,66.433
3427,14.331,28.664
3428,51.17,-61.713
3429,19.493,-21.891
3430,26.251,61.796
3431,62.022,-11.98
3432,43.432,-75.794
3433,-22.142,6.1781
3434,12.824,-22.32
3435,-1.0603,102.55
3436,-9.7499,-17.678
3437,-40.861,-6.8745
3438,-12.199,-86.078
3439,-13.755,49.815
3440,39.774,-48.165
3441,28.719,32.61
3442,62.197,-14.201
3443,83.729,-17.34
3444,74.443,-2.0408
3445,55.492,16.158
3446,20.104,-84.661
3447,37.761,48.99
3448,4.3255,77.485
3449,-17.371,86.275
3450,-60.941,-31.211
3451,-43.402,66.948
3452,-44.092,10.666
3453,12.776,38.978
3454,83.502,-10.39
3455,-69.96,-76.482
3456,-25.39,-103.09
3457,40.028,-39.733
3458,3.5614,-81.274
3459,43.81,89.267
3460,-60.238,-25.95
3461,23.119,-77.721
3462,19.241,72.746
3463,68.162,-57.293
3464,46.45,-16.02
3465,37.452,-66.685
3466,38.981,-22.061
3467,77.205,-3.342
3468,36.489,-64.343
3469,23.428,-86.554
3470,42.604,25.189
3471,1.4157,74.796
3472,8.3111,-45.435
3473,-31.524,95.554
3474,-10.519,101.58
3475,70.23,-10.081
3476,22.408,23.349
3477,28.352,-91.701
3478,10.775,-31.671
3479,-77.092,-71.51
3480,1.3819,80.935
3481,-9.8478,-88.954
3482,43.675,25.284
3483,-46.696,86.722
3484,-57.619,27.544
3485,23.577,-37.701
3486,53.373,-41.249
3487,21.545,-47.107
3488,-72.694,3.2707
3489,34.473,-17.914
3490,-33.264,-94.648
3491,-61.552,-66.867
3492,38.176,13.778
3493,39.004,1.3138
3494,-38.683,54.161
3495,10.298,8.5195
3496,71.229,64.381
3497,31.351,-23.603
3498,-73.061,-17.724
3499,29.237,35.816
3500,-30.866,23.958
3501,19.62,-21.623
3502,40.394,-3.491
3503,55.7,-80.491
3504,-72.971,-14.324
3505,36.878,28.503
3506,41.126,90.314
3507,-5.087,-88.362
3508,10.008,-81.221
3509,40.666,-5.5292
3510,58.84,24.153
3511,48.278,-45.154
3512,-58.261,23.234
3513,-77.718,9.6708
3514,9.3213,-84.251
3515,-40.267,-62.097
3516,10.146,-82.599
3517,70.125,-39.137
3518,29.819,-33.791
3519,6.4692,28.974
3520,2.5479,60.534
3521,-16.466,63.218
3522,31.142,23.333
3523,11.509,51.163
3524,37.119,9.4056
3525,19.439,-77.597
3526,20.273,80.194
3527,-49.545,-50.585
3528,37.207,-4.3274
3529,90.226,-55.041
3530,44.395,-78.402
3531,-0.82883,-15.069
3532,-16.517,86.757
3533,84.429,-46.157
3534,57.468,21.788
3535,37.467,34.311
3536,-89.999,2.0856
3537,53.541,13.327
3538,76.409,-57.846
3539,66.175,-58.444
3540,4.8397,-25.443
3541,27.532,-93.07
3542,69.837,-59.352
3543,-40.592,-91.519
3544,-51.401,0.92792
3545,42.481,89.777
3546,11.255,-49.186
3547,1.2118,82.029
3548,-12.469,51.573
3549,98.585,18.973
3550,53.975,9.3257
3551,-62.521,14.894
3552,-58.372,-67.681
3553,63.178,-59.672
3554,-79.845,5.3706
3555,38.346,-8.5466
3556,67.746,-53.561
3557,-104.17,-5.4123
3558,42.878,-77.735
3559,4.2805,-25.708
3560,40.724,-74.394
3561,44.354,-75.901
3562,55.157,-57.085
3563,83.785,-45.077
3564,19.061,-49.538
3565,36.69,-84.738
3566,-5.2353,102.71
3567,8.9669,-13.788
3568,-21.784,31.245
3569,-79.397,-5.9911
3570,30.193,-21.218
3571,66.094,-52.609
3572,58.137,-11.703
3573,52.226,-64.163
3574,-10.201,-89.724
3575,16.483,55.879
3576,-32.858,73.755
3577,37.868,89.774
3578,57.413,76.31
3579,26.181,-50.279
3580,-67.83,28.856
3581,-8.8261,-84.529
3582,26.679,34.902
3583,30.053,18.267
3584,-26.746,-7.2984
3585,63.303,39.74
3586,-17.294,-59.843
3587,3.7452,18.003
3588,68.333,-56.6
3589,81.039,-5.0197
3590,72.188,-36.559
3591,-79.542,34.41
3592,51.138,-65.114
3593,4.6655,58.115
3594,-6.7089,77.986
3595,-0.16468,102.34
3596,-1.3496,73.151
3597,31.659,-69.789
3598,47.859,28.859
3599,-21.455,-86.342
3600,20.449,71.678
3601,32.31,-73.958
3602,73.567,-49.996
3603,84.004,-39.934
3604,38.873,-5.1085
3605,-4.6552,-95.722
3606,-9.7691,-89.229
3607,80.528,-53.01
3608,-92.678,17.615
3609,22.686,-91.208
3610,27.347,-90.983
3611,61.389,51.177
3612,7.4528,-13.984
3613,48.932,2.5002
3614,66.857,-1.6892
3615,35.912,17.562
3616,-16.837,-24.911
3617,47.431,-31.259
3618,16.739,-83.026
3619,-30.712,-10.286
3620,76.273,28.22
3621,-80.653,27.013
3622,25.091,-31.786
3623,53.869,77.786
3624,3.4521,-16.918
3625,-20.384,-40.498
3626,-65.257,7.7342
3627,-79.74,5.46
3628,80.02,-53.277
3629,8.9199,74.278
3630,5.7779,-82.953
3631,-53.711,72.128
3632,26.725,25.434
3633,17.003,-77.717
3634,50.405,-64.105
3635,-53.018,1.7725
3636,-54.931,60.363
3637,40.608,-74.727
3638,71.044,-38.41
3639,75.782,-35.757
3640,-76.347,14.698
3641,49.007,-74.23
3642,-14.846,-79.018
3643,2.0632,56.723
3644,81.965,46.762
3645,46.448,28.287
3646,16.316,80.411
3647,18.015,-20.575
3648,59.413,-57.457
3649,85.828,-4.0105
3650,70.42,-44.334
3651,-26.468,-95.733
3652,3.2478,54.07
3653,21.172,54.695
3654,28.854,-39.997
3655,34.097,-59.649
3656,36.387,16.716
3657,12.808,38.995
3658,-12.525,-94.493
3659,82.1,-42.205
3660,-102.79,-8.1631
3661,32.281,-70.606
3662,-66.799,7.7065
3663,28.057,33.485
3664,52.182,-64.176
3665,14.138,-54.571
3666,-75.41,5.4802
3667,8.2441,36.299
3668,-30.586,-53.485
3669,19.999,8.2174
3670,-11.623,-16.014
3671,27.653,21.586
3672,32.221,17.976
3673,-69.623,-20.34
3674,80.414,-41.827
3675,-79.666,5.5917
3676,46.297,-52.171
3677,53.098,-41.387
3678,-0.5666,33.568
3679,28.403,78.741
3680,9.6087,-83.775
3681,36.624,-93.676
3682,41.121,-90.027
3683,42.708,33.686
3684,11.662,-72.484
3685,33.757,-80.046
3686,38.832,86.191
3687,19.893,-34.385
3688,79.398,-33.07
3689,46.886,38.323
3690,40.935,31.915
3691,41.768,-7.3547
3692,70.077,-53.512
3693,69.976,-38.269
3694,46.227,-14.46
3695,46.056,-74.062
3696,42.129,-69.67
3697,52.245,-47.239
3698,-64.419,-83.463
3699,0.62515,55.798
3700,-4.2563,20.513
3701,25.853,-52.599
3702,-40.557,-90.516
3703,-56.56,-2.1884
3704,6.9844,-48.414
3705,14.581,75.156
3706,50.603,-15.681
3707,6.1593,58.372
3708,43.105,1.1957
3709,34.405,-14.133
3710,78.728,-18.788
3711,-89.305,8.3728
3712,75.296,-58.106
3713,-15.344,-29.425
3714,55.902,-40.424
3715,27.744,99.309
3716,5.9418,56.046
3717,5.9047,59.248
3718,-34.046,-69.001
3719,33.707,-60.052
3720,-6.0315,102.99
3721,39.826,78.592
3722,75.407,-36.624
3723,-3.1425,-63.9
3724,85.802,-27.944
3725,-88.529,32.669
3726,54.593,49.31
3727,61.546,-69.026
3728,32.123,-92.024
3729,34.766,-85.419
3730,21.93,-95.413
3731,61.063,38.213
3732,11.787,52.797
3733,70.307,-35.25
3734,18.032,30.143
3735,-54.596,13.406
3736,27.686,-95.793
3737,2.6281,62.059
3738,-19.432,-31.69
3739,27.339,-15.289
3740,38.934,13.345
3741,-65.134,-1.976
3742,25.42,-71.863
3743,20.365,-63.527
3744,-16.371,-29.103
3745,7.0797,-81.533
3746,-32.736,-81.904
3747,51.179,-83.66
3748,-9.6898,-17.393
3749,-59.774,77.429
3750,57.228,52.869
3751,35.045,-11.713
3752,28.371,98.861
3753,91.947,-12.056
3754,-59.884,12.23
3755,4.1543,-46.01
3756,6.5184,-55.981
3757,47.543,-80.152
3758,-22.856,-71.724
3759,34.067,-89.509
3760,-13.959,-28.171
3761,-54.037,30.97
3762,-46.756,86.758
3763,-67.27,19.503
3764,19.901,-35.801
3765,60.864,53.46
3766,34.207,-32.508
3767,-9.1989,-29.616
3768,-60.981,12.981
3769,23.117,-88.114
3770,4.4681,84.619
3771,36.714,92.252
3772,-31.811,75.439
3773,59.456,-80.685
3774,18.461,-46.508
3775,-17.031,82.338
3776,3.2229,67.097
3777,40.985,-5.75
3778,39.149,-17.685
3779,83.81,-12.432
3780,-28.55,-87.726
3781,82.873,-46.626
3782,35.907,-83.743
3783,-16.586,-32.606
3784,35.08,-65.948
3785,-31.048,30.016
3786,-57.723,-60.874
3787,-103.23,-11.017
3788,4.3465,-84.684
3789,1.8722,67.482
3790,50.111,24.85
3791,0.12211,-60.526
3792,66.901,48.229
3793,29.655,-41.788
3794,82.874,-17.684
3795,75.767,-5.639
3796,32.593,0.65886
3797,50.381,-34.793
3798,-39.942,76.426
3799,12.825,-20.752
3800,-9.1639,-93.266
3801,46.447,29.3
3802,2.7953,-7.8244
3803,18.055,-35.011
3804,17.783,-34.232
3805,21.902,75.388
3806,84.319,35.907
3807,-14.904,13.895
3808,3.862,26.197
3809,78.796,-27.793
3810,5.2841,-24.899
3811,-11.578,-83.795
3812,3.315,-83.152
3813,6.1908,-84.031
3814,14.481,7.6512
3815,44.144,61.657
3816,-7.4551,13.253
3817,-67.357,-81.054
3818,44.83,23.338
3819,53.809,-84.065
3820,-69.958,7.5013
3821,36.485,-69.834
3822,-15.076,-92.336
3823,29.635,3.1364
3824,26.748,-37.498
3825,25.12,-61.725
3826,-47.327,-89.509
3827,-19.251,-80.349
3828,28.756,98.91
3829,52.965,-13.968
3830,10.191,86.82
3831,-40.563,20.618
3832,21.904,79.863
3833,-40.93,72.584
3834,27.11,81.492
3835,50.897,-57.822
3836,0.19636,36.889
3837,-4.2203,18.08
3838,32.735,-44.519
3839,46.402,-3.7061
3840,85.082,-36.837
3841,70.099,-7.1001
3842,19.82,-24.02
3843,10.094,8.8914
3844,46.75,-49.19
3845,-1.3164,12.383
3846,44.665,28.111
3847,17.056,56.015
3848,20.744,80.069
3849,-50.914,63.131
3850,27.839,-51.957
3851,-3.5387,54.708
3852,79.099,-35.785
3853,-87.3,2.7247
3854,-61.449,18.887
3855,1.9261,-65.169
3856,56.935,-14.304
3857,57.272,-4.63
3858,89.336,-14.114
3859,14.463,8.2998
3860,15.742,-71.897
3861,-26.48,-99.171
3862,28.37,-96.184
3863,4.9073,-13.6
3864,-88.858,-3.8766
3865,-18.416,16.201
3866,-67.794,3.8447
3867,-73.859,53.022
3868,53.767,28.383
3869,44.555,26.834
3870,-2.4828,102.48
3871,-9.6566,-46.322
3872,45.169,-5.013
3873,85.74,-9.8061
3874,55.513,14.103
3875,34.314,9.3149
3876,-1.08,102.51
3877,-70.483,37.256
3878,-26.471,-88.231
3879,23.852,-87.138
3880,49.988,-7.5925
3881,-77.893,1.27
3882,38.068,-90.475
3883,52.85,-41.689
3884,36.795,-59.252
3885,39.923,-57.809
3886,-43.462,-89.728
3887,77.267,-48.884
3888,48.046,-86.873
3889,12.925,-24.723
3890,17.61,-11.462
3891,5.1525,-34.151
3892,46.901,36.73
3893,75.31,-30.505
3894,-51.882,-84.159
3895,52.057,-83.4
3896,14.476,-69.843
3897,-16.793,84.76
3898,26.696,36.535
3899,27.402,99.303
3900,11.021,-13.449
3901,23.127,-38.021
3902,-10.064,-81.77
3903,-54.978,62.623
3904,82.297,-41.326
3905,39.339,-90.843
3906,-21.557,-66.55
3907,50.086,3.7383
3908,41.757,-7.0339
3909,5.9954,-60.233
3910,-35.339,64.717
3911,-38.87,85.166
3912,9.4974,-56.447
3913,6.6327,-48.289
3914,21.982,53.745
3915,52.547,-66.598
3916,53.96,-28.953
3917,7.516,-26.176
3918,-71.684,25.907
3919,-49.514,-88.07
3920,67.114,-56.984
3921,34.741,-73.493
3922,11.375,-66.552
3923,-20.281,-83.481
3924,20.112,-47.398
3925,4.2263,85.569
3926,42.945,6.9902
3927,30.724,-0.24789
3928,20.281,-33.191
3929,-92.206,16.499
3930,77.326,-57.367
3931,-5.978,-43.043
3932,-24.433,-73.127
3933,78.232,-39.126
3934,-47.595,-58.574
3935,36.985,-62.776
3936,14.095,52.894
3937,-46.89,87.949
3938,18.161,53.065
3939,12.883,-21.091
3940,12.906,-24.788
3941,-56.041,-82.855
3942,42.873,26.736
3943,53.515,-7.4954
3944,92.447,-52.642
3945,-67.053,70.682
3946,57.49,-86.942
3947,-4.2975,59.075
3948,-11.707,-80.511
3949,67.159,45.553
3950,47.28,-84.761
3951,77.313,-28.947
3952,-50.383,-89.615
3953,1.7829,-59.282
3954,22.503,-63.86
3955,-46.616,66.177
3956,-56.253,-89.853
3957,-18.363,19.691
3958,69.421,45.896
3959,6.2493,75.423
3960,10.702,-49.2
3961,-15.942,-33.68
3962,45.089,-12.543
3963,-0.25409,63.156
3964,36.359,-61.477
3965,-1.4367,18.406
3966,69.488,-16.587
3967,-51.524,-89.095
3968,23.311,-25.011
3969,-62.915,68.045
3970,-10.086,-66.441
3971,18.822,-78.816
3972,-66.323,22.48
3973,-58.806,67.226
3974,-44.802,-88.825
3975,-10.299,-16.886
3976,25.644,80.91
3977,82.461,-17.671
3978,-86.73,0.093246
3979,26.965,-19.121
3980,36.293,-5.1055
3981,4.6745,-46.987
3982,39.233,12.389
3983,69.685,-39.041
3984,13.846,33.445
3985,36.528,16.731
3986,63.119,38.982
3987,65.943,-35.853
3988,-46.84,65.046
3989,46.443,38.576
3990,57.433,-69.137
3991,56.64,-33.857
3992,44.944,-14.566
3993,-34.346,-85.223
3994,47.043,0.19232
3995,74.101,-32.09
3996,-14.146,101.67
3997,70.608,53.618
3998,21.034,-7.5041
3999,-11.282,-63.76
4000,-0.89133,102.51
4001,34.467,81.659
4002,-0.7579,53.874
4003,33.181,79.686
4004,80.644,-9.1504
4005,55.343,-39.917
4006,-97.84,19.06
4007,14.062,-54.813
4008,37.643,40.703
4009,39.29,87.582
4010,0.1523,-53.45
4011,-80.636,32.187
4012,33.663,-16.158
4013,60.116,53.738
4014,29.698,-21.288
4015,66.059,-10.427
4016,77.422,-31.318
4017,39.623,-79.851
4018,25.223,-36.652
4019,59.037,-42.974
4020,67.61,-37.06
4021,42.284,-78.332
4022,35.002,-33.095
4023,-11.421,-76.035
4024,47.577,29.179
4025,48.9,43.496
4026,-87.495,7.2965
4027,26.683,28.199
4028,86.298,-37.982
4029,73.155,-47.664
4030,5.5168,-32.588
4031,83.773,-9.4575
4032,-24.213,-73.224
4033,52.428,-32.087
4034,25.28,-91.369
4035,-18.915,-71.378
4036,44.18,55.039
4037,-37.71,69.873
4038,86.42,32.782
4039,-37.68,-44.847
4040,-39.139,87.169
4041,39.059,-29.452
4042,42.129,14.116
4043,-56.675,-84.766
4044,-52.056,2.6341
4045,-31,-77.433
4046,67.088,-9.0023
4047,26.116,33.793
4048,43.759,27.196
4049,-36.936,51.88
4050,-2.963,-56.173
4051,15.72,-0.33431
4052,7.2747,70.577
4053,46.922,27.388
4054,89.135,-41.574
4055,34.383,81.845
4056,9.2511,57.747
4057,58.186,8.8244
4058,-48.089,-85.116
4059,-50.744,-88.365
4060,84.421,-19.375
4061,42.62,-55.998
4062,61.432,-45.178
4063,-32.262,-85.491
4064,26.328,-0.9953
4065,25.778,-84.666
4066,21.983,-4.2504
4067,4.2537,-81.534
4068,79.292,30.551
4069,29.069,98.691
4070,39.625,87.709
4071,-15.201,50.869
4072,-9.7234,-89.886
4073,-59.791,12.296
4074,9.8939,-81.189
4075,49.456,-75.534
4076,47.191,-40.838
4077,24.246,19.444
4078,24.621,-8.7019
4079,5.973,28.989
4080,0.89465,73.834
4081,-2.6092,36.118
4082,13.171,-6.6427
4083,-74.423,12.292
4084,43.248,26.091
4085,-5.0334,59.062
4086,-2.4833,-88.931
4087,-26.826,-77.29
4088,13.192,16.35
4089,-102.28,22.386
4090,36.86,-60.31
4091,50.881,-63.07
4092,37.493,-31.755
4093,68.207,69.56
4094,41.746,-61.973
4095,32.782,-45.033
4096,35.297,-14.928
4097,4.0954,25.945
4098,41.425,32.17
4099,-8.7133,-90.967
4100,-2.7509,17.801
4101,84.137,-16.545
4102,45.805,15.271
4103,-9.5282,-74.173
4104,6.5955,61.917
4105,27.272,99.462
4106,56.65,-2.759
4107,35.78,5.2455
4108,29.7,-23.543
4109,56.038,46.741
4110,84.934,-13.051
4111,72.589,-38.032
4112,70.288,-19.82
4113,0.54291,-72.872
4114,-13.992,81.477
4115,45.613,-44.347
4116,47.517,-73.378
4117,37.129,-91.067
4118,-57.06,-81.778
4119,29.143,37.101
4120,42.749,60.848
4121,13.562,-58.816
4122,42.868,-71.707
4123,-12.888,-78.692
4124,-64.905,78.012
4125,30.237,-2.3953
4126,-28.026,94.62
4127,-84.16,3.216
4128,62.37,71.54
4129,84.238,-15.471
4130,25.669,-87.706
4131,-5.5635,19.118
4132,10.124,-83.824
4133,-1.7243,38.006
4134,38.236,89.483
4135,-72.435,61.663
4136,-71.523,32.031
4137,43.608,22.259
4138,38.663,-16.77
4139,-18.71,-26.446
4140,-28.692,-61.769
4141,-6.8308,-81.498
4142,26.492,-92.662
4143,-17.815,77.557
4144,50.921,-18.753
4145,-54.368,-17.06
4146,28.717,57.178
4147,-47.857,74.846
4148,35.291,8.0742
4149,53.219,81.238
4150,24.298,-73.039
4151,-88.791,-51.418
4152,77.46,-49.772
4153,20.168,-83.122
4154,-10.638,-66.484
4155,41.286,32.904
4156,-79.027,60.709
4157,-45.5,88.323
4158,2.7853,102.19
4159,16.199,56.503
4160,-57.576,-60.149
4161,1.3068,61.083
4162,-1.4781,101.91
4163,47.046,-81.003
4164,59.236,-1.4821
4165,-12.374,67.273
4166,44.812,-36.076
4167,69.547,-11.735
4168,49.707,-84.503
4169,-3.8994,-57.998
4170,-38.934,84.533
4171,70.465,-18.689
4172,21.164,81.788
4173,23.871,81.057
4174,66.386,45.385
4175,-56.532,27.09
4176,4.9778,-13.564
4177,-58.84,68.008
4178,66.884,45.712
4179,-57.726,-88.893
4180,56.738,-1.9146
4181,-51.435,-85.091
4182,49.072,-86.171
4183,44.423,-6.5377
4184,45.741,-84.603
4185,13.994,7.4259
4186,12.619,-22.374
4187,12.418,-54.755
4188,14.989,-41.121
4189,14.434,-27.526
4190,5.7086,66.849
4191,43.706,-43.376
4192,29.452,-43.745
4193,46.65,-73.235
4194,55.852,-83.122
4195,38.462,-73.991
4196,6.6577,26.954
4197,25.047,-40.856
4198,-4.5916,102.32
4199,-9.1378,11.763
4200,42.651,-5.7576
4201,50.06,23.632
4202,-65.147,7.6173
4203,48.625,45.437
4204,64.252,-54.401
4205,48.814,-89.081
4206,-33.169,-59.709
4207,21.971,33.149
4208,32.668,93.908
4209,-8.0164,-88.986
4210,38.209,40.093
4211,-18.194,42.523
4212,35.838,-69.362
4213,52.383,-57.022
4214,6.4402,13.809
4215,-24.849,-99.396
4216,-53.854,54.767
4217,32.611,-42.1
4218,-95.711,17.464
4219,44.694,9.0645
4220,9.8409,-52.912
4221,4.0486,-53.434
4222,31.281,-44.721
4223,-7.1384,62.348
4224,-97.064,20.331
4225,-38.252,63.399
4226,60.362,37.398
4227,6.3116,75.43
4228,34.241,83.239
4229,-96.352,-15.999
4230,-38.302,74.124
4231,25.609,-40.855
4232,-71.957,29.416
4233,38.353,87.603
4234,26.554,-19.332
4235,54.766,-1.7382
4236,40.397,-8.0179
4237,38.936,-71.726
4238,73.195,-57.719
4239,-1.6452,-59.74
4240,13.043,18.353
4241,26.46,81.127
4242,8.0389,-79.758
4243,2.7545,61.232
4244,40.867,82.02
4245,43.721,-81.791
4246,87.597,-28.787
4247,5.1978,-57.924
4248,9.7589,-69.152
4249,22.403,-97.075
4250,-6.7777,-75.596
4251,43.189,-49.201
4252,-8.7678,-77.051
4253,67.983,38.446
4254,-9.9723,84.736
4255,30.16,-38.893
4256,14.795,75.322
4257,24.625,-73.348
4258,-10.532,-67.326
4259,62.031,-64.39
4260,63.285,-0.3188
4261,25.038,15.674
4262,-20.655,-84.591
4263,-25.031,-92.694
4264,40.619,-77.593
4265,1.6745,-64.728
4266,4.473,39.058
4267,20.658,82.071
4268,16.647,-7.6884
4269,42.791,29.52
4270,43.19,8.5922
4271,31.46,13.252
4272,-6.6228,-22.444
4273,-2.8189,-41.801
4274,35.984,-18.401
4275,1.3375,-80.669
4276,-10.71,-89.04
4277,46.453,-33.237
4278,8.803,-57.936
4279,7.6715,-20.117
4280,-30.084,-68.755
4281,38.614,-25.293
4282,-65.539,3.2711
4283,62.638,-9.3286
4284,10.022,-49.097
4285,59.478,-5.7318
4286,-61.58,-87.72
4287,57.502,-58.058
4288,-58.91,22.595
4289,94.069,-60.239
4290,67.167,-9.3814
4291,25.769,-96.482
4292,18.336,-70.609
4293,47.539,-82.726
4294,52.965,-86.849
4295,3.441,69.986
4296,-24.74,-71.998
4297,71.802,41.974
4298,-22.426,-87.975
4299,-32.595,-85.524
4300,30.218,24.281
4301,-3.5738,98.846
4302,23.637,-86.272
4303,37.829,-17.96
4304,35.53,-85.322
4305,-70.655,30.44
4306,90.959,-17.913
4307,84.18,-8.5803
4308,66.264,-61.934
4309,-68.012,74.775
4310,14.414,82.849
4311,44.467,-30.964
4312,-58.176,66.821
4313,-14.026,50.323
4314,37.435,34.012
4315,74.577,-0.2028
4316,31.542,-63.272
4317,59.362,-56.752
4318,32.834,1.0254
4319,22.869,13.304
4320,9.5249,-90.045
4321,68.461,38.88
4322,11.067,78.045
4323,18.266,-80.23
4324,-29.365,-70.47
4325,70.323,-58.831
4326,52.874,-0.58606
4327,-10.521,-29.742
4328,52.756,-0.47448
4329,-8.6321,-87.361
4330,50.071,-72.017
4331,15.755,-28.7
4332,9.7459,8.3181
4333,35.426,-74.025
4334,20.646,-10.51
4335,31.146,-89.763
4336,64.154,51.038
4337,20.148,1.6435
4338,39.962,-90.2
4339,-2.9869,99.143
4340,8.7775,-29.739
4341,37.771,1.1232
4342,63.57,-1.097
4343,13.119,-46.225
4344,51.103,-83.652
4345,43.89,-80.617
4346,49.588,-46.837
4347,44.661,-74.897
4348,15.258,-70.798
4349,35.07,-76.159
4350,-51.941,-83.434
4351,60.923,-10.533
4352,-11.119,-27.806
4353,29.268,-32.751
4354,74.372,-40.78
4355,-33.136,-77.971
4356,10.543,-21.736
4357,37.304,-89.41
4358,21.946,-77.869
4359,30.436,-43.341
4360,-8.8525,76.418
4361,-38.799,-26.485
4362,-104.43,-1.9944
4363,-1.4562,61.788
4364,66.634,-50.44
4365,11.518,-70.86
4366,0.93147,-82.539
4367,9.8319,-3.8769
4368,1.4696,103.04
4369,-3.8412,54.29
4370,-35.032,-82.26
4371,56.04,46.849
4372,55.363,54.646
4373,18.969,-35.036
4374,60.685,-63.719
4375,-59.536,21.536
4376,72.434,-54.912
4377,26.725,-18.021
4378,-34.451,73.344
4379,-27.09,-96.126
4380,26.817,-94.938
4381,43.028,-73.489
4382,38.132,-18.802
4383,65.412,-50.698
4384,43.197,-69.075
4385,-65.293,4.4347
4386,85.042,-7.2685
4387,-55.522,-56.493
4388,-3.7084,61.465
4389,-85.854,18.357
4390,-20.309,-72.89
4391,38.086,8.0453
4392,2.3685,70.87
4393,-25.293,93.05
4394,25.928,-15.335
4395,43.317,-14.545
4396,4.3856,-78.579
4397,21.127,-60.46
4398,56.037,-59.569
4399,84.803,-46.106
4400,44.251,-58.601
4401,27.207,-91.081
4402,-48.43,33.898
4403,-40.905,-21.79
4404,29.067,78.91
4405,7.1526,-30.494
4406,-10.744,11.572
4407,-106.58,-10.297
4408,6.1658,78.315
4409,43.012,45.622
4410,37.155,16.512
4411,69.538,-48.707
4412,79.602,-37.326
4413,43.986,-46.492
4414,32.118,-6.3273
4415,83.215,-12.722
4416,47.543,-6.3434
4417,3.0463,-40.974
4418,68.557,-15.025
4419,77.823,-37.774
4420,20.452,81.825
4421,16.311,80.802
4422,-92.462,27.758
4423,18.466,-77.221
4424,40.094,-10.743
4425,-82.89,-9.5016
4426,64.717,-15.647
4427,46.37,-2.8772
4428,40.195,-9.3297
4429,60.687,-1.0275
4430,25.966,-31.331
4431,64.044,-52.307
4432,48.683,-26.76
4433,-36.205,-74.603
4434,57.682,-58.77
4435,52.36,-82.537
4436,-67.331,-67.423
4437,-63.708,1.7361
4438,2.792,102.2
4439,-51.407,-77.86
4440,51.429,17.159
4441,37.411,-90.756
4442,-59.111,7.9392
4443,71.673,-37.12
4444,59.631,-11.891
4445,28.188,33.299
4446,63.237,20.412
4447,42.667,25.667
4448,53.505,-13.809
4449,13.011,5.6547
4450,28.162,79.073
4451,4.6211,38.221
4452,13.361,-81.064
4453,99.049,-62.783
4454,21.894,-4.3823
4455,36.281,-11.497
4456,4.0531,-45.976
4457,47.78,1.2724
4458,28.062,-89.174
4459,35.784,-62.944
4460,-11,65.235
4461,57.979,-56.074
4462,28.914,42.511
4463,7.0884,-30.579
4464,57.241,-38.648
4465,42.199,-6.83
4466,48.313,5.9902
4467,37.07,-84.839
4468,-51.302,30.048
4469,2.3058,-63.885
4470,-53.854,-16.253
4471,34.446,-84.98
4472,-20.091,-86.157
4473,40.144,54.137
4474,-9.5089,60.701
4475,-32.455,-71.808
4476,-16.522,-26.511
4477,45.324,3.61
4478,-3.0053,-39.121
4479,9.0944,-81.574
4480,88.408,-41.454
4481,23.532,-95.405
4482,45.285,-49.672
4483,-37.16,68.786
4484,-64.204,17.192
4485,58.63,-31.748
4486,-65.302,12.885
4487,-11.823,50.439
4488,70.751,-38.101
4489,-34.336,66.821
4490,66.319,-42.877
4491,93.472,-40.108
4492,37.087,-20.848
4493,-58.669,16.827
4494,33.615,-12.649
4495,91.781,-59.825
4496,15.652,51.302
4497,-1.2485,-82.928
4498,6.6357,28.716
4499,15.176,-27.593
4500,47.461,81.972
4501,30.156,-36.252
4502,-11.997,83.103
4503,18.043,39.14
4504,14.607,-66.741
4505,-16.161,86.226
4506,55.417,-11.58
4507,17.614,-73.904
4508,54.526,23.336
4509,41.317,-76.443
4510,74.263,-57.914
4511,61.695,-70.533
4512,-18.574,-68.982
4513,43.883,2.6524
4514,46.866,-14.937
4515,-26.402,-10.039
4516,-39.534,11.233
4517,-22.962,39.8
4518,-99.488,19.848
4519,-54.839,27.05
4520,-74.165,-13.622
4521,89.633,-19.245
4522,83.219,-35.073
4523,-72.549,12.999
4524,81.359,-16.809
4525,52.822,-85.87
4526,-12.256,-18.123
4527,-0.578,33.017
4528,16.312,80.519
4529,40.542,-90.162
4530,-60.696,-74.797
4531,-79.032,33.005
4532,40.903,-8.9841
4533,69.209,-9.4177
4534,44.056,-86.138
4535,-15.899,-72.15
4536,51.612,25.601
4537,-15.862,-22.697
4538,5.4367,-32.416
4539,74.088,14.112
4540,53.192,77.535
4541,8.8218,-57.542
4542,60.838,-63.325
4543,11.475,60.329
4544,-25.245,-54.708
4545,65.42,-44.707
4546,52.474,-64.649
4547,22.062,-85.421
4548,2.2526,-64.58
4549,18.668,-40.232
4550,28.894,37.614
4551,54.18,-47.383
4552,52.209,24.168
4553,-17.785,56.82
4554,27.743,-40.94
4555,41.135,-68.092
4556,29.079,-39.155
4557,12.554,-28.024
4558,49.351,-32.037
4559,40.282,-80.657
4560,18.681,-36.702
4561,-37.761,44.844
4562,16.715,83.009
4563,57.043,52.973
4564,50.026,-84.358
4565,38.565,-17.468
4566,33.092,-84.94
4567,33.826,-85.025
4568,-12.154,-47.261
4569,-68.429,-67.732
4570,52.765,-0.43801
4571,74.897,13.657
4572,87.564,-21.224
4573,42.442,-79.51
4574,15.933,-8.9277
4575,65.476,-21.49
4576,-16.952,-47.921
4577,-31.147,26.784
4578,-6.6491,77.217
4579,31.548,-66.437
4580,6.4444,59.411
4581,47.536,27.291
4582,47.52,22.655
4583,-23.853,42.014
4584,-30.166,-68.859
4585,34.296,-9.8519
4586,-10.04,-30.106
4587,73.82,13.528
4588,-60.917,14.234
4589,43.123,13.431
4590,36.25,-91.161
4591,38.406,-74.321
4592,4.4113,-84.78
4593,22.939,7.0683
4594,27.917,1.1195
4595,-96.986,-3.1865
4596,55.82,-28.407
4597,45.889,14.088
4598,-7.5933,-75.754
4599,74.081,-62.091
4600,-9.0543,-92.307
4601,-8.1987,-74.949
4602,35.721,22.552
4603,-34.512,-90.444
4604,-29.799,-63.091
4605,63.651,-0.33384
4606,28.631,78.346
4607,23.013,23.867
4608,70.193,-37.801
4609,-11.024,-75.035
4610,2.3175,6.44
4611,-1.9302,-82.952
4612,49.73,-46.473
4613,19.163,-6.1528
4614,12.938,-1.5762
4615,36.18,-56.884
4616,51.049,-71.331
4617,-14.06,-40.146
4618,35.133,-34.525
4619,-27.593,-33.925
4620,-103.77,-10.864
4621,1.3743,-59.624
4622,-2.9598,-61.778
4623,-11.975,-74.654
4624,3.9861,-49.052
4625,13.819,-18.344
4626,-58.639,9.1302
4627,-81.25,30.613
4628,58.186,-5.612
4629,36.245,-20.2
4630,37.483,-4.7443
4631,55.058,-55.837
4632,25.809,-9.6482
4633,23.268,-35.278
4634,55.648,-62.021
4635,18.97,-88.163
4636,60.713,-57.653
4637,25.267,-87.823
4638,-2.2844,100.37
4639,20.645,-33.753
4640,22.027,-77.647
4641,43.14,-55.938
4642,19.076,80.116
4643,-67.204,5.7521
4644,68.602,-52.364
4645,53.95,-56.909
4646,-59.696,12.307
4647,24.143,-89.717
4648,-11.264,-93.629
4649,-9.6974,-65.616
4650,30.128,50.808
4651,-18.631,-70.623
4652,2.6317,72.571
4653,48.123,3.4514
4654,32.095,19.142
4655,67.502,-22.679
4656,27.216,-74.602
4657,-37.627,46.118
4658,45.293,-76.837
4659,27.158,-79.843
4660,8.763,-40.579
4661,16.679,1.0599
4662,-102.98,-11.251
4663,25.25,15.285
4664,62.799,46.934
4665,31.657,-39.984
4666,57.667,-11.353
4667,36.153,-56.972
4668,48.95,-32.045
4669,35.449,-42.405
4670,-71.515,29.633
4671,6.4099,-85.158
4672,30.776,-88.884
4673,14.246,-12.396
4674,36.542,80.582
4675,42.186,28.286
4676,17.399,-9.1909
4677,21.462,27.505
4678,46.931,-4.3088
4679,18.454,78.419
4680,36.426,-5.0675
4681,45.246,-11.99
4682,-65.081,4.5691
4683,-8.6245,-40.783
4684,-91.12,-8.8799
4685,40.1,-3.5582
4686,34.634,-47.487
4687,65.213,-17.681
4688,26.742,-85.925
4689,1.3375,-47.842
4690,4.6065,-16.081
4691,4.1636,-83.865
4692,48.581,-86.268
4693,-22.224,-85.354
4694,-10.805,39.836
4695,-11.594,-70.609
4696,62.759,5.7187
4697,12.909,50.472
4698,-69.589,-69.927
4699,42.914,24.972
4700,99.594,-68.438
4701,45.046,3.6054
4702,80.207,-39.844
4703,-4.2504,-96.251
4704,23.146,-95.603
4705,9.4366,-80.91
4706,91.448,-12.017
4707,-7.5034,56.682
4708,1.9517,103.36
4709,12.693,-5.6586
4710,-30.415,-69.05
4711,-28.379,1.0818
4712,31.112,41.819
4713,-68.924,-55.811
4714,-49.361,-89.294
4715,-67.279,14.155
4716,-58.566,18.367
4717,46.77,-89.82
4718,65.403,-21.816
4719,1.5207,-7.758
4720,35.629,-83.686
4721,56.454,1.841
4722,26.234,29.432
4723,65.674,-12.395
4724,45.03,63.237
4725,-10.225,-74.629
4726,37.71,-76.944
4727,46.38,-71.013
4728,2.6626,-65.407
4729,21.724,-6.616
4730,-0.33817,-63.49
4731,26.559,4.7869
4732,33.459,-42.554
4733,-28.139,-104.84
4734,18.91,-41.462
4735,-87.634,-40.515
4736,26.982,-90.681
4737,51.556,-57.906
4738,-22.826,-71.73
4739,-26.231,-6.8912
4740,47.858,29.778
4741,6.2799,78.397
4742,16.781,-96.688
4743,33.709,-15.219
4744,-4.5735,-34.719
4745,56.776,-58.781
4746,39.469,-4.4011
4747,-5.4917,57.091
4748,-9.1546,-92.714
4749,-31.475,3.1945
4750,38.063,-59.997
4751,74.574,-47.343
4752,-11.094,-65.31
4753,46.395,29.323
4754,-0.52811,39.625
4755,-12.342,63.251
4756,-3.785,100.24
4757,24.563,-73.58
4758,-48.754,-34.229
4759,-56.356,73.511
4760,13.928,-87.872
4761,44.823,-29.935
4762,66.05,-23.225
4763,66.186,-50.782
4764,39.799,78.496
4765,26.089,34.236
4766,60.536,75.277
4767,-1.7767,-82.678
4768,43.771,-78.194
4769,26.473,-63.444
4770,44.534,-74.49
4771,69.612,-35.492
4772,-38.098,0.076868
4773,13.023,-69.209
4774,28.326,78.639
4775,3.2864,-85.596
4776,14.041,-26.684
4777,16.381,-7.4892
4778,42.888,33.704
4779,9.0794,72.826
4780,-19.523,60.846
4781,-80.946,32.355
4782,-39.724,-64.863
4783,-75.326,-0.95333
4784,84.684,-14.271
4785,-7.7356,-90.051
4786,-19.071,-40.38
4787,26.42,-88.404
4788,10.234,-4.2105
4789,55.372,-79.427
4790,10.973,-2.5011
4791,6.3559,-15.384
4792,50.941,-85.295
4793,50.549,-3.6995
4794,62.274,-18.368
4795,54.8,35.853
4796,21.625,-4.3215
4797,59.639,-59.019
4798,88.762,-26.069
4799,2.4372,6.957
4800,32.293,-67.575
4801,-22.759,-92.554
4802,-73.138,33.794
4803,33.861,24.312
4804,-0.55218,-61.019
4805,22.088,-44.714
4806,-77.069,38.506
4807,93.457,-52.609
4808,83.857,-30.446
4809,-66.049,15.59
4810,60.422,-70.065
4811,28.325,-68.617
4812,-1.6309,-52.999
4813,-21.755,-67.084
4814,44.015,83.289
4815,13.034,-25.153
4816,20.998,-69.834
4817,9.8475,70.637
4818,-10.616,-89.866
4819,38.873,26.099
4820,-53.819,31.272
4821,2.6054,-32.967
4822,38.426,-66.656
4823,19.362,-21.771
4824,25.19,-20.66
4825,20.523,21.623
4826,44.177,-33.761
4827,-0.17162,81.364
4828,38.02,48.925
4829,67.478,45.935
4830,-49.661,68.212
4831,40.486,-90.935
4832,25.444,-71.503
4833,-12.583,37.431
4834,-15.544,-93.362
4835,13.58,-18.262
4836,-96.559,-2.3956
4837,86.598,-24.731
4838,38.042,16.423
4839,57.024,-81.817
4840,-70.44,16.121
4841,77.167,-30.909
4842,-12.33,-94.38
4843,84.033,-5.453
4844,-21.758,-67.986
4845,1.5595,-64.893
4846,49.342,-85.115
4847,22.743,-90.188
4848,-2.2931,-88.97
4849,50.05,-33.697
4850,28.85,-69.678
4851,77.67,-47.895
4852,5.0899,38.615
4853,-24.906,-47.74
4854,-64.384,78.288
4855,54.299,24.314
4856,30.038,17.181
4857,64.232,-51.675
4858,-28.13,-66.435
4859,60.528,-60.119
4860,38.957,-11.092
4861,43.303,-3.2139
4862,47.698,-53.981
4863,58.46,-68.358
4864,9.969,-83.703
4865,38.123,-89.845
4866,39.083,-76.178
4867,39.188,-61.39
4868,5.8141,-58.997
4869,53.719,53.039
4870,-63.135,23.412
4871,41.814,83.201
4872,-82.355,-8.4789
4873,9.8806,-5.6594
4874,-84.751,31.942
4875,31.519,-68.841
4876,-2.5874,98.379
4877,82.28,-9.1362
4878,48.286,-88.339
4879,85.503,-21.765
4880,-2.8876,-41.622
4881,-10.969,32.717
4882,-2.7318,-57.448
4883,-64.572,21.167
4884,-28.603,-22.218
4885,54.617,-84.174
4886,35.104,-6.1417
4887,47.61,28.707
4888,-14.061,52.172
4889,35.581,-76.399
4890,8.0322,-75.815
4891,-6.0418,-66.875
4892,33.934,-65.447
4893,18.984,32.233
4894,53.02,34.711
4895,-41.022,6.4649
4896,14.728,-84.417
4897,27.951,-91.605
4898,55.46,-3.469
4899,40.642,-58.79
4900,3.0824,-65.53
4901,43.586,-47.024
4902,-24.001,-70.806
4903,40.431,-84.731
4904,16.883,-0.71201
4905,14.637,14.488
4906,78.338,-30.79
4907,36.746,28.722
4908,-74.647,-6.9718
4909,-21.099,-16.061
4910,23.541,-4.7977
4911,-14.743,-92.575
4912,-67.601,-69.474
4913,54.588,-13.785
4914,21.884,-64.655
4915,47.051,-76.025
4916,8.2521,-80.509
4917,-2.2948,-54.974
4918,4.0236,70.605
4919,4.1747,56.743
4920,-10.16,84.999
4921,-11.198,-77.778
4922,62.089,42.826
4923,-104.77,-0.064365
4924,47.147,37.035
4925,-57.58,-88.644
4926,45.138,1.2088
4927,46.668,36.486
4928,17.503,-28.631
4929,45.921,-73.295
4930,28.146,-92.869
4931,32.054,-92.348
4932,14.461,-26.982
4933,14.292,-3.3959
4934,71.027,-35.277
4935,-64.634,8.9904
4936,36.864,-24.979
4937,64.426,-54.287
4938,19.844,-60.802
4939,6.8349,77.987
4940,10.876,-68.756
4941,79.72,38.302
4942,-1.4875,69.456
4943,-1.0679,-38.677
4944,49.356,-77.975
4945,41.104,25.857
4946,60.226,52.956
4947,7.6083,-78.495
4948,34.669,-66.801
4949,34.292,-55.827
4950,29.4,-11.634
4951,5.33,-6.9073
4952,42.572,33.446
4953,-101.29,-4.186
4954,-67.11,27.751
4955,44.644,-56.958
4956,38.775,-18.965
4957,-81.27,33.151
4958,79.33,-56.695
4959,51.309,4.6877
4960,37.741,19.765
4961,-41.88,66.58
4962,6.7239,-31.713
4963,38.993,-29.317
4964,22.679,-95.42
4965,-24.659,-72.197
4966,29.212,28.043
4967,-37.485,12.796
4968,8.206,-80.387
4969,77.41,54.357
4970,-22.11,80.448
4971,30.485,22.1
4972,34.341,15.599
4973,-30.133,-68.561
4974,45.357,43.178
4975,19.804,-68.924
4976,41.654,-12.069
4977,61.317,-55.49
4978,53.448,-88.975
4979,-23.311,-70.7
4980,-19.647,77.477
4981,29.577,98.165
4982,27.568,-42.13
4983,-61.987,30.982
4984,44.623,-13.688
4985,1.9938,-6.4423
4986,56.358,27.122
4987,-57.505,-70.2
4988,44.029,-13.778
4989,-89.061,12.734
4990,-30.265,-63.929
4991,-76.782,13.47
4992,52.018,-57.682
4993,-35.651,-57.17
4994,2.6923,-49.938
4995,-51.934,64.019
4996,44.883,-59.352
4997,44.342,-34.11
4998,45.816,-75.986
4999,-24.878,-87.808
5000,-30.468,-68.713
5001,4.2356,-84.635
5002,-63.588,20.027
5003,56.938,3.3558
5004,3.6364,-41.79
5005,28.459,-45.246
5006,76.621,-37.807
5007,-35.592,-79.708
5008,20.059,-39.926
5009,34.82,94.601
5010,-7.6901,78.212
5011,-66.451,35.17
5012,50.575,-52.329
5013,56.611,29.785
5014,60.149,-5.5919
5015,52.28,-68.462
5016,36.108,-5.3927
5017,48.065,-90.684
5018,-4.5081,19.87
5019,37.18,-31.792
5020,-58.159,-2.1502
5021,15.788,-30.92
5022,4.3641,10.442
5023,26.214,-31.441
5024,32.388,-43.087
5025,-74.544,-6.8937
5026,46.818,-76.184
5027,60.941,-3.8609
5028,-81.967,4.5542
5029,45.233,-76.328
5030,-21.208,-64.938
5031,23.124,-95.268
5032,-74.594,-6.8714
5033,47.355,-26.468
5034,16.379,30.539
5035,-19.944,-43.958
5036,-6.5232,27.188
5037,-23.96,-92.012
5038,-105.47,-11.767
5039,4.7169,-30.691
5040,-7.6933,-93.035
5041,-71.382,8.304
5042,-72.975,26.092
5043,-76.927,35.642
5044,15.299,40.915
5045,-100.96,-1.1445
5046,35.4,-83.587
5047,12.788,-20.518
5048,-10.503,-77.674
5049,26.592,17.779
5050,-91.908,24.227
5051,2.1717,-66.094
5052,-70.392,7.1794
5053,49.966,24.543
5054,48.523,-77.147
5055,3.052,-75.924
5056,88.034,-39.54
5057,15.525,-85.847
5058,5.9774,-0.02344
5059,-21.857,-77.675
5060,79.833,-42.419
5061,2.6568,7.5218
5062,56.668,-2.7717
5063,15.867,-27.587
5064,4.3224,-84.835
5065,47.928,-74.049
5066,36.479,-62.141
5067,36.087,-62.415
5068,13.308,-4.8061
5069,-13.706,-31.65
5070,18.615,43.112
5071,58.868,-85.213
5072,55.436,26.528
5073,31.78,-66.247
5074,43.431,-74.196
5075,8.5687,-70.34
5076,-10.48,-89.086
5077,-23.685,-75.676
5078,0.12291,74.295
5079,47.557,-89.834
5080,-59.403,-86.08
5081,-59.582,7.4305
5082,-61.474,20.445
5083,82.276,-40.736
5084,-105.79,14.55
5085,-12.444,-40.513
5086,57.343,-28.371
5087,-93.94,4.4153
5088,-90.542,13.337
5089,28.737,75.066
5090,53,-15.681
5091,-67.015,-52.724
5092,15.623,-86.058
5093,3.5218,-67.04
5094,6.9614,-75.256
5095,25.701,-87.978
5096,-63.529,59.638
5097,29.507,-49.451
5098,49.226,-49.268
5099,62.411,-13.672
5100,-26.754,-87.283
5101,37.618,-3.1522
5102,-22.495,-66.728
5103,57.043,35.499
5104,5.3696,-32.4
5105,-89.648,11.137
5106,-93.133,6.1608
5107,54.006,12.734
5108,-11.229,-91.629
5109,-102.37,23.373
5110,-21.877,-71.531
5111,31.346,-66.552
5112,-9.1761,-53.527
5113,67.856,69.74
5114,51.062,26.325
5115,13.825,33.822
5116,-19.933,-82.463
5117,-63.346,-84.008
5118,39.125,-90.684
5119,9.5639,8.2783
5120,62.254,12.337
5121,7.1536,-80.897
5122,-16.22,-38.937
5123,-105.28,-10.501
5124,31.468,-69.745
5125,45.269,-58.505
5126,30.493,-12.021
5127,55.763,-41.401
5128,-32.782,-81.143
5129,-9.6619,-89.276
5130,46.42,-81.005
5131,-33.224,74.193
5132,9.4354,-11.469
5133,18.162,31.978
5134,36.317,-61.242
5135,-67.247,29.41
5136,-56.816,25.018
5137,66.432,-58.972
5138,-9.8953,51.388
5139,65.091,-56.689
5140,-103.22,-3.0776
5141,-2.8041,-90.838
5142,-65.066,-72.298
5143,36.776,9.7742
5144,42.797,46.356
5145,-80.74,20.482
5146,17.744,-82.029
5147,-43.08,-85.421
5148,1.8114,8.9177
5149,30.759,42.003
5150,42.01,-27.739
5151,78.368,-37.79
5152,32.579,13.021
5153,-48.754,67.067
5154,68.413,-24.33
5155,30.539,-60.32
5156,10.249,9.0017
5157,39.017,-90.92
5158,-42.839,8.3063
5159,36.387,-65.366
5160,64.756,8.0909
5161,1.7674,102.18
5162,-58.974,-26.211
5163,73.897,35.037
5164,7.7552,-11.246
5165,6.5974,81.719
5166,-89.888,-6.9164
5167,35.706,8.4759
5168,33.889,-89.506
5169,74.575,-47.476
5170,-31.339,-69.203
5171,58.111,-80.569
5172,7.0617,-77.171
5173,59.151,-5.8716
5174,44.788,-59.286
5175,39.992,3.3498
5176,54.265,4.7247
5177,53.522,-40.367
5178,15.441,40.242
5179,6.7704,-34.677
5180,74.279,56.966
5181,-24.048,-107.81
5182,45.617,-71.311
5183,24.32,-95.414
5184,-9.2675,-94.416
5185,3.1156,9.8626
5186,57.158,52.89
5187,-4.3537,-59.168
5188,56.419,1.8059
5189,-90.933,10.262
5190,47.181,6.9617
5191,4.8078,-30.995
5192,-20.727,-72.512
5193,40.415,11.777
5194,5.4431,-32.534
5195,-24.259,-69.029
5196,8.5478,-69.865
5197,20.842,-82.895
5198,-3.7435,100.27
5199,-4.6866,-59.068
5200,-54.77,-0.55384
5201,41.28,3.9317
5202,-70.891,-78.042
5203,18.778,-85.608
5204,85.656,-31.32
5205,71.235,-37.309
5206,40.922,-8.6397
5207,39.839,14.777
5208,83.004,-12.853
5209,-62.385,-85.751
5210,-74.281,10.086
5211,-88.905,-18.85
5212,11.134,-58.208
5213,-21.669,-74.489
5214,16.622,-5.2078
5215,76.113,-1.6509
5216,-81.267,36.677
5217,26.703,-80.234
5218,-55.514,40.002
5219,7.4466,-20.24
5220,-18.696,-34.632
5221,-79.713,-0.68469
5222,30.49,-19.655
5223,-73.252,-3.7775
5224,70.48,-59.061
5225,24.383,25.412
5226,63.498,-1.3292
5227,43.323,-60.071
5228,77.724,-47.695
5229,34.155,-86.63
5230,11.755,-81.306
5231,11.663,-49.628
5232,68.307,39.915
5233,-20.203,-66.031
5234,-68.479,71.449
5235,-2.5365,-13.676
5236,25.727,-35.948
5237,-51.807,62.456
5238,51.898,-88.034
5239,-16.748,-31.075
5240,58.908,-39.157
5241,53.344,12.298
5242,-18.858,20.85
5243,35.362,-89.826
5244,47.684,-29.461
5245,6.7014,-76.351
5246,2.7184,-83.277
5247,-3.7568,-88.597
5248,-25.245,94.062
5249,-38.431,14.849
5250,6.0649,56.415
5251,36.335,-24.698
5252,61.794,2.3336
5253,6.4059,57.746
5254,13.482,-29.72
5255,48.119,-85.033
5256,4.5578,8.4896
5257,34.879,-36.357
5258,23.668,-90.092
5259,-44.04,67.958
5260,9.1972,-59.191
5261,76.971,55.052
5262,1.3883,-15.269
5263,-25.294,-69.123
5264,27.519,-51.576
5265,24.657,19.55
5266,44.587,-29.597
5267,-3.1253,-90.483
5268,-58.909,-87.691
5269,50.771,25.559
5270,3.704,-32.109
5271,67.053,-55.578
5272,55.029,-25.923
5273,-92.621,15.872
5274,-9.3004,-46.158
5275,20.176,13.522
5276,22.749,79.627
5277,-3.9017,34.416
5278,35.809,-75.963
5279,20.383,-37.212
5280,-17.945,-42.522
5281,54.999,-39.88
5282,48.95,-87.712
5283,-40.304,-90.772
5284,-67.84,-51.027
5285,29.1,-91.745
5286,-4.5738,41.275
5287,13.886,-26.505
5288,11.422,72.376
5289,-9.3454,-78.446
5290,70.828,-6.9984
5291,-10.255,-30.101
5292,-2.8463,-30.996
5293,53.429,7.7249
5294,-69.666,-69.861
5295,35.854,-91.484
5296,-25.076,-95.113
5297,-9.8801,-76.941
5298,-3.4734,98.04
5299,54.473,53.661
5300,13.64,-39.075
5301,3.6959,-81.461
5302,55.519,23.248
5303,52.419,-51.115
5304,-61.06,-84.128
5305,-60.19,-78.005
5306,54.573,-54.099
5307,-8.5073,-95.381
5308,-67.934,-80.399
5309,53.523,14.17
5310,54.995,80.414
5311,0.93808,-77.533
5312,19.644,0.99249
5313,-105.23,15.642
5314,-43.83,73.458
5315,-31.403,1.403
5316,-32.534,-85.71
5317,70.8,-0.37252
5318,-104.13,0.65275
5319,-11.982,-88.384
5320,45.006,-50.095
5321,46.445,41.269
5322,62.768,-12.573
5323,25.85,-92.011
5324,-81.781,20.91
5325,-28.061,-47.706
5326,17.307,-29.003
5327,8.2404,-11.059
5328,-4.1217,32.017
5329,-10.761,-63.084
5330,-92.455,8.0665
5331,53.357,-50.529
5332,20.362,37.116
5333,42.886,15.108
5334,-66.859,-80.216
5335,-53.617,-60.132
5336,14.087,-87.966
5337,87.444,-4.8653
5338,-32.5,-86.019
5339,-20.332,-22.688
5340,84.244,35.898
5341,4.5216,-25.595
5342,-25.704,-61.678
5343,81.563,-9.906
5344,-23.579,-73.171
5345,3.7279,39.392
5346,-25.217,-95.345
5347,-18.458,-69.842
5348,35.091,-84.291
5349,-107.02,-12.599
5350,40.267,-63.189
5351,75.091,-30.741
5352,10.516,-46.362
5353,-91.633,-1.3204
5354,35.377,-88.812
5355,42.601,-48.475
5356,63.709,-67.602
5357,55.888,-80.558
5358,-41.508,3.9267
5359,-53.064,-47.453
5360,27.123,36.184
5361,36.681,-20.805
5362,40.133,-11.543
5363,45.109,5.1191
5364,18.913,-83.686
5365,-4.0966,-92.065
5366,34.981,-91.524
5367,22.268,-89.16
5368,48.976,-10.888
5369,57.491,-83.267
5370,34.527,-79.689
5371,45.072,21.429
5372,51.469,-29.598
5373,7.1348,28.561
5374,-18.491,-83.124
5375,62.053,53.529
5376,-35.787,-81.122
5377,-68.833,-77.623
5378,30.2,-89.553
5379,70.288,-44.188
5380,30.083,-8.4017
5381,7.4366,-76.561
5382,52.391,4.3945
5383,-27.913,-71.769
5384,44.576,-13.705
5385,-52.34,-80.252
5386,-46.03,-59.355
5387,18.028,-64.883
5388,26.446,-33.812
5389,-0.031526,36.973
5390,-49.953,87.198
5391,-43.409,88.778
5392,79.993,-1.1355
5393,36.278,-17.94
5394,-55.049,7.0461
5395,75.907,-0.061475
5396,-69.943,-75.329
5397,-57.111,15.802
5398,60.264,37.226
5399,6.1938,-77.076
5400,-24.616,-20.672
5401,36.825,-63.471
5402,24.298,-48.388
5403,44.069,-65.24
5404,48.349,-60.881
5405,77.358,-56.321
5406,26.439,-91.665
5407,13.876,-40.662
5408,-56.774,10.651
5409,52.412,-57.866
5410,68.152,-5.8481
5411,27.756,-67.241
5412,-63.465,18.664
5413,37.372,-32.577
5414,43.4,-60.04
5415,-10.802,-90.705
5416,7.6391,74.546
5417,-23.487,-74.7
5418,-22.41,-85.525
5419,5.4475,67.222
5420,-18.306,-84.481
5421,-80.662,32.167
5422,44.567,60.254
5423,13.784,-54.608
5424,-64.65,8.4949
5425,51.878,-89.362
5426,-41.604,-0.75205
5427,32.519,-55.726
5428,-11.864,-17.745
5429,15.557,-0.38885
5430,0.1834,9.4617
5431,2.8277,-62.757
5432,4.0736,-4.8058
5433,-52.044,-80.547
5434,-7.453,-88.849
5435,38.016,-8.2434
5436,-62.646,-83.003
5437,36.937,-13.104
5438,57.26,16.253
5439,50.437,-7.4167
5440,21.695,-43.895
5441,-6.2948,-22.583
5442,-24.674,12.409
5443,12.946,-47.922
5444,-8.0728,-69.356
5445,12.892,-9.4305
5446,44.295,29.901
5447,45.48,-76.731
5448,5.4899,-25.533
5449,-59.569,-85.033
5450,-68.588,-77.104
5451,40.129,78.763
5452,5.7006,63.161
5453,24.383,-64.643
5454,-12.316,-17.56
5455,-20.309,-84.574
5456,4.6758,77.31
5457,-3.6547,17.772
5458,-13.694,10.862
5459,53.742,-40.356
5460,15.396,39.709
5461,22.848,-97.848
5462,62.341,-61.064
5463,-61.653,-82.529
5464,-65.266,-71.969
5465,54.278,-72.861
5466,-60.466,-74.142
5467,-70.378,-78.512
5468,-14.211,-34.512
5469,38.405,-25.694
5470,-13.643,-42.261
5471,64.069,-4.1037
5472,50.752,25.487
5473,-63.183,-85.437
5474,-7.0513,-36.098
5475,41.547,16.81
5476,6.1842,-84.115
5477,-31.047,-77.901
5478,30.174,4.3859
5479,26.961,-92.208
5480,17.464,-62.064
5481,22.471,-29.798
5482,36.593,17.011
5483,40.512,-8.1012
5484,-99.171,1.622
5485,52.266,4.4286
5486,-88.241,44.753
5487,57.947,-80.614
5488,48.034,56.814
5489,43.561,-77.203
5490,43.672,-85.753
5491,39.426,-90.911
5492,74.737,-54.818
5493,-20.225,-83.276
5494,13.398,72.571
5495,26.639,81.171
5496,81.447,-18.758
5497,-43.608,-34.771
5498,41.668,-61.959
5499,73.668,-59.131
5500,22.451,-36.807
5501,-10.042,-69.484
5502,-42.944,0.79406
5503,21.557,-7.6807
5504,10.819,-49.291
5505,16.843,-49.26
5506,-74.624,-6.8877
5507,-62.428,-83.468
5508,36.39,-53.206
5509,-40.879,73.112
5510,-33.28,-86.105
5511,-39.31,10.721
5512,-26.411,-86.745
5513,-70.34,7.6049
5514,15.955,-1.5073
5515,-42.462,-86.599
5516,39.114,-64.504
5517,67.542,-4.3324
5518,36.586,-8.0753
5519,-5.4569,-93.24
5520,69.373,-37.512
5521,-90.558,28.068
5522,5.86,-60.071
5523,26.676,81.232
5524,-25.395,-102.97
5525,35.045,-19.961
5526,-44.387,-86.175
5527,-76.269,17.131
5528,77.584,-47.628
5529,55.725,10.911
5530,24.48,-95.583
5531,-3.2585,-38.941
5532,3.193,53.452
5533,66.667,-22.153
5534,13.683,12.55
5535,32.746,-69.304
5536,-13.133,-95.805
5537,-20.435,87.495
5538,47.482,-80.817
5539,53.96,-70.093
5540,85.719,-10.981
5541,40.478,-57.868
5542,75.968,-44.889
5543,31.067,-23.575
5544,82.769,-46.584
5545,35.106,-85.282
5546,38.72,16.966
5547,92.765,-22.818
5548,21.264,-7.5179
5549,-40.592,15.677
5550,42.674,-81.11
5551,-0.93304,-61.229
5552,-20.858,-85.57
5553,9.6688,70.596
5554,-30.994,95.05
5555,-0.0063314,-47.634
5556,-13.026,-46.161
5557,38.911,17.251
5558,-56.423,29.061
5559,35.68,24.477
5560,-87.55,6.5929
5561,18.626,-14.045
5562,20.085,22.832
5563,-23.512,-91.765
5564,5.5809,-62.059
5565,17.325,-5.689
5566,-74.727,-73.838
5567,-59.907,-85.245
5568,42.283,1.2765
5569,67.238,-7.9755
5570,45.636,-11.467
5571,13.13,-24.917
5572,75.515,-38.796
5573,44.255,-88.858
5574,-1.9776,-74.944
5575,1.8849,7.4199
5576,38.337,39.363
5577,-21.759,-70.792
5578,-54.326,-89.346
5579,-55.629,-77.832
5580,76.967,-51.242
5581,-67.601,-80.868
5582,7.417,5.7866
5583,-62.875,-84.775
5584,0.13688,-46.448
5585,53.461,-13.898
5586,-14.202,-93.856
5587,31.634,-68.017
5588,27.794,-66.414
5589,21.828,24.17
5590,-34.309,-59.089
5591,-67.428,-79.564
5592,83.808,-10.938
5593,-68.075,-80.444
5594,24.694,-38.457
5595,32.896,-29.111
5596,-69.975,-7.1032
5597,-57.838,-85.926
5598,30.958,25.981
5599,-36.937,1.8796
5600,43.098,-48.013
5601,22.231,-62.012
5602,48.298,48.729
5603,2.8442,-62.651
5604,-7.2494,-67.619
5605,2.7394,69.82
5606,-10.029,-68.376
5607,-19.338,-70.994
5608,52.649,-64.927
5609,84.401,-20.333
5610,40.655,-4.3185
5611,-91.604,15.848
5612,-105.12,-12.291
5613,79.607,-34.559
5614,37.036,-27.781
5615,-17.636,84.609
5616,-73.222,5.9828
5617,-52.577,17.121
5618,42.496,15.336
5619,4.5898,-13.655
5620,20.477,40.836
5621,89.915,-29.924
5622,-17.026,-79.357
5623,42.025,-69.634
5624,31.705,-87.312
5625,1.7848,-85.949
5626,16.276,-72.729
5627,-68.942,-77.525
5628,-89.973,-7.2764
5629,67.357,-8.1985
5630,68.414,38.113
5631,71.557,-55.1
5632,0.7452,-62.173
5633,4.6129,26.228
5634,18.958,-39.709
5635,-70.682,14.484
5636,33.295,11.348
5637,-87.146,3.536
5638,-14.315,-31.312
5639,-17.327,-29.602
5640,-42.88,-62.224
5641,23.676,-95.932
5642,29.583,-39.482
5643,-19.134,-31.792
5644,-107.4,-9.9202
5645,-53.221,-87.651
5646,-8.5472,49.99
5647,13.925,-49.331
5648,37.847,16.248
5649,-10.403,-89.3
5650,-90.442,14.477
5651,0.25568,-53.241
5652,10.612,29.025
5653,1.7143,-14.298
5654,48.477,56.556
5655,61.522,-69.102
5656,-60.774,-79.921
5657,-2.6726,-74.802
5658,-22.505,-26.873
5659,33.496,-86.528
5660,-4.3153,-88.151
5661,2.3176,7.1154
5662,-30.711,5.1689
5663,42.408,16.106
5664,22.033,-37.463
5665,69.879,-40.73
5666,-61.872,-79.07
5667,-18.444,-58.897
5668,-66.679,8.4368
5669,32.267,-65.803
5670,46.29,29.238
5671,2.6657,-59.232
5672,-12.075,-89.425
5673,71.048,-38.19
5674,59.028,-5.615
5675,45.484,8.1224
5676,53.228,17.542
5677,-73.602,0.76024
5678,3.4749,70.878
5679,82.543,-18.467
5680,-13.652,14.084
5681,6.9652,-77.876
5682,-48.766,67.234
5683,-104.24,-1.5968
5684,1.3666,-64.857
5685,49.804,-84.892
5686,-6.1602,63.677
5687,48.92,41.355
5688,25.69,-92.204
5689,45.49,-60.358
5690,4.3643,-42.225
5691,28.66,-95.135
5692,82.741,-12.588
5693,-105.11,0.2377
5694,50.183,-56.901
5695,59.797,-53.712
5696,18.786,0.67606
5697,22.332,19.669
5698,37.225,85.977
5699,26.364,-94.828
5700,-1.4369,-83.236
5701,35.626,-65.077
5702,63.146,-14.302
5703,-99.386,-29.058
5704,39.803,-77.141
5705,-2.652,-44.014
5706,34.281,-73.208
5707,-9.4907,-17.652
5708,-59.56,29.396
5709,13.875,-31.721
5710,27.647,-42.222
5711,36.547,35.222
5712,44.952,-34.589
5713,86.899,-7.0248
5714,29.591,-21.415
5715,29.738,30.679
5716,36.665,-66.309
5717,35.289,-34.392
5718,-80.41,3.0066
5719,7.6542,-47.226
5720,-6.1603,63.577
5721,82.562,-31.33
5722,17.993,-34.501
5723,32.205,12.185
5724,67.489,36.153
5725,38.55,-91.923
5726,36.282,-62.331
5727,27.382,-88.798
5728,30.821,-70.431
5729,54.207,45.56
5730,-1.4891,42.706
5731,-22.351,-88.57
5732,18.368,82.151
5733,-60.765,-84.58
5734,-24.749,-20.743
5735,36.009,-18.23
5736,-83.592,2.4301
5737,26.377,-0.72949
5738,29.766,22.09
5739,12.797,28.413
5740,44.164,-58.58
5741,34.739,-66.47
5742,4.3416,-84.908
5743,12.69,8.8346
5744,3.8181,-85.607
5745,3.8185,-57.393
5746,-2.896,-88.543
5747,-21.591,-67.03
5748,13.703,-12.625
5749,-37.119,68.442
5750,24.274,23.494
5751,38.298,-9.5292
5752,23.716,-9.3702
5753,-67.893,-80.728
5754,-24.624,-47.726
5755,6.6806,-80.686
5756,-53.496,-85.231
5757,-96.422,-15.645
5758,-25.572,-88.969
5759,39.953,-9.0574
5760,-9.0938,-93.957
5761,-69.847,7.7226
5762,-16.774,-73.022
5763,34.129,-72.491
5764,19.154,-70.036
5765,-4.8303,-88.995
5766,22.107,-92.887
5767,-37.777,-83.581
5768,12.774,-81.096
5769,74.13,-53.935
5770,2.3114,-30.132
5771,-22.247,-44.197
5772,58.176,32.579
5773,77.249,-30.433
5774,23.39,-77.396
5775,21.858,79.155
5776,-92.519,13.726
5777,19.417,-69.611
5778,35.441,-55.006
5779,15.917,79.782
5780,-50.655,53.741
5781,-23.272,-74.828
5782,48.078,41.635
5783,33.653,76.327
5784,26.657,-39.063
5785,-33.343,-88.658
5786,61.157,-61.299
5787,-65.461,-71.838
5788,64.874,-25.696
5789,53.422,-21.076
5790,26.906,-92.301
5791,-4.6668,-55.408
5792,-2.9782,98.464
5793,-79.685,-50.195
5794,47.818,30.169
5795,53.677,-85.039
5796,-19.949,-25.26
5797,20.359,-84.677
5798,-15.241,-34.291
5799,38.775,-12.246
5800,90.698,-17.699
5801,-10.849,-79.217
5802,31.847,18.17
5803,44.842,88.907
5804,41.81,-58.172
5805,19.161,-35.157
5806,31.401,-69.765
5807,17.741,68.136
5808,36.359,34.374
5809,8.8351,57.104
5810,22.115,-35.81
5811,51.794,-33.252
5812,58.79,-76.066
5813,-60.292,-82.243
5814,29.533,-24.09
5815,56.302,20.721
5816,-56.938,-0.88483
5817,-21.436,-43.492
5818,67.386,-11.621
5819,42.143,11.964
5820,35.633,-63.516
5821,-3.068,-62.351
5822,-5.3203,-22.642
5823,15.003,-70.419
5824,38.123,-53.222
5825,-11.286,-16.871
5826,4.1129,-84.977
5827,31.662,-52.973
5828,80.955,-16.955
5829,-60.312,14.067
5830,27.749,-40.793
5831,75.649,-57.558
5832,-80.314,-58.483
5833,38.249,-8.3216
5834,-42.447,74.014
5835,9.2405,-24.185
5836,41.049,-77.227
5837,51.729,-81.961
5838,63.282,-69.679
5839,-17.916,15.926
5840,47.654,-83.75
5841,-87.787,5.2945
5842,-90.784,6.9172
5843,-4.4573,-96.171
5844,38.223,-18.988
5845,78.627,47.036
5846,-3.8199,50.655
5847,32.146,-65.824
5848,68.129,-62.008
5849,81.208,-34.064
5850,-0.92817,39.896
5851,36.492,-64.525
5852,-69.66,39.304
5853,-13.984,81.4
5854,-54.294,-34.758
5855,7.5527,-24.476
5856,58.155,-0.25926
5857,22.482,-97.638
5858,19.354,-35.062
5859,6.2933,-31.74
5860,5.2042,-63.92
5861,-31.658,-80.105
5862,-43.201,-1.4845
5863,18.171,-9.3053
5864,-9.8969,-86.494
5865,-18.736,-47.726
5866,22.919,49.278
5867,-30.947,69.601
5868,9.1627,70.3
5869,10.182,-41.39
5870,53.989,26.358
5871,81.462,-48.863
5872,52.276,-2.0043
5873,70.361,-39.814
5874,-82.492,20.565
5875,82.253,-27.311
5876,-25.308,-54.687
5877,53.451,-86.834
5878,19.627,-36.604
5879,-19.734,-73.831
5880,1.6424,-14.417
5881,84.574,-20.343
5882,34.257,-9.7116
5883,10.461,-83.307
5884,-13.912,-34.131
5885,-10.143,-88.682
5886,-14.262,-40.376
5887,29.399,-92.193
5888,-105.76,-9.7362
5889,38.293,91.808
5890,-2.7426,-43.142
5891,-29.938,-40.45
5892,-4.8307,-27.451
5893,59.172,-54.03
5894,-5.9953,81.831
5895,48.204,-74.097
5896,44.217,-83.671
5897,41.852,-89.862
5898,-66.048,-79.809
5899,-8.666,12.303
5900,33.395,-42.234
5901,-69.896,38.757
5902,77.961,-38.15
5903,-16.463,85.452
5904,25.379,-41.177
5905,40.181,78.597
5906,58.408,-4.493
5907,35.926,23.186
5908,36.422,-61.259
5909,0.062368,8.6497
5910,4.5739,-10.53
5911,-34.765,-59.728
5912,-67.268,29.151
5913,8.1184,10.131
5914,9.7331,13.507
5915,2.2992,-59.073
5916,-14.565,-80.649
5917,-12.446,43.804
5918,58.639,-34.499
5919,-9.7699,-46.456
5920,75.593,-0.045112
5921,-64.855,9.0872
5922,57.348,52.752
5923,-59.87,12.265
5924,-36.615,-75.373
5925,-11.844,41.393
5926,21.798,-77.188
5927,-9.8526,-69.597
5928,-17.962,-77.96
5929,-0.11609,32.341
5930,58.215,2.0502
5931,-64.476,-55.336
5932,-4.6769,-48.62
5933,-0.23649,-23.155
5934,27.599,-16.69
5935,-97.054,-12.031
5936,15.024,41.953
5937,70.367,-57.949
5938,42.66,-46.735
5939,-45.624,9.7957
5940,94.258,59.35
5941,28.908,25.456
5942,31.894,-87.384
5943,51.625,24.753
5944,13.768,-2.648
5945,-10.872,45.144
5946,16.672,63.384
5947,-2.9165,-63.141
5948,49.646,-62.574
5949,63.093,-54.166
5950,57.226,3.2864
5951,29.22,35.033
5952,16.083,-58.178
5953,13.839,52.933
5954,29.377,-82.622
5955,-21.542,-84.632
5956,57.478,-82.443
5957,-14.139,9.6012
5958,0.00033176,10.175
5959,55.583,46.806
5960,44.479,-8.2476
5961,60.781,-8.9159
5962,83.458,-0.65392
5963,-7.7844,13.034
5964,-18.238,-42.755
5965,-53.629,-84.435
5966,24.965,-10.695
5967,80.528,-19.048
5968,25.381,-34.752
5969,-25.022,-92.694
5970,37.723,8.7421
5971,56.418,27.125
5972,25.803,-92.489
5973,64.413,-51.284
5974,24.074,-95.833
5975,44.045,-80.407
5976,16.869,61.419
5977,27.673,-51.18
5978,13.907,35.353
5979,-2.9808,80.538
5980,-40.188,68.194
5981,58.361,5.3326
5982,31.627,-45.921
5983,-12.027,50.591
5984,32.855,-80.29
5985,14.36,-86.804
5986,-104.07,-1.741
5987,83.431,-33.885
5988,-53.545,2.3687
5989,74.585,-61.23
5990,26.745,-80.945
5991,60.676,45.906
5992,88.063,24.991
5993,26.39,-51.37
5994,-15.282,62.433
5995,34.873,80.795
5996,3.8739,29.378
5997,-57.67,10.024
5998,-55.719,1.0498
5999,-21.739,7.4908
6000,22.629,-22.233
6001,50.648,5.9246
6002,40.327,-6.1696
6003,-4.0819,-87.933
6004,5.7324,-65.446
6005,-5.0968,58.655
6006,49.689,-74.716
6007,2.1896,-66.736
6008,47.444,-76.624
6009,-53.403,21.816
6010,35.976,-15.011
6011,46.908,37.567
6012,-79.577,5.9557
6013,4.7272,-25.558
6014,44.375,4.2307
6015,32.002,-70.446
6016,44.602,29.825
6017,-32.127,-81.893
6018,34.804,19.653
6019,24.233,-64.89
6020,-44.247,64.186
6021,68.041,-5.3773
6022,46.79,-49.339
6023,73.041,-7.6528
6024,-64.945,-85.288
6025,21.565,-37.656
6026,99.766,-65.381
6027,-87.403,31.308
6028,13.579,72.778
6029,55.705,-57.127
6030,39.557,14.809
6031,95.566,-51.193
6032,-98.861,8.9841
6033,-76.644,34.422
6034,-51.267,74.86
6035,-11.296,44.721
6036,20.531,-55.586
6037,20.696,-51.209
6038,-25.493,-52.795
6039,35.189,-90.183
6040,9.9661,-20.687
6041,10.483,-4.8079
6042,17.494,-77.789
6043,49.835,-83.506
6044,68.634,-5.2593
6045,-63.012,-83.082
6046,14.427,-86.814
6047,52.165,48.257
6048,12.344,-73.134
6049,47.579,-89.847
6050,60.62,-21.91
6051,-56.135,29.28
6052,2.3034,-4.2214
6053,46.945,-69.944
6054,46.513,15.185
6055,37.638,-8.7879
6056,-21.967,-50.672
6057,31.623,-39.717
6058,22.615,-90.987
6059,15.24,-70.737
6060,-10.234,-17.751
6061,32.299,-62.119
6062,3.0172,-49.262
6063,-12.968,-84.491
6064,1.5895,53.981
6065,-82.524,35.154
6066,33.926,-4.4663
6067,38.308,-18.631
6068,33.727,39.362
6069,-58.5,30.258
6070,-13.745,-87.065
6071,-42.089,65.095
6072,20.4,-46.875
6073,13.325,7.2062
6074,33.642,25.788
6075,-50.468,46.286
6076,-82.588,34.728
6077,-2.0143,-88.694
6078,69.394,-37.972
6079,74.226,-0.43154
6080,63.447,20.625
6081,-66.863,7.4658
6082,17.794,76.681
6083,59.558,-61.816
6084,39.279,91.157
6085,36.78,-77.753
6086,-16.409,-83.937
6087,19.053,-36.574
6088,56.306,-38.676
6089,54.472,15.13
6090,83.263,-49.149
6091,87.602,-16.952
6092,68.431,-63.697
6093,45.941,36.651
6094,13.446,12.94
6095,32.31,-70.385
6096,33.361,-46.175
6097,20.208,-64.35
6098,27.637,-93.716
6099,-8.9818,-89.287
6100,40.981,-61.863
6101,89.044,-31.786
6102,57.767,-0.87657
6103,-87.822,29.491
6104,99.384,-62.864
6105,29.797,-69.859
6106,3.0692,76.12
6107,75.914,12.375
6108,99.729,-64.712
6109,-3.2573,98.252
6110,50.173,-69.622
6111,8.9806,51.665
6112,8.1,-61.223
6113,2.2867,8.3144
6114,30.571,-50.375
6115,-103.91,-1.5262
6116,-28.371,-22.73
6117,37.057,-13.708
6118,36.239,-89.946
6119,-9.214,-38.677
6120,15.212,-50.474
6121,78.922,-51.141
6122,-30.322,-75.448
6123,44.472,-43.919
6124,44.666,-55.95
6125,45.691,11.351
6126,-61.986,-86.794
6127,-62.872,66.185
6128,33.074,-47.677
6129,23.826,-95.221
6130,42.791,2.4239
6131,-95.349,17.123
6132,79.026,40.301
6133,-10.651,-73.01
6134,2.5316,-9.0431
6135,52.477,49.024
6136,46.577,44.576
6137,34.829,-70.506
6138,-67.547,-11.358
6139,65.391,47.678
6140,-70.465,7.353
6141,68.894,-59.52
6142,-1.6252,55.134
6143,48.335,85.154
6144,35.08,21.776
6145,23.229,-95.265
6146,-84.33,21.3
6147,-24.074,-92.969
6148,-0.54438,-60.66
6149,43.511,-55.372
6150,-17.288,77.333
6151,29.529,-33.323
6152,76.599,-57.475
6153,54.186,-50.844
6154,96.585,-62.7
6155,83.173,-18.332
6156,-24.968,2.2739
6157,91.878,-67.867
6158,19.311,-36.243
6159,32.873,80.036
6160,18.716,-50.095
6161,45.056,-56.739
6162,28.622,-83.681
6163,24.518,-84.421
6164,9.535,-83.946
6165,17.286,45.205
6166,5.9139,-61.822
6167,55.27,14.43
6168,80.918,-5.0214
6169,70.995,-6.5962
6170,-13.993,-33.924
6171,100.27,-62.982
6172,-69.892,24.934
6173,-65.057,4.2867
6174,-32.749,73.397
6175,43.542,25.491
6176,-101.5,26.411
6177,40.156,22.509
6178,7.2006,-14.264
6179,2.9724,24.483
6180,-9.0716,23.616
6181,-17.912,-73.854
6182,2.9052,-54.437
6183,-66.777,7.6426
6184,-6.3146,-79.258
6185,32.046,-20.03
6186,-25.764,-61.798
6187,35.38,25.4
6188,-81.632,38.404
6189,44.462,-75.349
6190,42.271,-79.561
6191,29.003,-91.458
6192,15.538,6.8962
6193,39.23,34.461
6194,43.615,51.684
6195,-11.085,-85.375
6196,29.899,18.734
6197,47.195,-89.874
6198,-73.751,-73.671
6199,-80.963,35.631
6200,32.691,-15.239
6201,36.556,-77.416
6202,0.13734,88.239
6203,37.066,38.832
6204,71.856,-35.844
6205,54.531,22.08
6206,40.068,27.62
6207,37.317,-13.303
6208,38.114,-8.35
6209,-67.319,-71.639
6210,40.837,4.1942
6211,-9.2867,-75.79
6212,-99.329,5.1875
6213,11.085,-45.947
6214,-76.862,7.0296
6215,-33.777,68.263
6216,82.004,-27.439
6217,15.355,-39.174
6218,24.605,-88.662
6219,6.6587,-80.207
6220,42.685,-80.301
6221,42.494,-45.349
6222,36.731,-69.331
6223,75.546,-59.806
6224,38.383,-53.049
6225,91.64,-12.097
6226,0.33206,-22.538
6227,-72.531,-6.7972
6228,38.868,34.374
6229,8.6518,-70.774
6230,11.632,-68.184
6231,-9.9816,-92.31
6232,-53.897,-83.719
6233,-5.3588,20.03
6234,1.8406,54.96
6235,-4.3321,42.996
6236,56.499,-0.057314
6237,6.0408,-57.872
6238,-1.3961,-91.496
6239,-2.303,-49.804
6240,-78.236,-70.035
6241,36.413,24.89
6242,29.641,-47.108
6243,-13.362,9.939
6244,14.82,78.556
6245,9.5231,54.358
6246,10.783,-19.942
6247,85.226,-26.005
6248,-54.023,-86.976
6249,41.215,-26.652
6250,-17.934,-34.442
6251,41.45,6.4931
6252,34.515,-86.26
6253,67.441,28.107
6254,48.292,-90.005
6255,33.19,-72.571
6256,-10.382,-17.682
6257,40.906,-77.246
6258,6.2525,-59.017
6259,7.0723,-31.969
6260,2.5765,-81.708
6261,45.219,-76.168
6262,65.8,-52.703
6263,55.556,-59.896
6264,-12.882,-86.467
6265,-49.688,68.308
6266,22.166,-10.093
6267,37.644,80.198
6268,43.306,-76
6269,17.788,-95.486
6270,16.172,5.6925
6271,-75.586,-57.912
6272,30.123,-38.451
6273,34.145,-86.549
6274,-4.3319,-43.994
6275,79.309,-56.685
6276,-2.5049,-37.143
6277,-10.41,-29.97
6278,-82.338,-28.986
6279,-62.712,79.126
6280,15.569,32.814
6281,-39.664,-1.6116
6282,38.477,36.269
6283,-49.034,-89.386
6284,23.343,-21.837
6285,-50.194,-59.976
6286,59.061,-2.8322
6287,19.165,-48.029
6288,55.707,23.847
6289,79.023,-29.255
6290,25.314,-8.6001
6291,1.3229,40.483
6292,28.826,38.975
6293,-9.4281,-27.964
6294,52.287,-9.7528
6295,90.277,-54.974
6296,19.93,-37.602
6297,-54.492,26.453
6298,37.072,-9.188
6299,7.1926,-76.351
6300,30.364,-40.174
6301,-54.348,-84.584
6302,-56.098,-79.607
6303,7.3226,63.523
6304,26.763,-89.359
6305,-7.3039,-88.551
6306,-3.2663,98.179
6307,-24.744,-19.693
6308,-34.946,0.87353
6309,-46.211,8.4601
6310,16.363,39.362
6311,-4.8144,-44.032
6312,61.145,1.3921
6313,36.2,-20.778
6314,75.642,13.965
6315,-70.221,25.276
6316,18.225,-35.474
6317,-14.39,-31.169
6318,2.6819,-65.909
6319,-102.23,22.5
6320,49.526,-74.977
6321,45.142,101.37
6322,25.544,-95.522
6323,-50.22,-82.195
6324,-89.72,31.207
6325,44.354,6.466
6326,4.674,58.617
6327,31.945,-6.0094
6328,41.47,-76.655
6329,-13.675,-51.989
6330,4.8896,-64.313
6331,36.695,-91.149
6332,-3.7712,-55.807
6333,10.492,-23.391
6334,-64.795,7.6929
6335,-58.474,-86.375
6336,36.163,-90.277
6337,-67.547,18.634
6338,-85.296,30.455
6339,58.712,-58.02
6340,-31.036,71.042
6341,40.107,-91.173
6342,-21.759,-94.479
6343,2.571,82.626
6344,1.1282,16.677
6345,-14.287,101.77
6346,73.485,-59.455
6347,-7.8155,-42.523
6348,-20.905,11.079
6349,53.806,45.638
6350,96.649,-64.878
6351,79.233,33.786
6352,-105.6,-10.584
6353,14.587,-28.069
6354,-33.882,74.348
6355,-50.73,53.374
6356,45.56,13.034
6357,23.754,-37.445
6358,-63.055,-83.573
6359,3.3095,-5.6212
6360,11.027,-45.894
6361,-51.735,62.715
6362,58.044,-0.9487
6363,59.014,-77.208
6364,79.215,-37.496
6365,-17.567,-33.371
6366,1.4472,18.581
6367,25.232,-92.477
6368,-8.7052,-64.504
6369,-18.73,-67.067
6370,77.293,-29.066
6371,31.009,15.993
6372,91.616,-11.702
6373,32.993,-23.688
6374,70.206,-58.893
6375,-56.197,-79.736
6376,-104.1,-1.4959
6377,-7.8117,-94.36
6378,30.382,22.219
6379,-13.215,-94.441
6380,75.413,56.137
6381,27.108,-51.442
6382,34.663,94.715
6383,19.361,-7.2959
6384,2.6941,24.345
6385,12.06,-2.4919
6386,-81.607,20.904
6387,44.407,27.349
6388,77.34,-30.502
6389,12.015,-59.529
6390,-52.96,-88.88
6391,66.879,-61.934
6392,16.562,52.025
6393,-17.163,-28.323
6394,-103.05,-3.9126
6395,-56.383,-87.165
6396,-91.856,6.2729
6397,-76.709,-27.725
6398,-39.225,-2.5688
6399,77.879,-30.815
6400,-57.882,-87.415
6401,22.365,-36.044
6402,-7.5827,39.59
6403,27.293,-34.938
6404,10.382,32.412
6405,-1.819,17.023
6406,82.763,-14.439
6407,30.67,-37.233
6408,27.028,0.19657
6409,62.1,-59.848
6410,10.486,-71.685
6411,1.4168,6.376
6412,30.443,97.582
6413,38.755,33.141
6414,-10.428,-89.232
6415,34.891,-73.126
6416,25.466,-92.314
6417,21.398,-91.034
6418,-54.167,-87.529
6419,-49.008,-89.503
6420,10.891,-81.352
6421,22.976,-76.78
6422,84.822,-5.4075
6423,47.319,-4.9921
6424,2.2756,7.2601
6425,-14.075,-54.832
6426,44.993,34.559
6427,4.2822,27.877
6428,-10.003,-66.802
6429,44.762,-29.113
6430,83.731,-13.808
6431,-30.931,-77.343
6432,55.989,77.972
6433,38.336,40.53
6434,-26.909,-11.053
6435,15.82,-67.778
6436,4.8566,-82.713
6437,94.912,-50.401
6438,48.114,-44.163
6439,4.9359,-31.038
6440,35.008,-11.534
6441,-105.61,0.15755
6442,-71.968,29.517
6443,-69.264,28.063
6444,-11.284,84.384
6445,-41.419,1.475
6446,43.164,-0.70627
6447,-10.449,-94.539
6448,-57.71,-86.334
6449,26.678,-83.719
6450,98.352,-64.354
6451,-31.138,-55.856
6452,-1.3524,-65.228
6453,-66.278,-83.479
6454,61.146,42.61
6455,62.74,47.098
6456,-45.686,-0.50149
6457,72.238,-36.799
6458,-68.875,-55.968
6459,3.1715,-59.171
6460,-25.851,-8.4662
6461,26.76,35.998
6462,49.27,-75.103
6463,56.419,8.1301
6464,77.895,-22.603
6465,-66.021,62.744
6466,-64.158,19.384
6467,64.577,52.353
6468,38.879,-48.487
6469,54.37,-84.988
6470,33.395,-26.472
6471,35.304,-80.722
6472,59.988,-71.367
6473,37.439,-15.149
6474,23.101,-92.815
6475,55.033,-84.75
6476,-49.594,68.191
6477,22.504,22.042
6478,46.406,23.047
6479,51.307,-48.711
6480,57.363,20.484
6481,12.654,-56.127
6482,38.884,-58.228
6483,2.0926,-7.3194
6484,-27.518,-6.2002
6485,38.348,-61.444
6486,64.411,-63.154
6487,54.841,-50.633
6488,85.621,-12.164
6489,90.62,-13.005
6490,51.753,52.61
6491,-70.681,30.462
6492,28.96,38.51
6493,-42.396,90.303
6494,-45.631,-0.59946
6495,22.612,-92.65
6496,85.937,-20.798
6497,54.706,-53.886
6498,72.715,88.666
6499,23.278,-37.869
6500,52.137,-52.021
6501,-8.2906,-90.203
6502,59.117,27.547
6503,19.713,-39.706
6504,79.866,-37.905
6505,-38.414,-72.97
6506,37.692,-88.226
6507,72.069,34.07
6508,-3.0476,-63.607
6509,-94.027,16.077
6510,5.7154,-28.842
6511,-5.212,-35.316
6512,-59.998,-84.706
6513,40.687,-8.2427
6514,-57.912,-88.077
6515,-32.798,74.605
6516,40.468,21.656
6517,-19.424,-74.24
6518,2.2487,-16.874
6519,30.09,24.537
6520,54.725,22.725
6521,46.243,-73.083
6522,11.296,-57.953
6523,-15.848,-35.029
6524,52.491,-81.017
6525,99.294,-64.133
6526,-22.201,-68.095
6527,23.409,3.6992
6528,41.47,48.173
6529,34.772,-35.959
6530,-27.128,-7.404
6531,-13.939,-42.506
6532,10.564,-49.298
6533,17.287,68.146
6534,63.509,-22.196
6535,-8.988,-92.517
6536,-70.717,1.2917
6537,-26.276,-57.209
6538,43.321,45.619
6539,-61.454,21.129
6540,47.799,38.334
6541,51.573,36.512
6542,85.935,33.474
6543,-24.802,-87.503
6544,58.705,-75.677
6545,52.674,-65.141
6546,31.881,34
6547,-53.795,-86.593
6548,45,-59.519
6549,1.0253,75.328
6550,21.499,-10.456
6551,84.792,-10.668
6552,46.815,44.551
6553,30.374,28.133
6554,-19.789,-93.338
6555,21.448,-93.123
6556,4.4494,-4.3141
6557,57.652,-69.148
6558,0.65291,-57.71
6559,27.546,-35.082
6560,50.529,1.5673
6561,39.899,22.175
6562,27.462,-51.856
6563,-50.692,52.734
6564,-74.062,12.828
6565,19.368,-12.06
6566,16.523,-8.1351
6567,36.084,32.172
6568,-11.706,-83.936
6569,-103.99,18.48
6570,41.225,-7.2548
6571,47.622,-31.538
6572,-43.579,-31.232
6573,42.539,-1.9329
6574,-32.845,73.728
6575,41.29,87.197
6576,23.188,6.5848
6577,75.917,-54.347
6578,-34.595,-24.157
6579,43.427,-14.452
6580,-57.449,-85.12
6581,-60.89,-85.677
6582,34.385,-30.872
6583,1.9965,10.959
6584,8.3034,-83.508
6585,-13.775,-34.079
6586,74.922,0.53229
6587,52.051,-55.048
6588,4.2647,68.328
6589,36.246,-86.544
6590,16.781,-5.1168
6591,-62.73,24.5
6592,13.192,-30.04
6593,-19.944,-35.653
6594,-105.6,16.698
6595,47.495,-65.034
6596,-82.445,63.586
6597,41.869,-78.532
6598,7.3686,-79.193
6599,-42.791,-90.576
6600,89.955,-16.061
6601,-71.859,-12.109
6602,16.457,51.983
6603,-77.09,11.953
6604,7.9848,30.395
6605,-57.502,32.469
6606,40.347,37.097
6607,57.631,52.496
6608,-60.151,-82.796
6609,-105.99,-10.614
6610,-66.276,-80.877
6611,8.6868,60.484
6612,-8.6333,-93.394
6613,64.902,51.891
6614,89.33,-17.668
6615,-12.974,-50.871
6616,-67.593,-71.688
6617,63.943,-52.417
6618,56.591,6.9217
6619,79.061,53.359
6620,35.106,-69.395
6621,-90.732,31.263
6622,-18.359,-106.29
6623,17.769,-80.36
6624,4.0289,26.024
6625,21.376,10.053
6626,9.731,90.052
6627,58.95,-56.084
6628,80.836,-4.4991
6629,-32.418,-86.181
6630,-11.964,-26.047
6631,17.217,-9.8043
6632,-11.242,-66.221
6633,1.552,67.359
6634,23.322,-78.332
6635,1.0162,39.963
6636,-21.953,-68.427
6637,43.071,-73.603
6638,4.8779,-27.092
6639,-4.8256,-42.738
6640,-2.9787,-88.126
6641,-70.755,12.314
6642,-61.015,-84.165
6643,56.765,-1.329
6644,-79.654,38.404
6645,24.142,-64.57
6646,-22.844,-71.786
6647,-56.385,-83.848
6648,-5.0588,39.097
6649,-0.10758,-46.58
6650,33.976,-24.192
6651,60.685,-53.586
6652,64,6.5044
6653,-17.472,-83.759
6654,10.288,-81.607
6655,34.378,-81.247
6656,43.876,-73.149
6657,-9.2898,28.195
6658,-6.0934,21.682
6659,-3.1074,32.258
6660,-88.017,-5.1754
6661,38.492,-21.047
6662,86.466,-24.477
6663,-13.797,13.918
6664,-44.049,-89.805
6665,28.958,99.17
6666,-12.873,46.856
6667,-95.576,17.237
6668,49.625,-33.958
6669,46.529,-78.691
6670,-1.1649,-94.473
6671,34.816,-30.74
6672,-87.084,-40.467
6673,-10.219,-69.614
6674,45.191,-35.273
6675,85.608,-34.687
6676,35.606,25.205
6677,2.9229,-84.594
6678,-20.465,-88.308
6679,-12.58,51.951
6680,-14.609,-88.693
6681,21.263,-68.042
6682,44.964,-30.543
6683,22.35,80.869
6684,-65.283,-78.483
6685,-10.023,-17.642
6686,47.322,23.198
6687,10.141,86.919
6688,17.922,52.675
6689,-22.743,-14.395
6690,26.634,25.456
6691,71.317,-36.449
6692,-5.6248,-77.607
6693,21.171,-48.82
6694,1.0299,-62.465
6695,2.8462,-65.551
6696,34.774,-72.78
6697,89.62,-29.91
6698,73.491,-48.283
6699,36.963,-10.371
6700,6.7659,-48.176
6701,41.308,81.954
6702,28.974,-20.573
6703,38.696,48.501
6704,-58.659,15.365
6705,47.99,81.856
6706,-36.411,25.589
6707,78.6,53.505
6708,-29.359,-77.296
6709,46.554,28.852
6710,43.975,19.56
6711,19.328,22.513
6712,34.339,-9.5489
6713,15.788,14.181
6714,31.109,-90.248
6715,-24.945,-54.543
6716,38.528,-25.319
6717,50.562,43.638
6718,34.453,20.774
6719,64.226,50.625
6720,77.386,39.5
6721,30.057,-53.551
6722,-8.8136,-76.174
6723,40.077,78.53
6724,26.648,-63.112
6725,-51.153,-88.579
6726,-64.839,19.423
6727,1.7325,8.2162
6728,-8.1369,31.445
6729,-27.416,-7.4835
6730,-50.759,-85.574
6731,-20.554,22.243
6732,-26.544,-87.34
6733,6.6829,27.719
6734,-50.408,-88.451
6735,-69.392,5.9635
6736,3.4864,69.076
6737,11.467,9.5029
6738,49.165,13.765
6739,69.263,-38.439
6740,34.784,-24.262
6741,55.242,2.3543
6742,21.287,-84.361
6743,11.844,-65.929
6744,-40.548,42.566
6745,-5.5954,102.93
6746,22.102,11.53
6747,28.909,-51.44
6748,25.742,-34.009
6749,2.8859,57.524
6750,71.099,-39.328
6751,-70.282,1.9419
6752,-13.605,9.3308
6753,-70.198,7.9998
6754,-45.758,-89.271
6755,-11.038,-85.318
6756,-50.293,52.681
6757,35.161,-87.57
6758,-103.26,-15.551
6759,72.653,-2.4655
6760,38.078,-7.8619
6761,29.526,-37.71
6762,7.5301,-76.109
6763,-68.754,16.074
6764,49.956,29.061
6765,55.644,43.279
6766,42.449,51.162
6767,-65.509,-68.305
6768,-37.803,-83.553
6769,-44.155,-89.031
6770,33.534,-24.51
6771,51.703,-59.156
6772,6.0065,-34.166
6773,70.49,-4.7527
6774,42.938,-26.358
6775,21.226,-51.59
6776,67.75,-57.024
6777,64.705,-15.695
6778,40.579,81.707
6779,-52.322,-59.362
6780,12.121,-29.731
6781,37.403,49.412
6782,-60.275,-84.777
6783,-64.742,-81.699
6784,8.9708,33.619
6785,14.549,-4.2307
6786,60.076,-52.884
6787,-15.177,-24.173
6788,-19.022,21.143
6789,62.457,53.265
6790,40.494,23.89
6791,1.633,103.37
6792,43.163,-35.921
6793,89.68,27.295
6794,45.009,3.9378
6795,-16.089,-92.264
6796,-55.881,-79.701
6797,-82.378,3.6696
6798,12.398,55.14
6799,16.631,43.728
6800,1.9304,-82.266
6801,-57.076,31.588
6802,10.355,86.717
6803,9.0609,33.489
6804,-60.591,-77.74
6805,82.463,-11.502
6806,89.357,-27.832
6807,64.457,-21.578
6808,-62.073,18.176
6809,-3.7134,-34.036
6810,16.035,60.355
6811,-5.1906,53.782
6812,47.664,-85.538
6813,-82.2,19.601
6814,19.855,-56.487
6815,46.034,-45.275
6816,-57.729,-69.355
6817,58.486,-75.79
6818,27.633,18.405
6819,-2.214,43.999
6820,-26.111,-57.603
6821,64.663,-0.11506
6822,11.187,71.684
6823,-92.346,-7.2337
6824,77.889,34.352
6825,15.435,-3.2828
6826,32.147,-9.6233
6827,-35.583,-14.089
6828,-47.264,-81.71
6829,66.619,38.111
6830,-8.8661,23.451
6831,43.793,-36.578
6832,20.615,-93.128
6833,-57.829,-60.243
6834,3.9516,-53.361
6835,-54.015,-84.016
6836,-7.3284,60.303
6837,-34.827,58.327
6838,67.376,70.343
6839,38.307,49.052
6840,17.082,35.581
6841,-45.646,-89.086
6842,14.532,-35.898
6843,43.508,26.125
6844,-32.028,7.6921
6845,22.739,-61.469
6846,12.448,-68.21
6847,19.542,-1.086
6848,26.405,-33.736
6849,3.7239,-84.656
6850,43.695,0.34592
6851,29.782,-37.327
6852,74.115,-40.87
6853,5.6019,-33.534
6854,63.551,-64.52
6855,65.01,6.4191
6856,-8.0525,-79.326
6857,-13.993,56.955
6858,-48.713,-84.415
6859,-8.8552,99.637
6860,14.053,-3.9052
6861,-16.529,77.066
6862,-13.511,16.259
6863,67.346,-60.355
6864,40.77,-16.527
6865,-30.583,-70.667
6866,29.254,-35.158
6867,19.925,-22.853
6868,-39.835,-91.16
6869,8.6786,-14.084
6870,68.234,69.809
6871,43.539,-85.858
6872,-15.149,-88.596
6873,16.921,-80.771
6874,-62.507,-84.58
6875,-3.5796,-104.16
6876,-46.35,-89.378
6877,19.988,-47.751
6878,85.804,-5.6318
6879,68.693,62.898
6880,-58.019,24.548
6881,36.823,25.03
6882,28.869,-39.173
6883,2.487,-16.254
6884,77.056,9.6432
6885,46.303,-3.4717
6886,77.002,-2.0142
6887,26.712,-30.714
6888,46.74,-31.266
6889,-80.199,1.2451
6890,1.2341,-54.524
6891,-28.321,-51.956
6892,55.066,80.399
6893,28.17,-34.073
6894,-21.754,-92.825
6895,7.2417,14.045
6896,1.3449,103.17
6897,-56.524,10.522
6898,16.296,-15.342
6899,9.6776,-24.438
6900,45.486,-72.951
6901,-63.727,8.5601
6902,80.161,-57.877
6903,-10.3,-16.238
6904,40.348,-6.9466
6905,41.016,81.922
6906,-62.597,21.03
6907,29.67,22.193
6908,-23.319,80.16
6909,-36.726,69.711
6910,68.919,39.623
6911,23.236,-63.637
6912,-65.593,-78.158
6913,36.145,13.131
6914,12.793,-51.169
6915,4.757,21.246
6916,-62.527,-86.557
6917,-9.94,-89.729
6918,9.4436,-71.353
6919,4.4897,32.647
6920,-14.551,-43.109
6921,73.058,-46.278
6922,-4.3199,-43.824
6923,-25.437,-8.3652
6924,-84.997,26.14
6925,16.259,14.041
6926,36.982,-85.382
6927,-0.86589,-58.886
6928,-47.505,2.7169
6929,76.775,-6.5491
6930,-74.754,-0.29464
6931,18.559,77.16
6932,-37.548,53.178
6933,51.906,-58.013
6934,90.624,-13.065
6935,93.256,-28.122
6936,-64.559,5.6604
6937,-15.929,-29.101
6938,-62.986,20.586
6939,-104.02,-13.201
6940,-106.66,-9.1064
6941,25.333,-72.782
6942,44.894,16.544
6943,80.995,-52.75
6944,-2.6662,-78.379
6945,50.671,-70.231
6946,73.57,-48.098
6947,90.292,-20.149
6948,83.07,-41.974
6949,-92.423,17.693
6950,67.953,-15.917
6951,-24.792,-19.442
6952,35.831,23.114
6953,37.426,-89.053
6954,-36.264,-59.565
6955,-40.572,-90.78
6956,38.928,17.046
6957,67.391,-53.514
6958,74.541,-4.4505
6959,-56.607,-61.065
6960,-5.1727,-89.779
6961,-4.655,-37.093
6962,-95.032,17.505
6963,-23.244,6.7657
6964,67.717,70.003
6965,37.154,83.183
6966,35.144,21.387
6967,15.837,-38.475
6968,-53.774,71.51
6969,-38.815,86.06
6970,-95.061,30.21
6971,21.324,14.557
6972,11.391,-70.408
6973,-90.141,14.792
6974,13.008,-82.505
6975,33.419,-24.285
6976,-58.359,8.1486
6977,-1.5201,-83.933
6978,3.4769,-80.642
6979,-11.928,-16.614
6980,46.576,-4.0209
6981,-65.911,7.5056
6982,36.747,50.268
6983,77.133,46.451
6984,11.656,30.995
6985,56.888,7.5537
6986,78.924,-48.978
6987,37.793,-57.236
6988,-4.6638,-30.33
6989,5.0392,-31.089
6990,21.341,-34.935
6991,54.638,36.759
6992,21.3,-59.281
6993,41.407,-51.317
6994,35.854,-64.057
6995,22.412,-29.861
6996,6.1983,-32.781
6997,11.234,-13.172
6998,12.289,-67.499
6999,49.219,-33.159
7000,-88.142,30.754
7001,3.6574,-32.047
7002,31.522,9.7413
7003,44.709,8.3363
7004,55.51,43.764
7005,28.33,98.973
7006,50.074,-87.754
7007,14.752,11.776
7008,-36.958,-73.706
7009,-55.307,-41.755
7010,-83.396,25.679
7011,-58.687,-81.197
7012,-58.021,-83.394
7013,-4.8651,-89.071
7014,45.538,-74.122
7015,41.823,12.937
7016,25.768,-34.062
7017,15.035,75.834
7018,10.063,27.129
7019,48.796,-11.661
7020,-9.2597,11.777
7021,40.497,32.952
7022,-37.507,-74.868
7023,25.561,-61.584
7024,61.814,-64.497
7025,55.281,-82.196
7026,72.146,-39.357
7027,74.122,-4.4238
7028,48.096,-82.905
7029,74.903,-1.2126
7030,16.714,-14.457
7031,-70.19,32.829
7032,15.766,-39.988
7033,61.614,42.556
7034,30.764,25.213
7035,8.314,-80.069
7036,-1.9421,-55.911
7037,32.018,-67.653
7038,-69.729,-10.66
7039,2.3189,-29.988
7040,68.848,-26.783
7041,20.508,-24.411
7042,-33.877,63.827
7043,-6.6159,82.513
7044,33.646,91.298
7045,-48.837,87.466
7046,-54.749,-92.017
7047,0.85107,86.74
7048,69.764,-41.383
7049,43.528,-73.033
7050,44.796,-44.31
7051,36.386,-66.8
7052,48.489,-74.499
7053,28.499,98.728
7054,40.25,28.174
7055,76.539,54.878
7056,19.594,-90.896
7057,23.017,-42.761
7058,15.408,2.1869
7059,43.962,-32.691
7060,-3.9305,18.018
7061,24.688,9.4443
7062,50.37,-86.642
7063,24.109,-61.638
7064,-14.329,-93.94
7065,8.7878,57.718
7066,78.196,-1.5283
7067,82.665,-18.085
7068,100.6,-67.514
7069,27.541,33.197
7070,-95.764,6.9186
7071,-32.382,-81.613
7072,-66.873,-81.055
7073,5.2624,11.204
7074,-1.3786,10.308
7075,-9.9352,-74.524
7076,65.709,-3.46
7077,-9.8096,-91.233
7078,24.618,-84.376
7079,22.012,-4.0728
7080,-63.537,22.331
7081,37.171,36.91
7082,-23.286,-74.077
7083,52.47,-82.121
7084,-59.927,-85.319
7085,23.148,-63.867
7086,-71.694,62.555
7087,-46.634,-66.15
7088,77.911,-41.137
7089,53.732,43.695
7090,40.251,78.588
7091,-32.378,74.551
7092,58.596,76.892
7093,2.0807,-49.395
7094,-4.5755,-45.341
7095,0.87783,-62.202
7096,36.499,-92.228
7097,18.078,-97.118
7098,-46.345,-59.099
7099,40.852,32.012
7100,42.521,-1.8735
7101,-60.06,30.677
7102,13.779,-11.912
7103,-7.5727,54.406
7104,6.7332,20.685
7105,28.996,-91.763
7106,30.574,21.9
7107,30.971,6.6553
7108,20.366,10.404
7109,-9.3881,-85.266
7110,16.655,-57.691
7111,56.579,-55.412
7112,41.094,-7.5944
7113,33.657,-17.18
7114,61.338,-61.542
7115,-72.803,-76.299
7116,47.853,-57.025
7117,-54.474,-0.0088823
7118,-32.246,-95.444
7119,-24.713,-104.46
7120,47.545,17.381
7121,-40.108,-15.246
7122,-13.595,-53.555
7123,-8.9112,-40.598
7124,-19.668,-58.357
7125,-11.448,-18.544
7126,-51.73,-85.298
7127,25.506,-60.488
7128,10.969,-75.057
7129,82.1,-11.856
7130,-43.079,-87.286
7131,11.298,-90.359
7132,-9.1292,80.84
7133,19.684,-35.485
7134,32.553,-68.897
7135,28.528,-91.751
7136,-72.196,-74.301
7137,59.297,-55.282
7138,29.728,-69.765
7139,61.722,-68.792
7140,60.871,-71.594
7141,-100.42,26.564
7142,28.137,38.246
7143,72.776,-39.156
7144,-6.5064,-85.155
7145,-51.823,-84.133
7146,-3.0243,-56.229
7147,-63.093,6.7435
7148,42.111,2.5074
7149,28.225,-34.795
7150,35.217,-84.697
7151,52.471,-40.332
7152,47.944,-54.144
7153,52.316,-18.378
7154,-57.103,29.02
7155,-38.262,-76.531
7156,36.662,34.988
7157,25.801,-92.289
7158,-22.847,-74.235
7159,-3.7778,33.135
7160,-57.841,-88.712
7161,54.949,-64.974
7162,54.346,-72.77
7163,58.998,-76.256
7164,31.129,32.538
7165,-82.599,31.45
7166,74.034,-62.334
7167,44.498,18.782
7168,7.175,17.83
7169,19.886,-68.814
7170,-8.6991,12.364
7171,52.078,10.062
7172,-40.296,-68.168
7173,41.967,1.2138
7174,46.784,44.465
7175,30.722,-34.175
7176,74.279,-61.632
7177,-71.151,-0.29165
7178,62.923,-12.998
7179,6.2902,-32.333
7180,-34.323,18.522
7181,-82.975,24.728
7182,28.182,79.027
7183,-29.897,95.791
7184,5.6148,56.22
7185,17.35,-63.196
7186,-69.186,28.82
7187,-64.985,-81.658
7188,12.481,-22.699
7189,-46.003,14.366
7190,20.286,-35.117
7191,-45.505,37.962
7192,38.581,49.068
7193,64.704,51.763
7194,-62.831,-85.534
7195,27.99,-89.958
7196,6.809,-78.031
7197,13.127,-58.309
7198,30.154,97.66
7199,68.817,-59.08
7200,35.993,-18.806
7201,-60.414,16.386
7202,54.401,-83.921
7203,-48.422,71.391
7204,15.825,79.249
7205,-64.559,-0.37587
7206,-21.451,-68.033
7207,-7.6893,71.981
7208,44.646,-58.038
7209,4.3133,10.204
7210,20.195,-69.152
7211,-26.429,4.862
7212,41.705,-7.4324
7213,44.508,-74.575
7214,32.919,-15.436
7215,25.369,-27.937
7216,91.548,-29.167
7217,36.632,-13.2
7218,77.835,-55.15
7219,41.028,-6.8033
7220,-60.479,19.299
7221,20.05,69.547
7222,32.474,25.643
7223,43.736,-78.828
7224,-10.989,-40.494
7225,24.474,23.086
7226,77.913,-6.7493
7227,63.339,-66.04
7228,26.557,49.155
7229,11.986,9.2298
7230,-71.977,69.811
7231,-10.979,-51.706
7232,-59.208,-87.424
7233,-41.742,-1.2859
7234,-10.625,-17.55
7235,-72.327,6.3042
7236,60.965,-18.62
7237,52.527,-64.903
7238,38.224,-91.79
7239,65.316,-21.621
7240,45.96,-80.049
7241,44.285,-88.941
7242,33.797,-5.1972
7243,9.587,42.121
7244,25.778,-31.2
7245,-2.8309,-82.198
7246,54.489,23.902
7247,-12.541,17.432
7248,-31.212,13.187
7249,47.686,82.446
7250,44.72,-59.259
7251,-5.0945,-35.271
7252,33.289,95.162
7253,37.098,92.539
7254,32.672,22.106
7255,47.378,-89.731
7256,74.308,-41.316
7257,19.161,32.396
7258,81.087,-15.428
7259,74.252,-50.226
7260,-49.948,28.834
7261,76.583,-51.159
7262,28.056,33.261
7263,-9.6504,-17.961
7264,3.776,-77.328
7265,-71.214,6.9104
7266,24.222,-37.487
7267,34.649,-86.254
7268,-7.5587,13.248
7269,-22.071,-56.171
7270,25.741,-64.672
7271,6.4748,-30.674
7272,40.872,-80.125
7273,39.688,-31.986
7274,77.352,-1.8776
7275,21.488,20.96
7276,64.447,-9.488
7277,-5.0478,-23.782
7278,64.972,-16.647
7279,-19.684,-59.524
7280,-68.059,-70.275
7281,-1.5356,-91.286
7282,14.26,-68.065
7283,-2.9016,33.262
7284,91.746,-24.602
7285,-14.774,-31.609
7286,-54.297,54.263
7287,15.077,-45.238
7288,16.642,-74.076
7289,14.163,-71.345
7290,-19.211,-62.399
7291,-64.646,-83.967
7292,34.587,-76.032
7293,-20.858,-39.071
7294,80.039,-8.0003
7295,-74.619,-6.9459
7296,-81.952,1.4078
7297,-70.524,8.5602
7298,17.296,-8.575
7299,8.1559,-56.145
7300,68.661,40.665
7301,59.173,39.202
7302,24.904,-31.106
7303,39.786,-91.283
7304,52.411,25.025
7305,27.36,81.465
7306,69.582,45.723
7307,37.786,8.4485
7308,61.011,-61.436
7309,85.517,-15.458
7310,85.093,-14.796
7311,36.489,-64.988
7312,-44.286,-23.531
7313,22.843,66.368
7314,-0.28622,40.348
7315,-8.4299,56.782
7316,-34.432,65.845
7317,-51.091,43.778
7318,-2.742,-42.621
7319,0.98161,1.0379
7320,40.262,54.168
7321,-39.066,29.258
7322,-69.667,72.281
7323,62.086,37.072
7324,22.511,-10.586
7325,-60.216,14.34
7326,55.949,46.755
7327,48.357,-32.54
7328,75.217,0.55294
7329,56.33,-11.747
7330,54.412,-83.988
7331,31.35,36.235
7332,-48.967,64.586
7333,18.759,-82.721
7334,55.248,-56.32
7335,4.5478,-56.174
7336,-59.899,-84.134
7337,53.429,-20.845
7338,-30.881,-65.203
7339,-3.6732,63.181
7340,49.955,-69.179
7341,90.849,-16.967
7342,-32.776,-73.544
7343,-37.81,49.187
7344,57.77,5.5167
7345,58.763,50.365
7346,0.10673,8.6755
7347,22.79,-97.95
7348,5.1137,-49.993
7349,31.221,-71.86
7350,-50.086,-88.41
7351,26.463,29.974
7352,60.64,-8.863
7353,48.008,37.313
7354,-22.266,80.236
7355,-0.6141,33.722
7356,-55.62,-89.318
7357,20.196,-9.0062
7358,60.938,-9.9167
7359,2.1289,-81.831
7360,51.559,49.367
7361,-62.401,14.617
7362,-25.383,-69.663
7363,18.987,79.203
7364,4.8307,-62.135
7365,82.264,-42.787
7366,43.918,-56.593
7367,41.785,39.505
7368,-22.432,81.308
7369,23.876,52.995
7370,-51.777,-84.338
7371,-62.547,-87.149
7372,-11.347,-91.211
7373,36.43,12.132
7374,27.664,34.106
7375,-11.029,-92.182
7376,67.422,-60.364
7377,-8.9225,-78.7
7378,28.861,-89.495
7379,-11.703,10.198
7380,-16.622,17.966
7381,-28.908,-51.983
7382,-49.487,-17.178
7383,2.5131,38.033
7384,48.512,53.46
7385,34.656,82.064
7386,35.896,-90.603
7387,-0.33287,-48.02
7388,19.187,-62.903
7389,58.031,-12.738
7390,1.3278,-63.617
7391,-9.6517,-92.856
7392,70.502,-6.6276
7393,-30.712,33.984
7394,-28.842,31.527
7395,65.785,31.795
7396,41.746,-79.98
7397,26.417,-91.422
7398,-25.828,-73.403
7399,-82.205,36.569
7400,28.05,-51.816
7401,46.392,-79.518
7402,55.065,-0.90184
7403,91.759,-17.481
7404,49.403,9.2806
7405,-66.055,-57.76
7406,-50.281,-17.799
7407,0.14639,48.373
7408,-37.958,49.941
7409,13.665,-3.3163
7410,59.55,-80.688
7411,33.84,-4.7547
7412,41.274,-69.976
7413,47.18,-73.171
7414,-17.907,14.335
7415,-17.601,10.791
7416,-16.476,-83.342
7417,3.062,-86.936
7418,3.6574,58.118
7419,48.559,-7.38
7420,40.63,-77.048
7421,-40.847,-90.671
7422,29.503,36.125
7423,83.782,-15.263
7424,70.83,-36.775
7425,21.24,-91.315
7426,-11.223,-91.72
7427,-22.618,86.92
7428,67.131,-60.759
7429,-90.552,-3.8552
7430,-46.859,-64.608
7431,-50.407,47.266
7432,-51.053,41.38
7433,19.394,71.623
7434,-2.782,80.606
7435,-49.67,68.138
7436,44.532,32.963
7437,-20.874,30.067
7438,18.075,-83.787
7439,53.08,0.024837
7440,-18.968,-25.645
7441,-26.713,-63.031
7442,23.194,41.265
7443,-26.396,35.17
7444,-42.103,49.116
7445,9.2259,34.033
7446,-44.882,-2.1898
7447,5.3703,-81.772
7448,-52.769,-87.812
7449,-19.91,-25.47
7450,-5.3167,-34.875
7451,-2.4087,-90.594
7452,13.72,-54.885
7453,-70.585,-61.435
7454,28.674,-50.928
7455,-15.22,45.771
7456,58.391,41.892
7457,61.544,-55.464
7458,51.371,-62.742
7459,-32.529,-63.601
7460,55.308,52.08
7461,39.82,90.661
7462,-70.842,-42.133
7463,-19.18,11.192
7464,57.33,33.971
7465,-13.99,-80.998
7466,-6.5682,-43.497
7467,64.937,-20.944
7468,43.653,0.55899
7469,46.403,-32.112
7470,53.001,17.165
7471,61.706,-22.677
7472,-8.7637,82.485
7473,66.877,38.546
7474,55.69,-0.64217
7475,77.598,54.594
7476,0.79576,-14.273
7477,-24.193,-9.127
7478,-66.603,-80.797
7479,0.22201,-73.317
7480,45.212,-70.885
7481,17.758,-82.321
7482,81.478,-34.313
7483,9.2256,-68.589
7484,45.187,-58.783
7485,68.977,-2.8717
7486,23.351,39.535
7487,69.006,49.092
7488,21.947,33.195
7489,-11.488,32.977
7490,76.999,-7.645
7491,-1.8391,21.765
7492,50.048,-57.523
7493,-2.7047,-41.175
7494,-26.197,-8.9598
7495,68.368,-23.93
7496,35.008,-8.0509
7497,44.049,-8.7417
7498,-32.882,33.718
7499,78.865,28.23
7500,78.974,-35.706
7501,-57.929,23.567
7502,-26.781,-26.343
7503,5.6009,-55.988
7504,58.592,-68.351
7505,-8.0351,57.667
7506,-12.07,63.511
7507,38.67,5.7058
7508,-46.789,-89.318
7509,10.83,-71.426
7510,-16.016,-28.905
7511,-51.702,3.0768
7512,-9.2861,36.585
7513,31.796,-79.23
7514,87.875,-24.839
7515,38.437,-21.143
7516,83.802,-11.017
7517,26.872,17.669
7518,36.884,42.578
7519,-11.573,-53.664
7520,-78.829,60.404
7521,28.248,53.945
7522,61.215,54.465
7523,43.042,36.086
7524,3.9781,10.817
7525,70.404,-44.188
7526,-91.557,30.942
7527,50.376,-64.064
7528,36.059,-70.156
7529,-0.41187,-65.348
7530,79.234,-55.679
7531,41.978,-70.39
7532,60.861,-54.492
7533,-59.909,-66.74
7534,-9.5219,-29.202
7535,-31.095,-73.552
7536,67.855,-60.727
7537,-52.159,52.034
7538,-17.841,-40.517
7539,-52.158,73.588
7540,-8.2377,30.397
7541,-15.471,89.781
7542,-82.15,34.906
7543,9.7872,-78.241
7544,48.083,-60.516
7545,78.29,-50.362
7546,-2.2584,-43.979
7547,-16.508,-27.024
7548,81.146,-17.213
7549,-10.36,-16.016
7550,-30.687,-70.199
7551,-25.131,22.177
7552,-54.334,-21.541
7553,57.799,14.038
7554,-7.3463,-91.076
7555,36.75,-8.4538
7556,32.603,20.733
7557,55.236,-57.158
7558,-65.134,12.248
7559,26.385,-39.409
7560,-15.603,-92.319
7561,67.473,-58.881
7562,-6.1238,-36.078
7563,-13.631,81.935
7564,-34.529,56.993
7565,2.1861,56.005
7566,23.852,52.93
7567,47.447,27.688
7568,-5.049,-23.68
7569,-80.744,-54.545
7570,-59.941,35.623
7571,-67.462,-66.088
7572,57.783,-58.11
7573,56.266,-84.211
7574,56.14,-2.5559
7575,27.439,17.932
7576,81.125,-5.0904
7577,26.446,-93.506
7578,-17.008,-31.441
7579,37.387,-64.827
7580,35.288,36.874
7581,36.02,24.488
7582,37.98,80.462
7583,9.2191,24.836
7584,59.724,-77.032
7585,12.307,72.045
7586,63.047,-63.208
7587,-28.22,-50.752
7588,0.30219,53.833
7589,-13.486,43.515
7590,-31.782,42.011
7591,-58.186,-88.825
7592,0.85486,-77.743
7593,-22.893,-90.605
7594,-83.429,19.868
7595,36.63,-68.395
7596,99.524,-63.525
7597,93.137,-53.22
7598,-56.812,-10.237
7599,13.812,-64.044
7600,83.286,-1.8831
7601,-31.076,-55.541
7602,70.348,-2.3006
7603,-17.675,-9.0537
7604,26.162,-33.138
7605,65,51.593
7606,51.493,82.489
7607,15.607,-86.02
7608,64.859,5.6371
7609,93.06,-53.172
7610,-5.4805,50.121
7611,22.247,-33.983
7612,-70.418,-77.927
7613,-96.546,25.362
7614,3.3734,-83.388
7615,-31.783,13.457
7616,-90.158,13.163
7617,40.336,-12.154
7618,22.795,-94.559
7619,-66.965,12.148
7620,40.245,36.468
7621,-54.287,71.772
7622,-31.522,95.466
7623,-10.072,-64.475
7624,-97.685,19.053
7625,12.403,-40.64
7626,61.076,-54.953
7627,25.459,-84.464
7628,-11.644,-25.467
7629,22.864,19.873
7630,33.038,-23.69
7631,59.636,-77.214
7632,57.965,-10.386
7633,42.874,14.986
7634,39.247,-48.035
7635,-8.8921,100.33
7636,-51.266,-85.883
7637,-3.2251,31.557
7638,-8.3821,83.503
7639,-49.68,-23.403
7640,-52.906,-45.328
7641,-6.6852,-28.098
7642,4.7205,-85.075
7643,-29.36,-5.0787
7644,18.869,7.1758
7645,38.144,-73.626
7646,37.943,33.829
7647,48.084,-58.137
7648,84.549,-3.5366
7649,29.531,-22.937
7650,-3.0151,-87.375
7651,12.659,-56.037
7652,51.192,4.2147
7653,-24.547,45.583
7654,-24.166,36.492
7655,-38.104,84.885
7656,-14.108,-24.918
7657,42.569,-30.511
7658,41.282,-61.204
7659,51.966,-76.71
7660,31.847,-62.486
7661,57.523,-86.715
7662,90.002,-23.687
7663,50.299,-63.891
7664,51.177,-49.354
7665,46.03,7.7338
7666,-26.306,-58.216
7667,-45.642,5.5025
7668,-5.4277,77.701
7669,23.479,-32.094
7670,16.307,-39.253
7671,35.48,-92.253
7672,61.071,45.808
7673,12.131,-71.85
7674,86.202,-1.3687
7675,-3.0657,-30.168
7676,36.031,-11.636
7677,-12.55,-41.139
7678,26.879,30.109
7679,23.518,77.59
7680,35.243,94.331
7681,-35.392,6.7705
7682,35.944,-82.674
7683,37.203,15.48
7684,0.72089,-88.904
7685,-89.048,-18.412
7686,-55.058,-44.481
7687,1.4509,-65.07
7688,88.89,-11.245
7689,61.094,-18.749
7690,33.016,8.1877
7691,4.4679,-57.496
7692,51.774,-86.689
7693,24.963,-91.71
7694,-27.238,-96.777
7695,-42.284,-4.3415
7696,-85.138,26.285
7697,-21.664,41.855
7698,2.724,41.197
7699,61.358,36.187
7700,53.39,36.219
7701,50.903,-55.768
7702,-74.213,-33.221
7703,-83.249,31.155
7704,53.228,8.1013
7705,77.602,-26.748
7706,2.5087,-82.779
7707,-22.238,-15.817
7708,79.509,-14.243
7709,-77.027,-24.041
7710,-104.09,17.065
7711,-52.949,74.537
7712,54.242,34.322
7713,45.645,-35.733
7714,31.951,-6.0307
7715,35.844,-89.792
7716,35.993,-22.596
7717,31.596,-70.797
7718,35.374,-19.13
7719,38.496,-9.8109
7720,-69.439,15.634
7721,-4.3067,80.804
7722,1.551,42.002
7723,-42.019,56.241
7724,-57.156,-12.36
7725,-44.333,-86.228
7726,-43.975,-75.063
7727,44.639,-79.872
7728,-7.0233,-93.054
7729,17.331,-29.792
7730,-28.871,-22.686
7731,100.62,-57.294
7732,3.0717,-81.344
7733,61.682,-61.251
7734,-2.457,-45.536
7735,51.234,-58.016
7736,-44.971,88.03
7737,15.091,-4.1977
7738,-44.489,1.5268
7739,21.551,-10.125
7740,44.199,33.106
7741,-29.022,-2.226
7742,63.239,53.572
7743,88.01,27.941
7744,98.162,46.318
7745,81.011,-53.995
7746,-8.8875,49.942
7747,11.652,-67.963
7748,-42.397,42.451
7749,1.3232,13.462
7750,51.643,13.83
7751,63.436,52.889
7752,-3.0219,-61.791
7753,54.235,-64.98
7754,-6.5862,-95.485
7755,46.992,-4.3567
7756,-71.076,25.687
7757,-0.54406,31.655
7758,-39.23,11.54
7759,4.2046,25.677
7760,1.4553,8.2425
7761,27.743,-97.209
7762,27.517,-79.714
7763,-46.228,-89.363
7764,48.269,-44.345
7765,88.583,-24.693
7766,53.417,-0.93004
7767,19.941,-19.354
7768,17.524,-21.422
7769,85.379,-36.707
7770,3.8669,-26.598
7771,3.7633,57.665
7772,13.46,-36.744
7773,35.5,82.768
7774,34.919,19.492
7775,19.36,-84.098
7776,45.772,1.4316
7777,44.218,-73.739
7778,19.637,-85.11
7779,32.098,-28.952
7780,79.638,-15.594
7781,-49.22,-20.944
7782,23.78,-94.12
7783,-45.044,19.457
7784,14.013,-27.361
7785,60.151,39.142
7786,-33.294,-25.625
7787,-30.361,13.214
7788,80.996,-0.22789
7789,-7.1433,57.184
7790,-59.643,45.445
7791,-39.447,54.557
7792,23.098,67.748
7793,68.423,39.075
7794,38.234,-91.462
7795,-36.45,-67.945
7796,-73.064,28.591
7797,-103.04,-3.6412
7798,59.011,-48.719
7799,59.932,-59.273
7800,32.846,-15.785
7801,-52.391,-15.513
7802,-47.398,41.021
7803,-10.453,-53.048
7804,7.5201,-13.716
7805,34.558,-67.12
7806,-34.517,70.529
7807,33.388,-17.731
7808,83.867,-12.088
7809,59.961,-4.4051
7810,-65.408,1.7202
7811,38.585,8.0527
7812,1.4381,82.289
7813,-33.584,40.741
7814,-71.385,36.728
7815,67.058,70.711
7816,-102.88,15.853
7817,76.442,-43.559
7818,25.12,-10.577
7819,15.401,-28.699
7820,-24.918,-79.755
7821,6.0278,43.437
7822,58.577,-53.485
7823,-18.612,-47.737
7824,6.1659,-60.006
7825,2.5827,-81.592
7826,36.079,-14.815
7827,44.688,-83.195
7828,-44.234,-5.0674
7829,-97.356,26.631
7830,14.752,-39.027
7831,13.176,-35.87
7832,26.124,-39.406
7833,29.618,-92.262
7834,-55.004,-37.793
7835,19.166,-24.907
7836,90.862,-60.967
7837,-0.19155,-82.654
7838,28.683,-3.3473
7839,45.462,-35.623
7840,38.316,-32.638
7841,86.161,-4.567
7842,50.443,-64.103
7843,53.375,-81.806
7844,32.666,-14.733
7845,56.719,42.065
7846,-19.096,-62.31
7847,-6.1337,34.213
7848,-35.078,29.663
7849,43.444,84.03
7850,-48.421,50.6
7851,-0.055268,27.578
7852,53.251,-45.722
7853,-33.01,-0.929
7854,42.468,-82.009
7855,-67.268,-60.622
7856,-68.691,39.724
7857,-55.521,-35.752
7858,46.002,25.382
7859,75.578,44.105
7860,-81.547,22.39
7861,30.356,-84.973
7862,-10.293,-40.585
7863,79.921,-9.0053
7864,2.4432,-59.673
7865,15.687,-54.836
7866,40.118,-9.021
7867,67.265,-9.8241
7868,88.363,-23.738
7869,-57.089,25.139
7870,-31.88,1.6101
7871,-30.888,-66.227
7872,-7.7687,78.346
7873,-45.519,0.10928
7874,-48.32,65.16
7875,-19.947,-69.368
7876,47.165,38.734
7877,-4.5296,-61.911
7878,6.9415,-77.409
7879,27.696,-41.443
7880,-17.608,-21.274
7881,45.282,-11.747
7882,32.057,-68.33
7883,43.695,-13.92
7884,25.182,-32.388
7885,49.183,-75.781
7886,26.391,-17.889
7887,51.274,-8.6655
7888,-43.876,37.7
7889,38.313,27.562
7890,17.008,-74.031
7891,-22.662,-42.94
7892,-11.329,-69.504
7893,-67.048,21.151
7894,26.019,-32.505
7895,-55.975,-80.128
7896,49.809,-74.815
7897,76.098,0.55773
7898,52.022,-9.7748
7899,53.713,-57.424
7900,57.882,-66.903
7901,-73.981,34.956
7902,23.522,65.254
7903,22.811,74.095
7904,-21.683,-67.618
7905,-42.446,-32.377
7906,38.49,-17.53
7907,32.736,2.5611
7908,-94.533,8.2388
7909,-0.45471,77.053
7910,24.612,81.019
7911,68.678,-37.518
7912,59.866,-1.0858
7913,6.2098,62.411
7914,22.109,-88.261
7915,76.566,-57.296
7916,-56.139,-88.588
7917,50.827,40.968
7918,57.596,-68.962
7919,-39.168,44.646
7920,-45.056,63.552
7921,62.918,39.841
7922,-58.829,24.374
7923,-67.565,-81.366
7924,23.617,-95.181
7925,70.561,-58.302
7926,61.768,-9.3386
7927,6.6415,-53.363
7928,33.603,-15.49
7929,-70.284,11.949
7930,-38.362,55.128
7931,7.6204,-14.618
7932,-15.639,-90.809
7933,-43.043,-73.287
7934,36.84,50.292
7935,9.5586,-80.928
7936,11.615,6.1554
7937,42.123,-21.801
7938,44.633,8.8335
7939,-20.056,-66.14
7940,51.834,-51.085
7941,44.128,-65.135
7942,21.209,-32.982
7943,-12.775,34.707
7944,29.759,21.814
7945,34.165,-9.7067
7946,86.007,-3.8832
7947,58.247,10.848
7948,21.837,-47.676
7949,-70.659,8.1083
7950,54.305,80.824
7951,-2.6092,80.133
7952,-38.601,30.436
7953,-63.361,79.065
7954,-44.107,18.276
7955,-63.988,78.371
7956,18.662,-85.404
7957,20.351,40.544
7958,-1.2364,40.684
7959,-25.778,-100.14
7960,61.369,35.334
7961,64.863,6.996
7962,31.722,41.867
7963,78.34,-18.689
7964,-6.7825,102.89
7965,-13.027,-80.581
7966,-52.985,0.65992
7967,3.7144,-58.334
7968,36.136,-90.065
7969,-11.314,-38.929
7970,4.7574,38.576
7971,47.893,-78.407
7972,76.991,-43.912
7973,31.216,-73.421
7974,61.85,-12.708
7975,30.216,-50.147
7976,89.244,-17.521
7977,49.471,-47.497
7978,-82.016,22.293
7979,90.822,27.724
7980,-56.66,-60.939
7981,14.088,17.839
7982,-31.199,-7.3903
7983,68.216,-5.8076
7984,96.423,18.396
7985,-32.252,33.369
7986,-38.386,35.66
7987,37.537,-89.545
7988,6.5809,57.698
7989,-54.138,-46.117
7990,-20.57,60.092
7991,-26.355,-52.14
7992,57.356,43.319
7993,25.842,33.878
7994,11.898,36.093
7995,51.764,-57.655
7996,-44.567,-35.869
7997,39.16,-71.207
7998,10.541,-58.078
7999,29.323,-11.685
8000,-5.03,78.472
8001,-11.569,102.42
8002,-36.484,25.478
8003,-44.473,41.284
8004,44.352,28.545
8005,17.768,38.514
8006,56.606,-84.473
8007,23.652,-39.23
8008,30.022,-64.766
8009,77.912,-2.4371
8010,59.412,-54.581
8011,63.732,-10.192
8012,57.355,-40.501
8013,-0.59005,-60.889
8014,38.069,-15.5
8015,-30.796,-75.736
8016,5.2776,38.372
8017,-4.6779,18.931
8018,-103.93,29.749
8019,-1.731,-77.506
8020,41.275,-11.996
8021,-58.513,-86.304
8022,62.683,-15.661
8023,58.176,-72.102
8024,51.703,-89.269
8025,-70.488,33.249
8026,-66.521,74.09
8027,9.623,33.627
8028,62.012,37.908
8029,-52.923,-57.887
8030,43.469,25.613
8031,57.877,-45.7
8032,-16.192,85.423
8033,80.251,-39.925
8034,20.784,-68.476
8035,81.676,-8.7996
8036,41.111,-77.041
8037,77.293,-59.598
8038,-8.6627,-68.814
8039,-88.686,7.8511
8040,-43.593,66.702
8041,-49.876,87.207
8042,-23.922,18.076
8043,22.739,21.552
8044,69.309,50.953
8045,34.472,-13.358
8046,-77.249,-59.799
8047,79.88,-7.6617
8048,68.556,-62.956
8049,63.963,-54.387
8050,32.321,-23.643
8051,68.457,69.638
8052,-106.01,-13.913
8053,-13.364,101.88
8054,10.181,41.664
8055,-79.293,-51.559
8056,-63.593,78.87
8057,-12.071,-40.444
8058,76.034,-1.4573
8059,51.475,-50.484
8060,67.214,-7.6619
8061,-26.747,18.558
8062,-54.883,71.177
8063,47.504,51.816
8064,12.474,8.8209
8065,-31.864,95.413
8066,26.088,35.808
8067,60.373,-56.376
8068,0.93396,-48.272
8069,43.032,24.898
8070,48.536,-32.196
8071,80.982,-46.345
8072,32.602,-28.276
8073,-61.063,-73.655
8074,-42.373,90.189
8075,-64.172,78.5
8076,-24.355,52.79
8077,-37.467,35.015
8078,-16.925,-15.367
8079,-76.828,35.873
8080,70.97,43.052
8081,80.036,-53.108
8082,71.586,41.194
8083,6.7911,-77.031
8084,42.79,-59.39
8085,13.058,49.918
8086,-28.284,-67.292
8087,-82.807,34.706
8088,45.415,-73.641
8089,28.582,-22.919
8090,28.278,32.888
8091,-38.718,-83.606
8092,29.848,97.813
8093,-9.0055,76.53
8094,12.513,54.194
8095,46.227,22.853
8096,71.178,33.872
8097,17.289,-98.364
8098,11.631,78.875
8099,44.965,3.7603
8100,49.081,41.071
8101,23.062,-35.095
8102,-59.725,77.682
8103,-8.4861,56.803
8104,-73.087,68.413
8105,50.976,-73.051
8106,32.545,-12.607
8107,69.002,-37.797
8108,53.008,53.726
8109,10.337,-5.056
8110,-62.011,57.556
8111,-27.43,40.875
8112,-44.12,37.668
8113,-1.6712,21.791
8114,-14.529,-32.915
8115,-27.371,-22.433
8116,-41.16,-91.223
8117,-19.141,-62.29
8118,14.294,-24.906
8119,34.241,-14.058
8120,54.581,30.521
8121,31.118,-69.77
8122,50.213,-63.857
8123,36.5,-65.673
8124,37.573,-23.297
8125,-7.3839,-42.324
8126,-11.745,-93.547
8127,65.917,-24.902
8128,49.655,26.334
8129,-11.319,85.235
8130,26.99,-62.868
8131,-75.898,55.191
8132,8.6579,-80.045
8133,86.266,-10.613
8134,43.578,-60.011
8135,-42.74,89.858
8136,-14.966,15.669
8137,35.054,-72.07
8138,49.995,-3.4404
8139,34.252,-24.362
8140,19.142,-70.033
8141,29.744,-68.696
8142,18.3,-63.873
8143,-5.3505,58.879
8144,38.195,-21.929
8145,47.967,-45.251
8146,-30.847,95.627
8147,-53.739,-16.72
8148,47.402,52.134
8149,32.388,20.473
8150,48.07,-88.945
8151,-94.617,17.155
8152,54.67,80.615
8153,84.141,-25.706
8154,32.193,-15.791
8155,34.629,-49.107
8156,19.737,-19.461
8157,78.018,-34.568
8158,-27.242,41.012
8159,72.35,33.48
8160,14.004,73.027
8161,22.958,-90.919
8162,55.725,-84.369
8163,-4.4606,-88.469
8164,-46.859,-34.059
8165,1.7096,-36.63
8166,70.438,-38.218
8167,28.365,-17.469
8168,79.366,-1.0169
8169,44.654,5.5761
8170,61.831,-49.064
8171,11.436,-91.031
8172,27.739,99.193
8173,-45.796,88.293
8174,61.01,-67.11
8175,43.423,-77.013
8176,40.722,-90.005
8177,78.892,0.11661
8178,43.053,27.6
8179,-102.54,-5.5202
8180,-13.04,26.22
8181,-108.37,-9.0619
8182,-1.7045,102.5
8183,-24.818,40.11
8184,17,-14.02
8185,7.0918,-82.574
8186,-52.606,-44.62
8187,13.635,72.373
8188,57.404,-84.437
8189,81.493,-3.6148
8190,58.066,-52.409
8191,68.627,-14.476
8192,74.48,-0.09992
8193,29.805,40.669
8194,18.896,79.665
8195,-48.234,64.93
8196,-1.5626,101.9
8197,11.404,34.445
8198,14.736,33.633
8199,32.232,79.745
8200,52.792,23.956
8201,53.89,13.056
8202,40.993,-52.126
8203,19.442,-58.329
8204,-75.869,-14.707
8205,78.121,-30.891
8206,-29.739,95.646
8207,43.489,89.441
8208,-37.249,35.949
8209,5.0903,-8.9214
8210,41.121,23.997
8211,12.726,5.3367
8212,44.738,16.475
8213,-8.9013,27.204
8214,-60.426,-83.17
8215,-34.435,68.774
8216,-59.57,-88.507
8217,65.189,-63.757
8218,61.262,-65.149
8219,-26.674,-95.573
8220,-58.564,36.079
8221,-61.038,73.7
8222,-30.285,95.608
8223,-48.915,-24.19
8224,-36.068,29.216
8225,-47.395,45.535
8226,0.41487,102.63
8227,57.802,32.415
8228,-45.099,-10.699
8229,-22.736,-81.455
8230,-16.816,-72.955
8231,-53.726,-59.779
8232,42.205,50.678
8233,43.466,-23.974
8234,-37.605,68.781
8235,-53.742,-33.604
8236,2.5728,-81.533
8237,-57.99,-84.95
8238,-104.63,-11.077
8239,24.573,25.669
8240,42.689,-29.365
8241,57.329,9.1062
8242,79.511,-15.589
8243,44.997,-76.951
8244,4.1384,-26.316
8245,46.806,-75.888
8246,69.846,-36.01
8247,-6.5237,102.91
8248,-30.114,95.78
8249,-11.939,77.964
8250,-42.334,4.8845
8251,39.123,7.4774
8252,13.456,-17.993
8253,-42.325,2.546
8254,-80.284,27.783
8255,-9.3856,11.491
8256,23.287,-8.9711
8257,28.647,-94.702
8258,56.396,-46.188
8259,56.619,-51.94
8260,23.217,-95.422
8261,55.518,-40.898
8262,59.376,-57.296
8263,-15.12,54.461
8264,55.372,33.288
8265,-4.175,102.37
8266,-61.32,-21.146
8267,-22.655,41.04
8268,46.279,22.24
8269,-51.274,-57.556
8270,40.854,-89.902
8271,51.628,14.921
8272,-18.196,78.031
8273,60.153,-54.524
8274,40.233,-12.235
8275,85.362,-10.634
8276,37.986,-8.2725
8277,-38.31,85.287
8278,-57.928,-7.2321
8279,17.359,83.956
8280,-34.339,-26.962
8281,65.043,51.751
8282,-62.281,-82.359
8283,7.7933,-27.453
8284,44.697,-56.254
8285,-37.181,-76.573
8286,74.943,-3.1118
8287,-26.72,-95.727
8288,26.133,-40.803
8289,0.60039,102.74
8290,-40.958,50.578
8291,-45.119,9.0763
8292,-1.2914,-78.209
8293,76.562,-6.369
8294,36.522,-13.705
8295,-53.132,-56.767
8296,-38.868,39.629
8297,-10.075,10.397
8298,0.41691,-51.896
8299,88.82,-25.097
8300,32.123,-28.992
8301,-11.722,-25.506
8302,32.435,-15.516
8303,74.23,56.989
8304,22.988,66.394
8305,-45.181,4.9366
8306,-29.945,37.922
8307,11.86,-49.608
8308,91.98,61.776
8309,35.867,-66.954
8310,64.386,-19.589
8311,10.893,-56.579
8312,83.245,-1.2606
8313,38.674,-21.891
8314,81.45,30.47
8315,-6.9424,82.339
8316,-7.0227,102.8
8317,-10.574,101.01
8318,12.777,38.99
8319,-37.888,57.483
8320,-41.201,88.311
8321,41.086,-47.481
8322,43.803,83.887
8323,28.803,-33.552
8324,11.175,-70.47
8325,72.756,-39.802
8326,38.48,-9.9258
8327,-3.6383,-104.28
8328,-11.492,-40.141
8329,-27.074,-55.717
8330,36.86,-64.842
8331,6.1752,-30.695
8332,23.464,-4.3287
8333,46.403,-74.273
8334,-90.513,5.5424
8335,34.971,-49.016
8336,-63.818,-82.423
8337,-39.069,-92.492
8338,32.713,93.972
8339,-37.27,44.142
8340,-24.964,39.579
8341,21.634,-89.276
8342,2.597,-51.64
8343,-59.462,-79.078
8344,67.869,41.756
8345,5.8268,-76.679
8346,46.303,15.047
8347,33.23,-68.577
8348,76.884,-47.757
8349,-36.489,25.437
8350,4.2019,6.9348
8351,44.925,16.357
8352,-24.54,-102.24
8353,-9.7133,10.668
8354,4.7379,-61.005
8355,31.907,-24.331
8356,39.441,1.641
8357,-76.05,16.886
8358,25.777,17.953
8359,7.978,-70.282
8360,59.704,-64.105
8361,41.755,-59.014
8362,61.27,-55.284
8363,75.319,13.688
8364,96.602,-64.462
8365,18.476,77.405
8366,32.729,95.673
8367,-31.087,33.743
8368,-48.248,49.989
8369,70.983,53.733
8370,-45.26,3.5957
8371,-22.53,-69.665
8372,48.107,-85.932
8373,-52.249,-80.351
8374,-38.014,85.127
8375,-2.0751,102.6
8376,1.0316,-88.97
8377,78.666,53.286
8378,67.508,70.275
8379,-104.75,-12.895
8380,78.379,24.169
8381,-88.827,-19.094
8382,39.286,-91.958
8383,2.494,-66.921
8384,62.944,47.788
8385,29.546,47.618
8386,51.023,-3.0269
8387,-42.593,80.491
8388,-60.168,-18.288
8389,-43.966,42.029
8390,13.052,5.7156
8391,-74.973,-30.27
8392,100.68,-54.699
8393,-59.008,23.326
8394,42.81,-58.246
8395,-3.2872,-88.987
8396,32.517,-13.229
8397,53.785,-86.728
8398,83.54,-2.132
8399,42.135,-73.904
8400,-59.147,58.659
8401,-42.119,57.243
8402,-46.899,-17.003
8403,86.404,30.716
8404,34.598,20.7
8405,-10.964,-94.11
8406,-77.406,-52.285
8407,87.987,-24.636
8408,60.628,-54.541
8409,-58.734,-82.119
8410,-79.235,-8.5102
8411,26.827,-94.886
8412,38.388,33.393
8413,59.808,-55.223
8414,19.556,-34.923
8415,-64.845,-83.232
8416,-55.873,-80.378
8417,-53.37,-89.174
8418,-69.002,-66.968
8419,62.427,-60.262
8420,42.001,-26.337
8421,-65.493,69.849
8422,-26.085,55.376
8423,-45.88,45.561
8424,4.2781,-13.339
8425,27.21,-86.82
8426,26.343,-91.821
8427,-63.592,-74.879
8428,78.045,-52.92
8429,85.821,-24.366
8430,80.155,-15.379
8431,-3.1185,-56.469
8432,67.242,-11.66
8433,-9.4897,-90.033
8434,-35.023,95.357
8435,41.426,24.488
8436,21.776,-79.377
8437,-11.647,-86.18
8438,47.834,11.816
8439,-17.447,-28.125
8440,45.801,-33.348
8441,90.826,-20.081
8442,53.787,-81.119
8443,37.251,16.073
8444,-7.8221,-45.879
8445,-55.374,-81.28
8446,22.324,80.451
8447,22.132,74.169
8448,-43.344,5.195
8449,-45.888,-88.839
8450,54.297,-10.886
8451,47.619,-84.642
8452,89.728,-14.483
8453,45.623,-44.52
8454,25.907,29.4
8455,-60.42,73.389
8456,-56.184,46.311
8457,-37.438,52.78
8458,22.639,23.441
8459,-39.938,6.5681
8460,82.006,-9.138
8461,80.404,-7.783
8462,-3.9075,-93.786
8463,73.803,13.851
8464,37.02,17.541
8465,35.227,-9.9755
8466,37.316,-29.411
8467,66.866,-11.386
8468,46.421,-31.895
8469,-46.961,-65.207
8470,37.128,-9.8626
8471,82.242,-7.6385
8472,-11.943,78.838
8473,-22.423,38.136
8474,-44.698,-18.63
8475,48.07,49.359
8476,64.668,52.537
8477,-48.971,-89.504
8478,47.988,-84.623
8479,91.106,-19.007
8480,59.951,-63.382
8481,76.99,-46.382
8482,-26.519,94.451
8483,26.289,83.448
8484,-27.868,19.974
8485,-32.162,31.501
8486,-39.856,31.134
8487,71.901,59.314
8488,98.925,51.026
8489,5.495,22.275
8490,-4.84,-33.949
8491,85.575,-3.8343
8492,5.6455,-24.675
8493,-67.772,75.104
8494,-5.41,39.514
8495,15.586,-73.09
8496,-44.046,6.3491
8497,57.753,-56
8498,-4.3713,-103.18
8499,-104.14,-1.337
8500,-1.9413,-48.185
8501,45.17,-32.226
8502,70.436,-44.242
8503,-25.504,-96.334
8504,-54.374,71.275
8505,19.249,-95.911
8506,6.855,34.316
8507,-4.5769,-90.615
8508,-66.903,-53.252
8509,47.618,-75.91
8510,3.4924,85.91
8511,94.941,-51.981
8512,14.841,37.849
8513,45.763,-33.204
8514,-23.368,-85.271
8515,55.891,17.069
8516,45.443,-73.794
8517,0.30031,-22.653
8518,60.714,45.918
8519,-52.015,73.317
8520,0.61871,20.331
8521,-35.435,55.337
8522,44.235,-76.529
8523,20.262,-84.364
8524,-8.6026,12.355
8525,35.091,14.973
8526,8.1561,-83.771
8527,49.517,-85.29
8528,-60.31,19.553
8529,-38.267,85.172
8530,8.7097,88.08
8531,-39.579,36.815
8532,36.301,34.389
8533,65.177,-51.101
8534,72.343,33.775
8535,35.24,-76.42
8536,47.011,-71.83
8537,-81.241,-56.015
8538,1.9898,-66.347
8539,43.252,-84.608
8540,88.267,-21.123
8541,68.934,-11.81
8542,-70.98,0.84886
8543,41.193,36.085
8544,-92.223,16.475
8545,-20.756,83.304
8546,-38.752,29.459
8547,-49.832,46.422
8548,-55.833,-20.493
8549,15.473,32.527
8550,78.09,39.866
8551,-55.144,-89.199
8552,32.567,-15.857
8553,52.614,-50.852
8554,53.765,-52.148
8555,-8.9231,-89.388
8556,3.0433,-87.118
8557,33.167,-80.577
8558,60.747,20.781
8559,-69.428,-69.553
8560,-35.301,15.761
8561,4.4239,-82.953
8562,-39.771,87.642
8563,8.4211,-70.156
8564,66.887,-22.275
8565,-22.29,-65.286
8566,-60.75,-84.563
8567,-4.1363,-92.107
8568,58.483,11.026
8569,79.46,-14.688
8570,64.994,-21.636
8571,60.08,-43.582
8572,-45.527,39.575
8573,-65.11,-81.163
8574,-54.014,-59.521
8575,36.613,-34.232
8576,-13.72,-52.274
8577,4.9461,30.99
8578,76.06,0.62185
8579,83.788,-17.332
8580,-64.937,8.0194
8581,54.463,80.775
8582,-38.1,34.43
8583,-37.243,28.657
8584,-42.669,89.921
8585,-71.539,-43.352
8586,50.86,-48.326
8587,99.914,-64.448
8588,-33.048,-80.721
8589,-12.404,51.619
8590,62.928,47.92
8591,74.39,-58.42
8592,-82.488,63.587
8593,-82.243,21.103
8594,-34.916,7.1739
8595,-26.862,-9.1997
8596,-17.023,82.871
8597,70.379,-51.12
8598,-20.282,-39.864
8599,85.76,-6.7219
8600,-62.914,-84.762
8601,-29.527,-68.116
8602,-4.6863,81.39
8603,-85.649,23.546
8604,-22.121,79.584
8605,-0.98256,42.816
8606,60.358,53.619
8607,-30.908,27.918
8608,78.905,35.802
8609,1.663,13.854
8610,41.834,24.903
8611,-72.163,-76.827
8612,31.87,-92.553
8613,28.03,-47.991
8614,89.963,-24.376
8615,63.227,-19.638
8616,72.171,-48.376
8617,5.9348,-30.885
8618,20.976,-44.851
8619,-91.269,30.348
8620,-8.6407,100.31
8621,-21.561,79.888
8622,-45.893,45.551
8623,-35.205,7.178
8624,71.253,39.462
8625,68.602,46.732
8626,39.383,-70.761
8627,-60.831,-80.523
8628,11.731,-67.586
8629,-61.629,-87.35
8630,1.3741,-43.498
8631,1.4936,101.19
8632,-47.351,87.847
8633,-27.243,43.036
8634,45.239,34.58
8635,-69.964,1.4395
8636,40.492,91.738
8637,26.892,18.828
8638,-57.395,-83.285
8639,64.092,-15.58
8640,83.105,-0.85316
8641,-38.222,-60.871
8642,83.839,-3.3037
8643,-63.632,18.363
8644,2.592,63.23
8645,-6.2823,-102.27
8646,36.235,53.205
8647,-0.18637,102.45
8648,-84.596,25.883
8649,-33.912,-28.366
8650,38.238,40.864
8651,8.0778,-75.928
8652,57.252,4.2868
8653,28.426,-89.979
8654,31.327,24.6
8655,25.216,-20.652
8656,65.361,-13.476
8657,-52.837,-89.164
8658,52.121,-49.058
8659,-39.438,28.692
8660,-63.872,78.77
8661,-11.732,80.485
8662,-0.28127,18.818
8663,41.727,40.409
8664,-10.619,-40.825
8665,88.164,27.002
8666,-88.951,26.738
8667,5.0979,4.8286
8668,45.125,-86.368
8669,26.978,-88.983
8670,-28.618,-20.466
8671,50.686,-32.492
8672,33.493,-60.94
8673,74.167,-61.683
8674,57.448,-67.116
8675,25.619,-92.096
8676,56.184,-58.65
8677,1.128,68.464
8678,0.11411,102.14
8679,-15.457,-42.637
8680,-60.858,-79.58
8681,-59.543,-79.204
8682,-19.299,-25.486
8683,86.759,-7.3545
8684,-33.774,-69.415
8685,76.947,-6.302
8686,28.184,-42.344
8687,26.699,78.138
8688,-58.17,-78.189
8689,-103.83,-1.6785
8690,-4.6927,81.383
8691,0.65077,18.997
8692,11.338,-34.93
8693,20.731,-10.635
8694,70.919,-36.215
8695,-77.44,-50.624
8696,-9.6855,-17.165
8697,25.504,-10.457
8698,76.157,0.8396
8699,-25.438,47.195
8700,-57.144,-11.906
8701,38.66,-58.255
8702,52.81,32.314
8703,3.6811,-41.577
8704,60.371,-53.25
8705,53.321,-50.518
8706,79.498,-0.36639
8707,91.351,-19.184
8708,3.8602,-57.194
8709,35.677,-19.749
8710,-59.029,-84.576
8711,-61.14,29.782
8712,-37.951,45.838
8713,-63.669,78.662
8714,24.349,-60.141
8715,37.728,40.996
8716,22.177,23.68
8717,29.146,27.544
8718,22.376,-10.32
8719,30.259,-89.539
8720,62.775,-40.514
8721,-19.538,-104.73
8722,61.736,-61.132
8723,50.748,-34.986
8724,-8.5827,-27.236
8725,36.167,92.842
8726,-46.852,44.795
8727,-20.478,38.686
8728,76.751,55.098
8729,41.041,88.9
8730,-8.4332,-77.613
8731,78.001,-22.528
8732,13.558,52.02
8733,74.816,-32.952
8734,77.118,-30.385
8735,81.285,45.338
8736,-71.018,-37.44
8737,35.092,-72.874
8738,-2.2475,-43.876
8739,95.41,-51.409
8740,32.873,51.719
8741,23.714,68.595
8742,-31.604,95.454
8743,-48.868,58.9
8744,30.533,97.474
8745,38.574,48.417
8746,-12.722,-80.81
8747,45.029,-74.327
8748,-78.572,46.214
8749,41.96,5.2644
8750,5.6789,-32.898
8751,48.49,18.263
8752,54.824,29.931
8753,-48.935,-57.808
8754,10.374,70.429
8755,-61.512,56.949
8756,58.209,46.646
8757,32.396,23.004
8758,52.743,-88.966
8759,-18.831,-93.428
8760,-36.583,-51.136
8761,0.52312,102.62
8762,86.144,34.658
8763,36.862,-10.729
8764,-69.16,-56.78
8765,52.113,-49.417
8766,55.239,-53.844
8767,45.773,-54.277
8768,-24.471,17.972
8769,-69.695,38.274
8770,-17.148,-15.408
8771,61.325,16.93
8772,46.863,-52.184
8773,-99.27,25.079
8774,-88.643,33.799
8775,-61.104,-86.368
8776,38.664,-14.785
8777,92.278,-61.284
8778,32.812,-16.765
8779,90.766,-43.39
8780,-36.2,-67.643
8781,26.351,-17.424
8782,28.085,-39.098
8783,35.242,-22.67
8784,-51.796,69.356
8785,17.396,-5.5309
8786,29.974,-92.151
8787,37.291,34.952
8788,48.59,-64.835
8789,49.856,-74.601
8790,37.758,-22.121
8791,-24.07,-36.991
8792,-1.0614,-94.356
8793,-44.416,-88.798
8794,83.292,-47.717
8795,60.825,-51.035
8796,-48.467,-71.855
8797,-19.369,-44.082
8798,48.738,-50.155
8799,-97.687,-3.368
8800,59.638,-46.883
8801,26.564,36.048
8802,-21.568,79.958
8803,33.35,49.497
8804,-12.135,43.221
8805,11.602,-2.2085
8806,10.608,8.4334
8807,50.272,16.084
8808,59.018,11.607
8809,54.473,-83.804
8810,30.038,17.514
8811,61.498,-66.098
8812,-6.6755,-40.62
8813,53.124,-41.155
8814,40.958,-5.9843
8815,60.362,37.546
8816,-39.026,-31.166
8817,-53.688,71.26
8818,-8.1379,30.505
8819,1.7242,103.29
8820,-58.356,-14.041
8821,-50.412,-15.694
8822,-25.187,52.776
8823,40.934,5.1901
8824,55.052,51.974
8825,-11.538,-16.45
8826,25.578,-92.152
8827,17.005,-71.895
8828,34.767,-18.967
8829,-58.24,66.944
8830,-57.217,50.614
8831,-6.8577,78.702
8832,-23.826,53.478
8833,9.9796,41.56
8834,-43.588,6.817
8835,-32.186,31.162
8836,55.388,43.108
8837,38.947,-29.301
8838,40.326,90.161
8839,43.413,-80.596
8840,-11.964,-86.913
8841,-102.79,19.062
8842,51.285,-56.072
8843,23.275,-24.701
8844,20.414,-48.331
8845,33.512,7.0703
8846,-4.7267,-35.15
8847,17.294,-98.619
8848,28.991,42.397
8849,-16.619,84.392
8850,-54.465,-19.068
8851,-10.789,101.11
8852,6.7697,62.678
8853,-22.806,-6.7478
8854,42.137,33.072
8855,-11.457,-19.032
8856,44.594,-56.281
8857,-77.639,35.535
8858,-60.499,-82.384
8859,48.621,-77.533
8860,87.654,-21.797
8861,8.8239,-60.519
8862,-6.8065,-88.607
8863,71.527,32.683
8864,23.792,51.949
8865,41.547,41.077
8866,7.3415,13.561
8867,-44.539,-34.345
8868,34.204,-19.964
8869,-55.148,-59.403
8870,-94.054,-0.34206
8871,46.09,-44.7
8872,-12.443,16.344
8873,43.674,60.58
8874,-60.049,-35.153
8875,57.05,-64.79
8876,84.575,-10.793
8877,37.078,-21.121
8878,63.529,-65.56
8879,64.796,-51.919
8880,62.218,42.623
8881,-36.027,64.436
8882,35.913,-65.683
8883,37.914,33.363
8884,40.419,-89.872
8885,-2.8453,-86.894
8886,40.053,35.057
8887,58.011,-10.457
8888,-3.0665,101.29
8889,-11.984,79.03
8890,1.5185,103.23
8891,-41.856,19.614
8892,-10.462,82.006
8893,69.258,49.214
8894,79.881,44.909
8895,60.265,-27.436
8896,17.514,-8.2309
8897,6.2824,-76.93
8898,-28.728,-4.1177
8899,6.1862,75.542
8900,53.155,-59.684
8901,51.773,-50.892
8902,4.2274,38.667
8903,-30.903,34.099
8904,33.599,-53.848
8905,0.52418,57.66
8906,23.607,-81.444
8907,17.123,-28.92
8908,28.287,-46.294
8909,27.842,-51.989
8910,21.764,14.235
8911,87.576,-5.1616
8912,30.563,-21.544
8913,42.278,-59.017
8914,-25.466,-54.669
8915,5.084,-50.033
8916,-9.2359,76.638
8917,39.313,-69.337
8918,5.102,-50.165
8919,87.203,34.293
8920,0.85196,-61.752
8921,-12.255,9.8233
8922,37.26,-4.2823
8923,30.863,-16.331
8924,70.765,-5.1033
8925,32.291,24.768
8926,61.385,42.81
8927,47.706,-90.003
8928,-46.788,4.8856
8929,59.082,-76.735
8930,52.258,-41.627
8931,32.567,-23.685
8932,10.61,-49.815
8933,45.744,29.045
8934,8.6319,70.907
8935,-67.212,31.64
8936,-39.744,43.776
8937,-48.699,56.505
8938,-37.367,45.2
8939,-44.388,41.376
8940,30.15,-82.321
8941,4.7438,-13.497
8942,-37.891,-77.047
8943,36.3,24.604
8944,87.734,-24.9
8945,-45.426,-82.533
8946,49.913,26.563
8947,-5.6926,-77.603
8948,-2.3238,-52.527
8949,57.359,47.713
8950,-76.255,-22.631
8951,-11.587,79.793
8952,23.835,52.144
8953,28.231,54.075
8954,-41.89,56.006
8955,-58.773,56.422
8956,2.6825,9.3444
8957,-13.036,43.672
8958,33.178,14.784
8959,57.041,52.687
8960,-13.886,-67.394
8961,-68.133,-22.035
8962,52.096,-64.833
8963,54.868,-65.911
8964,66.601,-30.08
8965,87.933,-6.3485
8966,-25.465,-46.414
8967,57.266,48.204
8968,-21.164,-84.541
8969,-71.031,36.601
8970,-33.871,15.576
8971,15.191,8.9939
8972,87.308,27.886
8973,61.096,4.6962
8974,11.925,17.685
8975,-17.112,-27.061
8976,34.401,-46.132
8977,15.956,-68.129
8978,-105.02,-10.542
8979,2.9233,-64.417
8980,46.753,-30.965
8981,4.295,-33.919
8982,-82.805,-5.4553
8983,23.098,40.576
8984,-10.373,101.72
8985,-24.018,52.852
8986,-55.73,-8.9389
8987,67.851,70.138
8988,74.186,-62.324
8989,-6.7208,-85.524
8990,-60.866,-84.81
8991,-29.172,-86.735
8992,37.89,-12.927
8993,-85.841,30.642
8994,-6.7106,82.344
8995,-52.028,-25.471
8996,-35.177,55.651
8997,64.912,52.926
8998,4.8374,-81.604
8999,22.095,-92.758
9000,-38.963,-90.859
9001,29.862,-24.575
9002,89.376,-14.589
9003,85.639,-7.0296
9004,3.8025,-26.232
9005,39.147,37.254
9006,-26.768,53.506
9007,81.528,48.734
9008,-19.616,-72.862
9009,-14.756,-43.058
9010,61.222,45.683
9011,20.292,1.6428
9012,53.093,-57.106
9013,50.712,-62.852
9014,36.611,-22.127
9015,2.4887,71.92
9016,-23.787,46.072
9017,6.3211,-84.156
9018,22.87,-80.452
9019,43.853,29.021
9020,1.5269,-49.084
9021,43.559,-60.661
9022,79.357,-0.99681
9023,87.682,-18.974
9024,52.076,-50.354
9025,13.767,-48.531
9026,0.63698,48.859
9027,34.93,94.49
9028,32.12,-65.646
9029,74.181,55.794
9030,61.561,39.071
9031,14.151,11.931
9032,-7.9682,7.9691
9033,45.835,22.806
9034,-10.824,65.084
9035,-83.457,17.618
9036,66.894,-14.611
9037,90.797,-22.622
9038,11.683,-56.083
9039,-24.391,56.005
9040,-80.791,27.222
9041,-3.2963,50.368
9042,22.578,-10.646
9043,-11.91,13.581
9044,-9.5182,-17.55
9045,-12.71,-46.054
9046,29.211,-30.696
9047,7.052,78.047
9048,-48.502,51.216
9049,32.305,79.791
9050,-60.112,-14.549
9051,-8.2631,82.464
9052,-20.721,87.543
9053,52.422,16.139
9054,-40.298,-3.4507
9055,60.46,-68.509
9056,19.269,-62.981
9057,52.416,-3.1788
9058,15.887,32.511
9059,26.873,-17.891
9060,-15.489,-29.313
9061,61.592,-59.97
9062,47.993,-77.336
9063,28.595,-20.913
9064,4.6265,-62.469
9065,28.692,16.997
9066,-61.933,21.596
9067,71.008,32.322
9068,-32.739,31.224
9069,-44.515,39.203
9070,-44.143,19.219
9071,-55.994,46.041
9072,77.454,-58.038
9073,2.998,26.461
9074,-15.42,13.727
9075,19.414,47.888
9076,42.093,-29.111
9077,-10.104,-84.259
9078,3.7253,-32.685
9079,-60.716,-85.359
9080,60.393,-65.112
9081,29.076,31.518
9082,36.96,86.225
9083,-63.357,58.937
9084,-25.235,39.126
9085,18.525,78.553
9086,85.978,-10.889
9087,86.159,-5.5888
9088,-67.688,11.061
9089,22.676,69.795
9090,-71.467,-1.653
9091,0.056869,102.62
9092,-32.893,33.719
9093,0.050342,79.696
9094,-48.918,-33.431
9095,63.086,51.058
9096,19.698,48.672
9097,-85.494,3.6791
9098,41.58,45.212
9099,45.687,11.314
9100,37.089,-9.9048
9101,-66.134,5.6035
9102,-58.136,-6.2598
9103,-42.965,11.727
9104,76.241,43.463
9105,65.948,53.393
9106,77.831,-32.473
9107,-64.258,-84.87
9108,-8.867,-94.374
9109,55.907,39.872
9110,64.491,-74.162
9111,-3.9289,-52.11
9112,31.064,26.129
9113,-33.869,-6.5985
9114,-66.642,-2.5396
9115,-0.040036,26.383
9116,-55.732,-8.4869
9117,-47.2,45.539
9118,-31.426,95.518
9119,-58.274,66.749
9120,7.5224,-76.813
9121,19.947,-64.695
9122,20.747,-82.534
9123,93.132,-17.134
9124,74.664,-47.327
9125,-3.9167,-62.084
9126,7.6143,-26.194
9127,47.08,38.473
9128,24.6,98.065
9129,-42.386,89.787
9130,-47.286,6.9035
9131,16.531,14.203
9132,18.166,-71.226
9133,-81.619,21.95
9134,53.925,-20.787
9135,34.148,-7.3663
9136,2.0273,29.334
9137,13.93,-71.745
9138,47.404,-73.734
9139,1.637,-48.954
9140,40.649,52.12
9141,-27.368,42.809
9142,-36.684,57.032
9143,21.978,-10.484
9144,4.3983,27.717
9145,39.362,3.5707
9146,4.0607,-0.46738
9147,29.207,-17.466
9148,58.606,-70.38
9149,-53.008,-21.187
9150,-44.584,4.1215
9151,41.671,-89.544
9152,81.303,31.224
9153,-11.958,-26.219
9154,-69.396,26.82
9155,106.28,-53.468
9156,-11.165,-93.622
9157,54.477,-54.157
9158,-38.473,-62.178
9159,89.433,-28.946
9160,-46.462,-82.743
9161,-53.111,26.37
9162,36.314,85.825
9163,19.412,81.819
9164,-25.719,28.772
9165,-41.562,4.1914
9166,-19.852,-70.524
9167,72.294,-14.319
9168,30.208,-53.748
9169,-38.168,73.594
9170,4.1924,-18.187
9171,60.462,36.547
9172,70.062,-7.1656
9173,83.242,-1.075
9174,37.808,19.723
9175,-35.478,57.028
9176,-62.125,56.383
9177,-17.945,-15.122
9178,15.357,-75.204
9179,53.581,-40.974
9180,68.817,-37.732
9181,47.677,-90.252
9182,2.2072,19.226
9183,-8.2173,79.961
9184,-53.057,71.989
9185,48.683,16.912
9186,-3.7859,-76.552
9187,4.4018,-42.307
9188,60.93,-66.403
9189,9.2554,-83.739
9190,-3.071,-62.36
9191,-64.035,62.806
9192,-9.4673,76.988
9193,-27.42,75.253
9194,-57.803,48.153
9195,-57.718,45.321
9196,-85.524,-29.383
9197,61.085,43.012
9198,38.354,33.379
9199,46.023,22.242
9200,16.57,30.653
9201,52.066,32.845
9202,32.885,95.377
9203,-82.803,3.5493
9204,2.502,-50.178
9205,79.355,-0.9322
9206,8.5695,-61.729
9207,59.156,43.983
9208,0.25313,-62.071
9209,-10.414,-92.123
9210,-36.259,57.548
9211,-23.858,24.114
9212,78.469,42.08
9213,5.3183,23.529
9214,25.956,-60.398
9215,-26.702,-33.796
9216,-12.916,-40.495
9217,-20.852,-45.062
9218,-5.7312,-41.94
9219,89.165,-13.935
9220,43.452,-60.056
9221,21.948,74.736
9222,19.21,71.094
9223,-62.784,57.35
9224,-0.79464,102.61
9225,-32.698,41.517
9226,27.794,-95.264
9227,11.386,28.431
9228,-5.1066,12.373
9229,41.678,39.437
9230,50.736,-34.531
9231,59.669,76.106
9232,4.6903,69.621
9233,16.848,-64.253
9234,6.8231,-60.481
9235,91.001,-16.519
9236,-65.28,4.4436
9237,0.65508,29.752
9238,-9.0841,44.035
9239,0.96446,16.654
9240,-17.642,77.423
9241,48.75,49.364
9242,-29.83,-3.7926
9243,1.3428,-4.8341
9244,21.587,-37.782
9245,36.866,-4.8954
9246,-31.049,-9.0024
9247,60.244,-53.198
9248,30.322,-21.276
9249,-11.727,-44.24
9250,-95.598,16.862
9251,59.057,27.624
9252,-99.628,28.815
9253,-12.345,-57.542
9254,26.869,-87.156
9255,51.337,32.402
9256,-43.08,-0.49703
9257,33.338,-17.911
9258,3.7758,-25.162
9259,-8.3805,-22.368
9260,68.614,-43.295
9261,-44.321,19.717
9262,-27.278,45.915
9263,-25.166,28.661
9264,-68.105,39.03
9265,-73.977,-15.432
9266,37.514,-89.651
9267,-71.435,-41.934
9268,69.12,48.673
9269,-5.6918,-77.708
9270,33.28,-91.613
9271,47.3,-77.239
9272,62.024,-62.69
9273,62.833,-16.763
9274,-26.238,-57.273
9275,-37.885,49.107
9276,47.942,87.307
9277,-57.82,-12.426
9278,-80.387,62.417
9279,10.071,-83.257
9280,-10.343,-17.006
9281,79.703,-15.849
9282,6.8398,-53.84
9283,-65.873,-54.12
9284,-21.989,79.789
9285,-61.357,57.578
9286,-0.32047,101.17
9287,85.717,34.479
9288,63.42,35.977
9289,-16.581,99.235
9290,56.372,34.764
9291,35.884,-34.189
9292,56.878,-84.418
9293,94.985,15.134
9294,85.181,42.661
9295,-49.797,-50.174
9296,32.375,-65.298
9297,-83.24,32.058
9298,66.289,-1.1589
9299,-13.211,-84.656
9300,42.43,14.39
9301,99.165,-67.068
9302,33.546,-23.879
9303,13.609,52.348
9304,10.217,50.435
9305,81.505,-8.9446
9306,23.133,-92.38
9307,-28.711,-48.372
9308,-54.327,-20.679
9309,-103.18,25.575
9310,-53.448,54.183
9311,-23.832,-72.498
9312,13.883,-19.529
9313,-27.644,-52.708
9314,6.0665,-83.954
9315,-20.883,-85.849
9316,38.188,-35.133
9317,76.261,-1.5614
9318,-5.193,-40.612
9319,-11.621,41.562
9320,44.558,60.049
9321,-41.791,41.244
9322,-102.69,27.875
9323,-60.788,73.15
9324,83.286,29.331
9325,-9.7721,-92.672
9326,-7.0163,-85.24
9327,4.9577,-84.722
9328,-18.364,-53.912
9329,-70.13,1.6014
9330,-17.126,-31.337
9331,-37.342,-67.178
9332,43.794,-9.1005
9333,89.831,-28.348
9334,47.596,-31.868
9335,84.715,-11.188
9336,6.174,-60.088
9337,-101.51,-5.5241
9338,-29.701,95.839
9339,-47.6,53.073
9340,4.9221,-6.8523
9341,20.94,80.216
9342,-40.014,34.831
9343,-39.366,-3.7375
9344,-54.828,-46.295
9345,68.955,47.204
9346,16.71,30.841
9347,90.019,28.067
9348,7.5685,5.4855
9349,23.279,-24.723
9350,8.436,-60.653
9351,39.898,13.087
9352,-104.06,18.197
9353,-12.175,-57.456
9354,-40.014,43.525
9355,11.491,31.105
9356,-11.942,-80.542
9357,31.779,-8.5675
9358,-57.289,-88.607
9359,37.694,88.91
9360,15.2,-26.735
9361,-34.779,-59.6
9362,-7.3826,-94.504
9363,31.982,-18.137
9364,-10.155,-17.192
9365,-26.494,21.539
9366,-32.4,-11.963
9367,22.273,-5.011
9368,22.071,60.063
9369,75.155,1.5247
9370,46.158,88.299
9371,42.586,81.679
9372,-57.33,53.166
9373,7.6076,-76.359
9374,12.06,-86.656
9375,49.048,-74.877
9376,-0.26605,-87.5
9377,23.708,-93.59
9378,80.14,-7.7679
9379,-38.489,56.197
9380,-31.607,33.374
9381,21.152,-82.014
9382,17.367,-7.9724
9383,-14.25,62.44
9384,90.836,-27.975
9385,1.7518,-58.895
9386,79.269,-0.9167
9387,-1.7767,-46.328
9388,13.582,-55.184
9389,6.9458,-25.357
9390,22.531,74.324
9391,-50.084,54.385
9392,-52.76,-31.197
9393,20.991,-31.616
9394,58.872,-75.928
9395,47.453,-85.507
9396,43.854,-60.366
9397,27.611,-95.756
9398,88.929,-11.223
9399,-5.8869,-91.849
9400,43.499,-20.453
9401,76.48,-49.4
9402,-25.363,-48.839
9403,35.634,-22.643
9404,9.8485,-7.7392
9405,-18.327,38.851
9406,-72.207,69.564
9407,7.878,25.689
9408,-8.3039,25.746
9409,-24.447,-102.83
9410,53.058,-20.881
9411,24.69,-31.815
9412,-85.951,-25.913
9413,23.847,-39.433
9414,51.247,-12.386
9415,51.824,1.6341
9416,32.314,-17.274
9417,82.907,-44.422
9418,1.8086,103.32
9419,-52.465,71.611
9420,-46.028,8.6479
9421,-55,-57.769
9422,-47.379,-16.434
9423,-36.089,55.418
9424,77.839,54.187
9425,65.012,19.341
9426,-3.8218,17.944
9427,-51.506,-57.976
9428,72.585,-49.316
9429,75.929,-5.6075
9430,28.782,36.018
9431,-47.516,75.198
9432,38.146,39.047
9433,34.962,-54.69
9434,49.839,-85.185
9435,-25.707,-48.889
9436,-2.7976,-61.658
9437,40.72,-6.8311
9438,25.462,-9.4916
9439,-75.623,5.2602
9440,-31.922,22.138
9441,-59.365,-25.464
9442,-43.616,50.6
9443,16.816,-97.641
9444,-36.823,37.357
9445,-71.863,50.641
9446,-49.189,7.8094
9447,0.28414,74.093
9448,10.664,-68.999
9449,49.825,-33.73
9450,55.063,15.15
9451,-8.0055,76.099
9452,-22.532,-89.601
9453,7.0885,61.608
9454,-25.727,-61.62
9455,72.058,-8.4876
9456,-1.3996,-49.922
9457,-14.248,-93.824
9458,77.998,-49.287
9459,-84.112,-11.469
9460,-97.047,23.687
9461,-29.193,15.675
9462,47.558,17.37
9463,30.669,-60.264
9464,7.4389,13.634
9465,-99.383,24.648
9466,35.784,-24.111
9467,-31.41,-59.008
9468,-76.188,25.89
9469,-67.08,-56.514
9470,0.39985,33.5
9471,-8.328,75.548
9472,11.778,-49.62
9473,54.568,19.922
9474,-0.63138,-57.191
9475,42.317,-5.5909
9476,45.731,-76.369
9477,33.927,-19.508
9478,30.503,-89.475
9479,80.13,0.49518
9480,70.615,-54.833
9481,-74.02,-13.019
9482,32.053,-39.679
9483,-8.3489,78.752
9484,-11.341,22.45
9485,46.072,88.359
9486,-11.829,-80.505
9487,-13.049,-93.419
9488,-17.462,-105.42
9489,-1.7221,-60.169
9490,24.927,-32.242
9491,-5.373,-41.187
9492,-1.3546,-14.594
9493,82.663,-40.527
9494,32.082,-67.572
9495,-23.707,-14.269
9496,90.856,-19.076
9497,38.203,-91.17
9498,-40.854,-6.5472
9499,49.713,-18.727
9500,36.583,-51.812
9501,14.098,14.437
9502,-2.935,-76.949
9503,24.842,-9.2909
9504,-41.185,54.937
9505,-45.267,36.235
9506,-101.7,23.705
9507,-34.422,-0.58814
9508,-22.381,80.604
9509,75.348,56.224
9510,37.104,12.158
9511,-11.677,-5.5487
9512,54.889,46.433
9513,7.9986,-61.67
9514,46.144,15.03
9515,41.963,15.469
9516,26.159,-91.701
9517,88.854,-11.144
9518,-40.156,54.259
9519,-39.586,-0.86434
9520,-56.612,-12.922
9521,-59.481,-29.028
9522,70.676,-18.829
9523,-54.02,18.332
9524,5.6546,59.425
9525,42.961,-47.213
9526,44.899,-73.197
9527,64.986,-6.2139
9528,35.456,-19.904
9529,55.287,8.579
9530,-42.39,22.497
9531,-58.389,59.419
9532,82.148,43.577
9533,-33.388,42.566
9534,-55.48,-12.22
9535,22.013,-10.291
9536,90.427,-61.273
9537,-12.481,-78.556
9538,63.877,-65.112
9539,55.402,20.064
9540,-72.299,-1.8906
9541,0.001991,-28.028
9542,-78.494,34.633
9543,-20.478,15.391
9544,-23.69,47.87
9545,-27.152,-11.286
9546,-70.185,61.288
9547,-54.183,71.1
9548,-56.285,46.042
9549,-21.643,-87.354
9550,-2.0703,-52.861
9551,-44.947,-87.09
9552,-71.427,-12.698
9553,54.013,4.5155
9554,-74.785,-0.29729
9555,-64.382,8.9696
9556,29.771,57.054
9557,-46.109,70.308
9558,39.244,-46.645
9559,99.802,-67.812
9560,-3.6071,-103.56
9561,43.411,-79.98
9562,56.593,16.316
9563,-45.517,-35.276
9564,50.607,5.7191
9565,-74.336,-10.741
9566,-60.096,-34.535
9567,-35.811,56.907
9568,-13.746,101.76
9569,60.993,-68.54
9570,55.067,-53.75
9571,-1.3858,-42.471
9572,31.834,-16.881
9573,-26.855,44.76
9574,-94.475,26.857
9575,-27.214,45.263
9576,46.241,50.772
9577,54.025,18.805
9578,-23.498,-2.9877
9579,-32.276,-80.215
9580,21.432,-32.104
9581,21.119,-67.862
9582,95.695,15.759
9583,29.169,-95.053
9584,39.01,-57.267
9585,57.638,-86.751
9586,-65.181,8.8094
9587,-25.892,-22.485
9588,-35.325,17.89
9589,19.254,-80.788
9590,-33.812,42.436
9591,91.029,25.98
9592,38.805,34.074
9593,-8.025,-75.632
9594,41.16,-71.885
9595,82.108,-21.583
9596,78.295,-6.9601
9597,-2.9912,-29.989
9598,3.7172,-26.249
9599,-73.266,5.2757
9600,-29.94,46.663
9601,-18.341,-54.622
9602,66.536,29.756
9603,17.006,-80.935
9604,64.999,19.334
9605,28.805,-95.289
9606,0.12423,-51.607
9607,-4.1013,-87.989
9608,34.868,-17.7
9609,32.472,-23.788
9610,6.6252,-54.821
9611,75.432,-1.9023
9612,18.205,-54.184
9613,-1.4131,39.943
9614,-30.136,34.493
9615,40.846,52.948
9616,53.906,8.9336
9617,91.894,61.866
9618,-85.312,-5.9194
9619,2.0157,7.073
9620,1.1549,-48.809
9621,-28.334,-65.5
9622,40.019,38.997
9623,86.454,-5.0314
9624,50.729,-62.994
9625,41.783,-28.032
9626,38.028,-5.7461
9627,7.5943,-24.354
9628,-45.081,63.606
9629,-0.46669,101.46
9630,53.937,1.5152
9631,26.93,-63.554
9632,-109.04,-8.8233
9633,35.067,-33.549
9634,6.4062,-77.269
9635,4.3173,60.606
9636,56.85,-70.362
9637,80.645,-43.169
9638,-79.064,4.5637
9639,15.363,39.676
9640,-89.981,23.104
9641,-45.581,37.559
9642,-44.379,-33.858
9643,-33.091,33.763
9644,-45.847,45.794
9645,68.084,45.548
9646,76.929,55.042
9647,41.353,3.3033
9648,27.109,-90.125
9649,83.274,-23.194
9650,-101.23,25.339
9651,31.818,51.82
9652,-60.915,73.627
9653,-45.069,39.524
9654,15.072,-42.305
9655,66.463,-22.953
9656,-4.5041,-45.713
9657,-25.333,52.557
9658,-66.462,-38.378
9659,-49.612,-7.086
9660,48.541,-26.437
9661,35.037,-33.142
9662,-25.963,-101.86
9663,78.103,-30.786
9664,73.854,13.611
9665,43.012,-57.924
9666,57.947,-80.682
9667,-66.134,7.099
9668,-21.629,81.555
9669,-5.0619,76.157
9670,-24.391,38.062
9671,-47.51,35.56
9672,2.6984,-32.389
9673,8.1675,10.914
9674,-87.307,6.4098
9675,-48.369,4.6678
9676,-59.787,12.408
9677,45.17,1.3102
9678,78.872,-47.574
9679,31.504,-93.145
9680,11.179,-57.061
9681,-11.884,-43.104
9682,57.744,-86.699
9683,-34.983,-78.824
9684,35.371,-23.488
9685,-64.606,-81.213
9686,-35.801,-68.964
9687,30.702,49.559
9688,-49.753,52.076
9689,47.601,-6.7446
9690,-55.732,-17.53
9691,6.0815,60.281
9692,42.115,-26.319
9693,29.784,47.52
9694,2.0596,7.0408
9695,49.388,-85.582
9696,10.578,-82.406
9697,9.6241,-53.053
9698,42.002,-74.921
9699,88.282,-16.832
9700,31.876,-24.146
9701,-23.334,-26.692
9702,-88.676,27.017
9703,-72.997,35.655
9704,19.204,-80.207
9705,-33.449,41.653
9706,-53.444,71.686
9707,-45.63,3.3844
9708,55.184,-17.923
9709,84.171,-12.456
9710,80.214,-14.923
9711,-26.637,-76.368
9712,-38.612,13.833
9713,-25.855,29.389
9714,20.608,43.345
9715,93.099,60.605
9716,92.394,23.883
9717,29.575,-91.592
9718,20.187,-6.581
9719,49.774,-62.128
9720,100.78,-54.716
9721,77.313,-20.868
9722,-19.675,-80.077
9723,56.27,15.526
9724,26.372,-60.8
9725,59.601,-54.99
9726,45.233,-33.431
9727,57.68,-66.692
9728,-64.805,8.5254
9729,-22.204,37.451
9730,-39.132,35.706
9731,82.651,41.956
9732,30.878,-34.058
9733,49.398,-32.577
9734,-19.357,-93.51
9735,46.236,-50.928
9736,7.1683,-10.42
9737,9.7679,-46.579
9738,60.121,-16.927
9739,-42.867,-39.972
9740,87.663,-5.0479
9741,-68.368,-79.466
9742,7.021,88.428
9743,-31.508,79.67
9744,46.958,48.75
9745,18.945,7.0782
9746,-60.481,-31.262
9747,-46.669,60.27
9748,-5.1607,59.053
9749,39.043,-11.087
9750,-26.755,-8.5933
9751,-29.936,-53.06
9752,65.188,-21.706
9753,34.618,-90.463
9754,-6.5231,-41.267
9755,9.9869,33.859
9756,-25.381,40.402
9757,81.92,46.502
9758,50.783,11.374
9759,57.47,-20.036
9760,-115.21,13.155
9761,-85.687,5.2828
9762,40.795,-4.8314
9763,51.383,-76.846
9764,59.399,-70.09
9765,-67.592,10.693
9766,-85.693,-23.379
9767,-42.026,56.131
9768,-8.4185,41.646
9769,-32.251,34.109
9770,-50.697,-17.353
9771,-33.797,-27.169
9772,71.912,58.504
9773,45.877,88.437
9774,89.212,-26.979
9775,63.517,-5.5448
9776,84.78,-11.673
9777,49.787,-49.858
9778,-2.1257,23.159
9779,8.1529,-70.294
9780,5.8615,19.432
9781,7.8514,34.534
9782,1.368,-8.152
9783,39.486,-11.88
9784,-12.642,78.634
9785,-25.53,24.192
9786,-61.412,58.13
9787,41.414,40.317
9788,48.201,-26.419
9789,41.672,-61.895
9790,-6.3929,-92.682
9791,48.584,-85.999
9792,-9.555,-88.173
9793,-38.166,-61.144
9794,32.263,-21.467
9795,66.462,-23.321
9796,-7.88,-33.096
9797,-69.15,-19.252
9798,36.935,-3.1089
9799,-70.541,12.816
9800,-86.184,-21.329
9801,-22.491,81.539
9802,-48.201,-15.911
9803,-53.588,54.316
9804,77.913,39.748
9805,61.161,36.701
9806,-52.897,0.36906
9807,8.827,37.76
9808,-20.523,-67.745
9809,58.694,11.537
9810,31.889,15.029
9811,-7.2272,-89.038
9812,-85.843,7.8144
9813,-56.053,-57.664
9814,-40.265,36.527
9815,-7.5681,79.137
9816,-35.715,30.91
9817,61.672,36.672
9818,69.012,-37.876
9819,17.844,36.106
9820,37.788,-45.75
9821,-88.324,22.063
9822,44.452,-57.223
9823,38.292,-12.187
9824,-53.317,-21.329
9825,-76.489,35.684
9826,-57.253,-38.641
9827,-70.128,71.712
9828,78.632,35.955
9829,3.8877,-32.777
9830,40.192,-2.7074
9831,-61.025,19.747
9832,-30.85,-70.308
9833,-61.453,14.942
9834,52.698,33.745
9835,0.51343,102.68
9836,9.5458,-35.299
9837,-44.86,39.32
9838,-54.972,-8.4174
9839,0.51193,48.989
9840,-56.528,-22.715
9841,-34.179,5.5186
9842,-57.424,-12.807
9843,42.231,54.058
9844,-20.579,-66.258
9845,76.524,-51.175
9846,19.557,-37.923
9847,48.31,-75.038
9848,35.219,-21.669
9849,-29.748,-68.454
9850,-79.379,-6.9151
9851,70.173,-40.034
9852,-58.466,1.6092
9853,-104.78,16.09
9854,-42.698,12.699
9855,-58.216,-6.1534
9856,-36.432,37.586
9857,52.745,16.594
9858,75.451,56.205
9859,14.224,17.725
9860,55.487,-11.605
9861,25.094,-84.317
9862,38.033,-21.822
9863,7.5239,-79.095
9864,60.257,-68.657
9865,-11.129,85.224
9866,-36.406,28.683
9867,12.802,32.945
9868,-85.088,-6.1857
9869,59.346,41.618
9870,14.442,71.331
9871,74.15,-54.844
9872,6.8571,-78.834
9873,30.36,-21.535
9874,-35.732,-70.447
9875,-53.64,74.811
9876,-48.455,-15.779
9877,-63.941,58.725
9878,-23.501,39.165
9879,29.861,97.88
9880,59.219,-23.491
9881,84.615,41.916
9882,-9.7499,-80.032
9883,86.206,33.091
9884,-104.34,-12.953
9885,-69.343,-18.006
9886,43.108,-78.065
9887,54.402,-72.626
9888,60.47,-0.21069
9889,89.522,-14.454
9890,38.1,-45.666
9891,79.173,-5.344
9892,-21.67,-68.518
9893,82.025,-23.533
9894,-25.789,-51.983
9895,-53.439,70.98
9896,-7.7168,102.88
9897,37.371,53.718
9898,-9.4599,77.809
9899,-3.2654,101
9900,-30.182,33.962
9901,-61.21,14.908
9902,5.3446,-50.171
9903,88.4,-41.198
9904,92.763,-19.564
9905,-70.027,1.7302
9906,-38.972,-8.7668
9907,-71.089,37.261
9908,-44.889,18.633
9909,-33.496,43.188
9910,-13.51,43.557
9911,-30.675,12.741
9912,68.309,68.064
9913,18.886,-96.434
9914,8.2083,24.25
9915,29.84,-40.516
9916,-4.0014,-88.043
9917,10.227,-50.204
9918,1.8367,-48.048
9919,43.789,-35.936
9920,0.31087,22.581
9921,-35.504,33.541
9922,47.897,87.613
9923,-77.188,-59.695
9924,15.306,14.879
9925,80.358,-7.9472
9926,45.509,-73.447
9927,30.582,-21.826
9928,-70.168,37.173
9929,-59.753,50.452
9930,41.394,24.049
9931,47.842,87.631
9932,51.817,-86.729
9933,87.828,-22.341
9934,46.324,-3.1081
9935,-10.527,47.224
9936,3.4821,-32.956
9937,-42.005,65.141
9938,46.755,-73.507
9939,92.599,-39.725
9940,45.249,88.72
9941,-26.687,18.46
9942,-39.895,30.906
9943,-33.689,4.4678
9944,-32.451,4.5715
9945,-72.188,69.073
9946,27.046,96.511
9947,47.403,-6.2964
9948,-9.0525,-30.846
9949,20.859,-37.36
9950,-20.369,-41.979
9951,82.1,-9.5524
9952,-77.155,34.598
9953,3.0652,53.891
9954,-27.323,45.443
9955,-25.092,36.758
9956,-30.257,34.276
9957,-45.369,40.172
9958,2.1972,29.162
9959,66.501,-25.614
9960,34.864,-47.417
9961,-54.749,53.78
9962,44.949,-31.252
9963,-1.4494,-55.845
9964,35.218,-71.387
9965,-3.464,99.358
9966,-45.293,39.879
9967,-57.903,-10.312
9968,14.314,17.608
9969,-31.749,-68.807
9970,44.458,-74.946
9971,-13.753,-34.464
9972,12.731,-56.072
9973,89.217,-13.18
9974,38.299,-21.716
9975,54.719,-39.866
9976,-27.813,-61.423
9977,-53.054,-86.726
9978,30.685,56.281
9979,48.249,49.763
9980,27.222,50.138
9981,-24.311,56.377
9982,87.925,-43.711
9983,27.827,73.66
9984,6.3834,-32.632
9985,80.724,-34.532
9986,-19.864,-24.864
9987,12.299,-57.608
9988,-58.327,7.988
9989,-30.517,34.693
9990,-22.702,39.364
9991,-25.464,53.315
9992,-53.301,71.064
9993,1.5338,-65.177
9994,7.2687,13.241
9995,20.633,-33.837
9996,-46.729,-88.187
9997,14.257,28.64
9998,75.003,11.059
9999,30.012,-18.604
10000,39.24,-32.898
10001,86.278,-9.8139
10002,-36.729,-71.36
10003,-83.31,-9.5508
10004,-27.003,53.748
10005,23.403,77.783
10006,-34.752,17.865
10007,86.193,34.374
10008,97.131,21.56
10009,32.595,-65.561
10010,71.572,-37.394
10011,15.027,-68.882
10012,57.135,-86.448
10013,39.954,77.916
10014,29.429,-21.289
10015,44.17,81.005
10016,28.105,13.207
10017,-65.686,75.561
10018,2.4784,33.477
10019,-23.837,23.809
10020,-46.02,-23.786
10021,-55.812,-13.838
10022,7.8788,88.42
10023,70.624,64.92
10024,47.713,27.91
10025,28.119,-89.985
10026,-4.0118,-42.842
10027,43.136,60.859
10028,60.006,-56.203
10029,46.674,-77.467
10030,60.427,-0.54134
10031,89.17,-22.445
10032,84.999,-8.0279
10033,78.793,-4.8761
10034,82.874,-23.603
10035,-33.165,-91.94
10036,77.99,-56.552
10037,34.083,-17.555
10038,-28.708,-85.898
10039,52.108,-73.191
10040,85.7,-23.581
10041,-36.85,57.673
10042,30.34,-0.55326
10043,3.8118,9.3921
10044,3.1689,-41.112
10045,9.7368,-58.759
10046,81.439,-38.125
10047,16.241,10.74
10048,57.966,-67.818
10049,-64.755,8.7711
10050,-3.2961,-13.46
10051,37.481,53.811
10052,75.389,29.89
10053,-39.381,2.6563
10054,26.912,-38.991
10055,45.217,-64.41
10056,16.773,-82.979
10057,8.3649,-49.619
10058,22.16,-3.9228
10059,-77.866,-70.918
10060,79.472,52.939
10061,42.259,50.891
10062,-9.6562,84.684
10063,-39.054,46.348
10064,-32.032,31.549
10065,-54.919,-11.777
10066,-67.421,1.8894
10067,77.362,-5.1381
10068,-80.39,64.444
10069,-58.235,-6.1819
10070,-51.963,70.562
10071,64.479,66.815
10072,58.095,-80.803
10073,-68.592,-78.985
10074,49.92,-85.625
10075,73.015,-14.466
10076,81.062,0.27662
10077,59.298,-65.129
10078,10.1,-22.366
10079,3.74,18.355
10080,-53.215,-86.301
10081,-55.551,-11.414
10082,74.61,56.683
10083,98.896,-67.256
10084,6.6716,-78.424
10085,-70.411,-64.61
10086,69.205,45.98
10087,-92.093,-5.0355
10088,75.547,0.077472
10089,-69.769,13.793
10090,58.587,37.163
10091,19.449,71.717
10092,-23.916,35.991
10093,-9.6666,84.292
10094,-45.027,3.2676
10095,-32.915,42.711
10096,27.626,-42.331
10097,82.512,42.228
10098,15.068,-70.581
10099,-11.854,-26.335
10100,80.66,-43.456
10101,4.9814,68.373
10102,17.807,-83.331
10103,64.703,-17.156
10104,35.343,-12.657
10105,-85.084,-9.5732
10106,-1.9713,102.02
10107,-37.316,27.108
10108,-40.363,-11.604
10109,77.163,54.892
10110,95.796,57.437
10111,83.473,67.911
10112,55.841,2.3872
10113,24.714,-93.286
10114,-16.071,-33.271
10115,-60.137,16.292
10116,-58.03,-6.8741
10117,82.25,44.577
10118,28.134,-40.775
10119,26.205,-96.899
10120,42.853,-48.639
10121,-14.668,54.229
10122,31.862,-67.718
10123,-19.302,-40.295
10124,-11,-89.236
10125,-31.585,-74.95
10126,-70.943,70.939
10127,-69.134,72.713
10128,35.795,6.1025
10129,55.276,76.433
10130,49.321,-52.791
10131,-38.311,54.916
10132,-5.866,-66.713
10133,0.0063272,-79.845
10134,-20.864,-93.637
10135,48.733,-74.05
10136,47.353,-89.521
10137,-61.48,-75.247
10138,-40.492,17.372
10139,-14.435,101.64
10140,-37.948,50.079
10141,-21.647,81.032
10142,-51.932,73.153
10143,-44.748,19.519
10144,-33.487,12.985
10145,102.14,5.7885
10146,-12.498,116.04
10147,4.8303,-58.981
10148,33.786,17.913
10149,50.129,37.419
10150,-58.042,1.3071
10151,-19.506,-32.609
10152,-10.666,-30.58
10153,53.524,31.224
10154,-40.483,54.679
10155,16.288,8.7447
10156,-82.301,25.246
10157,88.81,-43.508
10158,5.4817,21.824
10159,-19.528,-104.74
10160,38.686,-66.284
10161,62.096,-60.694
10162,-46.13,-59.336
10163,59.817,-56.217
10164,-40.267,85.676
10165,-39.169,86.72
10166,72.005,59.006
10167,72.015,59.078
10168,-90.846,17.954
10169,-0.15796,-82.504
10170,24.695,-84.374
10171,55.099,26.145
10172,88.738,-21.382
10173,88.517,-30.301
10174,24.387,-84.322
10175,-11.607,77.955
10176,-24.101,47.033
10177,-9.0794,31.068
10178,-30.051,1.0774
10179,-34.385,15.888
10180,-44.274,3.6748
10181,82.2,42.894
10182,71.342,19.038
10183,63.151,17.15
10184,2.7721,-64.167
10185,15.117,7.4274
10186,41.496,-89.777
10187,80.694,-30.702
10188,22.519,68.354
10189,37.176,91.904
10190,83.582,43.444
10191,68.013,36.884
10192,32.461,19.166
10193,64.229,-65.357
10194,24.504,-9.1285
10195,-71.123,-76.729
10196,57.515,-54.502
10197,-1.1796,-83.93
10198,-92.023,4.0671
10199,-39.221,44.088
10200,-31.535,13.09
10201,-37.579,31.605
10202,-9.5414,83.488
10203,64.917,53.373
10204,22.755,42.822
10205,48.484,87.278
10206,21.966,-31.996
10207,63.012,36.303
10208,13.941,-48.403
10209,-58.682,-79.019
10210,26.421,-54.724
10211,-3.7286,54.833
10212,48.625,-85.927
10213,3.7611,-26.267
10214,-52.799,19.49
10215,-63.037,-83.207
10216,-75.903,10.752
10217,-48.566,63.839
10218,48.477,87.243
10219,-53.917,-20.737
10220,0.43228,48.58
10221,-47.096,-18.617
10222,-33.462,3.0437
10223,-66.748,-80.56
10224,-70.575,7.0256
10225,22.462,-48.941
10226,43.977,27.268
10227,70.65,-60.292
10228,45.542,7.5246
10229,-65.498,77.444
10230,-5.0881,73.431
10231,-8.4669,81.314
10232,-32.793,31.935
10233,93.085,23.193
10234,48.395,23.348
10235,35.968,-91.312
10236,59.692,-75.893
10237,74.487,-1.1237
10238,-3.6107,-36.599
10239,19.254,-19.317
10240,-72.029,-7.9914
10241,-77.344,34.264
10242,84.635,38.091
10243,-6.5861,76.078
10244,2.2766,21.152
10245,90.521,25.689
10246,17.633,-95.865
10247,37.681,-60.398
10248,47.492,-31.252
10249,43.766,-79.061
10250,44.748,-79.935
10251,37.007,-18.736
10252,-35.564,56.638
10253,-34.592,7.3365
10254,63.716,39.774
10255,51.168,-70.406
10256,-2.9345,-39.569
10257,39.895,61.093
10258,35.107,-17.654
10259,-75.172,-11.389
10260,-42.623,10.683
10261,-38.516,85.147
10262,-7.66,75.545
10263,-61.484,79.142
10264,24.774,-31.985
10265,27.437,18.053
10266,26.565,-32.293
10267,9.6041,-46.444
10268,21.402,-77.222
10269,51.853,-19.593
10270,55.691,-53.556
10271,-15.477,-41.698
10272,3.3262,-31.056
10273,56.777,35.206
10274,-23.706,53.455
10275,-40.625,57.38
10276,-88.338,28.664
10277,-41.912,13.353
10278,24.438,-95.398
10279,12.279,-8.9689
10280,-63.473,-77.3
10281,20.532,-82.035
10282,-16.136,-34.69
10283,-23.867,52.596
10284,-33.274,33.032
10285,91.404,24.956
10286,47.746,27.928
10287,-11.314,-79.372
10288,-14.407,-80.168
10289,12.084,19.6
10290,54.563,-88.446
10291,-1.431,-46.512
10292,-73.172,-73.228
10293,55.095,-69.838
10294,52.25,-86.878
10295,54.054,-51.366
10296,30.94,-23.316
10297,-57.145,15.883
10298,-55.555,-17.619
10299,-33.431,41.943
10300,46.389,-78.977
10301,-59.118,-85.973
10302,3.2477,70.912
10303,17.603,-20.56
10304,73.768,-1.9423
10305,82.922,-34.088
10306,-57.563,20.742
10307,-57.421,45.205
10308,-25.43,43.977
10309,85.801,34.689
10310,37.806,34.677
10311,10.995,28.468
10312,-20.808,-89.019
10313,-8.7232,12.137
10314,59.19,-52.878
10315,70.352,-54.685
10316,66.34,-1.2638
10317,-30.021,-70.603
10318,38.587,-20.908
10319,-3.5548,-39.879
10320,22.078,-21.635
10321,-6.1035,78.607
10322,-73.831,35.019
10323,37.287,84.056
10324,-56.283,-29.025
10325,-38.771,0.002025
10326,47.885,49.013
10327,98.423,18.093
10328,-50.153,-20.833
10329,-64.383,9.2093
10330,-100.75,19.875
10331,24.398,-84.424
10332,-69.327,40.073
10333,-0.87425,22.56
10334,-39.023,29.119
10335,8.7512,69.93
10336,4.4668,-82.479
10337,-13.93,-88.196
10338,68.217,-23.95
10339,77.187,-34.145
10340,32.289,-23.818
10341,-2.4788,-48.991
10342,41.093,-18.022
10343,-105.67,15.978
10344,11.169,42.579
10345,-50.019,87.262
10346,-5.6319,82.435
10347,-88.926,26.9
10348,31.774,53.575
10349,-28.529,47.521
10350,23.488,65.706
10351,-3.1529,101.77
10352,34.693,-76.561
10353,29.856,-0.57988
10354,-60.639,-82.726
10355,16.59,83.181
10356,67.149,45.809
10357,40.965,45.57
10358,-20.762,82.304
10359,-16.418,39.922
10360,-39.935,54.744
10361,7.7619,-83.852
10362,45.489,-43.723
10363,32.37,-20.896
10364,44.529,45.653
10365,48.771,42.811
10366,-3.1035,102.7
10367,-47.273,87.9
10368,-47.725,11.354
10369,-39.145,54.955
10370,-61.191,78.629
10371,-34.927,-30.547
10372,40.563,23.779
10373,-71.544,-75.16
10374,9.2397,15.136
10375,53.186,0.017889
10376,6.1929,-24.628
10377,53.136,-57.286
10378,61.612,-53.525
10379,14.224,-55.032
10380,8.8926,-61.341
10381,-52.554,71.638
10382,-31.301,33.617
10383,-37.853,44.091
10384,-44.382,38.559
10385,-25.64,52.805
10386,-28.142,31.723
10387,33.786,-72.865
10388,33.955,35.449
10389,34.744,-17.897
10390,80.604,-4.8102
10391,8.8243,88.102
10392,-58.513,59.266
10393,-51.986,-38.612
10394,56.938,42.303
10395,88.871,-25.797
10396,-56.189,-59.155
10397,-34.236,-94.199
10398,86.681,-5.5106
10399,-70.553,-12.427
10400,32.39,47.397
10401,-36.499,31.745
10402,69.805,53.709
10403,-72.325,69.391
10404,32.181,-68.458
10405,46.567,28.742
10406,59.802,-56.823
10407,-101.08,-8.3388
10408,4.7792,-25.326
10409,-71.737,-7.8527
10410,17.776,-81.841
10411,23.566,74.119
10412,-38.312,28.259
10413,-33.792,33.687
10414,-58.293,-13.186
10415,-32.768,31.114
10416,-48.992,-32.864
10417,-40.736,10.528
10418,98.197,46.378
10419,43.191,24.728
10420,12.742,8.4676
10421,13.172,-15.515
10422,15.439,39.581
10423,4.0584,-31.81
10424,29.797,-19.047
10425,7.3065,-25.51
10426,-17.443,19.825
10427,-44.666,19.452
10428,-22.597,35.57
10429,29.213,-82.907
10430,-1.3149,42.625
10431,2.9497,8.0923
10432,4.0381,-57.892
10433,-68.229,16.347
10434,10.948,-17.774
10435,85.59,-7.1358
10436,3.8781,-26.168
10437,36.494,-10.55
10438,37.132,16.629
10439,45.239,82.898
10440,-87.176,25.603
10441,-39.744,85.835
10442,-47.24,-16.517
10443,-81.548,22.856
10444,44.509,89.048
10445,88.521,28.906
10446,51.012,-72.796
10447,-64.751,-84.366
10448,19.366,-92.83
10449,53.037,-48.885
10450,65.423,20.543
10451,23.987,-38.758
10452,53.109,-0.23142
10453,82.843,-2.3505
10454,48.167,10.28
10455,-33.72,-39.351
10456,61.326,38.107
10457,35.938,93.205
10458,18.772,81.369
10459,64.463,27.532
10460,47.667,51.917
10461,56.887,3.8012
10462,44.57,28.785
10463,20.804,6.9984
10464,35.137,-44.725
10465,83.074,-2.2949
10466,3.9961,-26.289
10467,73.608,-12.829
10468,59.795,-70.232
10469,73.384,-43.331
10470,-89.084,27.183
10471,-88.031,30.988
10472,-56.461,-12.238
10473,72.423,58.651
10474,24.884,-36.132
10475,-12.079,-86.666
10476,60.228,16.153
10477,85.836,-9.942
10478,-5.6191,-36.597
10479,-59.146,-79.347
10480,55.548,-64.109
10481,19.209,-84.528
10482,52.468,8.6207
10483,79.778,-18.911
10484,75.808,-5.2707
10485,-26.609,19.213
10486,-41.052,3.9452
10487,63.295,36.03
10488,33.795,-6.894
10489,-24.554,-20.421
10490,57.311,-71.411
10491,-9.1894,80.904
10492,-58.217,53.166
10493,68.034,69.649
10494,19.539,81.967
10495,-25.727,18.034
10496,-56.313,-8.4688
10497,-66,69.002
10498,16.238,-89.056
10499,40.656,-5.6834
10500,62.64,41.123
10501,66.007,-48.954
10502,49.186,101.96
10503,-8.4721,31.862
10504,-42.843,10.665
10505,-63.538,-35.885
10506,16.302,30.318
10507,58.803,4.1733
10508,-59.33,-78.834
10509,-83.127,37.666
10510,83.08,-8.9094
10511,-64.249,0.48594
10512,6.2073,-30.531
10513,-37.328,46.352
10514,-83.678,20.413
10515,-12.456,78.622
10516,-45.681,5.2796
10517,-60.894,-83.922
10518,29.819,-92.543
10519,75.628,10.717
10520,-60.899,20.642
10521,18.571,-21.456
10522,-18.515,17.651
10523,-14.639,54.374
10524,-59.65,21.26
10525,-22.858,81.006
10526,-51.197,-14.549
10527,-59.864,-27.128
10528,-26.344,-103.24
10529,23.26,-86.385
10530,86.36,-6.8753
10531,54.675,-40.965
10532,-42.751,-0.79248
10533,37.774,87.705
10534,-39.211,35.646
10535,45.894,88.422
10536,87.758,32.077
10537,56.245,78.291
10538,104.23,30.609
10539,35.489,-36.923
10540,48.88,-75.97
10541,54.253,-26.054
10542,55.143,-63.251
10543,-60.928,73.745
10544,30.079,53.993
10545,-10.907,84.966
10546,-26.079,22.392
10547,-30.998,33.835
10548,-35.718,57.95
10549,90.988,25.524
10550,85.194,39.933
10551,13.955,11.978
10552,8.0634,28.282
10553,-106.12,17.298
10554,63.554,-0.075233
10555,-4.1981,-89.33
10556,49.968,-47.349
10557,39.167,56.154
10558,-83.559,22.51
10559,77.137,28.778
10560,15.315,45.237
10561,9.8383,28.334
10562,-44.359,-86.82
10563,31.228,97.134
10564,41.992,-65.979
10565,39.338,43.49
10566,44.452,35.495
10567,-48.389,-87.225
10568,67.075,-7.79
10569,4.491,-65.198
10570,-66.029,9.2855
10571,19.383,-23.583
10572,-58.579,-11.715
10573,-47.704,-16.611
10574,-30.667,34.3
10575,78.945,42.134
10576,16.754,-69.61
10577,35.507,93.401
10578,-34.239,79.313
10579,-51.403,-86.895
10580,55.596,30.257
10581,35.471,-7.1123
10582,27.756,-17.275
10583,36.07,-45.287
10584,34.131,-82.148
10585,36.219,-95.902
10586,18.525,-24.816
10587,87.699,-24.934
10588,36.262,-14.784
10589,42.086,60.569
10590,-51.005,-31.693
10591,-4.0335,32.133
10592,-55.9,-8.4788
10593,-79.107,60.821
10594,37.007,-10.155
10595,-15.523,-33.06
10596,83.73,-11.656
10597,84.909,-13.537
10598,67.058,-9.3588
10599,36.71,-21.708
10600,-8.5029,-38.593
10601,-6.8484,-92.258
10602,1.9408,-65.396
10603,-11.112,-16.552
10604,-3.1683,101.76
10605,-70.091,28.384
10606,-34.585,-7.2772
10607,9.1698,16.075
10608,33.483,-89.677
10609,24.548,-36.306
10610,-63.622,-85.198
10611,27.362,-31.609
10612,53.444,-80.232
10613,48.189,36.011
10614,-34.868,-94.165
10615,63.502,-9.5925
10616,-51.025,58.657
10617,-88.851,-9.6652
10618,85.725,37.223
10619,-12.386,78.663
10620,93.59,-41.184
10621,63.562,53.549
10622,58.56,75.919
10623,3.5213,-78.511
10624,64.633,51.897
10625,35.044,-19.766
10626,56.104,-40.183
10627,58.9,5.5938
10628,-29.09,5.4734
10629,55.263,77.302
10630,-57.903,53.015
10631,-9.2114,76.757
10632,24.288,69.685
10633,-37.158,38.464
10634,-55.981,-10.076
10635,47.356,22.853
10636,-13.768,-82.364
10637,9.7175,-2.9866
10638,-41.624,-90.828
10639,-0.12918,-60.872
10640,50.557,-87.233
10641,33.954,-16.939
10642,-40.5,-62.625
10643,-41.352,-5.5945
10644,-59.32,-27.826
10645,88.094,45.618
10646,71.361,19.101
10647,30.778,-16.36
10648,-53.954,-0.85483
10649,19.427,82.094
10650,-21.547,81.075
10651,27.644,55.363
10652,-47.378,60.029
10653,-37.655,-10.719
10654,54.899,-20.091
10655,61.752,8.2571
10656,5.5683,10.888
10657,52.633,7.1249
10658,59.247,-57.856
10659,91.298,-67.265
10660,11.605,-72.654
10661,-59.693,-17.581
10662,-33.02,33.331
10663,-35.476,6.3938
10664,47.547,-8.769
10665,-56.262,-80.365
10666,-63.858,8.672
10667,8.9904,88.072
10668,-24.464,21.382
10669,-59.23,-24.093
10670,-82.515,23.885
10671,-41.585,28.287
10672,81.881,46.829
10673,89.428,27.734
10674,63.292,-4.5103
10675,27.605,-7.3072
10676,-89.188,-18.211
10677,28.846,-91.659
10678,73.904,-9.6335
10679,40.408,-91.467
10680,22.182,-34.205
10681,44.225,0.14141
10682,69.357,-41.606
10683,-59.703,75.137
10684,-20.959,83.015
10685,-22.253,40.347
10686,55.539,55.83
10687,1.438,-15.378
10688,47.221,102.26
10689,-62.307,-84.749
10690,-80.555,32.203
10691,54.469,49.497
10692,16.813,-46.659
10693,33.364,-15.58
10694,-59.706,35.78
10695,-31.37,93.609
10696,-49.861,12.252
10697,-81.718,21.242
10698,-14.263,76.569
10699,-27.877,31.723
10700,26.622,-81.468
10701,89.642,35.509
10702,34.316,-46.793
10703,-31.593,95.483
10704,72.78,-46.157
10705,64.201,-52.05
10706,10.868,-83.976
10707,-0.30312,-48.696
10708,21.11,-25.64
10709,33.562,-18.821
10710,-8.0446,75.214
10711,-22.657,40.929
10712,23.358,-35.605
10713,-7.5383,-92.728
10714,35.819,-79.946
10715,6.0624,-30.261
10716,-38.006,-60.799
10717,25.727,-17.641
10718,-6.7522,75.739
10719,-69.731,25.067
10720,-37.546,36.39
10721,94.231,59.379
10722,5.0979,27.347
10723,-5.1745,20.374
10724,78.918,-37.287
10725,77.815,34.353
10726,13.254,-80.89
10727,-48.671,52.017
10728,12.566,-47.726
10729,25.842,-80.526
10730,-66.153,-81.177
10731,-31.827,-69.343
10732,3.5413,-68.104
10733,75.281,-48.431
10734,-6.133,102.82
10735,0.28114,25.596
10736,-56.654,45.46
10737,11.89,10.086
10738,53.781,-80.111
10739,6.9835,5.5109
10740,22.901,-49.323
10741,83.513,-17.984
10742,75.074,1.0259
10743,-9.6278,-31.07
10744,-17.699,-74.11
10745,-101.65,28.375
10746,30.15,55.238
10747,55.384,35.421
10748,-59.941,-86.048
10749,5.0949,-37.905
10750,-87.355,7.4593
10751,98.02,18.368
10752,-30.032,95.772
10753,20.479,82.127
10754,-59.608,56.732
10755,22.88,67.602
10756,-5.4971,77.295
10757,17.72,-91.827
10758,-21.811,81.151
10759,26.303,-31.393
10760,62.089,36.683
10761,-80.319,-52.691
10762,-6.4615,-44.165
10763,77.823,32.885
10764,-39.185,3.3363
10765,35.822,85.197
10766,-23.538,46.851
10767,-51.113,-14.424
10768,-34.602,31.93
10769,-48.022,-23.442
10770,-33.086,8.3668
10771,-0.65873,79.843
10772,8.5034,30.552
10773,16.615,-7.9535
10774,8.5233,30.3
10775,-54.414,-89.317
10776,38.699,-90.337
10777,23.249,-58.921
10778,75.675,-1.8237
10779,60.519,-62.525
10780,-61.193,19.718
10781,-56.51,48.88
10782,29.576,52.468
10783,-11.591,79.517
10784,78.321,32.349
10785,12.045,-40.78
10786,83.316,-12.637
10787,55.835,16.687
10788,4.8823,-27.613
10789,-30.708,15.132
10790,-40.908,-21.322
10791,-35.846,38.361
10792,28.358,32.65
10793,20.994,-31.612
10794,-7.846,-92.354
10795,72.095,19.862
10796,-3.8496,-76.692
10797,48.797,-21.253
10798,-41.928,-14.744
10799,37.059,-90.109
10800,35.735,-34.156
10801,56.162,78.392
10802,-4.4986,-16.167
10803,83.703,-27.983
10804,76.185,-10.278
10805,-15.168,-35.48
10806,-53.516,71.879
10807,-7.0531,78.483
10808,-46.187,-20.366
10809,81.292,49.947
10810,57.754,73.971
10811,32.231,-70.361
10812,-52.774,-89.324
10813,64.231,-51.743
10814,17.626,-46.131
10815,-74.731,-74.122
10816,51.767,32.858
10817,-49.306,-24.261
10818,-5.4413,75.657
10819,-43.969,41.477
10820,-30.293,34.284
10821,-43.439,4.9531
10822,85.514,35.128
10823,29.226,-69.807
10824,8.0005,-80.529
10825,43.976,8.251
10826,-69.902,5.3168
10827,43.874,-23.132
10828,35.364,-22.228
10829,39.151,-22.087
10830,32.109,-6.4825
10831,-5.5475,76.971
10832,-40.979,57.393
10833,-26.164,40.602
10834,-60.663,-10.052
10835,-53.431,74.804
10836,-57.988,-12.885
10837,86.091,32.917
10838,17.986,-83.145
10839,-102.8,20.645
10840,45.752,-36.844
10841,32.283,-21.441
10842,4.0635,-46.151
10843,-37.255,-26.76
10844,-7.3461,-24.55
10845,-42.433,11.243
10846,31.098,56.477
10847,3.5897,54.655
10848,-59.417,49.169
10849,-57.748,-13.114
10850,96.176,-39.572
10851,64.803,44.137
10852,28.548,-90.833
10853,23.805,-96.027
10854,-70.499,-67.861
10855,52.023,10.809
10856,-14.15,-40.514
10857,-15.682,19.443
10858,-0.38718,80.835
10859,-34.924,35.795
10860,18.998,-92.303
10861,35.317,-59.738
10862,41.401,2.7665
10863,64.691,-19.37
10864,-5.7724,-91.897
10865,55.866,28.574
10866,80.637,29.791
10867,-11.094,85.305
10868,19.355,82.149
10869,-45.513,87.613
10870,-32.811,33.773
10871,-41.419,30.459
10872,-11.244,84.478
10873,75.48,28.898
10874,66.191,45.211
10875,85.955,36.697
10876,28.117,-92.815
10877,-4.7659,-79.607
10878,58.856,43.83
10879,28.015,-92.98
10880,89.733,-14.223
10881,-38.372,43.318
10882,-34.184,38.866
10883,-32,5.1275
10884,72.09,19.848
10885,40.534,-77.749
10886,-21.096,30.109
10887,14.91,37.682
10888,66.942,49.24
10889,-12.294,-87.34
10890,1.339,-36.589
10891,70.315,-38.162
10892,-13.407,101.89
10893,-35.791,28.977
10894,-33.586,32.797
10895,84.758,38.86
10896,-38.593,-92.637
10897,43.719,34.637
10898,50.399,-7.2158
10899,8.4057,-60.585
10900,43.077,-22.563
10901,-71.273,13.042
10902,-46.59,88.067
10903,-35.541,34.508
10904,-24.47,46.65
10905,-11.789,-3.7556
10906,65.665,-42.808
10907,29.815,-64.095
10908,-46.382,-89.339
10909,-73.043,5.5514
10910,77.086,-7.1258
10911,-27.273,45.433
10912,-65.397,-32.984
10913,75.777,44.07
10914,-35.114,58.07
10915,28.819,38.687
10916,-49.452,-82.91
10917,-66.733,7.8
10918,3.931,-53.354
10919,78.505,-4.0561
10920,-37.502,45.516
10921,-31.059,33.702
10922,80.24,51.947
10923,70.306,66.371
10924,-69.745,72.17
10925,83.491,-27.237
10926,11.133,61.236
10927,17.868,-9.3039
10928,46.534,-14
10929,81.64,-51.178
10930,-18.179,-42.287
10931,65.68,28.787
10932,-10.913,79.756
10933,-36.704,44.78
10934,-58.824,53.615
10935,-55.568,-20.555
10936,-57.759,52.601
10937,-23.456,47.873
10938,44.622,-42.549
10939,-63.388,-86.563
10940,20.325,-68.497
10941,32.237,17.794
10942,50.137,-84.532
10943,41.933,-4.3033
10944,-102.73,-4.4591
10945,-69.33,13.202
10946,-85.044,-5.6615
10947,-50.6,-24.471
10948,17.967,37.003
10949,-25.639,20.279
10950,-6.2916,77.658
10951,40.066,90.733
10952,77.984,39.488
10953,69.247,53.128
10954,74.597,51.017
10955,74.059,-62.456
10956,60.314,37.35
10957,-21.434,-86.052
10958,36.46,17.187
10959,41.245,-16.463
10960,60.708,-77.872
10961,62.714,-61.633
10962,45.394,-35.497
10963,20.249,-83.304
10964,-36.975,37.402
10965,-21.84,35.911
10966,-34.422,15.638
10967,6.0917,58.504
10968,-43.338,4.932
10969,-36.482,27.441
10970,97.362,21.263
10971,-13.853,-12.122
10972,-61.238,-82.717
10973,29.802,-68.478
10974,-73.848,14.967
10975,36.165,-22.355
10976,-50.572,-89.332
10977,-15.16,-42.812
10978,-8.8286,76.714
10979,-21.301,36.192
10980,-67.227,29.333
10981,-41.073,54.693
10982,-47.065,43.222
10983,-11.034,-79.266
10984,82.244,-44.173
10985,-69.008,1.632
10986,57.577,-67.202
10987,-36.929,-33.32
10988,-38.113,57.726
10989,-40.905,56.479
10990,74.551,-34.611
10991,-22.394,80.204
10992,22.581,42.305
10993,-44.576,-5.4921
10994,-23.847,46.921
10995,96.026,-40.148
10996,-4.8808,-55.973
10997,-73.944,31.453
10998,9.5459,8.2564
10999,80.921,-30.773
11000,69.111,-16.754
11001,-4.4435,-54.324
11002,-49.767,53.317
11003,-25.879,46.426
11004,-41.239,-40.609
11005,23.132,-95.398
11006,47.201,-80.904
11007,32.563,-42.791
11008,89.382,-21.233
11009,40.208,-58.491
11010,-47.044,62.246
11011,-38.476,35.294
11012,-40.299,26.474
11013,82.948,41.138
11014,75.972,-43.446
11015,13.697,-57.675
11016,24.732,81.164
11017,-77.42,57.617
11018,87.272,-20.742
11019,32.013,-16.914
11020,22.862,1.0573
11021,-38.459,84.968
11022,-58.017,-13.16
11023,14.643,-67.755
11024,-40.412,-19.614
11025,45.7,88.467
11026,-25.625,-87.098
11027,67.899,45.686
11028,10.44,-82.591
11029,11.148,-56.593
11030,43.403,-3.1665
11031,-11.86,102.25
11032,-5.7631,102.07
11033,-2.1012,102.59
11034,-37.399,30.522
11035,-37.377,84.841
11036,-41.635,4.3443
11037,18.816,-80.356
11038,41.521,-51.052
11039,51.739,17.023
11040,-10.348,-1.6365
11041,28.098,-35.491
11042,61.073,4.7636
11043,6.977,27.381
11044,84.31,-48.524
11045,-87.829,-1.7381
11046,-42.035,57.148
11047,-35.495,37.161
11048,-22.064,80.474
11049,28.475,-97.12
11050,55.981,34.974
11051,-17.506,-25.382
11052,-52.224,-89.342
11053,-5.1581,-74.429
11054,80.288,-8.7694
11055,-20.926,-39.091
11056,-2.5953,-29.02
11057,6.2829,-24.02
11058,-59.544,-32.889
11059,-61.224,73.732
11060,-57.736,-7.0904
11061,-37.927,52.95
11062,81.959,47.311
11063,10.598,18.913
11064,45.122,34.553
11065,32.833,-68.913
11066,35.918,-13.14
11067,-66.512,-18.959
11068,-37.293,56.365
11069,-35.106,39.06
11070,-6.9211,75.74
11071,3.4247,46.364
11072,62.733,16.909
11073,81.413,31.43
11074,65.343,27.456
11075,79.994,35.096
11076,-7.5831,20.61
11077,-57.959,-88.607
11078,-105.01,14.589
11079,-49.099,-82.288
11080,31.391,-70.91
11081,38.112,-8.3932
11082,60.94,-55.469
11083,-96.405,19.253
11084,38.338,91.729
11085,19.049,-37.482
11086,44.471,83.305
11087,38.312,34.051
11088,21.004,-32.845
11089,77.287,-57.862
11090,31.952,35.817
11091,34.082,9.1712
11092,46.525,-83.77
11093,72.581,20.424
11094,2.1293,-31.023
11095,66.34,-12.336
11096,-59.062,-69.706
11097,72.949,-0.11574
11098,52.335,-31.656
11099,-79.732,-35.053
11100,-60.617,35.856
11101,-34.196,32.257
11102,-48.227,-16.905
11103,8.2504,-80.551
11104,15.886,80.45
11105,74.129,-81.419
11106,-67.508,-61.581
11107,-65.996,3.9408
11108,59.351,-57.475
11109,-32.779,93.47
11110,-46.204,-24.733
11111,-67.408,70.573
11112,-26.905,40.968
11113,-40.983,29.446
11114,-8.4315,82.339
11115,-5.7096,82.659
11116,-22.96,81.796
11117,40.066,7.0883
11118,-38.804,-92.671
11119,15.901,8.3339
11120,18.466,-21.408
11121,44.846,-34.813
11122,36.418,-5.2669
11123,-34.309,39.581
11124,-39.614,30.874
11125,-8.1712,30.203
11126,-35.282,38.469
11127,-32.239,33.608
11128,50.339,52.771
11129,46.818,28.352
11130,-89.164,10.534
11131,80.525,-44.116
11132,-69.684,-31.797
11133,40.778,-6.7542
11134,-67.233,-37.105
11135,-65.127,-33.86
11136,37.702,5.011
11137,-39.012,29.136
11138,7.1775,21.095
11139,41.627,-49.399
11140,-92.536,16.996
11141,-21.099,-17.699
11142,-91.795,-6.3122
11143,1.4978,16.585
11144,-46.016,70.47
11145,-47.086,-25.342
11146,-13.178,-80.927
11147,12.607,8.6656
11148,41.263,-50.725
11149,32.133,-21.558
11150,-2.7926,-57.668
11151,-84.259,64.267
11152,-81.165,-9.3658
11153,-93.734,25.832
11154,-44.841,40.4
11155,-32.809,42.327
11156,29.317,-97.102
11157,95.468,57.86
11158,-38.832,19.112
11159,57.416,-10.769
11160,62.176,48.782
11161,13.362,-3.5702
11162,-9.1378,43.363
11163,-45.372,-20.501
11164,4.3406,11.039
11165,70.702,38.008
11166,30.055,97.712
11167,60.807,4.1375
11168,35.454,-89.035
11169,54.032,32.39
11170,-12.092,-90.827
11171,6.7997,-31.572
11172,-8.179,102.87
11173,30.252,54.96
11174,-27.122,40.977
11175,-85.341,-29.801
11176,-41.055,86.291
11177,23.471,77.643
11178,-33.987,38.988
11179,61.708,21.212
11180,69.98,53.645
11181,-105.51,35.678
11182,57.335,16.425
11183,-22.686,-88.557
11184,25.728,-34.051
11185,-7.8063,-91.109
11186,36.133,-56.892
11187,49.84,-46.764
11188,47.646,-88.813
11189,-6.4517,-36.029
11190,-59.87,-84.811
11191,82.27,-41.763
11192,22.682,66.837
11193,53.202,81.877
11194,33.977,84.83
11195,-31.899,33.358
11196,-5.6403,26.683
11197,34.981,-30.823
11198,69.097,-19.222
11199,26.972,81.394
11200,7.1602,-76.578
11201,34.727,-89.655
11202,19.321,-36.279
11203,29.247,-20.506
11204,-10.111,-37.926
11205,-80.985,-9.3978
11206,-23.643,53.507
11207,29.634,98.047
11208,-57.123,49.276
11209,-45.246,87.543
11210,-42.738,12.425
11211,-54.885,-8.542
11212,-44.288,4.5366
11213,47.969,-81.442
11214,-55.624,-28.506
11215,73.926,30.897
11216,21.805,78.587
11217,-60.455,-73.674
11218,27.629,-32.792
11219,-104.79,-8.514
11220,-56.386,-8.2156
11221,-56.851,-11.295
11222,-56.39,-13.856
11223,84.775,32.496
11224,34.401,-6.3813
11225,29.393,-97.122
11226,13.512,19.116
11227,26.319,81.125
11228,21.879,-9.7859
11229,20.44,-42.942
11230,-27.13,32.116
11231,8.764,88.081
11232,12.059,17.978
11233,-63.012,-83.842
11234,19.736,-22.465
11235,56.075,-40.293
11236,5.4685,-33.755
11237,29.771,-12.168
11238,-70.021,-69.692
11239,42.083,45.193
11240,-75.228,-30.696
11241,35.677,52.337
11242,44.182,-80.586
11243,-47.244,18.305
11244,-11.311,41.196
11245,-69.482,-69.891
11246,8.1728,-57.646
11247,45.444,-41.527
11248,48.3,-87.804
11249,49.54,-32.706
11250,-74.573,10.146
11251,84.842,-22.724
11252,-55.032,-86.984
11253,-30.97,-65.405
11254,-37.81,35.128
11255,4.4852,20.614
11256,88.07,24.709
11257,54.452,80.131
11258,41.131,-88.905
11259,37.968,84.044
11260,55.334,30.471
11261,29.415,-38.752
11262,-63.806,9.424
11263,31.409,-61.976
11264,-40.437,-60.289
11265,35.117,-17.556
11266,78.254,-1.3461
11267,-82.074,-20.71
11268,36.777,42.796
11269,-52.593,71.574
11270,-33.997,40.07
11271,-50.72,59.709
11272,-51.204,-14.551
11273,-55.876,-19.482
11274,1.3135,27.559
11275,-12.684,115.98
11276,70.629,-4.6135
11277,-29.743,95.748
11278,85.533,35.038
11279,79.392,40.571
11280,14.703,12.084
11281,-71.128,5.2287
11282,-61.364,58.324
11283,-89.279,-4.5953
11284,-42.535,10.81
11285,-21.891,80.168
11286,-61.362,-32.781
11287,-10.961,-52.329
11288,66.322,29.61
11289,-5.5116,102.84
11290,39.11,-91.873
11291,14.067,-19.706
11292,46.209,-80.586
11293,-59.655,62.238
11294,-97.639,-3.5591
11295,-17.722,-37.004
11296,38.448,91.683
11297,-88.872,26.031
11298,-15.524,44.615
11299,-57.384,-10.447
11300,-58.116,-25.128
11301,-53.863,-19.343
11302,-54.094,-17.037
11303,1.8207,56.061
11304,-55.49,-13.078
11305,-49.935,-15.416
11306,-56.637,-27.014
11307,32.978,8.2415
11308,-67.537,-69.295
11309,6.5332,-81.018
11310,37.132,53.521
11311,39.519,54.921
11312,-26.141,18.044
11313,-53.602,71.206
11314,-33.912,5.7384
11315,-14.266,-54.59
11316,16.87,-80.46
11317,103.26,32.171
11318,43.891,18.486
11319,3.9234,-85.068
11320,56.316,24.278
11321,-13.248,-26.824
11322,-93.658,15.162
11323,45.315,38.86
11324,71.175,29.404
11325,-54.364,-8.5266
11326,87.118,11.201
11327,56.735,52.97
11328,45.404,-74.247
11329,42.649,-59.242
11330,-14.484,-30.758
11331,-85.528,38.168
11332,45.091,-58.748
11333,-65.864,2.13
11334,-4.7389,-88.273
11335,-67.631,-69.051
11336,-50.562,1.7507
11337,51.143,-83.527
11338,71.627,41.743
11339,48.343,87.321
11340,-51.085,59.912
11341,38.025,-17.334
11342,-67.634,-79.323
11343,-43.412,89.286
11344,-53.527,71.512
11345,-25.004,15.002
11346,-73.574,35.169
11347,10.88,-34.985
11348,66.215,25.521
11349,-39.112,29.307
11350,58.682,-58.051
11351,26.4,-96.081
11352,42.266,-38.774
11353,6.2692,20.627
11354,-91.192,3.2283
11355,23.695,51.987
11356,-59.737,58.087
11357,80.125,51.165
11358,78.908,42.376
11359,20.378,-92.584
11360,21.313,-31.79
11361,20.765,-38.461
11362,-62.942,-77.574
11363,80.441,-41.895
11364,32.196,-67.521
11365,55.429,26.391
11366,-23.221,19.692
11367,-35.448,18.165
11368,-49.069,36.523
11369,93.482,60.198
11370,-25.201,-96.465
11371,0.65906,-72.634
11372,67.249,-59.731
11373,7.9259,-83.538
11374,4.0836,-25.214
11375,-59.379,-85.346
11376,52.56,1.9726
11377,57.812,-15.45
11378,-46.512,6.1399
11379,-49.965,-88.889
11380,68.958,-61.68
11381,-49.838,-50.211
11382,-58.808,19.272
11383,6.4883,-55.052
11384,-55.762,-85.653
11385,10.557,-82.302
11386,54.408,-66.495
11387,-83.587,-8.1614
11388,-80.584,36.182
11389,-48.483,19.828
11390,-74.042,53.203
11391,58.043,40.895
11392,18.02,-83.795
11393,8.06,71.124
11394,20.169,78.254
11395,22.583,19.449
11396,46.854,36.447
11397,7.2506,6.4415
11398,-24.673,45.473
11399,-45.69,45.689
11400,-45.77,-31.422
11401,-36.168,38.345
11402,-36.63,29.749
11403,-27.11,41.664
11404,0.50914,39.178
11405,23.378,-35.909
11406,-47.084,-24.776
11407,79.332,53.153
11408,25.177,-10.416
11409,83.872,-14.114
11410,-5.5156,-43.621
11411,-67.556,59.655
11412,-30.168,40.38
11413,11.144,6.5355
11414,-37.037,39.001
11415,46.524,85.469
11416,64.809,20.924
11417,16.177,-98.701
11418,21.831,-36.929
11419,16.504,-71.732
11420,-4.933,-43.962
11421,87.544,-31.964
11422,91.233,-12.357
11423,70.33,-39.81
11424,-11.868,79.179
11425,20.773,74.921
11426,-65.973,-36.631
11427,-47.265,7.5023
11428,50.606,49.338
11429,70.309,31.61
11430,54.369,80.245
11431,31.58,-63.336
11432,70.882,43.133
11433,-52.667,-89.206
11434,48.488,23.698
11435,48.992,-86.416
11436,-24.338,-104.33
11437,45.662,-32.793
11438,-14.487,101.65
11439,-2.7853,101.31
11440,-27.768,32.959
11441,-16.701,84.57
11442,-45.074,45.246
11443,-34.664,25.108
11444,66.64,48.827
11445,36.603,-90.907
11446,46.758,-4.1794
11447,-64.524,-78.889
11448,-66.319,-3.057
11449,-57.802,53.516
11450,17.38,-91.424
11451,-35.114,6.285
11452,41.721,4.2441
11453,77.074,-37.761
11454,-61.758,14.328
11455,30.192,97.668
11456,-41.996,56.378
11457,59.475,75.319
11458,14.12,39.996
11459,57.255,-40.469
11460,71.993,-85.016
11461,-62.18,-82.598
11462,-59.016,49.83
11463,-56.903,27.642
11464,36.245,85.097
11465,-38.661,-12.284
11466,18.578,-35.538
11467,77.874,28.848
11468,-13.097,-32.334
11469,12.33,-67.681
11470,53.235,-80.879
11471,78.583,-55.283
11472,-89.428,10.818
11473,43.124,-74.786
11474,-2.0273,-29.27
11475,4.3184,-27.194
11476,7.3899,40.778
11477,-41.511,49.599
11478,-37.119,44.45
11479,-32.941,8.6307
11480,85.967,33.701
11481,34.964,-61.563
11482,-43.151,-88.022
11483,59.508,-61.211
11484,-80.492,-9.878
11485,50.992,52.787
11486,-40.688,57.49
11487,72.079,33.922
11488,-60.595,57.648
11489,-38.47,55.239
11490,-50.228,-15.632
11491,-44.888,-6.3327
11492,24.795,68.144
11493,99.722,17.342
11494,52.92,23.562
11495,48.205,87.428
11496,62.107,15.916
11497,13.777,-8.9262
11498,-5.8374,-68.349
11499,55.148,-83.71
11500,-73.366,1.0627
11501,-23.569,-40.782
11502,-41.674,-26.419
11503,-40.973,87.499
11504,-35.192,38.183
11505,-94.337,27.005
11506,-47.999,-23.541
11507,78.639,53.279
11508,-1.2556,-14.224
11509,75.864,-39.334
11510,-66.054,-55.561
11511,23.782,-95.857
11512,14.3,-3.872
11513,20.926,-7.535
11514,-91.44,-9.3555
11515,-37.123,37.483
11516,-40.162,33.696
11517,-4.6613,76.582
11518,-25.797,28.768
11519,-46.99,87.943
11520,-67.507,-81.061
11521,29.455,-38.024
11522,-3.8745,-36.527
11523,-26.813,-92.157
11524,18.105,-20.595
11525,4.6941,-25.178
11526,-32.233,-56.099
11527,19.106,38.488
11528,-21.754,79.852
11529,70.987,32.631
11530,-24.368,37.214
11531,95.459,21.505
11532,-37.992,-20.292
11533,16.661,10.299
11534,-38.62,47.066
11535,-38.573,57.517
11536,44.802,56.798
11537,-39.418,33.079
11538,-40.34,86.743
11539,-44.658,-34.207
11540,-44.829,-6.2714
11541,-9.4996,76.847
11542,-52.576,-31.526
11543,-21.49,36.908
11544,54.449,19.581
11545,-16.375,43.729
11546,55.39,-64.064
11547,22.993,-98.065
11548,-20.453,-41.377
11549,45.222,-33.698
11550,56.73,-72.303
11551,54.78,-39.754
11552,68.824,-13.774
11553,81.434,-26.071
11554,-69.399,72.723
11555,-33.415,42.587
11556,-7.5359,78.518
11557,18.274,-84.452
11558,19.459,-97.16
11559,-81.555,3.8164
11560,63.016,21.854
11561,91.003,-16.673
11562,-35.869,-56.304
11563,-58.357,10.525
11564,-33.698,44.098
11565,39.214,49.015
11566,-40.445,32.632
11567,-26.92,40.995
11568,-14.153,-54.633
11569,-53.431,-31.971
11570,37.492,38.474
11571,83.312,29.475
11572,26.848,-73.426
11573,85.376,-8.5848
11574,32.155,-92.551
11575,64.716,49.669
11576,53.172,-84.97
11577,39.491,-19.411
11578,-42.99,-20.249
11579,-10.933,84.534
11580,-49.934,87.132
11581,-7.7469,39.69
11582,32.825,49.876
11583,37.195,39.657
11584,22.872,-31.899
11585,-65.989,-83.44
11586,27.106,81.038
11587,70.904,57.78
11588,-53.663,26.441
11589,-81.873,36.378
11590,-73.237,7.0411
11591,1.9445,103.32
11592,67.182,68.236
11593,-21.847,79.574
11594,-35.979,57.839
11595,21.394,75.901
11596,-48.835,-33.482
11597,-32.858,42.792
11598,8.6715,114.58
11599,97.562,45.533
11600,5.5362,11.555
11601,36.441,-19.99
11602,-54.535,-84.529
11603,-29.562,-68.588
11604,-61.368,-20.304
11605,-24.845,43.677
11606,80.768,48.542
11607,34.509,-47.097
11608,35.892,-60.356
11609,52.512,11.921
11610,-0.49543,-47.747
11611,61.931,21.667
11612,52.141,30.717
11613,11.853,-81.598
11614,-44.893,83.864
11615,52.541,-31.58
11616,28.886,-30.872
11617,-75.473,5.3262
11618,23.586,77.588
11619,-31.971,93.219
11620,-60.096,-19.154
11621,-46.129,61.88
11622,-32.027,25.151
11623,105.11,12.121
11624,103.86,33.251
11625,64.817,53.416
11626,-32.476,-95.424
11627,-20.904,-68.227
11628,-26.168,-22.588
11629,80.266,-16.16
11630,59.102,-76.801
11631,-29.542,95.941
11632,-7.9656,82.24
11633,32.789,49.539
11634,-12.458,78.5
11635,-25.008,35.963
11636,-44.598,38.338
11637,-52.426,-31.301
11638,90.804,25.888
11639,-46.775,8.5407
11640,-53.159,-57.634
11641,49.734,12.733
11642,-7.8363,-89.401
11643,19.665,-35.871
11644,53.785,1.5791
11645,73.321,-49.717
11646,-52.056,72.371
11647,20.431,80.361
11648,-27.321,44.347
11649,-57.485,-22.36
11650,-39.152,29.219
11651,-51.997,-11.121
11652,17.598,-82.895
11653,60.729,45.918
11654,-72.206,-64.872
11655,-88.202,29.459
11656,84.458,-2.8113
11657,53.861,-74.631
11658,50.724,-34.928
11659,-62.67,-83.058
11660,-38.654,47.146
11661,-5.0849,102.34
11662,-53.54,-11.732
11663,79.586,41.55
11664,-55.884,53.078
11665,-57.548,-10.658
11666,-38.317,43.441
11667,73.41,51.035
11668,37.575,39.057
11669,-51.716,-84.418
11670,47.669,39.218
11671,51.747,-58.397
11672,-9.3466,-91.267
11673,67.139,-7.6613
11674,-5.6836,76.423
11675,-58.125,-7.8483
11676,-45.442,87.631
11677,-49.913,-23.932
11678,-81.922,27.51
11679,-23.628,35.789
11680,-10.256,44.331
11681,82.117,45.034
11682,68.316,38.649
11683,87.942,46.08
11684,17.741,-95.922
11685,-66.174,8.0108
11686,78.701,-1.9697
11687,4.9971,-24.928
11688,-69.99,-0.91296
11689,-56.853,-22.364
11690,-36.114,57.46
11691,-38.013,44.731
11692,2.4012,33.213
11693,87.304,33.941
11694,-1.0596,40.345
11695,-8.5724,-38.055
11696,-25.603,-57.75
11697,-36.384,25.48
11698,-24.651,35.624
11699,-6.0215,76.48
11700,-53.62,-19.314
11701,-33.687,32.718
11702,-9.0253,76.898
11703,-8.5727,77.031
11704,-23.448,-74.913
11705,39.95,20.341
11706,19.333,-79.857
11707,32.243,-6.3461
11708,85.042,-23.055
11709,33.148,-17.026
11710,-32.99,32.912
11711,25.547,-35.896
11712,17.815,-97.346
11713,-54.43,-56.453
11714,32.439,23.214
11715,34.813,-84.918
11716,77.903,-6.618
11717,-70.414,26.073
11718,-80.563,31.849
11719,-37.422,37.168
11720,-55.826,-8.7522
11721,17.934,-91.607
11722,-34.838,38.54
11723,79.273,53.14
11724,70.318,37.444
11725,69.209,32.466
11726,40.477,24.188
11727,48.626,84.912
11728,55.738,-41.073
11729,45.184,1.8689
11730,85.532,-5.2933
11731,-26.726,53.423
11732,27.402,99.34
11733,-44.733,50.226
11734,78.997,42.288
11735,-89.691,21.319
11736,34.879,-85.394
11737,16.496,-39.366
11738,39.513,12.75
11739,-2.7787,-40.452
11740,2.6045,-50.194
11741,26.586,30.143
11742,29.864,56.325
11743,-21.727,35.824
11744,-66.519,74.484
11745,-50.481,-24.783
11746,-26.903,18.74
11747,47.271,52.228
11748,36.734,53.24
11749,-46.306,-89.131
11750,35.263,-91.281
11751,35.333,-68.768
11752,-20.811,87.696
11753,43.529,45.597
11754,-64.198,9.2252
11755,62.185,-59.261
11756,18.657,-22.392
11757,-24.467,22.309
11758,-39.536,35.789
11759,-53.237,-33.392
11760,75.56,-54.897
11761,91.651,-57.978
11762,10.618,-49.202
11763,64.081,42.705
11764,56.467,29.65
11765,-26.489,-99.872
11766,-32.703,-62.304
11767,40.585,20.224
11768,-5.7676,102.63
11769,6.6347,-38.313
11770,-27.174,43.266
11771,48.065,87.524
11772,-36.186,25.26
11773,-80.658,62.716
11774,84.13,43.272
11775,-13.275,-70.019
11776,100.08,-0.62341
11777,-1.0798,41.034
11778,-66.386,-77.137
11779,24.369,-95.723
11780,-50.307,26.611
11781,34.24,91.185
11782,-49.227,87.379
11783,-38.128,37.429
11784,-38.214,35.986
11785,-57.567,-8.9453
11786,82.3,45.772
11787,69.615,39.186
11788,-23.244,22.602
11789,-11.536,85.287
11790,28.126,54.575
11791,-32.564,33.928
11792,78.379,42.285
11793,51.897,49.29
11794,39.887,90.733
11795,-5.1296,81.865
11796,54.299,-72.789
11797,49.604,-46.314
11798,-36.125,38.492
11799,-98.341,8.5502
11800,-21.593,36.255
11801,-26.956,53.544
11802,-44.341,38.147
11803,-5.4911,77.796
11804,-33.753,6.7477
11805,-58.492,-27.08
11806,30.852,56.175
11807,23.865,52.922
11808,11.312,32.726
11809,-11.876,-77.41
11810,37.64,16.496
11811,83.576,-27.042
11812,-25.077,-22.396
11813,-21.932,-14.984
11814,0.56495,-57.394
11815,76.116,-36.529
11816,-0.91462,48.224
11817,-24.512,18.322
11818,79.96,28.011
11819,-84.254,64.255
11820,-18.925,-61.915
11821,55.123,-49.377
11822,5.1088,-38.142
11823,15.396,-50.251
11824,39.64,55.298
11825,-39.552,84.78
11826,-55.655,-17.521
11827,24.613,67.816
11828,-33.592,32.6
11829,-26.385,94.892
11830,30.32,48.384
11831,41.923,-57.904
11832,73.947,-61.771
11833,-24.213,-91.807
11834,48.056,-32.461
11835,19.191,-21.352
11836,46.231,39.225
11837,-6.1405,102.93
11838,-10.956,85.011
11839,-51.654,12.831
11840,-26.942,40.961
11841,-24.375,52.659
11842,62.144,54.863
11843,98.97,48.514
11844,88.5,6.3728
11845,46.208,88.279
11846,-48.685,65.538
11847,55.681,2.2434
11848,-75.356,-11.017
11849,27.57,30.327
11850,99.184,17.472
11851,-9.2092,-95.08
11852,10.283,-7.9577
11853,37.962,92.081
11854,13.006,-11.863
11855,74.462,-3.3199
11856,-15.445,-83.446
11857,-67.408,-79.5
11858,-21.832,80.64
11859,-52.004,71.917
11860,23.471,65.518
11861,-47.273,-16.599
11862,-32.218,34.059
11863,77.119,28.736
11864,90.359,30.625
11865,8.2788,24.431
11866,-31.285,-51.869
11867,55.532,-64.08
11868,39.074,-14.475
11869,32.792,-23.749
11870,-25.553,-92.238
11871,76.339,-32.674
11872,-36.74,86.167
11873,-16.168,14.284
11874,-13.619,43.213
11875,-53.79,-18.713
11876,-35.754,37.724
11877,106.19,5.3865
11878,-29.269,30.442
11879,-46.408,66.495
11880,-27.909,-64.904
11881,48.811,45.435
11882,68.106,-61.314
11883,59.275,-50.774
11884,-7.0026,75.637
11885,-58.562,53.304
11886,-25.802,44.843
11887,77.052,54.987
11888,-20.438,-83.812
11889,-54.48,29.988
11890,-1.2271,27.209
11891,56.557,12.949
11892,-12.788,-40.527
11893,82.134,-41.567
11894,56.666,-59.104
11895,-38.67,43.987
11896,-2.0694,49.719
11897,-32.505,31.861
11898,-57.193,-27.598
11899,-58.15,-13.58
11900,23.085,-46.602
11901,-12.741,77.889
11902,-37.819,12.823
11903,-36.457,30.833
11904,81.184,41.499
11905,31.691,-64.382
11906,-13.062,-74.654
11907,79.844,38.211
11908,57.352,52.741
11909,81.922,-38.264
11910,32.728,-21.119
11911,59.791,6.2444
11912,-53.692,18.062
11913,-51.14,-14.212
11914,-22.519,80.084
11915,-10.688,85.172
11916,83.591,41.047
11917,83.51,40.569
11918,34.036,14.393
11919,-18.225,-26.38
11920,34.093,14.694
11921,-31.385,-69.373
11922,-10.977,-85.77
11923,8.0159,-83.34
11924,-14.635,-40.405
11925,12.907,78.445
11926,48.788,53.569
11927,22.433,82.435
11928,-45.515,39.404
11929,45.308,80.84
11930,21.892,74.611
11931,2.3913,33.478
11932,13.191,-17.914
11933,-20.816,32.289
11934,-52.516,-86.048
11935,25.268,-15.878
11936,-17.904,25.562
11937,25.831,-32.086
11938,-50.04,-15.866
11939,-41.538,56.642
11940,-51.413,52.403
11941,-54.312,-35.644
11942,-1.783,49.993
11943,-65.233,-77.937
11944,-27.326,-64.555
11945,52.03,13.207
11946,80.753,-17.574
11947,23.034,66.122
11948,-32.246,93.072
11949,22.893,68.121
11950,-41.821,3.799
11951,-34.07,40.869
11952,-24.503,36.434
11953,99.042,48.95
11954,90.204,22.587
11955,-33.639,68.486
11956,30.37,24.726
11957,50.068,20.68
11958,-13.763,101.79
11959,-38.168,35.972
11960,63.921,27.868
11961,-39.132,87.054
11962,93.094,24.286
11963,69.589,-23.46
11964,63.198,47.722
11965,38.255,33.516
11966,45.117,-10.394
11967,85.298,-41.664
11968,-84.288,36.179
11969,-49.834,-17.098
11970,-10.897,79.643
11971,-26.017,53.476
11972,-47.092,14.394
11973,-34.391,-3.5847
11974,-60.384,46.974
11975,88.83,29.784
11976,-6.6645,-93.305
11977,28.87,78.781
11978,-23.357,-91.121
11979,-24.658,-74.433
11980,-72.913,-15.084
11981,45.843,11.413
11982,36.944,92.445
11983,-40.129,42.554
11984,-40.826,7.4663
11985,91.475,24.875
11986,42.721,-44.844
11987,-56.709,46.448
11988,36.301,42.511
11989,71.75,-57.673
11990,-0.60238,-51.76
11991,-50.544,-59.869
11992,0.89519,-43.551
11993,-25.359,18.822
11994,-23.951,52.791
11995,81.908,46.018
11996,84.719,42.177
11997,60.651,52.864
11998,-10.956,47.72
11999,-61.819,17.906
12000,-71.115,15.138
12001,-19.59,40.377
12002,-75.727,-73.073
12003,19.434,-77.107
12004,20.896,74.638
12005,-27.045,53.67
12006,63.959,-28.708
12007,-26.649,95.784
12008,79.431,53.035
12009,-69.441,39.863
12010,37.729,84.066
12011,6.5537,-30.342
12012,91.983,-18.404
12013,4.7636,-25.331
12014,65.616,26.922
12015,-58.347,-84.997
12016,49.9,25.231
12017,-10.051,101.79
12018,-10.733,83.825
12019,-38.605,-73.368
12020,-23.952,36.073
12021,-60.16,50.848
12022,85.58,36.54
12023,6.1724,22.981
12024,-42.241,-20.694
12025,-6.1741,33.55
12026,-13.841,-82.271
12027,-71.391,-75.824
12028,-98.744,-13.576
12029,-49.53,-50.519
12030,-45.187,40.523
12031,-58.991,-27.192
12032,-59.393,47.327
12033,66.794,68.56
12034,25.376,47.492
12035,57.125,-82.935
12036,-12.34,55.935
12037,-30.387,-57.753
12038,27.887,12.96
12039,-11.834,78.518
12040,-37.582,31.282
12041,45.026,88.555
12042,-10.003,-74.341
12043,24.292,-32.124
12044,40.141,20.681
12045,-17.233,-27.373
12046,49.35,3.4957
12047,-100.17,6.0136
12048,45.096,-33.719
12049,44.736,-43.09
12050,-53.596,-11.695
12051,-13.839,101.72
12052,-35.514,32.352
12053,-27.481,45.906
12054,-48.698,-18.012
12055,-39.926,87.592
12056,71.476,32.775
12057,-51.446,-1.7919
12058,34.866,-13.072
12059,-67.745,31.401
12060,53.5,-80.994
12061,59.517,-62.447
12062,-11.57,14.438
12063,16.019,70.567
12064,-8.4643,75.734
12065,59.697,53.617
12066,-50.042,12.141
12067,-37.377,47.159
12068,-45.22,-27.171
12069,-59.678,-39.48
12070,77.825,54.189
12071,14.37,-31.233
12072,36.025,27.909
12073,-12.503,78.48
12074,56.878,35.219
12075,-13.971,101.89
12076,-33.237,-10.849
12077,0.31554,30.303
12078,-46.571,44.874
12079,95,18.892
12080,12.706,-1.4078
12081,-59.41,26.199
12082,12.993,-12.89
12083,43.319,13.772
12084,-16.192,-34.625
12085,4.5505,-25.161
12086,-118.3,12.501
12087,-99.309,10.354
12088,-52.78,-84.879
12089,-64.902,68.187
12090,-34.625,-3.7844
12091,-25.407,53.294
12092,2.4409,20.659
12093,5.8201,56.497
12094,65.606,-28.832
12095,-18.229,-36.328
12096,-26.78,-51.502
12097,-5.4509,82.017
12098,-44.372,51.254
12099,-24.396,35.926
12100,-81.476,21.168
12101,72.022,26.366
12102,97.824,18.61
12103,-62.502,-85.395
12104,42.767,25.641
12105,-6.0585,-90.072
12106,4.2724,-32.7
12107,-3.512,-6.3814
12108,33.326,55.525
12109,-60.281,57.61
12110,-72.437,69.271
12111,-56.116,-24.909
12112,30.404,-33.644
12113,66.435,48.834
12114,72.623,20.445
12115,85.292,37.057
12116,98.298,17.976
12117,45.674,88.586
12118,73.532,46.907
12119,-54.151,-34.319
12120,14.766,-27.017
12121,-60.69,-81.96
12122,-37.604,57.382
12123,-36.041,28.102
12124,-25.14,47.02
12125,22.294,80.52
12126,44.059,84.344
12127,69.619,65.728
12128,81.952,46.195
12129,-3.1538,40.911
12130,-91.197,30.547
12131,-30.563,-57.516
12132,38.147,-8.2038
12133,27.261,10.21
12134,-25.647,54.25
12135,70.767,65.132
12136,-41.58,30.228
12137,-37.14,45.693
12138,82.678,41.679
12139,38.886,7.6994
12140,-58.578,-28.986
12141,9.514,-83.659
12142,-56.432,27.062
12143,36.57,12.778
12144,46.445,9.3161
12145,-8.6213,-95.001
12146,47.08,-41.975
12147,74.204,57.059
12148,-47.636,-18.95
12149,-56.211,-12.117
12150,-36.572,30.037
12151,74.439,56.779
12152,52.945,81.1
12153,16.099,-98.893
12154,-59.164,45.143
12155,1.9392,19.167
12156,62.687,46.802
12157,-57.319,22.799
12158,-52.702,9.219
12159,-40.383,57.325
12160,43.476,80.686
12161,-38.749,-1.0331
12162,85.869,34.967
12163,87.947,29.894
12164,82.202,45.982
12165,35.351,-69.417
12166,-53.381,-0.2161
12167,-12.161,-87.315
12168,45.142,19.258
12169,49.335,-33.087
12170,-104.86,30.181
12171,71.365,-16.996
12172,71.986,-16.725
12173,-45.2,38.373
12174,28.714,55.498
12175,-53.087,-46.755
12176,-40.008,36.647
12177,-37.911,43.527
12178,42.583,87.827
12179,64.05,18.357
12180,-2.9814,-62.124
12181,79.867,38.392
12182,-42.006,9.1661
12183,13.583,39.56
12184,-56.273,-8.3457
12185,-16.796,-15.575
12186,54.922,-19.609
12187,-21.237,-66.414
12188,-2.9644,-30.52
12189,75.776,-34.972
12190,-74.489,-13.554
12191,-41.802,-43.666
12192,-67.103,29.161
12193,-5.8728,82.55
12194,-27.088,45.24
12195,-10.044,82.148
12196,-48.771,50.956
12197,93.993,18.038
12198,2.3102,5.1774
12199,60.936,-72.52
12200,48.681,39.902
12201,11.734,27.226
12202,-27.844,-52.735
12203,25.7,83.917
12204,-26.446,95.699
12205,-85.041,-24.204
12206,-25.706,46.566
12207,-59.305,56.579
12208,-58.291,61.177
12209,44.707,81.624
12210,34.58,26.286
12211,-32.146,74.782
12212,24.143,-37.028
12213,-6.0882,102.93
12214,53.63,13.123
12215,25.362,-85.031
12216,39.835,-12.967
12217,72.814,0.061029
12218,-44.868,-87.172
12219,-38.346,43.53
12220,27.129,22.497
12221,-22.54,38.12
12222,38.976,7.073
12223,21.978,-10.762
12224,19.109,-48.045
12225,57.482,-72.928
12226,62.056,-66.462
12227,17.03,48.61
12228,-65.84,59.962
12229,-44.018,-0.68703
12230,-32.733,42.507
12231,-21.371,-25.078
12232,-51.885,72.521
12233,-44.868,39.558
12234,52.204,48.885
12235,61.61,-11.294
12236,52.47,-68.494
12237,41.706,-61.965
12238,-91.453,15.812
12239,43.883,-8.9423
12240,-68.104,12.355
12241,38.283,48.67
12242,49.44,53.24
12243,-33.324,32.892
12244,-14.217,101.58
12245,71.855,-35.802
12246,8.8069,-44.893
12247,14.338,-84.026
12248,62.381,48.299
12249,-67.899,-7.1747
12250,18.996,-20.035
12251,-40.776,87.861
12252,-4.9187,81.661
12253,-8.9653,102.59
12254,40.411,90.6
12255,70.376,64.068
12256,-32.161,33.684
12257,-36.633,37.446
12258,-44.299,4.2012
12259,-21.727,36.365
12260,46.758,-41.016
12261,-4.3954,52.2
12262,78.469,40.839
12263,-2.7738,-3.0806
12264,-6.4802,102.91
12265,-46.375,8.6452
12266,-82.803,20.304
12267,-36.924,57.46
12268,4.8315,57.751
12269,-11.701,30.554
12270,-40.091,32.985
12271,45.002,88.778
12272,16.528,-73.383
12273,-54.115,74.977
12274,0.65515,22.87
12275,55.288,52.355
12276,49.29,43.169
12277,41.967,37.699
12278,-59.236,-27.137
12279,-64.964,3.309
12280,41.006,-41.475
12281,-37.365,31.397
12282,104.61,13.745
12283,-38.108,-11.029
12284,-12.358,77.468
12285,30.792,28.006
12286,-52.723,-89.028
12287,63.848,-1.5202
12288,46.626,22.853
12289,90.856,-19.938
12290,-11.797,8.4485
12291,59.075,-29.051
12292,-88.089,-4.9332
12293,-21.565,80.525
12294,-53.088,-33.776
12295,-35.563,-31.52
12296,44.814,-23.146
12297,92.981,25.796
12298,81.83,47.729
12299,21.924,24.591
12300,-5.085,-34.935
12301,-27.29,45.926
12302,-89.185,23.78
12303,-59.638,-26.014
12304,12.666,33.208
12305,0.55331,21.589
12306,97.482,18.39
12307,-1.0256,76.679
12308,66.821,69.859
12309,69.241,37.472
12310,87.237,-27.242
12311,56.052,53.287
12312,-46.212,2.4535
12313,-43.928,51.01
12314,-44.541,41.969
12315,-37.45,32.332
12316,2.4601,5.5199
12317,-22.846,37.612
12318,29.311,-33.964
12319,-18.188,-46.678
12320,44.583,8.2246
12321,17.717,-90.799
12322,-85.889,22.178
12323,-35.686,55.863
12324,-54.675,-8.2329
12325,42.96,29.423
12326,-70.199,7.2558
12327,-30.003,37.692
12328,81.184,-16.78
12329,-1.505,-88.5
12330,5.8571,-24.445
12331,-83.198,58.785
12332,-71.219,36.736
12333,-13.391,43.323
12334,-36.025,27.415
12335,-36.26,37.708
12336,69.119,65.39
12337,-56.629,25.792
12338,16.204,58.971
12339,5.3725,54.989
12340,-73.986,-17.385
12341,-4.271,-77.765
12342,-38.893,-22.844
12343,-22.626,35.576
12344,-33.736,42.051
12345,-40.802,54.91
12346,91.942,61.818
12347,8.4504,14.356
12348,-29.521,11.443
12349,68.964,-37.585
12350,-36.267,-23.802
12351,-67.879,-17.619
12352,45.589,8.4037
12353,31.742,51.593
12354,85.194,39.965
12355,31.681,51.811
12356,-16.42,-79.294
12357,24.205,4.1301
12358,-53.837,-87.596
12359,70.769,-54.71
12360,82.26,-0.13837
12361,-25.904,24.164
12362,-49.047,87.495
12363,-9.9304,76.98
12364,-62.705,-85.644
12365,86.93,30.668
12366,98.464,19.815
12367,95.611,20.231
12368,37.912,33.415
12369,46.998,81.237
12370,-3.197,98.42
12371,-67.113,-77.482
12372,-101.89,-14.178
12373,-61.887,15.339
12374,4.0514,-33.607
12375,-4.335,-35.536
12376,3.8818,-82.728
12377,45.25,88.697
12378,-49.761,-15.782
12379,12.221,-35.407
12380,105.72,1.4878
12381,98.562,52.507
12382,15.245,2.2667
12383,-16.257,-27.686
12384,78.475,39.932
12385,31.913,26.126
12386,56.762,52.464
12387,-55.17,-88.678
12388,-58.889,-87.458
12389,62.892,-19.08
12390,-42.319,56.33
12391,-54.094,3.212
12392,-90.803,27.662
12393,-5.4648,82.397
12394,-24.912,12.447
12395,-1.067,31.392
12396,-44.499,50.142
12397,90.057,32.503
12398,6.3364,12.264
12399,33.801,26.264
12400,3.6728,-86.102
12401,-77.298,-58.77
12402,48.511,-58.062
12403,29.039,56.684
12404,-34.05,41.745
12405,-39.594,36.562
12406,-53.91,2.3062
12407,83.758,39.812
12408,-50.448,55.807
12409,31.499,22.793
12410,-9.8715,-17.103
12411,-5.5547,-37.765
12412,-4.7425,-49.41
12413,-72.334,-32.704
12414,-12.778,9.8275
12415,-12.495,78.472
12416,-54.116,-21.471
12417,-36.381,57.261
12418,17.802,-97.424
12419,-25.963,-26.558
12420,-76.923,7.0958
12421,52.486,-84.553
12422,-65.72,16.086
12423,-8.61,80.726
12424,-61.516,-31.646
12425,-57.077,-14.392
12426,-25.008,43.613
12427,-35.313,38
12428,10.622,28.108
12429,31.471,25.03
12430,-1.8491,51.268
12431,-11.677,41.678
12432,-62.067,-82.92
12433,-56.482,-79.71
12434,52.032,22.221
12435,19.343,-21.645
12436,56.109,26.378
12437,-52.224,17.893
12438,-44.751,68.224
12439,-83.117,19.902
12440,-26.383,42.426
12441,-59.938,-26.128
12442,23.583,76.95
12443,14.923,-35.519
12444,88.2,24.92
12445,-57.47,-11.739
12446,78.373,47.028
12447,78.622,-32.959
12448,-11.689,-16.866
12449,-58.43,18.302
12450,35.979,44.249
12451,-64.017,-27.978
12452,-21.874,80.436
12453,-53.733,73.526
12454,-24.026,47.738
12455,-12.061,-51.838
12456,109.05,6.1916
12457,9.1024,27.841
12458,68.977,38.584
12459,85.918,34.8
12460,9.8299,29.2
12461,8.6857,60.713
12462,0.99646,1.0398
12463,53.001,49.53
12464,40.14,90.769
12465,-53.624,-59.937
12466,-27.237,54.401
12467,-39.367,-3.4396
12468,-55.767,-20.347
12469,30.998,-72.522
12470,30.078,-33.814
12471,19.293,-25.082
12472,10.543,-91.348
12473,63.834,31.478
12474,-46.644,14.748
12475,-42.36,90.337
12476,-8.1673,76.625
12477,-29.121,29.787
12478,-57.542,-12.564
12479,30.964,-40.782
12480,47.424,-44.007
12481,51.389,9.7257
12482,-45.776,88.281
12483,-46.836,44.854
12484,-47.66,35.46
12485,-60.36,-39.347
12486,67.042,70.687
12487,-11.599,116.26
12488,-21.216,19.011
12489,16.293,80.436
12490,-0.44966,-82.067
12491,19.945,-9.2184
12492,48.247,18.849
12493,-62.805,-85.591
12494,-71.838,33.579
12495,-26.261,54.673
12496,-23.986,49.793
12497,101.95,-0.23488
12498,96.372,19.345
12499,-20.382,-60.071
12500,58.573,76.235
12501,66.169,89.111
12502,68.498,-37.428
12503,-5.4605,-27.059
12504,85.677,-14.263
12505,43.196,-48.21
12506,5.083,-30.24
12507,-41.146,55.937
12508,1.6225,103.2
12509,-30.651,33.169
12510,-43.174,4.9792
12511,100.95,6.6536
12512,97.702,21.429
12513,79.155,-56.983
12514,15.74,1.3155
12515,53.163,81.726
12516,56.503,23.195
12517,58.212,32.802
12518,92.154,-20.198
12519,47.454,38.917
12520,-22.071,-108.03
12521,-8.556,84.117
12522,-53.954,71.19
12523,-78.995,-51.118
12524,8.8437,-81.907
12525,29.43,-39.051
12526,76.17,12.728
12527,92.268,-19.111
12528,-55.737,0.21019
12529,77.23,-50.916
12530,57.19,21.801
12531,-82.345,21.855
12532,-54.857,-21.804
12533,3.0665,23.501
12534,-59.128,45.573
12535,36.288,-96.075
12536,9.9517,70.484
12537,-73.332,7.1772
12538,-12.032,78.794
12539,-102.95,29.379
12540,-103.22,16.213
12541,45.157,-36.223
12542,-29.292,-72.357
12543,56.869,-84.746
12544,-24.902,39.751
12545,-9.593,83.901
12546,-38.792,35.612
12547,77.956,-52.833
12548,41.261,-59.444
12549,-62.837,-86.623
12550,-59.389,-84.039
12551,-12.576,18.525
12552,-46.853,87.758
12553,-56.126,-11.621
12554,-51.212,-14.027
12555,85.978,36.962
12556,78.008,24.205
12557,71.434,19.216
12558,82.434,43.376
12559,63.424,38.672
12560,32.397,-67.701
12561,29.783,-43.589
12562,-70.31,7.5991
12563,20.704,-19.383
12564,42.059,-77.892
12565,-11.51,-17.068
12566,-41.238,50.225
12567,72.105,58.975
12568,-58.194,-15.56
12569,-51.002,-49.16
12570,-41.11,32.033
12571,-12.061,77.935
12572,-24.474,44.392
12573,67.728,57.901
12574,71.732,59.73
12575,-12.118,-94.667
12576,-65.084,-84.319
12577,-50.098,-68.913
12578,52.161,16.256
12579,-38.625,13.788
12580,-44.066,12.489
12581,-51.023,-14.941
12582,-38.404,-12.016
12583,59.092,76.006
12584,64.738,52.778
12585,39.565,8.8929
12586,7.0424,-74.835
12587,35.747,34.992
12588,63.648,38.931
12589,47.89,35.672
12590,-55.148,-84.625
12591,-61.983,-83.318
12592,70.182,-43.746
12593,-58.689,18.954
12594,33.706,55.546
12595,-38.769,35.419
12596,-51.588,-53.279
12597,-5.2818,77.093
12598,-49.942,-15.528
12599,40.92,53.611
12600,72.582,38.14
12601,-16.944,-82.681
12602,-34.211,79.412
12603,50.813,31.65
12604,-50.206,-89.284
12605,-27.674,-17.955
12606,-44.859,-88.796
12607,-4.103,-31.961
12608,71.327,28.995
12609,-3.8872,77.792
12610,-44.7,-18.777
12611,-38.246,35.403
12612,-37.766,35.081
12613,-65.122,-34.417
12614,80.435,40.235
12615,82.106,46.619
12616,84.979,36.432
12617,-87.884,-5.2305
12618,60.042,51.634
12619,30.977,-34.316
12620,58.837,-63.929
12621,2.5446,-27.997
12622,-20.373,1.1166
12623,-45.706,-88.938
12624,61.371,35.094
12625,58.707,76.404
12626,-60.787,58.34
12627,68.945,54.062
12628,-84.963,26.173
12629,-35.062,38.299
12630,-37.52,36.295
12631,83,40.894
12632,12.473,31.863
12633,-44.63,38.446
12634,73.331,-39.289
12635,20.844,-32.423
12636,22.298,-98.916
12637,-32.696,-81.899
12638,81.367,-9.9604
12639,-18.855,16.552
12640,-4.9041,76.722
12641,-54.878,-27.563
12642,-14.618,100.7
12643,52.364,79.931
12644,-20.29,-70.002
12645,-27.984,-66.836
12646,2.9712,-31.09
12647,45.158,-34.249
12648,-44.113,87.992
12649,-58.496,-7.3361
12650,-56.388,-25.726
12651,-57.354,-26.71
12652,-37.065,38.276
12653,-34.531,14.277
12654,-54.508,-7.978
12655,44.694,80.315
12656,90.256,30.165
12657,71.401,19.124
12658,74.95,13.666
12659,42.524,-15.092
12660,66.311,45.176
12661,-61.303,-87.818
12662,-51.235,-89.363
12663,-11.465,-15.612
12664,52.017,24.465
12665,-41.243,50.231
12666,-41.678,19.321
12667,-44.086,37.826
12668,-59.873,-39.714
12669,-13.084,-54.436
12670,-28.997,-92.521
12671,-56.3,-26.523
12672,92.022,61.732
12673,-23.977,52.695
12674,30.525,97.838
12675,-86.696,-23.578
12676,-5.2985,77.854
12677,-19.113,-69.758
12678,-15.429,64.108
12679,-34.739,-91.581
12680,40.758,81.898
12681,52.006,4.5868
12682,-82.021,21.201
12683,29.202,56.379
12684,-25.921,-18.515
12685,-69.951,-75.15
12686,31.323,-21.573
12687,-62.667,-77.062
12688,-42.312,-32.552
12689,-4.8327,81.947
12690,-26.412,53.226
12691,2.168,-37.094
12692,62.07,-70.757
12693,-84.347,34.881
12694,56.789,-40.235
12695,-14.91,12.827
12696,19.065,81.993
12697,-20.962,82.969
12698,0.64829,21.476
12699,-55.699,-39.215
12700,-55.21,-17.626
12701,69.514,54.079
12702,82.642,46.866
12703,-1.0057,102.6
12704,-23.214,-70.489
12705,-65.076,-84.588
12706,-66.005,-83.551
12707,59.077,-57.055
12708,-2.6054,-29.716
12709,-21.843,5.5199
12710,-51.143,-34.443
12711,-7.2805,75.334
12712,-36.872,38.116
12713,-45.107,-19.946
12714,78.791,41.716
12715,61.955,42.64
12716,29.116,73.937
12717,9.2765,40.586
12718,3.2218,34.342
12719,-46.892,44.428
12720,-33.936,-2.6598
12721,-40.371,35.497
12722,54.133,80.884
12723,83.361,40.934
12724,97.404,55.032
12725,98.837,17.627
12726,100,17.373
12727,23.487,78.911
12728,35.477,19.968
12729,61.348,5.4615
12730,62.892,12.407
12731,59.248,45.877
12732,-5.8017,76.581
12733,-35.423,38.134
12734,-39.595,85.705
12735,-56.964,-9.4297
12736,-35.349,37.936
12737,27.563,33.114
12738,-40.964,-91.495
12739,3.0747,-86.919
12740,66.106,-1.0314
12741,-75.867,5.7796
12742,25.49,-10.169
12743,-40.727,55.39
12744,-47.774,39.435
12745,31.088,49.274
12746,86.547,31.953
12747,86.42,32.103
12748,68.939,26.674
12749,-3.4679,36.542
12750,-57.132,-88.442
12751,-0.5864,-17.846
12752,5.7152,10.841
12753,-68.536,-79.774
12754,-15.779,-83.27
12755,36.112,85.308
12756,-50.118,-22.971
12757,-36.44,32.77
12758,-63.785,-27.357
12759,-76.43,35.901
12760,-51.663,-14.844
12761,37.585,-91.581
12762,86.581,32.884
12763,-32.781,42.885
12764,53.471,81.417
12765,69.935,51.385
12766,24.664,-94.985
12767,92.332,-60.261
12768,45.785,25.728
12769,35.889,-19.716
12770,7.0233,-25.104
12771,-11.654,-16.212
12772,10.656,49.105
12773,-30.964,27.233
12774,-59.797,-12.955
12775,-61.944,-28.845
12776,-42.142,-20.821
12777,-44.337,4.8872
12778,-55.508,-20.598
12779,-48.204,-24.214
12780,-30.569,26.066
12781,-39.582,36.161
12782,-89.301,30.553
12783,47.837,49.422
12784,-32.252,27.498
12785,34.265,90.75
12786,-74.599,-74.279
12787,34.603,-85.615
12788,37.65,-11.04
12789,47.845,15.965
12790,13.186,-54.654
12791,27.509,52.596
12792,-6.3061,75.495
12793,-57.568,-22.318
12794,2.9115,13.045
12795,-55.424,-8.4786
12796,82.586,41.538
12797,98.268,20.767
12798,-1.3065,-58.41
12799,-0.22176,-22.945
12800,-52.898,74.783
12801,-0.045462,52.683
12802,-8.0763,84.088
12803,-59.858,-15.783
12804,-59.211,45.559
12805,22.157,74.283
12806,91.957,26.343
12807,-25.994,18.517
12808,38.775,91.978
12809,30.158,6.9487
12810,80.939,-16.828
12811,-24.306,43.037
12812,-21.983,36.956
12813,67.341,58.016
12814,82.378,44.064
12815,92.607,25.357
12816,48.797,-29.248
12817,-63.748,-85.965
12818,1.1635,21.191
12819,47.886,-86.234
12820,67.273,-9.2926
12821,30.077,53.656
12822,-2.4515,102.13
12823,-2.1553,23.846
12824,-7.016,78.72
12825,-25.64,43.995
12826,34.391,50.524
12827,17.73,-71.409
12828,-74.324,-47.274
12829,-54.56,-84.57
12830,-25.646,-92.662
12831,-24.124,18.08
12832,-51.345,-14.877
12833,-13.962,101.65
12834,-7.2824,116.89
12835,26.247,99.393
12836,34.131,79.642
12837,68.984,49.23
12838,55.445,52.15
12839,-53.36,-89.322
12840,38.36,-20.749
12841,76.114,-10.266
12842,-67.364,-14.332
12843,39.149,47.742
12844,-42.314,90.37
12845,-43.767,-5.4933
12846,-56.265,47.645
12847,14.248,7.8148
12848,81.574,48.571
12849,25.801,91.721
12850,-23.202,-83.4
12851,75.793,43.703
12852,61.149,-68.716
12853,64.702,-60.422
12854,19.345,82.255
12855,-52.194,72.001
12856,-45.463,39.939
12857,-39.048,35.933
12858,-84.256,64.257
12859,-3.3738,98.947
12860,-60.223,-81.872
12861,80.772,48.606
12862,-8.5135,81.337
12863,-38.285,3.4277
12864,-27.282,44.262
12865,-31.063,2.2339
12866,-32.978,33.75
12867,-40.623,87.729
12868,-59.501,-40.088
12869,-36.864,27.937
12870,-40.148,55.001
12871,95.746,19.978
12872,-35.233,55.893
12873,25.836,-95.487
12874,-65.146,-84.432
12875,-62.303,-87.182
12876,-54.871,-92.173
12877,54.32,-72.897
12878,-67.059,0.89551
12879,-45.43,-3.7729
12880,-44.059,20.256
12881,-52.839,74.282
12882,-33.24,32.805
12883,-33.639,5.2723
12884,18.936,-88.525
12885,5.2844,14.478
12886,4.8995,76.137
12887,33.938,-82.684
12888,49.684,20.327
12889,57.23,76.237
12890,33.291,-41.365
12891,53.92,-64.749
12892,27.311,32.948
12893,-24.835,53.017
12894,-35.929,25.203
12895,-22.916,81.697
12896,-36.128,25.515
12897,-33.996,8.416
12898,0.69933,78.818
12899,-25.875,32.478
12900,-47.409,-19.278
12901,88.363,29.526
12902,93.294,60.395
12903,31.875,-92.009
12904,40.884,-79.906
12905,64.997,51.593
12906,-61.295,18.869
12907,-81.611,21.569
12908,-80.212,62.211
12909,-9.5719,83.611
12910,-7.7098,75.672
12911,-33.024,32.076
12912,-81.78,21.293
12913,80.859,41.339
12914,25.431,62.066
12915,-62.208,-87.058
12916,-62.782,-77.203
12917,88.84,-41.207
12918,55.196,14.263
12919,45.259,-9.917
12920,-1.8336,101.79
12921,-58.235,-7.0431
12922,-54.499,52.724
12923,-50.552,-15.428
12924,-36.751,28.464
12925,47.8,51.373
12926,69.083,67.093
12927,75.759,54.284
12928,34.386,24.309
12929,93.293,-23.715
12930,70.448,66.204
12931,-12.641,34.183
12932,1.7533,-65.518
12933,-38.452,43.52
12934,63.053,21.98
12935,54.271,80.955
12936,72.078,38.648
12937,18.324,-80.473
12938,-11.476,-92.632
12939,-89.231,-2.6569
12940,83.2,-12.529
12941,-41.537,-88.035
12942,-8.5858,-27.257
12943,53.028,-41.208
12944,52.024,-28.869
12945,-2.5993,-86.875
12946,-17.992,-21.73
12947,30.955,97.257
12948,-40.465,-3.2503
12949,47.628,52.165
12950,-3.7865,74.442
12951,71.09,31.601
12952,74.208,56.952
12953,-33.474,57.4
12954,-48.91,71.798
12955,83.489,-46.591
12956,-68.28,-80.359
12957,-11.088,-15.932
12958,-40.508,17.195
12959,2.6714,38.777
12960,46.16,-74.966
12961,71.905,-14.484
12962,58.865,-76.114
12963,90.597,-28.01
12964,-43.885,-88.869
12965,-71.819,13.525
12966,-35.671,25.916
12967,-59.866,-18.745
12968,-56.987,-9.4485
12969,66.625,70.469
12970,35.495,82.465
12971,53.667,32.753
12972,-65.364,69.877
12973,36.935,53.782
12974,-0.39467,80.572
12975,-43.882,19.333
12976,-52.517,-15.594
12977,-38.189,-10.867
12978,-32.109,22.338
12979,87.774,30.898
12980,64.233,20.455
12981,41.36,-52.224
12982,-50.831,-15.081
12983,27.904,-91.849
12984,-66.355,9.3171
12985,-61.779,-87.658
12986,13.806,-50.299
12987,75.165,87.676
12988,34.451,-9.2284
12989,-57.298,-30.836
12990,-11.037,42.011
12991,-25.415,52.882
12992,-10.163,101.4
12993,-1.5149,28.015
12994,23.474,65.498
12995,100.65,16.831
12996,-60.162,-73.949
12997,34.974,34.385
12998,46.864,-45.427
12999,-35.336,-55.709
13000,-23.792,14.754
13001,-11.608,85.108
13002,-52.213,73.338
13003,0.89258,26.781
13004,-84.14,31.878
13005,74.316,-62.428
13006,-76.841,-46.594
13007,60.644,52.83
13008,-34.559,-94.239
13009,-23.927,46.989
13010,-22.671,39.77
13011,-34.2,32.679
13012,-10.05,84.873
13013,-38.016,43.802
13014,-51.761,60.376
13015,4.229,34.868
13016,-73.691,52.86
13017,53.254,81.208
13018,75.572,44.084
13019,34.132,-63.203
13020,18.872,-79.846
13021,-67.885,-78.324
13022,-28.013,-65.813
13023,-25.431,-100.36
13024,52.977,-0.39495
13025,82.908,-23.498
13026,21.866,74.15
13027,-30.535,-2.8743
13028,-24.429,54.531
13029,-21.62,79.732
13030,-44.949,38.022
13031,-35.178,15.993
13032,1.6606,103.39
13033,-56.723,-8.9664
13034,98.763,51.805
13035,72.837,80.115
13036,70.688,-49.011
13037,50.078,15.852
13038,-54.613,59.619
13039,-31.153,33.603
13040,30.126,97.812
13041,-33.541,32.782
13042,-29.899,40.249
13043,38.321,91.737
13044,36.917,86.551
13045,-14.383,-77.224
13046,-66.456,-60.289
13047,62.985,47.596
13048,75.641,-3.7291
13049,26.536,-44.917
13050,-44.986,87.908
13051,88.307,25.133
13052,66.27,48.923
13053,20.078,-6.2242
13054,29.153,32.754
13055,17.273,-97.796
13056,27.501,33.178
13057,-65.146,-76.373
13058,33.231,23.956
13059,54.303,-72.797
13060,83.57,-26.93
13061,8.7994,38.295
13062,-53.094,74.68
13063,30.464,48.592
13064,-11.441,84.672
13065,-32.116,93.9
13066,-37.458,27.524
13067,74.366,30.329
13068,-11.506,116.28
13069,-10.619,-68.208
13070,-67.539,16.596
13071,39.494,-6.8196
13072,11.409,51.206
13073,50.847,-83.059
13074,-44.769,-88.872
13075,-75.105,-12.711
13076,-10.181,-78.92
13077,-21.545,40.661
13078,-37.763,36.314
13079,-31.413,1.9703
13080,-10.248,84.986
13081,-30.363,0.084903
13082,77.561,39.519
13083,44.856,105.02
13084,51.121,82.664
13085,-59.562,-78.389
13086,42.319,41.115
13087,-13.721,43.538
13088,64.481,53.471
13089,-24.374,36.316
13090,-56.412,47.093
13091,98.848,47.933
13092,79.419,28.164
13093,-44.245,38.441
13094,54.978,9.251
13095,-69.5,40.493
13096,27.323,0.57434
13097,-6.7847,-41.395
13098,64.564,-12.653
13099,75.106,0.70391
13100,-64.218,18.932
13101,-60.973,-31.055
13102,-56.404,-26.029
13103,-32.871,31.362
13104,-80.5,-41.017
13105,19.719,10.272
13106,56.428,78.195
13107,20.893,-32.772
13108,17.224,-14.012
13109,-104.26,-8.7474
13110,68.861,-5.4395
13111,58.578,12.74
13112,36.917,53.451
13113,71.156,26.942
13114,91.457,25.347
13115,35.403,57.382
13116,-25.312,-97.588
13117,71.523,41.915
13118,36.556,-5.132
13119,-44.128,19.216
13120,-15.113,76.238
13121,-31.76,94.202
13122,-53.377,-30.202
13123,-34.333,15.509
13124,78.169,24.097
13125,78.734,53.715
13126,79.721,50.959
13127,-51.772,70.907
13128,45.667,-45.674
13129,67.345,-9.0821
13130,25.299,-16.505
13131,65.555,44.865
13132,-40.652,20.569
13133,-38.964,86.871
13134,-51.459,-15.491
13135,-33.1,41.583
13136,32.752,55.333
13137,-60.949,14.134
13138,67.215,52.792
13139,9.035,-61.519
13140,0.69579,17.461
13141,-9.7793,-17.4
13142,-25.846,53.472
13143,-81.96,21.124
13144,-39.731,43.26
13145,85.689,34.832
13146,42.231,44.845
13147,41.323,26.358
13148,10.811,37.907
13149,20.856,-47.711
13150,24.129,-38.286
13151,72.153,32.881
13152,22.68,68.171
13153,12.937,38.909
13154,-33.706,57.154
13155,-55.512,-20.523
13156,26.997,22.333
13157,106.05,1.7488
13158,-10.408,-92.021
13159,35.895,82.033
13160,53.522,-81.308
13161,54.566,-85.093
13162,-15.828,-35.636
13163,63.409,53.627
13164,-5.4081,82.32
13165,-51.613,-40.19
13166,-35.732,32.427
13167,-66.448,35.537
13168,78.2,42.312
13169,-60.41,-59.944
13170,-49.929,-88.701
13171,47.445,1.2563
13172,-79.168,4.9837
13173,86.546,-26.171
13174,73.777,-0.24978
13175,-59.547,20.258
13176,-54.086,-56.55
13177,78.077,28.384
13178,90.502,30.848
13179,18.323,-80.496
13180,-18.684,-39.95
13181,26.146,33.891
13182,38.295,40.81
13183,79.535,-36.521
13184,72.615,-38.132
13185,35.689,85.393
13186,6.6619,17.212
13187,-87.775,-40.786
13188,66.823,62.048
13189,88.706,25.33
13190,82.158,43.954
13191,24.241,80.863
13192,37.095,35.001
13193,8.9223,39.925
13194,38.008,37.084
13195,82.766,-8.7558
13196,2.2019,-36.498
13197,-41.075,50.563
13198,-35.831,27.197
13199,70.487,31.697
13200,0.45063,13.685
13201,90.019,-12.849
13202,51.825,3.4669
13203,0.082445,24.519
13204,-25.675,23.838
13205,48.084,53.25
13206,-55.1,-11.402
13207,-53.747,72.046
13208,6.0746,12.021
13209,16.397,8.6601
13210,-21.499,36.491
13211,63.843,42.783
13212,82.587,26.525
13213,80.391,-37.787
13214,11.522,10.259
13215,18.98,-83.97
13216,-32.457,-81.787
13217,72.931,-0.023383
13218,-78.482,-52.161
13219,-42.541,88.955
13220,-25.622,18.923
13221,12.675,39.16
13222,-10.102,84.811
13223,-49.909,-17.226
13224,-68.693,-55.734
13225,-8.2465,81.442
13226,6.9261,35.743
13227,-55.152,-27.764
13228,78.564,41.968
13229,26.254,5.0471
13230,9.0256,59.733
13231,40.956,45.489
13232,26.885,-68.551
13233,-74.445,14.722
13234,-70.493,8.1255
13235,62.957,48.133
13236,0.92331,49.209
13237,-33.003,33.671
13238,-48.775,-17.703
13239,-36.803,28.497
13240,94.019,18.03
13241,62.871,21.118
13242,-51.675,-14.324
13243,-50.998,-21.956
13244,62.254,11.348
13245,80.325,-39.669
13246,64.984,-17.296
13247,-72.376,8.8592
13248,28.459,-51.189
13249,50.796,49.186
13250,33.81,55.858
13251,31.99,73.771
13252,-22.85,40.822
13253,-57.32,50.048
13254,63.317,36.032
13255,-5.6047,102.89
13256,-8.7578,-37.813
13257,-59.094,-84.791
13258,-34.329,-45.798
13259,-58.952,53.636
13260,-41.905,59.015
13261,-39.395,10.728
13262,-5.1291,81.912
13263,-60.187,-31.446
13264,-32.551,24.258
13265,15.458,-27.313
13266,53.592,53.467
13267,47.793,22.965
13268,-41.523,5.9513
13269,-6.4391,83.033
13270,-71.729,36.422
13271,-21.505,41.932
13272,89.658,28.054
13273,76.574,25.145
13274,-10.889,-4.6926
13275,-108.93,-7.9809
13276,7.6347,38.813
13277,-26.462,-72.391
13278,3.0643,70.183
13279,21.008,81.93
13280,-40.801,56.458
13281,-33.126,33.638
13282,-35.494,84.01
13283,49.68,52.767
13284,66.551,25.671
13285,74.29,-32.705
13286,27.054,35.346
13287,-12.781,-69.338
13288,-11.182,-69.999
13289,62.077,5.6073
13290,-8.939,82.942
13291,-49.851,87.261
13292,-31.944,42.06
13293,-5.6458,102.88
13294,-50.986,-20.611
13295,77.37,28.008
13296,-59.949,49.45
13297,17.846,-34.386
13298,43.254,46.325
13299,69.102,53.582
13300,-60.897,-82.7
13301,57.792,19.528
13302,64.384,-20.411
13303,-102.48,-3.6463
13304,38.688,48.164
13305,-68.003,74.931
13306,-57.79,-7.1992
13307,-31.382,0.20245
13308,-35.035,16.201
13309,-67.444,58.824
13310,-27.297,45.181
13311,-30.123,-1.2892
13312,96.119,44.507
13313,29.081,35.33
13314,105.22,1.1721
13315,-55.235,-10.805
13316,23.313,-77.736
13317,70.638,58.167
13318,33.214,26.627
13319,41.051,-16.438
13320,-77.671,-71.23
13321,-9.2719,-29.178
13322,50.053,-13.519
13323,-65.869,58.768
13324,-40.503,86.826
13325,-53.444,-33.878
13326,-38.504,29.391
13327,-58.272,67.408
13328,44.534,28.692
13329,-55.913,-79.376
13330,13.074,-15.605
13331,22.925,37.665
13332,-1.338,40.432
13333,42.805,25.089
13334,-44.747,-40.39
13335,29.44,55.921
13336,-33.171,33.927
13337,-9.9741,43.607
13338,8.2463,29.664
13339,91.915,61.846
13340,63.417,12.143
13341,103.61,31.128
13342,79.523,52.751
13343,30.122,19.304
13344,-13.565,14.093
13345,0.46031,21.099
13346,5.2425,25.757
13347,12.905,32.627
13348,66.706,-31.979
13349,57.814,9.8571
13350,75.853,11.733
13351,-28.411,-65.496
13352,-10.428,-5.5758
13353,86.279,-5.501
13354,-27.21,44.269
13355,2.0061,103.41
13356,-32.013,5.301
13357,-34.475,38.936
13358,-42.301,50.591
13359,-24.178,52.696
13360,39.284,87.617
13361,47.055,48.877
13362,106.03,1.7326
13363,-24.484,-53.442
13364,-64.235,-25.875
13365,-26.475,43.716
13366,46.265,29.03
13367,46.186,-47.986
13368,-105.4,18.009
13369,-70.206,8.0306
13370,-9.2101,82.1
13371,44.777,80.345
13372,-35.572,28.974
13373,-92.74,27.731
13374,-26.468,27.725
13375,-53.266,-29.104
13376,79.264,28.176
13377,-60.94,73.378
13378,17.932,53.109
13379,10.688,-19.882
13380,5.8758,56.096
13381,-101.63,19.788
13382,-69.848,-69.708
13383,-17.393,-33.175
13384,-47.823,7.6474
13385,-52.849,71.483
13386,-24.634,15.485
13387,-43.613,5.1012
13388,-32.667,31.824
13389,95.612,-41.25
13390,82.11,41.623
13391,62.158,22.053
13392,-56.385,46.155
13393,62.504,46.842
13394,-39.935,55.907
13395,-41.548,84.775
13396,-56.343,45.527
13397,22.517,68.358
13398,38.585,48.664
13399,-24.439,37.319
13400,-55.786,-28.546
13401,-81.242,20.344
13402,30.389,48.748
13403,93.554,22.648
13404,91.323,24.832
13405,53.58,79.048
13406,38.63,2.9676
13407,-24.544,-53.216
13408,21.911,75.277
13409,-52.54,72.012
13410,47.119,81.717
13411,-9.6445,42.802
13412,-30.042,-0.76758
13413,-44.848,39.01
13414,-23.594,43.602
13415,32.027,52.146
13416,75.131,26.187
13417,69.652,49.241
13418,21.037,-35.023
13419,32.488,-20.679
13420,-45.746,45.482
13421,-61.037,-20.382
13422,46.191,-2.7054
13423,48.231,87.366
13424,-5.5939,85.473
13425,-100.47,32.058
13426,-81.718,21.245
13427,-43.787,5.6399
13428,-34.964,17.786
13429,29.807,22.036
13430,77.069,24.871
13431,-21.507,-78.358
13432,23.09,40.989
13433,95.239,-42.469
13434,-36.508,57.084
13435,-34.071,41.882
13436,-31.967,33.14
13437,-23.486,46.425
13438,76.708,28.79
13439,95.993,58.382
13440,45.747,85.679
13441,20.519,-8.6073
13442,39.566,90.241
13443,-46.665,-86.853
13444,-14.153,-31.557
13445,-12.821,-33.511
13446,-4.846,-27.008
13447,40.182,-16.944
13448,-56.596,-8.7464
13449,-23.996,47.591
13450,-45.759,45.825
13451,-36.366,30.367
13452,-30.417,34.104
13453,-7.0893,73.033
13454,-8.1594,116.8
13455,6.0592,-84.187
13456,-13.343,-66.81
13457,-67.582,-80.647
13458,-61.4,-83.052
13459,-67.14,-61.192
13460,-22.228,80.225
13461,-40.431,-1.7947
13462,-51.832,-16.656
13463,-42.321,3.6072
13464,-12.262,-86.21
13465,19.598,-7.1231
13466,72.935,47.868
13467,-59.914,-81.305
13468,44.508,28.948
13469,21.004,69.881
13470,-50.489,-80.125
13471,-24.672,41.6
13472,-33.292,42.229
13473,-47.295,87.865
13474,-37.981,-11.065
13475,-6.9097,78.492
13476,32.935,55.292
13477,83.732,43.986
13478,60.952,37.154
13479,73.594,78.633
13480,-38.726,55.817
13481,33.03,78.864
13482,62.278,42.784
13483,54.673,26.884
13484,-64.332,15.684
13485,-55.787,9.8131
13486,69.398,38.86
13487,70.43,-18.865
13488,-12.303,16.485
13489,75.573,-3.6496
13490,-5.8691,102.93
13491,-55.798,-28.843
13492,-26.171,53.474
13493,-10.061,44.087
13494,-25.69,30.877
13495,-32.665,31.522
13496,4.4766,14.045
13497,84.181,34.265
13498,95.603,15.508
13499,-84.254,64.256
13500,-61.515,-83.034
13501,58.638,42.479
13502,75.219,-34.177
13503,40.221,-9.1021
13504,-58.643,24.509
13505,104.25,30.583
13506,28.849,-30.861
13507,-11.696,-15.818
13508,-77.654,-71.25
13509,-33.796,-80.483
13510,-7.1589,-22.075
13511,8.6552,88.09
13512,-37.1,27.386
13513,47.647,48.151
13514,-66.239,69.076
13515,62.67,-9.7567
13516,-88.375,-19.528
13517,-10.86,79.598
13518,-10.549,46.803
13519,-70.886,36.106
13520,-30.542,34.248
13521,92.571,61.164
13522,82.937,32.894
13523,-67.375,-80.913
13524,-56.687,-84.608
13525,-11.267,-1.3895
13526,33.817,-88.277
13527,-69.897,1.5913
13528,5.7015,-24.549
13529,-5.6006,77.565
13530,-27.363,45.671
13531,-43.777,3.875
13532,-58.461,-15.36
13533,-53.89,-27.246
13534,-23.765,49.222
13535,22.183,-87.944
13536,55.228,-19.603
13537,11.957,8.874
13538,-101.14,21.391
13539,-16.109,9.9039
13540,-51.744,-78.253
13541,-39.511,35.952
13542,-56.097,-25.085
13543,32.271,49.536
13544,-27.849,-65.545
13545,59.541,-67.455
13546,-20.801,83.004
13547,-44.699,37.358
13548,-26.975,40.768
13549,-55.326,-20.266
13550,-59.097,-34.033
13551,63.139,11.227
13552,7.2968,20.6
13553,4.942,20.962
13554,38.062,40.152
13555,-63.264,79.17
13556,62.539,-15.491
13557,45.192,1.2572
13558,54.903,-24.615
13559,-23.537,53.126
13560,-42.003,59.699
13561,-48.015,-16.329
13562,-32.172,33.607
13563,-47.472,-16.865
13564,-41.952,-39.392
13565,-30.507,34.066
13566,-38.63,-26.811
13567,-6.3963,78.835
13568,81.983,45.388
13569,7.4098,114.65
13570,-60.175,51.172
13571,43.96,-44.551
13572,-72.669,-14.61
13573,-32.574,-81.689
13574,31.509,75.268
13575,29.97,-94.949
13576,-70.326,29.426
13577,-24.199,18.007
13578,-34.233,31.589
13579,-57.785,-7.124
13580,55.047,-17.926
13581,-34.716,5.8835
13582,89.598,8.8454
13583,69.336,52.757
13584,10.845,-41.389
13585,48.12,87.431
13586,68.511,28.792
13587,-57.874,-27.811
13588,-32.581,33.936
13589,-24.382,52.306
13590,-38.219,54.888
13591,-35.818,36.563
13592,65.894,28.069
13593,53.759,78.981
13594,30.613,-84.863
13595,-20.107,8.7237
13596,-49.799,-23.644
13597,-56.415,-24.851
13598,-38.181,35.898
13599,32.192,49.319
13600,85.565,36.381
13601,-100.94,21.385
13602,46.089,88.359
13603,-8.5544,-9.2988
13604,23.439,65.403
13605,-35.924,87.385
13606,43.323,80.628
13607,30.298,49.431
13608,-37.63,36.015
13609,69.061,40.257
13610,78.52,42.118
13611,83.46,67.933
13612,20.841,-39.024
13613,62.397,50.626
13614,82.484,27.423
13615,-14.566,52.369
13616,-94.853,54.897
13617,-14.479,12.915
13618,-32.713,42.47
13619,-23.783,23.924
13620,-44.034,-4.9022
13621,68.043,68.053
13622,77.199,28.916
13623,7.9237,-59.361
13624,-62.904,17.863
13625,-11.767,14.127
13626,-50.188,87.245
13627,-26.872,54.612
13628,-47.313,-16.544
13629,-36.544,29.446
13630,-49.025,-17.324
13631,82.011,44.98
13632,-76.352,6.5584
13633,-79.818,-8.2536
13634,-68.58,-55.591
13635,-53.712,-1.0016
13636,56.315,43.379
13637,23.949,69.558
13638,-23.719,53.218
13639,-57.698,-9.3364
13640,-36.108,38.121
13641,-49.576,-22.871
13642,-37.06,27.652
13643,-43.679,37.702
13644,24.051,52.764
13645,-23.97,51.143
13646,72.595,38.283
13647,59.074,74.395
13648,-40.188,-91.098
13649,58.651,76.586
13650,-63.174,-86.621
13651,54.627,26.534
13652,-12.119,78.098
13653,-30.181,34.081
13654,89.32,28.026
13655,-51.732,-11.368
13656,-67.824,-78.96
13657,-26.321,-91.906
13658,48.934,45.526
13659,-116.69,12.043
13660,-62.488,-83.78
13661,-12.639,12.335
13662,49.256,-65.099
13663,55.449,7.566
13664,-41.667,11.791
13665,-26.334,40.807
13666,-44.449,-6.3824
13667,57.666,73.927
13668,69.728,37.954
13669,-50.644,82.185
13670,29.86,54.853
13671,-9.8851,-87.616
13672,-7.3513,-34.293
13673,-52.534,23.29
13674,-52.512,-79.031
13675,-39.296,36.196
13676,-36.808,30.086
13677,-22.445,40.938
13678,30.967,49.376
13679,-36.751,27.737
13680,87.07,34.058
13681,59.894,38.622
13682,65.027,6.5321
13683,-1.3105,50.692
13684,-11.732,-25.547
13685,-94.737,29.779
13686,54.835,-2.6593
13687,-6.7338,-81.348
13688,-0.6046,-79.917
13689,-27.657,8.2021
13690,-40.488,49.175
13691,29.778,56.623
13692,-33.302,32.918
13693,-54.598,73.601
13694,-40.531,30.442
13695,-39.201,43.283
13696,-57.199,50.204
13697,8.5898,114.59
13698,44.055,19.71
13699,21.094,-77.639
13700,39.146,89.769
13701,-10.069,10.179
13702,37.819,-18.672
13703,-40.466,30.452
13704,78.846,28.163
13705,51.47,82.494
13706,-106.72,-10.609
13707,-11.239,-16.818
13708,75.901,-42.997
13709,22.997,67.034
13710,49.079,52.798
13711,-8.5882,81.231
13712,-6.0502,77.716
13713,53.973,-21.239
13714,-63.142,57.677
13715,-27.241,76.124
13716,-65.081,18.955
13717,45.679,-92.696
13718,-21.066,82.483
13719,-10.193,83.911
13720,-59.018,-15.904
13721,9.6966,29.07
13722,25.869,-31.543
13723,-43.318,-87.833
13724,51.309,32.086
13725,8.0508,-29.085
13726,-102.48,21.769
13727,70.812,29.902
13728,-25.419,36.217
13729,-47.032,-17.302
13730,22.594,74.83
13731,-57.664,-30.081
13732,-54.615,-8.2306
13733,73.539,38.271
13734,32.511,49.604
13735,40.416,90.535
13736,84.413,42.015
13737,-65.447,-78.817
13738,-61.78,-87.653
13739,-69.415,-59.342
13740,-66.428,21.828
13741,58.918,53.533
13742,88.349,-37.953
13743,80.638,-38.042
13744,37.039,-3.9044
13745,70.583,-50.191
13746,-38.967,44.754
13747,-40.964,57.34
13748,-8.7085,82.381
13749,-45.62,43.182
13750,-6.5952,31.561
13751,-54.283,-19.194
13752,16.603,-98.329
13753,34.505,26.606
13754,-66.052,24.268
13755,-9.5018,11.239
13756,-104.46,-13.863
13757,-31.765,-69.185
13758,41.53,40.537
13759,-57.243,-7.1558
13760,-80.412,-41.49
13761,54.914,76.51
13762,71.548,26.55
13763,44.587,29.519
13764,-48.834,-88.572
13765,-83.106,25.073
13766,-39.78,85.446
13767,44.18,54.758
13768,-61.319,72.614
13769,59.505,75.392
13770,13.905,-41.183
13771,-59.473,13.974
13772,-52.44,-89.325
13773,28.812,31.144
13774,-6.6171,83.142
13775,-25.837,54.356
13776,-33.865,43.196
13777,-63.277,-34.913
13778,-16.521,85.318
13779,-33.183,43.493
13780,-54.296,-19.145
13781,-33.367,40.829
13782,-47.552,-17.08
13783,77.682,28.731
13784,90.194,31.065
13785,93.06,26.391
13786,-55.256,-92.269
13787,-11.969,-93.712
13788,-70.114,-22.15
13789,42.14,-7.3128
13790,-73.502,-23.292
13791,-13.55,16.154
13792,40.907,-7.2586
13793,84.052,-17.734
13794,-6.5229,-77.633
13795,-19.703,-57.865
13796,-51.309,-14.171
13797,-37.278,32.174
13798,-26.507,53.639
13799,-57.37,49.728
13800,84.501,39.193
13801,60.971,37.266
13802,97.555,18.321
13803,61.953,42.759
13804,52.473,13.85
13805,-73.109,-74.946
13806,37.782,6.1753
13807,-5.4607,77.806
13808,-5.9745,75.837
13809,-20.164,38.668
13810,-31.803,29.409
13811,29.214,73.978
13812,-17.653,-15.296
13813,-30.521,33.789
13814,11.004,28.726
13815,70.618,32.024
13816,44.899,34.532
13817,2.8883,54.485
13818,17.607,-48.356
13819,-46.859,-16.934
13820,12.28,32.755
13821,61.479,17.489
13822,-11.444,-78.315
13823,42.18,80.479
13824,65.85,-12.28
13825,59.972,-56.415
13826,-8.5022,82.355
13827,-42.925,11.752
13828,-32.95,24.793
13829,77.969,53.426
13830,39.016,34.557
13831,-11.611,-16.222
13832,15.294,-71.242
13833,-8.016,14.691
13834,-33.395,41.954
13835,-27.496,19.21
13836,-51.596,-15.289
13837,-36.644,27.588
13838,-42.148,50.718
13839,85.442,36.199
13840,56.622,29.605
13841,55.762,23.439
13842,-45.821,45.515
13843,-41.88,57.13
13844,-59.629,-25.087
13845,-54.83,-11.411
13846,-35.052,29.039
13847,68.652,27.55
13848,81.453,30.592
13849,74.913,25.727
13850,1.6505,103.21
13851,29.883,56.136
13852,17.48,-1.2986
13853,-66.03,-55.87
13854,78.776,32.623
13855,80.588,-52.565
13856,-104.42,-10.358
13857,39.481,22.426
13858,-82.787,19.175
13859,-7.3391,82.039
13860,-10.454,81.978
13861,-27.772,45.116
13862,65.095,49.636
13863,-54.896,21.62
13864,28.679,36.606
13865,-75.698,17.5
13866,-21.668,79.461
13867,-32.007,29.388
13868,-24.067,46.238
13869,-65.627,-41.734
13870,-14.089,101.71
13871,52.918,79.602
13872,16.115,-98.851
13873,-1.3629,-22.94
13874,51.291,41.643
13875,-19.24,-81.517
13876,-53.287,22.448
13877,10.959,-50.104
13878,-58.906,14.578
13879,-44.718,0.56093
13880,-88.904,27.223
13881,77.562,40.998
13882,19.453,82.207
13883,-42.486,50.444
13884,-32.261,93.236
13885,40.045,54.832
13886,-38.055,43.598
13887,-53.507,-34.469
13888,-59.559,-39.898
13889,-41.622,55.768
13890,-57.831,-9.5026
13891,-9.4895,116.64
13892,-4.8166,-2.7854
13893,-108.51,-7.8892
13894,22.288,26.656
13895,-92.732,-5.6788
13896,-13.83,-82.371
13897,-63.317,50.869
13898,-45.387,39.829
13899,19.978,81.855
13900,69.444,54.215
13901,86.623,31.418
13902,77.251,54.803
13903,41.478,44.894
13904,-8.0864,-17.811
13905,-11.712,8.2064
13906,-3.1985,-13.537
13907,-57.484,-9.3357
13908,-51.883,12.756
13909,-35.307,38.509
13910,-56.668,-12.945
13911,48.648,49.336
13912,72.849,20.378
13913,22.293,-10.585
13914,8.5286,70.776
13915,47.591,81.993
13916,13.431,-6.8682
13917,-52.332,0.29859
13918,-116.64,12.223
13919,-21.805,-69.771
13920,53.029,-40.914
13921,0.85502,27.781
13922,36.699,53.407
13923,-107.18,-8.065
13924,24.21,70.062
13925,17.876,-97.306
13926,-37.667,31.591
13927,-30.884,13.709
13928,74.823,50.493
13929,-8.2754,116.8
13930,95.631,21.668
13931,100.77,16.745
13932,-21.515,13.172
13933,-14.608,-43.965
13934,-25.598,-102.63
13935,24.358,-85.614
13936,28.288,-18.737
13937,-77.197,38.428
13938,-31.95,41.433
13939,-53.595,-19.157
13940,-38.483,35.687
13941,-54.65,-33.773
13942,-14.483,115.4
13943,78.724,53.671
13944,54.227,-26.381
13945,50.71,39.927
13946,36.42,14.668
13947,23.166,76.367
13948,-13.636,16.312
13949,-39.399,84.947
13950,-63.948,-28.767
13951,-17.879,-15.352
13952,79.328,52.964
13953,69.852,66.936
13954,11.395,6.8094
13955,-7.893,8.2185
13956,20.138,82.191
13957,-21.545,80.091
13958,-61.588,-30.086
13959,-35.447,38.342
13960,70.222,28.956
13961,77.061,54.796
13962,96.013,19.668
13963,5.7748,77.687
13964,39.962,78.042
13965,75.726,-35.905
13966,55.759,-64.625
13967,-33.412,33.308
13968,-21.493,81.09
13969,-26.941,54.779
13970,-44.688,41.123
13971,-27.061,43.323
13972,55.533,56.439
13973,-14.159,24.776
13974,-115.49,13.135
13975,-24.773,18.264
13976,34.912,94.491
13977,-40.37,3.1106
13978,-29.837,46.46
13979,-34.75,28.357
13980,47.079,-2.3096
13981,5.0864,68.505
13982,-28.303,-21.485
13983,-75.106,-73.686
13984,-23.709,-14.232
13985,42.39,13.253
13986,-3.2004,22.006
13987,-33.575,42.135
13988,65.487,27.333
13989,78.146,24.098
13990,38.392,33.428
13991,-70.793,60.318
13992,45.696,88.504
13993,35.241,-85.365
13994,30.92,26.3
13995,5.6146,-76.435
13996,21.902,33.133
13997,-35.694,27.561
13998,-36.673,28.2
13999,-56.315,-13.578
14000,-11.291,-52.313
14001,78.262,24.361
14002,44.721,80.415
14003,35.025,-85.533
14004,48.834,-59.246
14005,67.96,38.787
14006,43.801,9.0274
14007,32.322,-39.726
14008,-59.903,-88.878
14009,59.456,-57.19
14010,24.181,19.496
14011,-26.84,53.875
14012,-35.153,30.932
14013,1.5108,16.583
14014,-37.81,36.984
14015,-4.6776,37.799
14016,70.951,29.773
14017,54.716,80.51
14018,-29.766,30.531
14019,-38.102,-93.433
14020,5.0512,-33.731
14021,85.706,34.52
14022,79.405,36.085
14023,36.782,80.688
14024,49.279,-74.681
14025,42.92,-69.941
14026,-15.183,12.566
14027,37.959,-12.506
14028,60.567,-5.005
14029,1.785,103.18
14030,-34.986,39.452
14031,-4.9935,77.362
14032,-31.821,31.475
14033,-32.481,23.486
14034,-3.7782,74.426
14035,-17.62,113.8
14036,-97.402,20.607
14037,75.042,43.932
14038,53.671,33.484
14039,-7.7204,7.8107
14040,65.234,89.832
14041,77.52,-49.381
14042,-84.818,-6.9497
14043,-58.889,58.996
14044,-67.917,61.212
14045,36.331,85.026
14046,70.939,33.053
14047,61.512,22.343
14048,-15.368,101.36
14049,63.616,53.385
14050,-20.778,9.2761
14051,-12.302,9.2184
14052,38.691,-86.086
14053,-64.157,-76.682
14054,-53.941,-57.173
14055,-21.093,82.515
14056,-27.162,28.006
14057,40.967,53.728
14058,-58.446,49.105
14059,-55.122,-24.742
14060,-89.423,-22.756
14061,-24.233,52.101
14062,-46.944,-24.975
14063,-33.552,26.069
14064,83.301,29.757
14065,57.472,73.937
14066,81.757,-38.799
14067,13.366,-81.199
14068,35.882,32.916
14069,16.885,51.433
14070,47.215,10.267
14071,15.55,-38.773
14072,-34.602,2.1597
14073,58.175,94.127
14074,93.717,59.944
14075,-70.739,10.42
14076,-71.996,69.823
14077,-44.086,-88.894
14078,-11.924,10.063
14079,-13.17,-0.64503
14080,7.8039,-79.156
14081,86.344,-15.578
14082,38.256,36.12
14083,-81.671,23.802
14084,-24.978,24.458
14085,-44.629,38.503
14086,-51.571,73.146
14087,70.482,29.443
14088,97.426,21.396
14089,48.291,87.397
14090,-12.135,-33.499
14091,22.857,82.372
14092,-51.977,1.8817
14093,-56.373,-59.22
14094,39.415,54.003
14095,-43.66,50.67
14096,-32.802,30.88
14097,-2.7135,27.013
14098,69.35,28.859
14099,82.689,27.317
14100,45.059,83.286
14101,-79.683,-66.821
14102,-8.3246,76.345
14103,1.6495,103.22
14104,-35.065,26.185
14105,38.521,27.717
14106,4.4222,-13.355
14107,39.669,19.861
14108,47.759,43.72
14109,58.481,7.4884
14110,-14.586,-32.277
14111,-24.938,28.97
14112,-39.819,35.156
14113,-37.091,33.141
14114,-24.271,36.427
14115,-52.846,-21.188
14116,77.445,24.887
14117,24.216,-36.182
14118,-56.762,45.551
14119,-39.939,-17.675
14120,-11.318,-80.36
14121,13.401,38.591
14122,1.3606,103.02
14123,-3.971,102.75
14124,-9.1226,43.752
14125,91.855,61.907
14126,72.52,-84.15
14127,95.172,21.688
14128,89.385,29.288
14129,-58.803,-9.3764
14130,82.367,43.629
14131,64.196,-51.091
14132,57.344,9.5772
14133,-22.843,-109.69
14134,98.594,-63.86
14135,3.2198,8.4594
14136,1.4461,-30.672
14137,-4.0958,-103.43
14138,80.112,-41.721
14139,-57.253,-9.4432
14140,-32.524,22.445
14141,69.687,26.501
14142,61.886,7.7433
14143,82.533,41.868
14144,98.713,17.992
14145,-13.548,115.72
14146,56.445,43.384
14147,47.843,41.712
14148,-25.518,18.869
14149,-25.778,43.561
14150,-7.4857,78.775
14151,32.555,50.651
14152,-17.077,114.16
14153,-90.203,17.03
14154,95.486,-41.59
14155,24.63,-73.413
14156,39.797,-4.384
14157,27.061,99.536
14158,-27.012,53.839
14159,16.943,40.802
14160,-24.265,37.539
14161,-47.459,-24.353
14162,-33.293,18.335
14163,-27.22,-3.3364
14164,-32.431,22.775
14165,-4.3064,37.736
14166,-61.159,29.711
14167,54.395,53.588
14168,54.518,4.355
14169,99.711,-66.017
14170,64.328,27.788
14171,-9.4173,-70.024
14172,-24.656,12.837
14173,-23.405,22.249
14174,-39.608,-20.837
14175,-67.053,-36.892
14176,-31.842,41.862
14177,82.269,42.546
14178,24.788,-36.944
14179,-27.181,-104.97
14180,-46.162,-91.291
14181,26.617,57.925
14182,-37.04,28.268
14183,-31.66,41.506
14184,85.997,34.159
14185,89.465,27.759
14186,-32.754,-85.987
14187,-97.257,-14.263
14188,-35.056,35.489
14189,-27.462,45.538
14190,-40.18,13.72
14191,-53.348,-21.553
14192,89.332,27.989
14193,59.955,75.166
14194,67.947,69.653
14195,-85.026,35.298
14196,74.269,-9.288
14197,-55.522,0.67851
14198,-61.928,59.007
14199,-5.5281,102.06
14200,-39.657,-17.335
14201,-96.241,25.535
14202,-60.284,-18.59
14203,-37.859,26.928
14204,-59.038,-7.2626
14205,-5.3162,39.641
14206,66.018,28.879
14207,81.847,47.4
14208,88.439,35.547
14209,51.076,39.722
14210,48.191,24.559
14211,11.428,-82.327
14212,34.97,84.016
14213,-45.095,3.8453
14214,-5.0424,77.376
14215,-60.629,-30.149
14216,-36.22,25.524
14217,-35.491,37.584
14218,-57.99,53.397
14219,-59.276,60.646
14220,80.101,49.931
14221,63.005,17.084
14222,3.5215,15.471
14223,32.231,-42.812
14224,-20.346,1.1041
14225,-54.434,71.66
14226,-77.368,34.598
14227,-81.568,21.422
14228,-84.999,-29.936
14229,-31.061,33.696
14230,-14.528,-54.85
14231,-58.499,-18.158
14232,85.798,36.658
14233,65.492,8.1223
14234,91.722,19.093
14235,94.466,59.107
14236,52.09,48.788
14237,54.006,-47.622
14238,20.133,-6.0969
14239,-94.833,27.835
14240,68.677,84.912
14241,22.181,74.515
14242,-7.0994,78.853
14243,-52.309,-14.868
14244,48.179,53.39
14245,98.71,47.497
14246,89.977,35.215
14247,48.19,87.433
14248,42.425,4.8247
14249,54.884,35.301
14250,54.194,13.031
14251,46.282,40.753
14252,-21.203,9.6586
14253,12.252,-80.805
14254,-23.463,-81.973
14255,-27.124,53.802
14256,0.36169,14.466
14257,98.449,20.01
14258,-19.5,40.59
14259,48.638,-21.163
14260,43.044,5.5264
14261,-4.8859,76.823
14262,-32.839,8.4276
14263,83.795,67.376
14264,92.385,23.927
14265,-58.906,56.337
14266,-7.4028,-85.197
14267,-63.647,22.549
14268,59.921,-23.409
14269,20.088,-19.2
14270,21.052,75.041
14271,-38.26,14.348
14272,-59.073,-29.932
14273,98.918,51.076
14274,97.689,54.505
14275,72.819,20.368
14276,-10.597,50.671
14277,46.59,44.583
14278,18.943,-94.778
14279,32.552,20.488
14280,-70.444,-10.282
14281,-43.582,-31.32
14282,-55.074,-28.151
14283,48.636,101.39
14284,65.771,31.591
14285,54.729,80.536
14286,80.451,40.711
14287,52.229,-41.201
14288,-36.23,4.417
14289,-42.036,50.577
14290,-56.379,-26.028
14291,92.706,27.051
14292,79.017,53.413
14293,-58.191,66.537
14294,77.925,53.876
14295,-42.484,-87.659
14296,-74.262,-14.973
14297,49.603,40.097
14298,-25.444,53.582
14299,-41.098,87.818
14300,-32.164,42.455
14301,-9.9174,77.608
14302,-34.974,38.636
14303,-27.132,45.4
14304,-57.887,-15.275
14305,-57.396,-7.3317
14306,-48.313,56.918
14307,-8.7773,-3.4738
14308,-12.007,77.623
14309,-42.395,90.283
14310,32.183,-69.534
14311,76.819,25.01
14312,-3.2345,-36.615
14313,-86.005,7.8257
14314,-40.998,-90.469
14315,-72.46,-74.229
14316,-45.644,4.5229
14317,-9.0456,43.54
14318,-47.09,-16.956
14319,-8.1906,83.675
14320,104.76,3.1646
14321,89.759,35.207
14322,85.753,34.459
14323,30.693,56.178
14324,6.1156,61.882
14325,59.244,42.271
14326,-4.3142,-41.383
14327,-66.741,-37.701
14328,-9.8355,6.632
14329,-0.55866,-48.491
14330,56.302,0.046331
14331,-60.058,13.799
14332,-48.295,14.277
14333,-55.635,-20.244
14334,-33.642,31.844
14335,20.459,69.396
14336,64.69,19.095
14337,66.697,46.74
14338,-78.921,-6.777
14339,90.307,-13.557
14340,-82.01,3.2975
14341,-48.907,-16.303
14342,-31.676,95.465
14343,32.945,54.453
14344,48.456,49.543
14345,46.603,-15.986
14346,-10.769,-9.0358
14347,-73.352,68.148
14348,51.87,48.501
14349,31.526,-66.981
14350,-67.225,-78.138
14351,72.928,-38.541
14352,57.247,-68.937
14353,13.943,-58.751
14354,40.225,55.033
14355,-45.677,5.2345
14356,-55.767,-17.941
14357,-42.006,-14.602
14358,-34.127,-28.9
14359,-57.157,49.793
14360,90.598,25.848
14361,92.441,23.846
14362,75.196,54.652
14363,92.753,23.512
14364,-38.463,84.581
14365,-56.831,45.162
14366,-38.803,29.436
14367,-56.545,-28.901
14368,12.339,32.022
14369,-33.631,15.225
14370,-64.957,-34.286
14371,-85.059,2.6106
14372,74.68,13.86
14373,31.281,15.004
14374,-74.235,-12.635
14375,47.751,39.611
14376,-104.46,35.32
14377,-49.216,36.426
14378,-41.639,12.648
14379,-38.09,49.235
14380,-15.7,-51.946
14381,46.644,48.654
14382,7.5527,114.64
14383,-83.831,33.794
14384,64.153,-1.1928
14385,-5.4795,77.296
14386,-22.198,52.463
14387,8.6055,-39.973
14388,91.755,19.029
14389,97.35,19.227
14390,63.275,17.456
14391,64.387,57.654
14392,82.664,41.965
14393,30.131,48.491
14394,41.852,88.468
14395,12.288,-26.83
14396,1.0087,55.363
14397,52.106,24.143
14398,36.729,-84.918
14399,45.132,-34.574
14400,-81.219,31.062
14401,-20.432,37.448
14402,-39.204,54.721
14403,-43.958,50.767
14404,86.319,44.254
14405,88.66,29.833
14406,13.809,74.469
14407,68.784,42.029
14408,-60.343,20.815
14409,-73.109,28.632
14410,64.897,-51.233
14411,-31.029,-67.915
14412,-47.37,-19.706
14413,9.2444,17.472
14414,95.927,19.663
14415,46.904,48.722
14416,-5.6719,26.411
14417,75.699,13.062
14418,59.483,75.319
14419,90.019,-15.217
14420,-1.2094,-46.039
14421,-21.829,79.644
14422,-37.674,36.749
14423,-32.576,10.412
14424,-32.292,0.49921
14425,14.542,-68.566
14426,95.936,58.403
14427,-37.13,43.927
14428,56.747,35.44
14429,29.521,-34.23
14430,-30.492,-68.747
14431,15.829,-70.721
14432,-53.959,71.902
14433,44.809,80.254
14434,-8.5518,83.647
14435,77.479,28.353
14436,85.584,35.212
14437,85.167,12.757
14438,-72.611,26.679
14439,64.334,52.443
14440,47.108,38.984
14441,-24.264,-107.89
14442,36.582,43.708
14443,-52.929,73.854
14444,-8.6795,102.26
14445,-60.092,46.189
14446,-10.806,85.045
14447,55.826,21.806
14448,62.285,38.289
14449,-5.3318,77.789
14450,59.665,50.2
14451,-10.351,-52.511
14452,24.52,-84.337
14453,-81.053,-38.851
14454,-73.289,-10.424
14455,72.103,-50.137
14456,4.279,63.585
14457,-65.247,-33.157
14458,-33.388,42.158
14459,-42.708,3.5438
14460,-50.15,-24.466
14461,0.70302,18.683
14462,33.153,13.251
14463,-14.494,-25.611
14464,77.584,33.352
14465,-72.48,15.678
14466,-78.639,-56.118
14467,-24.075,-90.226
14468,51.857,-38.366
14469,-31.83,14.268
14470,-39.741,36.568
14471,-58.847,-11.153
14472,-54.559,-12.01
14473,22.214,-87.955
14474,71.724,59.631
14475,-18.887,112.78
14476,-11.601,-25.415
14477,98.635,52.282
14478,103.01,32.476
14479,-18.387,-60.06
14480,-21.919,-61.709
14481,-37.938,56.643
14482,38.957,-81.311
14483,-83.337,26.072
14484,53.414,31.269
14485,-28.71,15.189
14486,-24.308,47.335
14487,-53.434,-19.04
14488,69.567,53.432
14489,74.748,25.785
14490,21.224,-81.879
14491,-2.9408,99.204
14492,63.634,-9.8906
14493,5.0946,-30.983
14494,-32.05,-32.442
14495,44.864,80.175
14496,-43.59,-14.798
14497,-35.046,29.529
14498,-56.685,46.146
14499,76.05,54.081
14500,32.312,49.61
14501,72.81,58.321
14502,98.981,19.189
14503,46.232,41.066
14504,-22.364,-106.33
14505,-70.198,-13.109
14506,-63.105,11.538
14507,-89.813,7.8662
14508,-81.264,-6.6713
14509,-84.172,-24.456
14510,-25.001,23.546
14511,-44.819,19.59
14512,67.194,30.318
14513,-18.14,-15.383
14514,-32.756,31.806
14515,-49.343,-24.312
14516,-26.058,43.631
14517,-24.25,44.141
14518,48.89,50.603
14519,-4.3915,63.558
14520,-64.011,-79.135
14521,-22.155,-108.83
14522,82.78,-23.487
14523,-31.339,-73.884
14524,-26.135,55.483
14525,-55.832,-23.024
14526,-36.825,55.163
14527,89.671,22.682
14528,-60.938,48.097
14529,-30.736,-68.95
14530,52.486,24.926
14531,36.752,-2.9394
14532,8.7564,88.093
14533,-37.035,38.322
14534,-43.293,-5.9611
14535,-4.8014,25.85
14536,3.4535,15.432
14537,65.958,28.963
14538,70.457,65.925
14539,-78.578,32.63
14540,21.025,-24.587
14541,-37.002,28.608
14542,-27.409,45.569
14543,-30.95,32.746
14544,-38.801,13.187
14545,-56.448,-28.896
14546,-46.006,-31.563
14547,84.222,42.966
14548,70.383,53.231
14549,98.459,18.172
14550,58.715,74.334
14551,-32.883,30.885
14552,83.018,33.087
14553,33.534,2.8438
14554,-105.38,14.98
14555,28.173,-39.454
14556,2.0323,-28.144
14557,47.491,52.756
14558,-13.384,-53.573
14559,-8.9513,116.72
14560,-70.531,12.291
14561,-16.709,-20.892
14562,-2.0723,102.49
14563,65.109,-41.27
14564,-23.898,23.672
14565,-27.611,45.745
14566,-53.476,71.071
14567,-38.716,86.241
14568,-69.714,61.336
14569,35.775,20.313
14570,-52.541,0.83766
14571,6.5614,20.78
14572,53.154,80.967
14573,26.716,49.059
14574,41.26,34.63
14575,-90.154,5.4864
14576,-80.415,34.836
14577,34.071,-7.6789
14578,-5.1342,19.839
14579,-24.58,18.097
14580,-32.34,33.441
14581,-5.5103,76.265
14582,-55.893,46.084
14583,-34.377,5.0904
14584,-50.55,-23.864
14585,-39.843,-17.571
14586,71.189,29.619
14587,63.214,36.122
14588,29.95,55.676
14589,69.59,84.918
14590,51.864,10.671
14591,-25.871,53.798
14592,-25.978,18.046
14593,-23.157,46.712
14594,-26.263,55.041
14595,-17.216,13.224
14596,-83.496,20.939
14597,-34.18,7.9133
14598,61.189,-21.997
14599,87.528,32.624
14600,95.724,57.531
14601,-70.928,-78.023
14602,-88.252,24.936
14603,-58.645,18.741
14604,-14.127,-93.708
14605,-74.207,-17.885
14606,-52.98,21.56
14607,28.629,53.881
14608,-30.88,34.532
14609,-51.525,-20.324
14610,56.607,-18.354
14611,66.258,7.8573
14612,17.427,48.53
14613,-3.3494,-36.019
14614,33.011,-13.252
14615,-69.578,12.819
14616,54.034,1.2429
14617,-46.847,-89.225
14618,-46.64,14.253
14619,46.906,88.065
14620,-61.055,-20.966
14621,-47.056,-16.971
14622,-60.617,47.558
14623,-21.96,79.86
14624,78.558,32.016
14625,72.065,38.526
14626,95.446,20.28
14627,-76.682,34.444
14628,14.991,-27.343
14629,51.765,38.994
14630,18.265,40.109
14631,32.975,80.133
14632,-33.464,-19.311
14633,-72.015,-74.546
14634,76.865,-54.545
14635,-63.661,-42.245
14636,-22.368,-106.45
14637,9.488,-82.336
14638,4.6217,-33.978
14639,3.2009,-24.805
14640,32.708,49.451
14641,-44.456,41.578
14642,-54.859,-8.3171
14643,-38.68,2.6488
14644,-31.169,33.663
14645,-47.29,87.858
14646,69.446,29.31
14647,87.248,34.248
14648,56.398,23.485
14649,-38.705,-26.606
14650,-52.199,-38.798
14651,13.814,-27.164
14652,57.671,20.783
14653,59.092,24.873
14654,-35.429,29.305
14655,-32.381,21.544
14656,41.06,-91.638
14657,-52.404,72.408
14658,28.307,55.864
14659,-50.792,-17.189
14660,-40.64,-13.858
14661,78.691,27.37
14662,77.256,28.619
14663,86.506,31.985
14664,-27.644,-49.836
14665,-55.748,-86.358
14666,44.841,34.881
14667,-9.2055,-79.441
14668,-76.571,6.9495
14669,40.946,45.49
14670,21.333,73.908
14671,29.339,48.752
14672,23.603,68.589
14673,-57.178,-7.5041
14674,-5.2034,37.783
14675,-55.697,-34.355
14676,-49.238,87.379
14677,-11.795,-1.5766
14678,50.515,42.835
14679,53.057,17.259
14680,70.816,53.482
14681,-70.004,-77.844
14682,15.164,41.421
14683,80.839,48.769
14684,-96.538,-15.473
14685,71.647,20.515
14686,50.304,-30.955
14687,20.706,75.018
14688,-8.6125,81.826
14689,-8.2134,77.595
14690,-25.137,36.851
14691,33.106,-72.832
14692,104.29,30.353
14693,61.982,48.601
14694,77.622,-48.622
14695,-74.423,-1.4473
14696,-10.305,77.045
14697,-50.094,-17.34
14698,-33.344,19.154
14699,77.36,45.849
14700,85.422,34.709
14701,-51.868,69.14
14702,57.265,33.45
14703,61.929,52.816
14704,-66.021,17.493
14705,67.206,36.796
14706,-19.975,-82.176
14707,-12.206,45.114
14708,55.335,-24.463
14709,-1.286,-45.592
14710,28.92,35.056
14711,30.39,-36.322
14712,-104.01,-5.7911
14713,50.023,42.251
14714,0.086002,102.62
14715,-34.043,40.085
14716,-62.403,-19.865
14717,-17.963,77.964
14718,-34.575,30.962
14719,-24.588,45.115
14720,-53.863,-21.906
14721,-38.361,31.887
14722,-46.357,45.034
14723,-16.395,86.753
14724,72.215,26.421
14725,94.444,21.393
14726,86.883,31.141
14727,-13.444,-32.322
14728,-55.151,19.058
14729,49.456,38.313
14730,-38.108,43.708
14731,-49.073,-17.383
14732,-35.662,29.432
14733,22.212,74.784
14734,95.305,20.984
14735,87.883,24.98
14736,97.884,20.097
14737,102.94,5.37
14738,-9.4711,-2.6481
14739,28.192,-95.217
14740,58.503,43.597
14741,31.325,25.491
14742,52.709,13.998
14743,3.1834,68.409
14744,-54.813,-28.251
14745,-37.242,46.58
14746,39.776,55.374
14747,-26.375,45.947
14748,-55.64,-35.369
14749,-58.904,-34.102
14750,98.557,20.447
14751,109.02,6.2206
14752,88.3,34.39
14753,-61.455,-30.872
14754,-67.012,-63.903
14755,-60.979,-66.765
14756,-43.568,-23.043
14757,-5.6151,82.984
14758,-43.927,51.054
14759,-56.824,-8.1165
14760,-33.532,32.791
14761,92.685,23.609
14762,82.057,44.817
14763,91.476,25.617
14764,-80.804,36.323
14765,-28.154,-16.85
14766,18.058,-47.455
14767,69.629,45.832
14768,-9.7602,-77.753
14769,-58.244,-87.099
14770,-39.153,-22.872
14771,-36.413,25.768
14772,-32.811,33.863
14773,-56.979,-11.649
14774,29.007,98.686
14775,-56.75,-21.017
14776,3.7831,24.81
14777,-104.91,0.26468
14778,64.2,9.2486
14779,-68.039,3.9156
14780,-66.115,15.047
14781,-70.684,-20.073
14782,-23.867,-81.858
14783,-54.614,-11.725
14784,-57.416,-32.801
14785,-82.963,20.628
14786,-2.2878,31.363
14787,79.106,50.197
14788,6.5896,75.58
14789,42.012,11.922
14790,25.376,-20.74
14791,-79.924,29.055
14792,-83.464,-5.1782
14793,-62.802,59.319
14794,-17.475,113.9
14795,-84.362,64.271
14796,45.105,-10.669
14797,21.085,-6.5301
14798,-75.491,11.65
14799,42.146,-7.9363
14800,-55.408,19.053
14801,20.199,10.229
14802,-41.282,5.6407
14803,29.997,56.688
14804,-56.558,-13.553
14805,-25.135,52.823
14806,-47.198,-16.501
14807,-21.725,36.518
14808,91.921,61.839
14809,-11.556,116.27
14810,-51.274,-57.836
14811,-25.639,-18.356
14812,-60.128,-74.267
14813,-67.168,10.411
14814,-15.1,-33.274
14815,62.478,-11.929
14816,53.892,-82.889
14817,-32.826,30.777
14818,-33.701,33.652
14819,-6.5827,82.916
14820,88.398,29.291
14821,98.027,18.606
14822,-7.9261,1.3612
14823,-59.587,17.528
14824,28.615,74.302
14825,74.149,-54.684
14826,-65.151,-79.683
14827,-76.987,-4.4198
14828,-105.43,15.266
14829,-48.317,48.529
14830,38.4,48.542
14831,-48.006,74.349
14832,-23.644,46.376
14833,-36.957,45.125
14834,71.929,29.131
14835,85.635,35.55
14836,88.372,29.498
14837,23.307,-35.329
14838,-2.8202,-19.98
14839,-14.359,101.73
14840,-18.205,38.843
14841,-27.204,53.682
14842,17.863,-82.032
14843,-50.732,-17.745
14844,-52.61,-14.943
14845,76.673,28.732
14846,-45.888,68.862
14847,-35.006,95.446
14848,-47.108,-86.97
14849,-42.258,-24.647
14850,-41.08,12.148
14851,-47.474,-16.589
14852,-34.949,39.432
14853,75.973,52.241
14854,95.962,19.629
14855,95.057,15.131
14856,84.185,33.851
14857,49.075,51.848
14858,71.656,29.434
14859,-23.083,40.05
14860,18.583,-89.599
14861,-41.43,56.912
14862,71.931,32.938
14863,97.856,19.746
14864,72.068,58.859
14865,44.192,55.033
14866,1.5712,101.45
14867,27.516,33.395
14868,41.776,-87.574
14869,-27.543,-64.486
14870,-22.22,38.854
14871,-35.464,27.313
14872,-38.868,29.426
14873,13.233,34.761
14874,90.447,26.447
14875,84.39,39.554
14876,57.363,63.565
14877,107.37,3.4393
14878,78.374,39.951
14879,76.822,55.143
14880,65.806,45.629
14881,32.172,-6.4032
14882,-63.975,19.59
14883,64.031,-46.523
14884,21.677,33.08
14885,-88.205,24.879
14886,-41.443,50.618
14887,-40.1,33.175
14888,-32.051,23.878
14889,-23.33,39.119
14890,-64.368,-34.124
14891,70.84,31.081
14892,96.739,44.847
14893,-64.045,78.648
14894,-11.733,-0.89061
14895,52.444,16.758
14896,-94.853,17.038
14897,-10.055,-30.842
14898,0.18075,-22.796
14899,43.232,-15.054
14900,60.186,9.0278
14901,-58.41,18.255
14902,77.479,40.677
14903,-55.092,-34.692
14904,96.519,56.458
14905,-93.975,29.639
14906,53.541,81.33
14907,37.303,86.114
14908,81.147,41.191
14909,58.952,46.037
14910,107.69,-15.867
14911,-18.874,35.167
14912,-24.247,42.494
14913,-26.278,55.317
14914,-24.634,39.93
14915,-33.994,5.1379
14916,13.284,72.563
14917,101.05,-61.361
14918,-2.6826,-63.226
14919,2.342,9.4086
14920,49.086,50.631
14921,-57.486,-25.615
14922,-55.641,-8.373
14923,-54.798,-35.48
14924,37.185,15.618
14925,-32.098,-27.922
14926,-18.978,112.68
14927,61.628,54.014
14928,-56.253,45.781
14929,56.534,23.274
14930,39.481,-4.0187
14931,78.877,45.817
14932,63.905,10.98
14933,51.997,24.476
14934,-23.871,-89.997
14935,53.714,8.0194
14936,14.744,50.623
14937,82.443,-48.147
14938,-9.5128,43.649
14939,-40.942,86.267
14940,-33.94,42.396
14941,-57.414,52.847
14942,71.258,26.576
14943,98.76,51.82
14944,93.278,23.116
14945,58.194,76.004
14946,67.79,67.565
14947,73.139,55.787
14948,86.818,36.491
14949,-0.36613,-51.99
14950,-11.658,79.204
14951,-22.748,41.002
14952,80.125,51.337
14953,71.915,-85.047
14954,-44.842,18.737
14955,21.612,-31.698
14956,-20.848,-31.104
14957,-11.023,-15.434
14958,-73.2,-1.6723
14959,-70.313,-15.856
14960,-103.15,25.602
14961,-50.016,-23.401
14962,-48.34,-15.897
14963,-2.5727,52
14964,3.9194,28.311
14965,76.903,24.615
14966,33.207,-12.198
14967,45.422,25.558
14968,45.002,62.423
14969,-54.933,-58.001
14970,15.485,-50.195
14971,51.473,22.188
14972,-26.708,42.617
14973,-24.468,38.919
14974,-58.711,-25.481
14975,-23.673,46.497
14976,-37.426,36.738
14977,43.167,89.315
14978,97.11,55.535
14979,77.015,54.918
14980,89.925,26.951
14981,87.469,30.444
14982,71.725,57.49
14983,-59.166,-24.892
14984,20.22,-77.156
14985,45.626,-49.934
14986,-50.102,1.6651
14987,-26.893,-62.67
14988,-21.723,-88.849
14989,65.734,31.338
14990,32.861,55.244
14991,-35.803,57.878
14992,-60.265,-29.011
14993,-23.886,49.314
14994,-17.33,-15.354
14995,48.509,51.325
14996,71.349,34.171
14997,33.114,20.872
14998,86.449,31.834
14999,-88.599,-8.3702
15000,-21.306,37.072
15001,40.586,55.331
15002,-35.253,37.261
15003,72.724,31.603
15004,41.762,87.598
15005,80.411,47.236
15006,55.275,8.1575
15007,91.796,-66.606
15008,-102.94,-9.7935
15009,62.987,20.145
15010,39.444,27.294
15011,-24.257,50.447
15012,-21.659,81.523
15013,-59.926,-33.222
15014,-38.074,85.445
15015,90.352,26.315
15016,23.45,-21.358
15017,25.894,-31.966
15018,84.636,-15.742
15019,-103.66,16.786
15020,-44.117,4.9776
15021,-41.977,56.448
15022,-29.086,-2.6929
15023,9.6183,-39.139
15024,-37.773,28.936
15025,88.011,24.981
15026,29.927,57.99
15027,14.748,11.735
15028,-31.875,12.961
15029,-51.336,53.049
15030,-56.579,-14.173
15031,30.217,54.281
15032,71.864,32.661
15033,98.265,46.502
15034,90.74,32.189
15035,75.32,13.305
15036,40.942,-8.4807
15037,75.973,-33.868
15038,42.218,-29.023
15039,47.939,56.884
15040,-23.641,47.098
15041,-11.955,116.17
15042,-14.539,-42.584
15043,-52.574,-89.369
15044,81.168,-5.8674
15045,-101.97,22.943
15046,-6.702,82.54
15047,-25.395,36.963
15048,-37.767,27.06
15049,-4.441,38.99
15050,83.588,46.959
15051,109.02,6.2258
15052,11.99,-83.073
15053,-84.255,64.257
15054,52.664,16.539
15055,-56.652,-75.615
15056,70.558,-39.415
15057,30.022,55.832
15058,-12.229,77.96
15059,-35.695,30.051
15060,74.346,30.567
15061,47.132,51.76
15062,87.853,30.827
15063,-21.009,-72.927
15064,-80.557,9.6463
15065,21.513,-7.8712
15066,19.573,24
15067,-19.598,-29.667
15068,79.654,-1.5312
15069,24.738,-10.802
15070,11.638,-49.932
15071,31.094,32.639
15072,-12.021,15.436
15073,-6.2876,-49.996
15074,-65.213,69.876
15075,-20.524,46.086
15076,-10.387,1.2038
15077,-57.684,-25.172
15078,-41.112,55.884
15079,-50.555,-24.267
15080,-45.029,39.679
15081,0.5086,48.795
15082,87.92,24.915
15083,79.136,50.099
15084,-32.457,23.207
15085,47.709,56.966
15086,25.943,-39.64
15087,61.516,-2.8086
15088,-17.454,-32.949
15089,9.9494,-19.087
15090,70.003,53.513
15091,-37.237,45.609
15092,-13.779,-82.052
15093,103.08,33.522
15094,39.365,34.222
15095,27.638,18.673
15096,63.233,-0.72204
15097,32.23,31.175
15098,0.28599,-54.46
15099,-59.581,-16.872
15100,-37.941,84.852
15101,-72.769,-64.698
15102,80.904,33.841
15103,59.972,42.837
15104,57.816,-14.298
15105,-86.849,26.409
15106,-58.902,-27.443
15107,-29.187,32.048
15108,-31.987,22.118
15109,-31.889,41.315
15110,-62.893,-29.441
15111,31.963,52.261
15112,48.89,50.637
15113,75.52,44.107
15114,100.26,16.966
15115,77.551,54.465
15116,31.79,36.218
15117,70.619,53.724
15118,46.119,-15.991
15119,32.402,-87.071
15120,-14.448,-26.584
15121,22.268,73.886
15122,22.207,73.854
15123,-33.742,15.368
15124,-40.289,54.899
15125,-41.352,29.562
15126,-53.939,-20.446
15127,-42.354,4.0556
15128,-56.926,-7.6655
15129,69.416,29.01
15130,27.799,53.99
15131,88.05,28.052
15132,-85.134,30.69
15133,64.762,-9.3295
15134,-76.518,5.2652
15135,20.123,81.595
15136,31.004,51.957
15137,-25.631,31.053
15138,83.074,40.89
15139,64.672,53.428
15140,50.792,40.091
15141,-84.941,35.602
15142,51.168,-12.488
15143,42.845,-71.767
15144,42.439,41.067
15145,-25.83,-5.5306
15146,39.538,54.984
15147,-37.546,37.027
15148,-30.773,34.779
15149,-25.242,37.965
15150,-7.5099,79.189
15151,4.4768,38.36
15152,81.118,-38.225
15153,42.55,11.726
15154,55.43,15.587
15155,-45.833,-33.31
15156,-11.13,-2.655
15157,-75.36,5.8076
15158,-14.041,34.187
15159,-51.738,72.876
15160,38.289,54.093
15161,-22.952,39.815
15162,-54.788,-12.085
15163,99.07,49.32
15164,100.06,17.514
15165,58.656,23.127
15166,76.832,-7.6119
15167,76.935,-52.923
15168,-23.691,40.335
15169,-56.05,-22.912
15170,-39.987,1.9045
15171,-34.17,23.741
15172,92.52,61.219
15173,93.298,60.393
15174,5.6163,22.284
15175,77.635,-48.278
15176,75.505,-3.8153
15177,-10.897,-17.057
15178,79.572,-30.058
15179,-4.4228,42.741
15180,74.167,30.388
15181,-32.919,33.019
15182,66.572,25.788
15183,93.168,23.22
15184,62.633,36.132
15185,-99.654,28.91
15186,49.442,51.63
15187,49.039,39.989
15188,61.127,45.73
15189,-71.979,-2.2225
15190,-74.277,-32.902
15191,-7.3123,-93.546
15192,10.24,37.783
15193,58.424,23.067
15194,-23.567,46.208
15195,-37.153,38.306
15196,-57.656,-7.1456
15197,-33.802,16.812
15198,-4.1857,39.659
15199,-38.33,44.107
15200,-43.388,4.53
15201,100.54,16.88
15202,-82.711,36.439
15203,68.788,84.917
15204,61.315,40.953
15205,40.272,38.462
15206,45.198,-58.614
15207,2.4634,-49.342
15208,-4.9222,81.547
15209,-23.144,40.292
15210,-56.518,48.886
15211,-40.052,42.514
15212,-27.591,31.458
15213,23.511,65.361
15214,93.109,23.473
15215,45.549,22.775
15216,-70.038,13.467
15217,76.258,11.389
15218,33.705,-4.3118
15219,43.925,-80.964
15220,59.078,-5.8843
15221,78.496,52.939
15222,94.211,21.702
15223,100.74,16.742
15224,-25.252,-96.632
15225,-43.206,-33.988
15226,40.28,15.152
15227,-18.685,-47.69
15228,36.859,92.751
15229,-22.436,80.246
15230,-37.494,53.322
15231,33.494,50.115
15232,-25.536,34.705
15233,6.8236,57.466
15234,10.293,-4.1369
15235,20.648,-7.9556
15236,37.184,-61.706
15237,-40.654,-12.382
15238,20.622,43.344
15239,-9.9434,85.009
15240,-35.168,-27.849
15241,74.812,53.144
15242,79.801,49.984
15243,106.58,2.3121
15244,-84.745,20.484
15245,67.83,45.677
15246,58.066,39.833
15247,47.237,-41.901
15248,63.254,21.299
15249,-72.787,15.939
15250,-91.191,-49.739
15251,42.793,54.164
15252,28.359,55.601
15253,44.096,26.755
15254,-47.503,-24.446
15255,87.551,30.727
15256,12.544,71.272
15257,31.926,-35.686
15258,-5.9958,101.09
15259,53.687,30.423
15260,43.538,62.401
15261,-18.16,-41.443
15262,-42.076,56.016
15263,21.381,78.186
15264,-0.6927,-47.934
15265,12.912,19.529
15266,-36.04,28.555
15267,-5.2311,82.753
15268,-25.418,53.114
15269,-53.115,-7.5713
15270,-58.619,-14.003
15271,-59.182,-18.317
15272,-0.42281,17.826
15273,82.219,44.673
15274,38.97,21.888
15275,39.238,4.8369
15276,67.201,-4.5007
15277,-12.356,9.6735
15278,-15.177,-33.731
15279,5.0647,56.794
15280,-44.312,51.145
15281,-32.049,28.83
15282,-52.475,-15.239
15283,29.403,55.994
15284,-58.338,-31.378
15285,75.156,43.862
15286,86.984,30.739
15287,-1.6677,102.53
15288,89.708,22.334
15289,75.014,1.1787
15290,23.474,77.895
15291,-21.81,80.808
15292,70.231,31.915
15293,-36.636,56.429
15294,-24.282,36.315
15295,-53.836,-36.472
15296,96.989,19.369
15297,-16.453,114.52
15298,20.237,-7.2704
15299,75.026,54.713
15300,79.65,34.946
15301,28.161,36.832
15302,6.1963,-29.613
15303,-83.312,-19.357
15304,-56.658,-21.283
15305,76.934,29.17
15306,78.609,24.449
15307,25.396,-71.86
15308,-38.829,56.486
15309,-78.638,32.844
15310,-22.332,40.575
15311,-35.252,38.105
15312,-50.213,-23.84
15313,-31.946,14.361
15314,-32.048,31.631
15315,88.862,29.422
15316,13.973,-87.791
15317,38.337,-18.32
15318,60.16,-0.65741
15319,5.4153,-55.898
15320,-23.599,81.907
15321,-56.104,-29.145
15322,40.724,2.4681
15323,-60.469,-19.272
15324,87.098,-42.793
15325,83.72,32.821
15326,63.988,55.306
15327,69.249,65.449
15328,48.427,37.891
15329,91.576,-23.286
15330,-9.7149,-92.793
15331,34.072,-89.457
15332,27.637,-39.034
15333,16.153,30.479
15334,22.849,65.926
15335,-56.689,-7.0775
15336,-54.251,-11.919
15337,-66.219,-35.692
15338,-28.103,31.826
15339,-9.2586,84.603
15340,91.048,26.48
15341,81.539,48.717
15342,75.151,25.655
15343,66.401,28.207
15344,56.197,76.68
15345,-78.397,1.0733
15346,65.653,49.128
15347,24.372,-37.279
15348,-55.132,-78.164
15349,-32.054,30.046
15350,22.962,66.14
15351,29.126,97.073
15352,67.034,70.673
15353,49.491,39.149
15354,7.3608,7.8434
15355,-3.8625,68.285
15356,39.458,-7.0739
15357,22.369,74.608
15358,-26.775,41.644
15359,-33.744,32.863
15360,-27.012,44.205
15361,32.583,19.954
15362,21.293,-31.869
15363,41.184,83.305
15364,-23.56,22.371
15365,-40.742,7.4114
15366,-46.924,-30.965
15367,-58.953,-7.3659
15368,-45.79,-24.472
15369,75.705,25.464
15370,96.712,56.169
15371,80.161,51.231
15372,-81.484,-31.114
15373,71.475,29.238
15374,-29.402,-61.026
15375,-5.5945,-86.023
15376,49.298,36.199
15377,-59.323,-2.0821
15378,-57.936,15.807
15379,27.589,-67.745
15380,-22.459,39.759
15381,-59.796,-16.016
15382,-59.966,-31.326
15383,44.33,26.679
15384,77.268,28.835
15385,52.474,16.126
15386,69.619,67.212
15387,-24.322,-104.93
15388,57.063,-81.535
15389,64.56,-51.354
15390,61.911,-50.083
15391,64.5,21.872
15392,53.693,81.57
15393,-4.3649,-96.218
15394,-50.318,-24.366
15395,-19.832,37.323
15396,-27.055,40.918
15397,-2.9827,31.667
15398,-35.136,56.685
15399,-32.679,42.994
15400,89.485,23.045
15401,84.229,42.417
15402,35.797,93.881
15403,-12.346,-27.345
15404,45.142,62.799
15405,54.888,27.103
15406,59.531,38.606
15407,59.47,-2.144
15408,-22.365,-106.32
15409,-34.556,30.688
15410,83.098,41.031
15411,100.57,17.313
15412,-49.611,87.241
15413,57.875,16.067
15414,64.672,-51.004
15415,-13.33,-52.909
15416,40.014,-74.577
15417,-35.444,28.21
15418,-25.401,54.701
15419,-47.381,-16.965
15420,78.794,27.657
15421,70.665,37.714
15422,65.619,-16.14
15423,-61.231,38.075
15424,-39.346,87.685
15425,-5.5426,77.693
15426,-24.381,52.31
15427,-5.1662,38.465
15428,-7.4681,26.141
15429,17.541,9.2269
15430,87.081,34.26
15431,95.34,58.033
15432,-63.084,-78.564
15433,33.993,26.069
15434,-17.058,18.383
15435,-18.98,-36.128
15436,-0.78311,-22.917
15437,-52.09,19.069
15438,-82.019,-37.803
15439,-60.155,-18.602
15440,-11.178,84.283
15441,-63.863,-43.056
15442,74.956,31.11
15443,70.634,65.805
15444,-83.203,34.639
15445,47.945,35.63
15446,-11.499,-25.663
15447,-12.918,-45.868
15448,42.205,-41.174
15449,-24.581,36.231
15450,-39.762,-0.019125
15451,-26.417,40.692
15452,-54.536,-8.0961
15453,-24.844,45.879
15454,69.187,50.91
15455,-39.094,-92.653
15456,45.934,-33.323
15457,3.8218,-53.402
15458,7.4111,-26.454
15459,23.503,78.04
15460,-24.156,15.377
15461,-32.873,30.857
15462,-8.6584,83.874
15463,-3.7046,102.2
15464,-11.16,84.205
15465,104.73,3.1566
15466,56.07,46.8
15467,59.604,6.8811
15468,18.281,32.804
15469,-105.35,15.652
15470,-89.723,11.369
15471,1.2761,-47.532
15472,-24.007,46.822
15473,-19.757,37.442
15474,-24.019,46.278
15475,-30.628,26.03
15476,76.056,-37.035
15477,81.354,30.703
15478,96.196,21.044
15479,101.05,6.5979
15480,-76.867,-64.084
15481,58.034,10.686
15482,72.407,33.339
15483,-52.819,-79.155
15484,-66.694,9.731
15485,-12.474,-46.615
15486,-84.983,25.976
15487,-53.748,74.743
15488,-45.655,88.307
15489,12.288,-35.141
15490,-17.965,-14.183
15491,77.556,24.443
15492,91.421,25.95
15493,106.61,5.4956
15494,7.7201,115.52
15495,65.48,45.019
15496,58.2,33.218
15497,82.179,-41.423
15498,42.911,89.592
15499,-23.699,47.864
15500,0.24201,15.426
15501,-19.026,112.61
15502,87.189,34.042
15503,70.106,53.78
15504,-52.755,-31.377
15505,77.986,-47.771
15506,95.704,-40.923
15507,-60.185,57.773
15508,7.9938,39.223
15509,-54.539,-11.849
15510,-86.473,23.644
15511,-36.388,30.05
15512,63.396,17.52
15513,-92.607,22.964
15514,60.536,42.28
15515,49.327,36.111
15516,21.334,-6.401
15517,25.591,-31.699
15518,-14.299,24.155
15519,22.697,-10.472
15520,56.818,-64.231
15521,81.897,-34.435
15522,-12.459,9.7791
15523,59.247,-81.144
15524,-38.786,1.2708
15525,-11.585,79.229
15526,9.8648,31.662
15527,-55.612,-23.68
15528,69.12,53.031
15529,82.836,46.418
15530,98.504,46.991
15531,99.021,48.809
15532,87.123,33.455
15533,72.949,30.36
15534,-70.676,26.169
15535,49.256,36.753
15536,51.035,6.7431
15537,-12.147,-94.592
15538,-79.796,-9.2308
15539,28.596,53.557
15540,-55.961,-9.5914
15541,-34.711,6.6379
15542,75.804,43.868
15543,94.722,21.184
15544,-18.928,112.74
15545,56.524,42.442
15546,-75.787,-73.138
15547,54.963,27.14
15548,91.322,-24.279
15549,-10.211,-66.207
15550,-26.523,21.705
15551,-41.59,-5.6583
15552,-53.912,-11.208
15553,-41.744,4.2824
15554,-51.021,-23.855
15555,8.4765,114.59
15556,45.618,17.581
15557,57.882,21.022
15558,83.843,-32.161
15559,-24.431,15.079
15560,-23.52,46.583
15561,-71.689,60.135
15562,-14.753,-25.119
15563,36.524,23.077
15564,-13.648,-43.795
15565,-52.448,71.928
15566,-6.0638,76.338
15567,89.946,26.709
15568,-58.504,-9.9441
15569,6.3494,114.68
15570,-22.814,-80.085
15571,-76.137,-72.819
15572,-28.01,-66.519
15573,80.581,-0.85673
15574,39.838,-86.069
15575,-35.634,38.174
15576,-41.326,-13.956
15577,-42.708,-20.98
15578,81.359,49.462
15579,-100.34,-1.5975
15580,-27.542,-102.02
15581,80.077,-34.51
15582,53.221,-45.819
15583,-22.254,10.175
15584,-11.166,-17.122
15585,-66.01,16.136
15586,-38.537,-26.8
15587,22.457,22.298
15588,-40.96,-14.705
15589,-37.867,49.997
15590,-24.581,19.865
15591,-30.958,33.775
15592,-33.664,30.738
15593,73.991,-81.679
15594,-41.89,49.955
15595,34.945,-49.173
15596,101.78,6.0597
15597,85.45,36.119
15598,-15.06,115.17
15599,-27.698,-91.016
15600,-58.719,-34.06
15601,99.389,18.963
15602,66.352,48.842
15603,56.199,29.645
15604,38.748,17.14
15605,84.935,-15.046
15606,34.81,-69.185
15607,45.371,85.546
15608,-51.115,8.2003
15609,-27.051,41.231
15610,-45.692,-29.9
15611,-38.408,36.529
15612,48.408,-19.85
15613,105.15,12.072
15614,78.17,24.032
15615,-14.97,-21.761
15616,70.278,-0.77675
15617,78.703,32.917
15618,62.625,17.139
15619,62.004,22.245
15620,-62.74,-85.203
15621,-68.931,-23.106
15622,47.13,-84.368
15623,-67.3,5.9813
15624,-42.101,-21.189
15625,-35.194,25.302
15626,-59.128,59.053
15627,-36.875,30.476
15628,-12.668,115.99
15629,-11.104,-2.7333
15630,-38.369,57.58
15631,-9.2009,76.87
15632,-25.727,28.678
15633,24.977,-81.259
15634,63.391,39.206
15635,91.046,25.246
15636,103.56,31.631
15637,30.035,42.369
15638,62.682,41.404
15639,48.045,44.547
15640,28.584,-76.658
15641,59.507,74.095
15642,-60.82,18.201
15643,-4.8614,-42.539
15644,0.93771,-43.533
15645,48.894,16.935
15646,-36.932,56.364
15647,-8.3218,81.812
15648,44.789,80.196
15649,66.642,70.968
15650,100.46,17.203
15651,68.677,84.912
15652,72.416,56.734
15653,79.496,41.528
15654,-9.0306,83.245
15655,31.488,-60.875
15656,28.936,43.045
15657,-56.599,29.144
15658,17.245,75.338
15659,84.091,-36.148
15660,47.693,-31.497
15661,39.825,-13.365
15662,-67.193,10.576
15663,-11.835,16.47
15664,-54.829,-37.315
15665,-18.289,-23.885
15666,72.431,-4.4533
15667,72.066,-56.543
15668,-42.145,-32.83
15669,49.723,-82.434
15670,-1.7143,42.268
15671,23.118,67.902
15672,20.088,81.952
15673,-36.167,28.999
15674,-39.336,54.728
15675,-25.299,52.867
15676,-55.001,-27.746
15677,79.61,49.692
15678,94.705,20.808
15679,82.002,46.564
15680,-11.117,-2.6937
15681,-104.62,34.733
15682,17.288,-28.931
15683,13.604,-47.685
15684,0.5267,-47.952
15685,-80.129,-27.274
15686,-38.212,0.8102
15687,-38.532,1.5788
15688,-35.906,28.017
15689,32.996,1.408
15690,2.9009,17.402
15691,12.725,-41.749
15692,12.512,32.276
15693,104.88,0.94023
15694,-108.5,-9.1413
15695,81.826,42.607
15696,67.267,-53.574
15697,81.673,-33.249
15698,9.173,-83.382
15699,-89.474,23.782
15700,30.203,48.451
15701,-23.578,46.452
15702,-38.242,-11.793
15703,57.364,30.762
15704,-61.504,15.379
15705,-73.433,12.186
15706,90.326,-21.592
15707,68.086,-44.369
15708,-22.52,41.07
15709,-103.05,26.639
15710,-35.534,30.856
15711,71.606,29.338
15712,40.557,32.018
15713,-9.6826,116.62
15714,-68.989,-59.777
15715,42.844,13.536
15716,65.937,-23.196
15717,-0.88433,102.59
15718,-49.262,-21.565
15719,-42.272,-21.515
15720,58.852,76.366
15721,98.848,47.892
15722,40.121,78.587
15723,39.694,22.825
15724,61.079,-71.743
15725,88.255,-39.612
15726,82.077,-42.213
15727,21.972,79.944
15728,39.073,54.645
15729,-35.327,25.184
15730,8.3078,114.61
15731,-29.616,11.305
15732,-43.691,-22.135
15733,58.047,46.736
15734,38.771,91.487
15735,45.193,8.0223
15736,-38.358,-77.112
15737,-36,-66.664
15738,-24.84,40.105
15739,30.466,54.751
15740,-37.743,-6.0504
15741,-37.074,30.101
15742,-0.24109,79.355
15743,44.794,80.207
15744,98.875,48.039
15745,62.205,20.975
15746,104.2,30.508
15747,69.992,51.422
15748,11.346,44.927
15749,-5.1363,-22.471
15750,39.601,-74.41
15751,35.797,12.516
15752,-24.38,19.609
15753,82.005,46.396
15754,104.09,30.661
15755,55.378,31.86
15756,15.145,40.556
15757,-55.168,-59.466
15758,55.946,-3.6788
15759,22.038,60.182
15760,-72.338,-11.022
15761,-53.576,17.884
15762,-48.277,6.1084
15763,-58.811,-24.36
15764,-23.591,47.075
15765,72.323,33.418
15766,-34.803,-10.231
15767,-35.788,25.099
15768,-39.009,-22.857
15769,65.854,62.04
15770,85.908,45.839
15771,-9.4553,116.65
15772,28.241,-66.54
15773,-57.358,32.025
15774,50.191,26.098
15775,30.644,45.806
15776,25.758,29.528
15777,-53.63,-27.73
15778,-58.356,-30.321
15779,-32.028,29.154
15780,-69.619,71.937
15781,-24.81,35.46
15782,72.132,58.647
15783,65.45,44.958
15784,-61.609,20.511
15785,65.301,8.1644
15786,35.282,-15.058
15787,44.836,-48.038
15788,71.969,-39.656
15789,59.088,-6.1033
15790,32.583,50.731
15791,-45.155,-50.186
15792,-24.797,39.029
15793,-36.947,32.588
15794,-53.425,71.189
15795,19.141,81.777
15796,-35.271,16.791
15797,-2.6645,42.733
15798,75.393,44.435
15799,11.784,19.576
15800,85.945,33.994
15801,99.239,19.198
15802,41.784,40.001
15803,34.735,-85.245
15804,74.986,-0.055908
15805,39.142,-18.369
15806,-26.713,43.032
15807,-46.738,14.657
15808,83.117,68.474
15809,97.212,55.363
15810,74.763,13.806
15811,50.002,53.253
15812,74.971,55.411
15813,39.645,-47.878
15814,78.201,-35.687
15815,43.199,-68.822
15816,19.601,-8.4682
15817,-42.636,-3.7908
15818,31.883,-64.395
15819,-44.296,-20.305
15820,-67.805,-52.653
15821,-108.37,-9.2472
15822,58.147,-70.248
15823,28.608,-91.983
15824,-3.4372,-84.932
15825,48.598,50.77
15826,-23.757,43.509
15827,-65.612,-36.421
15828,-42.507,64.795
15829,42.959,28.153
15830,78,28.587
15831,-89.789,22.375
15832,68.186,-4.3673
15833,66.608,-11.901
15834,-89.218,8.2376
15835,55.25,-83.926
15836,-54.836,-45.007
15837,-33.186,5.1433
15838,59.581,-10.578
15839,-66.929,10.713
15840,34.532,-15.04
15841,14.178,17.743
15842,64.819,27.966
15843,29.232,55.711
15844,-26.594,43.682
15845,76.907,29.005
15846,104.32,30.502
15847,98.543,52.558
15848,61.735,21.232
15849,-10.473,-29.825
15850,-92.263,16.809
15851,19.251,48.24
15852,2.1755,-31.515
15853,-11.063,-2.805
15854,4.1567,27.845
15855,-7.6673,30.845
15856,45.678,88.478
15857,-25.468,18.677
15858,-12.298,-25.116
15859,71.696,32.463
15860,38.977,54.361
15861,57.275,52.787
15862,81.801,47.963
15863,-12.776,115.96
15864,12.517,-9.475
15865,62.886,49.778
15866,39.978,78.355
15867,35.707,-13.098
15868,83.473,-12.377
15869,91.819,-19.706
15870,19.435,-60.604
15871,-58.772,-29.252
15872,62.879,36.152
15873,75.821,54.157
15874,97.073,18.896
15875,83.709,67.519
15876,84.907,69.592
15877,95.382,57.976
15878,73.731,38.079
15879,-82.472,21.343
15880,-82.462,-41.451
15881,60.164,38.866
15882,27.494,-72.133
15883,54.537,-2.0621
15884,29.132,-38.911
15885,-52.151,72.475
15886,-24.42,23.736
15887,-58.614,-12
15888,2.4403,13.052
15889,-30.92,-5.7841
15890,93.543,-17.343
15891,-109.02,-8.063
15892,83.477,-9.2248
15893,-11.066,-2.8054
15894,3.013,-50.009
15895,77.543,-59.356
15896,-41.42,-15.938
15897,-33.908,6.6415
15898,-38.166,84.431
15899,-45.156,-27.288
15900,-40.088,30.859
15901,-62.456,-33.035
15902,-55.682,-10.297
15903,62.711,-27.593
15904,94.196,59.42
15905,96.287,57.529
15906,77.545,51.815
15907,-31.676,90.955
15908,37.248,-6.3522
15909,59.014,-39.054
15910,78.748,-57.013
15911,-26.427,22.073
15912,-38.48,85.428
15913,-48.302,13.048
15914,-37.339,55.389
15915,-46.387,43.158
15916,-65.752,2.8776
15917,37.491,-13.89
15918,25.57,-15.957
15919,28.586,-67.62
15920,-4.1135,38.383
15921,-45.781,3.4332
15922,-57.69,54.208
15923,-62.763,-33.476
15924,-61.651,-30.047
15925,22.376,-46.872
15926,94.162,21.727
15927,70.574,65.978
15928,19.976,18.113
15929,-7.1445,-45.705
15930,3.0822,-25.338
15931,-39.456,37.329
15932,97.38,45.363
15933,62.965,36.084
15934,98.434,20.59
15935,34.505,81.96
15936,4.5689,57.791
15937,48.378,56.693
15938,36.061,-9.1882
15939,-43.617,-20.357
15940,-46.908,-25.566
15941,-33.469,32.732
15942,78.06,24.35
15943,93.816,59.832
15944,104.81,0.90117
15945,-45.589,-41.953
15946,96.173,-60.321
15947,89.722,-41.922
15948,53.777,29.708
15949,48.593,18.522
15950,17.275,-51.25
15951,-38.968,-1.8969
15952,-34.153,-5.2536
15953,-27.334,44.721
15954,-28.098,31.64
15955,-64.667,-33.687
15956,96.983,19.163
15957,67.382,70.35
15958,40.769,0.31056
15959,34.887,-7.0609
15960,52.759,-89.197
15961,47.803,11.585
15962,25.204,-10.31
15963,-71.749,69.383
15964,-41.832,28.207
15965,5.7815,15.318
15966,27.15,-96.307
15967,70.667,29.388
15968,28.905,27.579
15969,50.608,38.48
15970,27.069,-38.605
15971,-71.313,13.323
15972,-40.494,-91.711
15973,50.949,21.197
15974,-66.371,6.9089
15975,-92.055,-7.5895
15976,93.335,-40.108
15977,-12.269,-87.433
15978,-57.396,50.121
15979,-24.857,44.993
15980,-52.151,73.062
15981,46.522,88.164
15982,100.7,16.781
15983,-107.1,28.947
15984,59.456,-10.244
15985,57.611,16.031
15986,74.637,-0.44272
15987,38.27,-46.208
15988,52.575,5.1463
15989,-34.925,36.056
15990,-42.019,50.02
15991,-27.191,54.782
15992,85.934,34.687
15993,-6.8259,-77.495
15994,-105.36,35.781
15995,84.213,39.406
15996,37.758,16.379
15997,14.734,54.442
15998,57.517,76.726
15999,63.321,11.186
16000,42.008,-7.611
16001,34.5,-55.312
16002,48.584,52.469
16003,29.342,48.404
16004,31.318,51.699
16005,-57.81,-26.801
16006,32.194,53.324
16007,8.4216,114.6
16008,93.354,21.584
16009,77.183,53.738
16010,-79.529,-50.115
16011,76.924,32.682
16012,45.98,14.679
16013,50.481,8.4242
16014,59.986,-58.411
16015,-45.308,-32.878
16016,-40.092,32.197
16017,36.159,85.213
16018,-32.11,2.3552
16019,71.763,32.535
16020,99.071,49.436
16021,54.124,18.947
16022,27.213,37.03
16023,52.301,30.883
16024,-90.174,4.1644
16025,-85.008,35.273
16026,-36.462,28.102
16027,-9.0731,84.198
16028,-61.334,73.972
16029,-33.344,40.49
16030,77.557,27.315
16031,93.21,60.488
16032,-71.774,50.415
16033,82.809,41.121
16034,-7.4991,116.87
16035,96.412,56.609
16036,37.52,-57.99
16037,50.301,-47.566
16038,-1.49,-45.745
16039,-22.474,80.807
16040,-25.246,37.336
16041,-81.172,20.229
16042,-31.913,22.041
16043,-36.017,37.913
16044,6.9255,114.67
16045,-69.548,-70.413
16046,-73.93,-21.17
16047,90.972,-22.883
16048,2.9536,-40.913
16049,29.937,17.877
16050,-26.799,-102.59
16051,-24.907,12.503
16052,-4.49,81.446
16053,-35.157,57.94
16054,59.866,53.831
16055,46.495,15.126
16056,53.441,17.896
16057,37.692,-6.9019
16058,7.8075,-62.199
16059,9.3286,-83.473
16060,89.841,27.763
16061,-5.3891,100.82
16062,59.038,76.105
16063,73.228,13.55
16064,40.379,23.78
16065,53.857,10.357
16066,85.73,-41.217
16067,78.961,-50.518
16068,81.95,-23.938
16069,-5.9761,-77.463
16070,-51.075,-14.29
16071,-26.855,43.885
16072,-25.845,32.264
16073,24.305,66.682
16074,77.39,28.75
16075,103.96,30.782
16076,72.438,58.631
16077,100.94,17.37
16078,-66.997,-52.452
16079,-63.565,18.919
16080,-70.697,26.646
16081,2.8773,-31.381
16082,64.637,-15.219
16083,-67.325,-14.273
16084,-12.612,-57.347
16085,-56.551,46.635
16086,-33.739,43.352
16087,-46.635,-17.118
16088,-47.733,-25.125
16089,-88.194,-22.464
16090,-62.501,-38.595
16091,19.252,36.78
16092,49.057,51.921
16093,6.0404,20.159
16094,79.991,50.742
16095,59.742,75.384
16096,84.741,13.046
16097,-41.213,92.391
16098,8.4755,17.415
16099,80.49,49.793
16100,94.167,22.468
16101,-11.065,-2.8093
16102,-71.836,13.831
16103,82.108,-42.921
16104,6.4956,-30.013
16105,-46.664,59.95
16106,-43.819,37.943
16107,-24.454,37.861
16108,-17.892,-15.388
16109,100.62,17.028
16110,80.038,-51.823
16111,82.059,41.353
16112,-105.12,35.554
16113,61.835,53.399
16114,59.112,8.7819
16115,56.812,17.82
16116,4.2517,-42.193
16117,87.636,-22.244
16118,-39.845,36.464
16119,-32.833,42.722
16120,-45.687,-19.545
16121,8.0979,114.62
16122,87.34,35.467
16123,-83.546,31.505
16124,49.051,36.526
16125,6.8955,-31.441
16126,-28.419,-93.695
16127,-63.23,6.8721
16128,-3.7807,-37.893
16129,15.116,-35.671
16130,-43.143,10.371
16131,-38.152,-0.0065905
16132,44.855,80.344
16133,66.942,53.266
16134,86.83,35.688
16135,-71.735,-43.579
16136,79.982,42.897
16137,-13.762,49.785
16138,72.187,58.866
16139,46.356,-75.002
16140,-32.888,-82.037
16141,-45.89,-89.843
16142,81.371,0.29051
16143,-82.887,19.775
16144,-50.217,-24.767
16145,-42.549,-20.395
16146,-34.864,-10.187
16147,-11.062,-2.8125
16148,50.117,23.71
16149,4.6025,-27.012
16150,36.405,-51.501
16151,-18.148,-106.15
16152,-51.315,-20.274
16153,-30.821,2.1138
16154,96.001,21.006
16155,56.998,43.312
16156,23.923,-95.318
16157,78.71,33.976
16158,52.3,-50.829
16159,0.768,-43.35
16160,35.853,-61.998
16161,-13.156,14.005
16162,-41.744,50.182
16163,-49.559,-23.7
16164,46.782,52.304
16165,-23.979,45.056
16166,83.105,32.832
16167,75.665,28.942
16168,-5.5312,75.562
16169,-18.991,112.67
16170,-30.964,95.552
16171,57.952,20.942
16172,3.6537,30.603
16173,-45.961,45.442
16174,-54.864,-35.81
16175,-51.041,-15.064
16176,-56.809,-8.7264
16177,-49.23,-24.076
16178,-37.962,0.78823
16179,-41.109,-6.6262
16180,70.9,64.366
16181,57.916,73.629
16182,81.787,48.097
16183,93.829,23.473
16184,81.835,47.72
16185,37.171,38.165
16186,99.753,-60.585
16187,-60.702,18.255
16188,-106.91,28.987
16189,35.828,-18.723
16190,41.253,36.208
16191,61.433,35.246
16192,-22.858,-88.624
16193,31.212,51.487
16194,-33.268,41.996
16195,-38.899,29.177
16196,-41.536,56.576
16197,-32.562,-3.9387
16198,-47.877,-19.077
16199,-42.177,-24.657
16200,30.196,97.525
16201,88.539,33.401
16202,73.077,20.437
16203,100.17,-0.61306
16204,34.907,-66.414
16205,-73.54,13.162
16206,60.155,9.1217
16207,29.338,-21.815
16208,26.223,-31.396
16209,78.036,-4.5925
16210,-13.42,-29.069
16211,-54.303,-8.7449
16212,-32.948,20.878
16213,81.787,47.99
16214,104.1,32.994
16215,-18.534,113.09
16216,74.787,-33.049
16217,91.177,-16.744
16218,-64.278,-43.283
16219,15.315,-47.989
16220,-58.023,-30.985
16221,-42.62,-21.145
16222,-44.596,-34.263
16223,87.221,35.527
16224,-53.366,27.601
16225,70.841,-52.629
16226,-115.04,38.231
16227,-59.885,-15.417
16228,-24.949,32.124
16229,-47.323,-16.515
16230,-5.5806,81.554
16231,-51.998,-21.802
16232,-41.322,-21.209
16233,-60.51,43.522
16234,72.026,58.981
16235,40.669,90.516
16236,16.213,-44.063
16237,55.13,6.9399
16238,1.1939,-47.73
16239,62.011,-53.371
16240,-33.781,-2.5639
16241,-36.316,55.177
16242,-8.6627,116.76
16243,44.795,8.314
16244,-84.643,35.747
16245,-93.176,13.941
16246,-55.033,19.214
16247,9.9779,-52.941
16248,32.804,-17.719
16249,-32.056,33.953
16250,24.818,97.085
16251,-8.9766,-3.0737
16252,-10.994,-78.618
16253,36.413,-16.006
16254,30.166,52.938
16255,-22.413,-106.25
16256,-36.21,27.721
16257,-65.028,-34.176
16258,-38.543,-0.20675
16259,-10.711,116.44
16260,90.261,26.698
16261,86.558,31.619
16262,51.522,52.561
16263,55.715,22.073
16264,-97.985,19.458
16265,-67.403,5.4286
16266,18.452,-20.969
16267,51.352,-83.87
16268,-26.649,28.338
16269,-19.634,17.203
16270,21.978,75.231
16271,-60.021,-19.074
16272,-3.4487,39.406
16273,80.814,30.713
16274,85.838,36.594
16275,83.69,43.27
16276,53.508,-17.907
16277,58.772,-17.088
16278,-44.091,-89.347
16279,60.081,-55.081
16280,55.895,15.801
16281,90.843,-17.037
16282,4.8376,-25.187
16283,81.163,-8.8872
16284,17.948,-18.915
16285,51.08,-71.285
16286,-24.852,-54.38
16287,-59.3,56.667
16288,-69.214,-32.385
16289,20.502,43.245
16290,35.827,89.996
16291,50.79,77.029
16292,-118.39,12.904
16293,-103.99,-12.979
16294,65.807,20.438
16295,82.953,-26.363
16296,57.666,-52.83
16297,43.059,24.803
16298,-71.378,70.588
16299,-57.213,-8.8376
16300,-8.1825,81.437
16301,-32.243,24.609
16302,104.05,31.01
16303,7.9962,114.62
16304,50.842,-15.759
16305,60.691,4.6347
16306,41.739,-57.632
16307,91.751,56.996
16308,36.76,-20.73
16309,-12.71,-32.548
16310,-64.709,-81.206
16311,-66.666,5.9995
16312,-72.407,-24.708
16313,-0.16728,-76.136
16314,-18.009,-15.031
16315,-37.897,30.413
16316,9.7915,41.837
16317,-48.4,12.205
16318,-32.682,10.945
16319,60.213,-26.419
16320,76.663,25.653
16321,-63.185,78.18
16322,83.719,39.992
16323,-71.414,15.294
16324,50.51,-2.6487
16325,37.71,-30.608
16326,-55.771,-23.555
16327,-38.902,13.752
16328,-57.191,-14.543
16329,-29.771,-2.0904
16330,80.137,34.972
16331,-16.812,114.32
16332,-97.118,31.31
16333,-92.697,23.026
16334,-69.971,5.5612
16335,5.408,-18.334
16336,-24.156,46.963
16337,-6.7375,82.647
16338,-42.522,-20.924
16339,96.222,19.576
16340,-38.748,84.822
16341,-87.765,44.881
16342,54.049,32.896
16343,55.279,23.015
16344,60.94,-3.8535
16345,-55.048,17.39
16346,-64.943,-31.965
16347,90.223,31.233
16348,-77.835,58.495
16349,-2.7797,-82.809
16350,-27.817,-65.374
16351,60.628,52.275
16352,41.614,-7.2176
16353,37.176,-58.539
16354,17.483,-28.523
16355,-5.2801,78.161
16356,31.845,51.798
16357,52.994,17.15
16358,89.413,28.022
16359,63.729,-4.8674
16360,46.489,-46.399
16361,78.146,-29.302
16362,-94.509,23.08
16363,50.227,4.3949
16364,-56.705,45.764
16365,-55.217,-24.872
16366,-61.906,-33.451
16367,23.538,68.373
16368,88.072,24.913
16369,85.849,29.988
16370,93.048,24.929
16371,-7.6773,-7.9847
16372,71.057,26.581
16373,42.186,33.511
16374,58.492,-80.271
16375,53.317,-0.69354
16376,66.139,7.6461
16377,31.565,51.665
16378,97.077,55.59
16379,96.362,19.362
16380,42.534,89.766
16381,73.594,78.633
16382,91.868,61.894
16383,-17.169,-4.081
16384,94.271,59.334
16385,57.485,31.794
16386,19.51,-82.369
16387,-8.407,43.858
16388,-48.7,-33.053
16389,0.84972,31.818
16390,104.14,30.945
16391,76.693,55.252
16392,-11.182,-7.9913
16393,36.443,14.759
16394,70.722,-39.337
16395,-15.873,-41.315
16396,72.768,-2.0573
16397,83.331,-42.958
16398,59.938,-44.131
16399,-35.901,28.638
16400,30.107,56.701
16401,-41.339,-14.119
16402,32.904,79.092
16403,99.021,50.397
16404,-108.75,-8.9312
16405,-107.66,-9.7658
16406,-65.702,-1.2393
16407,40.791,7.3301
16408,32.293,-15.439
16409,72.398,-13.379
16410,-26.414,18.658
16411,-53.84,-20.71
16412,70.745,29.612
16413,62.729,17.069
16414,63.132,14.904
16415,41.693,-50.534
16416,7.0582,88.348
16417,60.937,-11.199
16418,-58.825,15.164
16419,77.467,-4.5531
16420,-16.911,82.507
16421,27.796,34.174
16422,-57.506,-7.636
16423,44.737,82.553
16424,70.73,65.468
16425,-37.914,-10.858
16426,-29.974,-0.45347
16427,38.775,28.092
16428,75.747,30.486
16429,46.496,-0.59708
16430,56.557,6.4521
16431,-74.789,-74.061
16432,-89.326,10.553
16433,7.0066,-78.1
16434,79.264,-36.458
16435,30.063,-92.117
16436,-5.1227,-82.557
16437,-32.553,31.198
16438,-52.095,73.443
16439,47.548,11.946
16440,-11.143,-52.329
16441,95.98,19.613
16442,98.112,20.807
16443,64.873,20.963
16444,55.864,-12.295
16445,-106.69,-11.9
16446,-60.034,29.949
16447,-30.052,49.209
16448,35.601,-46.7
16449,20.079,-84.957
16450,-106.07,14.469
16451,70.491,-47.032
16452,-2.971,-56.695
16453,-49.208,-19.186
16454,-25.054,39.019
16455,-36.838,28.533
16456,-25.208,37.457
16457,-13.783,115.64
16458,91.187,24.951
16459,30.963,22.896
16460,71.9,-50.298
16461,41.963,-29.016
16462,42.661,-30.485
16463,15.633,7.0105
16464,-43.612,5.3131
16465,-30.151,-1.5722
16466,43.353,89.555
16467,-79.17,60.917
16468,16.001,-99.24
16469,-1.1825,101.7
16470,46.977,37.861
16471,-72.15,8.0672
16472,-6.2895,-93.711
16473,77.857,-5.23
16474,-74.888,-74.055
16475,-26.196,-90.358
16476,-52.422,-21.701
16477,-56.739,-13.849
16478,-35.149,28.437
16479,-60.583,-32.888
16480,83.067,32.794
16481,-42.312,90.407
16482,30.656,32.848
16483,51.133,6.3384
16484,85.81,-38.365
16485,-66.545,7.91
16486,-75.799,-11.42
16487,3.1303,-86.774
16488,-25.626,43.984
16489,5.9634,15.255
16490,69.563,38.312
16491,79.166,48.194
16492,40.004,78.269
16493,42.968,-48.568
16494,-2.8638,-61.348
16495,63.455,-15.265
16496,-25.489,39.797
16497,-37.549,-22.731
16498,91.711,19.04
16499,48.689,2.8156
16500,32.957,95.535
16501,35.174,77.547
16502,58.403,32.787
16503,78.673,36.073
16504,64.745,-63.611
16505,57.572,-39.918
16506,72.294,-16.504
16507,-25.095,43.984
16508,-41.875,40.245
16509,27.998,55.003
16510,-43.105,5.2813
16511,88.2,29.171
16512,-8.2931,116.8
16513,70.512,66.143
16514,10.85,28.032
16515,5.9544,22.396
16516,77.668,-59.838
16517,-36.165,-76.438
16518,-75.204,-62.865
16519,-36.504,30.435
16520,-68.264,73.539
16521,-7.2515,99.045
16522,60.603,-15.366
16523,-38.337,-22.794
16524,78.021,33.359
16525,-30.792,-70.789
16526,-16.682,15.896
16527,-69.012,70.511
16528,51.572,16.984
16529,85.505,-41.839
16530,58.449,-45.837
16531,45.866,-75.812
16532,93.549,-18.538
16533,-35.053,3.9829
16534,-33.68,2.9229
16535,-37.035,-22.629
16536,88.177,29.191
16537,104.77,12.432
16538,-92.116,18.791
16539,89.616,29.986
16540,-41.284,-26.83
16541,72.554,58.481
16542,67.967,-5.0088
16543,78.206,-18.831
16544,-25.222,-78.425
16545,39.467,54.866
16546,-43.936,-20.246
16547,-46.658,43.475
16548,-34.674,17.711
16549,28.816,53.045
16550,81.247,50.14
16551,90.211,35.09
16552,97.257,55.285
16553,50.631,39.434
16554,71.937,-1.2563
16555,4.5149,-49.738
16556,-71.956,-75.102
16557,-53.966,71.342
16558,-42.734,5.2504
16559,-33.256,11.671
16560,6.5838,20.424
16561,-84.342,64.281
16562,76.308,-31.935
16563,-3.3678,-36.338
16564,60.734,-4.204
16565,71.098,-38.561
16566,42.913,-78.026
16567,26.926,10.521
16568,23.413,65.37
16569,100.8,17.106
16570,88.644,9.8653
16571,78.824,53.524
16572,44.506,19.748
16573,47.434,27.319
16574,46.476,-13.661
16575,84.599,-10.75
16576,3.7687,-41.261
16577,4.3375,20.381
16578,-32.956,42.673
16579,-36.7,44.543
16580,-36.612,30.989
16581,-24.764,43.889
16582,31.997,52.161
16583,-57.979,-33.539
16584,92.907,23.384
16585,81.24,49.999
16586,89.342,34.857
16587,0.027092,101.08
16588,85.279,12.69
16589,58.601,76.538
16590,16.17,-98.722
16591,66.775,-22.312
16592,-104.38,33.896
16593,-38.789,-73.282
16594,-70.103,25.212
16595,63.609,10.234
16596,-75.751,-1.7892
16597,23.957,16.912
16598,-39.737,58.41
16599,-61.309,-20.465
16600,38.379,54.05
16601,-32.678,-28.175
16602,-32.279,24.471
16603,6.9613,114.67
16604,93.646,22.389
16605,64.016,-7.5909
16606,-68.487,-0.76059
16607,56.165,-60.074
16608,48.996,-27.096
16609,25.647,-19.497
16610,91.043,-19.426
16611,-9.2131,-53.187
16612,42.547,-10.151
16613,-41.333,-7.1297
16614,-29.896,30.656
16615,-40.118,32.637
16616,-34.948,26.219
16617,-22.053,80.233
16618,-10.611,0.62049
16619,66.859,-16.514
16620,62.501,-13.384
16621,52.439,7.596
16622,-1.2169,-28.856
16623,-73.362,12.35
16624,46.102,-54.598
16625,69.322,-13.187
16626,28.484,-39.129
16627,-56.044,-8.2512
16628,-49.729,-23.196
16629,-1.1805,39.779
16630,49.975,52.821
16631,-53.116,7.9552
16632,39.17,7.8367
16633,56.861,6.8157
16634,55.745,14.978
16635,79.452,40.955
16636,-51.274,-14.263
16637,-20.726,81.351
16638,5.8084,21.154
16639,86.547,32.035
16640,99.398,19.027
16641,75.728,54.347
16642,-33.782,-33.94
16643,38.647,-33.92
16644,81.944,-22.817
16645,-45.27,-19.972
16646,-24.085,18.269
16647,84.125,43.022
16648,68.677,84.912
16649,65.606,-8.7713
16650,41.844,-8.725
16651,33.355,-84.708
16652,-37.204,35.995
16653,-63.044,-27.805
16654,88.4,7.021
16655,-29.441,95.998
16656,79.289,-36.332
16657,-21.898,32.872
16658,-26.811,53.578
16659,-22.264,42.245
16660,80.581,51.155
16661,75.5,50.413
16662,95.397,20.293
16663,72.608,58.308
16664,82.163,43.684
16665,73.657,38.334
16666,83.943,32.821
16667,46.858,42.976
16668,47.587,23.196
16669,-88.712,31.947
16670,87.688,-3.1182
16671,18.814,-24.672
16672,52.275,-51.153
16673,28.868,-40.596
16674,93.895,-42.429
16675,-46.164,-19.337
16676,-33.527,42.882
16677,100.85,6.7643
16678,7.786,114.64
16679,-24.235,-104.72
16680,58.122,10.381
16681,47.409,-85.237
16682,-23.661,-69.456
16683,-41.053,-0.53163
16684,-40.024,31.144
16685,-20.345,42.138
16686,8.7255,29.928
16687,-106.56,29.427
16688,72.387,58.701
16689,28.89,33.806
16690,-88.173,44.82
16691,46.39,-72.34
16692,50.005,-69.497
16693,82.653,27.372
16694,84.74,-2.8447
16695,47.912,4.4561
16696,51.256,-4.8995
16697,-51.512,-15.805
16698,-55.353,-36.869
16699,-45.506,39.753
16700,77.677,42.714
16701,6.2992,23.9
16702,71.996,32.619
16703,74.395,56.812
16704,-6.7841,1.1688
16705,-118.84,12.17
16706,-106.11,0.94354
16707,53.149,24.748
16708,49.9,40.074
16709,36.394,-5.4011
16710,-31.669,-63.439
16711,66.3,-21.426
16712,-24.913,-54.085
16713,-1.0715,-49.635
16714,-81.131,-54.212
16715,-9.6203,-80.121
16716,-58.708,-29.944
16717,86.842,36.414
16718,-109.35,-8.4527
16719,-91.779,6.0419
16720,78.388,33.865
16721,47.136,36.707
16722,55.915,21.97
16723,-69.239,-14.493
16724,50.739,-71.236
16725,-38.793,43.592
16726,-52.687,-14.872
16727,78.127,28.841
16728,88.418,29.365
16729,58.284,9.2195
16730,80.538,40.974
16731,89.473,-43.286
16732,-0.048967,-46.4
16733,-20.652,37.734
16734,-47.231,-24.688
16735,-50.612,-17.801
16736,9.0969,18.645
16737,81.344,45.681
16738,89.94,29.974
16739,32.566,78.581
16740,-83.306,-7.4538
16741,50.979,-3.1228
16742,45.512,-56.577
16743,55.534,-39.508
16744,42.386,-10.422
16745,-19.803,-71.059
16746,-30.569,34.388
16747,-26.592,53.122
16748,-32.58,23.875
16749,-14.135,101.59
16750,101.98,-0.22876
16751,15.137,30.235
16752,-94.765,17
16753,-108.98,-8.8692
16754,23.059,75.534
16755,91.533,-30.711
16756,3.0302,7.1459
16757,17.776,-81.486
16758,29.056,-55.655
16759,-75.983,34.604
16760,-40.56,-13.718
16761,-56.205,-29.021
16762,90.071,31.371
16763,22.286,-22.053
16764,29.448,10.384
16765,-45.886,-9.0079
16766,-50.639,-14.877
16767,-25.312,37.07
16768,-42.127,-23.039
16769,79.085,27.778
16770,-80.649,62.707
16771,72.088,58.816
16772,84.35,39.411
16773,43.124,61.901
16774,-8.9962,-29.441
16775,30.827,-51.874
16776,-99.065,5.3136
16777,-41.973,-21.56
16778,-53.939,-27.055
16779,-48.258,-16.06
16780,24.509,97.567
16781,79.024,53.285
16782,84.618,-4.4348
16783,-72.628,-76.385
16784,-65.018,-83.323
16785,-47.517,-18.989
16786,63.984,17.726
16787,88.681,29.312
16788,95.699,17.335
16789,67.762,70.037
16790,-14.822,-7.3692
16791,60.707,37.61
16792,25.818,-92.289
16793,65.829,-8.9224
16794,81.18,-15.672
16795,9.1854,-61.698
16796,-11.056,-78.187
16797,-23.582,-90.083
16798,12.543,-80.988
16799,-35.921,37.757
16800,-59.064,-26.001
16801,-59.022,-30.176
16802,-33.253,32.869
16803,79.632,50.112
16804,92.803,24.4
16805,93.002,23.249
16806,27.303,75.698
16807,-72.543,15.084
16808,-29.104,-77.214
16809,-61.743,13.635
16810,7.6409,-32.951
16811,74.98,-57.424
16812,-48.634,-24.168
16813,12.678,28.375
16814,-6.35,0.69185
16815,-41.968,65.244
16816,-103.36,-4.8541
16817,35.842,-46.494
16818,-53.446,-59.768
16819,72.258,-16.791
16820,6.6578,-26.604
16821,-47.501,-16.457
16822,40.819,51.994
16823,104.81,3.2351
16824,50.746,-2.8127
16825,3.7453,-27.076
16826,90.656,-12.915
16827,-47.311,-24.838
16828,-33.659,25.43
16829,-46.88,-16.832
16830,-36.142,-33.356
16831,-102.97,21.334
16832,-100.12,26.688
16833,41.834,43.809
16834,52.975,17.108
16835,-16.817,84.472
16836,46.529,9.1871
16837,-39.153,-88.562
16838,-13.555,-32.207
16839,16.788,-72.721
16840,14.446,-65.794
16841,-21.553,35.896
16842,66.048,28.909
16843,0.92882,21.225
16844,30.401,48.526
16845,-16.441,114.53
16846,97.409,21.756
16847,99.14,19.092
16848,15.973,-13.983
16849,-69.214,39.013
16850,54.144,8.7073
16851,65.876,46.658
16852,-8.6619,-28.103
16853,54.365,-2.2797
16854,92.051,-18.047
16855,-2.4095,-43.242
16856,-26.995,2.4382
16857,29.188,48.971
16858,92.139,22.357
16859,38.135,33.597
16860,-88.248,23.515
16861,31.777,29.525
16862,-82.295,34.909
16863,78.306,39.802
16864,-61.716,15.144
16865,51.11,-56.199
16866,-33.237,20.539
16867,-25.287,38.748
16868,-31.177,5.7899
16869,-35.675,27.406
16870,-32.887,42.752
16871,86.23,33.108
16872,94.813,22.19
16873,47.559,38.319
16874,56.518,43.429
16875,57.369,52.758
16876,87.805,-24.9
16877,83.2,-25.875
16878,86.061,-1.6742
16879,45.313,34.645
16880,-82.08,21.752
16881,-33.219,93.324
16882,-32.717,33.719
16883,70.773,28.999
16884,32.85,49.63
16885,71.998,58.948
16886,89.264,29.925
16887,95.174,21.113
16888,61.766,-60.626
16889,42.844,26.345
16890,26.496,-31.52
16891,-74.819,-74.014
16892,-2.1802,23.316
16893,-41.503,4.2742
16894,-20.088,83.191
16895,30.976,97.294
16896,72.07,38.697
16897,93.976,22.457
16898,42.796,89.69
16899,84.233,40.767
16900,-12.692,-2.4475
16901,-63.608,-86.244
16902,67.131,-11.852
16903,67.254,-11.603
16904,57.729,-86.82
16905,87.18,-41.037
16906,-54.28,-38.739
16907,-31.954,22.671
16908,66.778,69.259
16909,11.151,30.329
16910,2.5375,63.192
16911,-53.303,-61.971
16912,-97.802,-12.531
16913,-59.404,-85.4
16914,11.499,69.578
16915,-23.947,37.078
16916,8.5078,16.105
16917,-57.821,-7.9511
16918,-67.481,-52.511
16919,-46.704,-41.803
16920,-32.912,20.982
16921,-48.756,-14.785
16922,-62.815,-38.759
16923,-80.635,-41.452
16924,-40.086,41.266
16925,12.558,28.436
16926,69.107,67.477
16927,69.342,38.185
16928,-84.362,64.271
16929,32.277,-6.4296
16930,-63.065,-78.283
16931,28.491,-93.391
16932,73.957,-3.8775
16933,85.657,-3.4972
16934,-8.8089,-94.653
16935,36.273,-65.72
16936,-36.268,28.651
16937,62.03,14.007
16938,-1.8982,22.332
16939,90.703,31.611
16940,-108.82,-8.9106
16941,-64.673,20.307
16942,20.245,-6.4155
16943,30.341,28.002
16944,-102.2,22.494
16945,-101.29,18.6
16946,17.419,-27.839
16947,-24.2,-90.197
16948,-54.375,-12.045
16949,-45.217,-19.913
16950,-33.645,-26.157
16951,-16.298,9.901
16952,74.487,27.592
16953,-101,25.693
16954,-77.098,7.1789
16955,-61.503,14.373
16956,63.565,-1.5099
16957,81.924,46.402
16958,56.238,22.334
16959,78.758,-31.416
16960,-79.604,5.7709
16961,74.603,-57.631
16962,-58.886,-30.571
16963,-0.6203,27.519
16964,-43.203,4.6078
16965,62.128,15.427
16966,100.8,16.724
16967,82.032,46.639
16968,46.245,88.128
16969,74.715,56.612
16970,49.813,-73.17
16971,29.484,-24.947
16972,92.919,-25.909
16973,51.127,-26.179
16974,-67.547,40.189
16975,-42.989,-20.648
16976,-1.0683,22.476
16977,-45.754,-23.842
16978,85.403,12.599
16979,101.67,6.1249
16980,61.716,36.078
16981,51.846,24.84
16982,83.296,-49.649
16983,-96.698,25.554
16984,-3.4349,-62.997
16985,-32.504,33.793
16986,-54.425,-11.859
16987,-60.473,-33.949
16988,3.5587,23.08
16989,12.662,18.77
16990,-105.75,-11.956
16991,55.786,14.866
16992,50.907,3.1919
16993,-67.011,10.087
16994,72.118,-14.72
16995,43.6,-14.544
16996,16.114,-73.41
16997,-41.849,-14.566
16998,-27.087,44.32
16999,-34.849,18.514
17000,-35.815,-8.851
17001,81.79,48.093
17002,25.801,52.898
17003,84.951,69.652
17004,82.145,46.836
17005,89.201,27.395
17006,89.654,28.114
17007,96.53,56.436
17008,-85.163,-21.969
17009,84.63,44.014
17010,52.05,13.963
17011,58.979,32.418
17012,84.203,-19.666
17013,43.709,-4.3403
17014,55.473,-3.0592
17015,-52.435,-39.006
17016,-55.083,-33.88
17017,36.65,93.262
17018,91.912,61.848
17019,-37.549,12.395
17020,55.013,31.335
17021,83.898,35.771
17022,1.9807,-28.169
17023,5.1954,-30.94
17024,47.014,20.667
17025,-4.019,-77.95
17026,-24.555,0.83624
17027,-84.129,30.862
17028,-43.896,38.54
17029,7.9323,114.63
17030,-76.428,35.077
17031,-107.43,28.573
17032,99.837,19.567
17033,54.185,7.0436
17034,-75.663,12.9
17035,-1.4412,-43.409
17036,53.265,-40.968
17037,86.063,-5.7707
17038,-37.84,-74.384
17039,-45.807,0.41255
17040,86.849,31.592
17041,17.112,-99.307
17042,-106.98,15.129
17043,50.678,38.034
17044,93.386,-28.013
17045,-39.545,-15.416
17046,-34.486,-3.5396
17047,-56.543,-29.449
17048,-10.197,116.53
17049,99.072,49.39
17050,70.777,65.432
17051,83.329,68.152
17052,53.994,7.4796
17053,18.218,-21.619
17054,77.796,-48.028
17055,-30.974,-0.93504
17056,-44.667,-18.668
17057,-47.113,14.454
17058,-32.504,11.131
17059,-46.978,-20.092
17060,56.294,-22.938
17061,63.655,20.816
17062,-7.2486,116.89
17063,-19.427,-3.6501
17064,-6.1439,-1.4673
17065,51.073,12.716
17066,42.556,-42.602
17067,71.875,59.068
17068,53.247,-40.949
17069,-103.27,-15.268
17070,-104.54,29.579
17071,-65.161,4.0793
17072,68.828,-11.851
17073,-50.103,-24.063
17074,-34.771,24.392
17075,-11.783,78.638
17076,-31.92,32.489
17077,-78.82,60.39
17078,95.564,57.743
17079,88.59,25.275
17080,46.277,7.7161
17081,45.212,-13.881
17082,-34.599,25.782
17083,-30.365,-3.1432
17084,35.928,85.16
17085,28.203,-56.853
17086,48.431,23.317
17087,98.045,18.207
17088,84.225,39.508
17089,104.71,0.84725
17090,9.6943,30.027
17091,14.84,32.84
17092,-11.711,-4.6728
17093,48.675,43.779
17094,50.014,39.51
17095,-89.334,31.907
17096,52.928,28.907
17097,-99.213,6.4009
17098,57.9,20.181
17099,-32.675,-81.922
17100,-70.107,2.268
17101,-34.867,15.735
17102,-41.097,3.8212
17103,12.101,33.557
17104,83.998,40.037
17105,70.066,53.797
17106,63.539,9.928
17107,89.011,-42.458
17108,62.31,-13.526
17109,57.985,-45.596
17110,76.831,-6.0747
17111,-0.82154,-88.693
17112,40.945,-58.077
17113,13.951,-65.776
17114,-66.12,-37.45
17115,-57.752,-7.0553
17116,-36.754,-9.5687
17117,102,5.9184
17118,20.41,-34.826
17119,-83.42,21.702
17120,34.738,-62.117
17121,54.418,14.293
17122,35.444,-19.076
17123,38.224,-42.616
17124,-63.92,-43.061
17125,-0.78022,22.323
17126,-50.718,-39.011
17127,-47.746,-16.262
17128,6.0221,-48.205
17129,68.037,45.646
17130,16.236,30.626
17131,85.54,35.361
17132,-81.742,21.107
17133,88.379,29.923
17134,42.669,19.527
17135,53.622,33.275
17136,36.658,-60.602
17137,63.597,11.508
17138,-20.055,-65.618
17139,-36.676,29.744
17140,-18.431,37.217
17141,23.505,65.456
17142,66.813,26.937
17143,70.05,28.943
17144,95.893,19.758
17145,81.757,48.126
17146,55.514,56.477
17147,-83.59,34.005
17148,78.029,33.848
17149,-50.039,86.988
17150,69.676,38.606
17151,-13.221,-1.6843
17152,43.26,86.482
17153,-58.998,1.9947
17154,-35.739,63.711
17155,39.415,9.1461
17156,17.686,-20.413
17157,-8.9972,-94.283
17158,-96.406,16.178
17159,66.572,25.723
17160,-36.27,30.402
17161,-29.305,-2.9187
17162,-65.053,-34.494
17163,-59.292,-33.93
17164,103.98,33.231
17165,-16.578,114.45
17166,90.118,28.468
17167,104.03,0.52634
17168,70.599,65.785
17169,-8.0526,-1.6372
17170,95.943,-40.357
17171,-75.687,-63.509
17172,61.445,-54.264
17173,-68.991,-15.228
17174,-29.188,-57.897
17175,-21.734,-90.99
17176,-50.319,-15.52
17177,-55.464,-8.4341
17178,101.86,-0.26042
17179,85.198,39.963
17180,85.532,8.1012
17181,76.419,54.773
17182,-63.077,19.712
17183,-94.496,15.788
17184,58.991,8.6484
17185,57.983,5.913
17186,52.841,-30.98
17187,-34.898,-10.51
17188,-21.451,79.781
17189,-27.695,46.841
17190,98.7,17.715
17191,-83.516,34.908
17192,-108.07,-9.4858
17193,79.298,-36.481
17194,50.219,39.921
17195,32.112,-29.195
17196,-5.407,-77.504
17197,-30.742,12.419
17198,71.66,37.995
17199,-47.805,-24.299
17200,-57.441,-22.267
17201,-81.983,21.045
17202,92.469,23.887
17203,54.825,31.784
17204,32.97,-45.223
17205,54.009,12.692
17206,43.181,-47.951
17207,-0.79258,-65.197
17208,-41.722,49.669
17209,-60.166,-19.171
17210,-11.254,-52.176
17211,-17.817,113.65
17212,71.861,59.371
17213,-21.659,9.7738
17214,61.432,35.969
17215,-20.518,-84.396
17216,82.783,-33.628
17217,-12.334,45.144
17218,0.34071,-22.509
17219,41.805,-69.471
17220,79.767,-32.369
17221,30.986,-0.048431
17222,42.968,-80.985
17223,-20.253,-3.0957
17224,82.783,43.867
17225,89.563,22.958
17226,89.299,31.289
17227,85.634,40.424
17228,52.626,32.843
17229,6.8773,24.975
17230,-104.41,-12.694
17231,65.284,89.994
17232,77.661,33.067
17233,-13.955,-82.383
17234,-62.683,15.786
17235,17.761,-20.65
17236,36.809,-10.184
17237,72.247,-56.491
17238,-59.745,-30.559
17239,23.689,68.169
17240,1.1658,21.375
17241,-82.279,34.81
17242,-15.045,-83.368
17243,90.824,-13.057
17244,25.258,-27.891
17245,-53.238,-21.668
17246,-58.542,-15.421
17247,-20.321,37.339
17248,-2.0729,24.292
17249,6.2505,20.136
17250,93.969,18.108
17251,43.862,11.984
17252,8.3842,24.801
17253,92.663,27.074
17254,-117.08,9.6631
17255,19.145,-84.953
17256,57.074,-9.9949
17257,58.584,22.18
17258,-102.88,18.563
17259,22.762,-10.608
17260,67.419,-11.021
17261,-2.221,-88.804
17262,80.808,-25.215
17263,-38.312,43.354
17264,-42.138,7.705
17265,57.428,-19.802
17266,-83.331,21.55
17267,-82.226,27.291
17268,-89.386,33.484
17269,-65.447,4.5132
17270,70.015,2.2341
17271,-76.034,16.082
17272,-7.5343,-47.313
17273,6.7315,-74.867
17274,56.561,-9.6797
17275,16.051,-40.263
17276,-34.867,6.9643
17277,-46.61,-24.764
17278,77.066,28.505
17279,86.78,31.166
17280,61.41,39.038
17281,82.573,43.964
17282,-41.908,-39.205
17283,57.231,42.146
17284,81,-38.373
17285,35.103,-20.297
17286,-24.617,-103.33
17287,43.529,-57.672
17288,-4.5218,-48.545
17289,22.552,-10.651
17290,44.976,-31.777
17291,68.663,-12.39
17292,-40.048,-15.102
17293,-49.225,-20.841
17294,-51.105,-14.134
17295,-37.681,-10.584
17296,-57.171,-22.126
17297,-3.1272,30.456
17298,-53.983,-37.133
17299,-17.002,114.21
17300,100.7,16.74
17301,76.907,53.113
17302,77.747,-49.866
17303,67.969,-53.251
17304,-26.983,45.022
17305,-39.191,1.3035
17306,-34.753,15.842
17307,11.266,28.386
17308,78.239,24.081
17309,105.15,12.071
17310,104.85,3.3128
17311,86.854,32.135
17312,79.286,35.127
17313,-81.338,-39.088
17314,-63.38,18.286
17315,25.168,-10.488
17316,-4.6541,-49.286
17317,-44.622,-35.455
17318,-46.638,-31.723
17319,78.337,51.773
17320,75.849,-33.638
17321,83.554,-17.853
17322,44.34,-13.688
17323,65.267,-2.5857
17324,25.995,35.669
17325,-34.112,26.356
17326,-32.542,23.386
17327,-44.809,-21.752
17328,-80.31,27.542
17329,85.347,40.919
17330,85.437,40.398
17331,90.018,26.863
17332,89.385,28.028
17333,81.2,50.274
17334,87.249,30.326
17335,3.6109,25.288
17336,-1.7794,61.912
17337,68.465,-14.99
17338,64.316,-9.755
17339,55.268,13.501
17340,-67.08,-80.725
17341,40.544,-81.894
17342,77.199,-49.62
17343,-94.881,18.902
17344,-53.064,-21.828
17345,6.6046,24.162
17346,86.362,33.285
17347,-97.341,20.314
17348,60.945,-3.525
17349,93.825,59.828
17350,-10.147,-36.905
17351,-11.464,-94.383
17352,-36.59,26.32
17353,9.6201,40.06
17354,-25.196,37.237
17355,98.505,17.806
17356,90.029,30.172
17357,10.308,27.788
17358,85.556,34.918
17359,-67.314,-52.573
17360,-83.204,36.952
17361,55.792,-11.553
17362,-11.419,-95.435
17363,65.254,7.6929
17364,49.241,-31.884
17365,43.722,-46.374
17366,1.674,13.967
17367,-49.711,66.331
17368,98.603,52.384
17369,21.822,-35.103
17370,91.662,26.579
17371,61.245,36.719
17372,41.236,-29.387
17373,49.191,-57.836
17374,74.598,-57.811
17375,64.657,-63.564
17376,-23.461,-91.55
17377,-52.735,-31.385
17378,-32.702,30.794
17379,70.932,65.113
17380,85.157,42.532
17381,96.361,19.642
17382,-49.64,-23.033
17383,-109.01,-8.7315
17384,47.642,23.121
17385,-64.764,-4.0767
17386,23.864,-88.794
17387,-32.618,-11.983
17388,23.662,-61.113
17389,-41.968,-23.094
17390,-62.127,-33.837
17391,-9.3363,116.67
17392,31.747,51.677
17393,34.917,67.011
17394,-88.615,31.252
17395,93.675,22.47
17396,62.713,40.194
17397,55.923,30.13
17398,-67.179,-4.8382
17399,-33.34,-79.386
17400,-24.512,-52.826
17401,44.941,21.432
17402,-44.508,41.428
17403,71.164,31.241
17404,100.72,16.75
17405,7.197,13.159
17406,74.638,54.414
17407,-6.8078,-0.22034
17408,-92.237,13.384
17409,-7.909,-89.05
17410,-39.275,-2.4636
17411,38.448,33.259
17412,-59.591,50.089
17413,-42.11,4.3115
17414,67.171,53.013
17415,94.185,59.432
17416,94.957,21.363
17417,52.03,15.329
17418,94.317,59.282
17419,-85.587,30.786
17420,42.572,11.738
17421,43.588,-60.047
17422,54.361,-86.746
17423,67.727,-13.386
17424,-8.1678,-90.155
17425,-17.027,-15.446
17426,-19.603,37.393
17427,11.461,29.194
17428,90.735,26.072
17429,-11.662,-16.151
17430,-91.44,13.063
17431,85.472,12.546
17432,17.961,-83.536
17433,-33.565,-39.298
17434,-67.713,5.5341
17435,81.091,0.47508
17436,75.352,-57.671
17437,-40.442,-2.0327
17438,-6.7638,-92.914
17439,37.532,7.685
17440,-46.143,-22.809
17441,-57.548,-25.149
17442,-36.024,25.212
17443,-2.2312,23.196
17444,52.042,48.672
17445,81.353,31.04
17446,-58.008,-88.852
17447,-72.324,-76.854
17448,-71.693,-53.313
17449,-0.12668,-22.935
17450,-35.966,-22.773
17451,45.785,-45.678
17452,-32.811,56.883
17453,-46.191,-25.589
17454,-24.965,38.989
17455,98.756,51.838
17456,72.696,54.292
17457,79.988,49.896
17458,37.577,-84.758
17459,-107.43,28.538
17460,62.477,21.801
17461,49.962,-31.723
17462,62.56,-9.6818
17463,-18.093,-34.992
17464,91.148,-30.434
17465,-46.3,43.606
17466,-37.715,43.883
17467,71.385,31.132
17468,3.3593,14.518
17469,77.243,28.761
17470,71.684,37.95
17471,63.735,39.742
17472,-79.458,38.462
17473,58.886,4.7039
17474,-11.785,-25.651
17475,79.289,-3.1316
17476,-63.224,-42.021
17477,-56.134,-8.2989
17478,75.905,28.637
17479,-48.509,-17.602
17480,102.26,33.068
17481,78.138,53.733
17482,95.331,44.096
17483,54.964,79.706
17484,82.354,44.08
17485,60.273,-22.638
17486,56.983,3.2924
17487,57.31,-40.407
17488,-20.349,-93.921
17489,1.3865,-43.813
17490,41.228,-38.105
17491,69.534,-10.278
17492,33.656,-28.196
17493,-9.2486,9.6045
17494,23.432,65.673
17495,-39.667,-17.459
17496,-48.621,-24.023
17497,-82.854,25.328
17498,-8.2862,116.8
17499,-13.596,-81.895
17500,78.329,53.487
17501,75.684,-78.563
17502,46.945,-5.7005
17503,65.033,-56.613
17504,56.925,15.86
17505,67.33,-55.285
17506,17.511,-64.525
17507,66.521,53.484
17508,-23.077,35.49
17509,90.651,26.044
17510,66.9,70.671
17511,18.22,-9.0489
17512,71.107,84.938
17513,49.346,38.332
17514,91.645,-21.525
17515,-3.635,74.593
17516,-79.558,61.427
17517,-106.27,-10.758
17518,38.778,32.612
17519,69.934,-51.173
17520,39.234,-10.619
17521,39.43,-8.9973
17522,-16.685,-42.752
17523,77.009,-6.3738
17524,-50.342,-23.566
17525,-59.338,-31.35
17526,-36.406,23.939
17527,-57.177,-15.259
17528,10.355,16.823
17529,84.046,39.581
17530,95.25,58.145
17531,75.055,-34.606
17532,60.95,-18.365
17533,91.625,-42.167
17534,41.443,-76.859
17535,-35.437,64.941
17536,-57.752,-14.568
17537,-35.418,37.917
17538,-47.288,-24.658
17539,73.594,78.633
17540,104.44,30.512
17541,100.22,-0.60545
17542,58.788,76.389
17543,75.782,-4.4484
17544,66.576,-50.478
17545,90.643,-18.933
17546,64.447,8.0232
17547,65.591,19.9
17548,70.133,-20.216
17549,-75.284,10.69
17550,89.733,-41.802
17551,58.708,-54.305
17552,-60.285,-18.756
17553,82.655,26.46
17554,89.655,27.472
17555,-108.98,-8.7593
17556,-70.473,-78.532
17557,-50.149,-89.499
17558,51.586,26.237
17559,64.554,-19.215
17560,-39.68,-23.152
17561,31.53,-0.90325
17562,-35.196,-24.233
17563,-36.933,27.535
17564,71.502,41.901
17565,85.494,35.461
17566,59.737,61.853
17567,38.434,91.625
17568,27.561,99.28
17569,102.86,32.379
17570,62.911,21.961
17571,93.174,-28.366
17572,-12.011,-40.661
17573,90.646,-15.647
17574,-33.916,-33.915
17575,33.23,-53.767
17576,-49.379,-23.919
17577,-77.669,58.145
17578,85.681,34.54
17579,5.4185,22.669
17580,79.611,51.848
17581,99.169,18.057
17582,89.73,25.04
17583,43.134,21.808
17584,86.814,30.998
17585,-66.938,-14.327
17586,35.374,-4.0787
17587,50.111,-87.701
17588,-35.435,6.9449
17589,-42.467,90.082
17590,102.82,32.157
17591,31.198,48.835
17592,98.145,18.071
17593,79.465,50.79
17594,94.446,59.142
17595,52.938,81.16
17596,7.5841,-33.039
17597,63.602,17.765
17598,57.94,6.9703
17599,53.773,-7.0256
17600,-53.99,-33.425
17601,88.48,30.739
17602,71.896,58.578
17603,-102.25,30.401
17604,-65.19,4.4072
17605,78.784,33.231
17606,78.665,32.136
17607,84.772,-36.87
17608,80.141,-2.5894
17609,79.443,36.357
17610,71.911,59.034
17611,-40.774,53.94
17612,10.512,16.856
17613,65.644,49.243
17614,-106.17,-9.591
17615,99.728,41.412
17616,69.512,-5.3265
17617,57.115,31.592
17618,-76.719,12.66
17619,55.611,15.227
17620,92.013,-19.494
17621,77.365,-33.702
17622,45.439,-67.891
17623,-57.78,53.751
17624,-25.679,43.786
17625,-31.982,22.09
17626,57.955,74.913
17627,85.421,35.857
17628,12.766,-48.468
17629,53.928,10.246
17630,28.737,34.719
17631,-71.043,8.4696
17632,85.377,-43.694
17633,31.329,-18.661
17634,66.5,-12.024
17635,-33.809,-11.019
17636,-39.948,-18.022
17637,-32.078,25.16
17638,-8.6669,83.557
17639,56.087,26.125
17640,97.16,18.619
17641,1.2127,1.4874
17642,0.94131,-49.107
17643,69.045,-16.714
17644,83.624,-26.842
17645,-3.3707,-35.908
17646,49.409,-31.684
17647,91.215,-16.912
17648,51.558,-57.847
17649,75.866,-43.011
17650,63.568,11.624
17651,-47.064,-27.106
17652,-11.828,-52.719
17653,-46.703,-25.515
17654,96.625,18.386
17655,109.02,6.2172
17656,91.586,25.423
17657,-1.6279,50.016
17658,17.619,-38.049
17659,-53.686,-58.284
17660,-83.363,-11.648
17661,74.602,-9.3454
17662,72.057,-16.878
17663,20.122,7.0428
17664,-34.179,-2.4028
17665,81.404,48.866
17666,90.654,25.959
17667,0.64472,27.666
17668,-104.32,35.264
17669,66.281,89.129
17670,-14.568,-22.672
17671,52.382,-58.445
17672,39.621,-48.674
17673,58.992,6.4014
17674,50.753,7.9255
17675,-106.09,29.24
17676,-3.5849,-30.603
17677,75.495,-57.844
17678,-14.979,-5.3849
17679,-42.837,89.411
17680,-16.168,83.792
17681,-56.516,-36.111
17682,80.304,51.139
17683,95.762,17.358
17684,72.681,53.855
17685,-10.177,-88.624
17686,81.547,-36.057
17687,54.075,-86.828
17688,47.83,-25.624
17689,-42.296,-21.818
17690,-65.153,77.544
17691,-45.086,-19.903
17692,-31.859,29.26
17693,69.489,26.486
17694,1.6318,-30.201
17695,-71.06,-77.994
17696,20.309,-21.336
17697,-17.422,-105.32
17698,47.121,29.881
17699,-33.698,1.295
17700,-45.83,-19.397
17701,98.853,51.415
17702,-16.531,114.48
17703,-101.17,19.158
17704,55.344,80.041
17705,42.673,14.151
17706,34.133,-9.7742
17707,-90.219,8.9794
17708,-25.223,52.672
17709,-55.708,-17.711
17710,69.077,65.472
17711,71.352,32.232
17712,96.093,19.741
17713,66.55,70.307
17714,66.582,45.365
17715,-115.28,13.089
17716,-86.865,-41.27
17717,-65.456,-42.484
17718,-33.616,41.667
17719,33.111,51.782
17720,75.851,54.379
17721,84.366,46.675
17722,-118.26,12.315
17723,52.614,10.793
17724,28.77,-97.184
17725,52.728,-57.115
17726,-88.416,9.2936
17727,-63.122,5.9381
17728,61.501,4.0199
17729,86.887,-1.5972
17730,87.22,-1.964
17731,-16.06,114.72
17732,78.019,24.201
17733,70.556,65.451
17734,71.956,58.909
17735,-118.82,12.244
17736,55.64,-64.848
17737,80.234,-29.921
17738,-0.85274,-45.207
17739,-101.85,22.887
17740,53.518,-57.646
17741,29.3,53.528
17742,3.2816,26.683
17743,-55.045,-44.52
17744,-43.01,37.979
17745,-37.29,-21.715
17746,96.337,56.727
17747,89.446,27.842
17748,90.617,25.963
17749,-23.14,-109.98
17750,62.133,36.715
17751,90.131,30.346
17752,79.346,53.092
17753,30.099,18.05
17754,-63.576,18.67
17755,61.437,-3.3303
17756,-11.737,-80.445
17757,70.296,-18.923
17758,-96.478,29.206
17759,15.259,-70.46
17760,-51.155,-23.572
17761,-32.493,22.818
17762,-44.336,84.747
17763,-104.06,-0.68093
17764,-90.949,13.617
17765,63.892,-5.2479
17766,21.256,-33.011
17767,49.387,-32.297
17768,-70.719,-10.922
17769,-1.5237,10.629
17770,47.044,-70.226
17771,65.962,25.464
17772,-5.6422,78.001
17773,81.698,48.417
17774,46.544,29.31
17775,30.552,27.985
17776,-75.849,-73.072
17777,80.322,-35.603
17778,-8.3454,-87.752
17779,51.686,-30.78
17780,28.088,-43.132
17781,17.031,-91.067
17782,0.16133,15.204
17783,-53.361,-34.362
17784,38.873,47.991
17785,29.754,51
17786,31.95,48.8
17787,-31.636,2.4108
17788,86.607,31.747
17789,-18.891,112.78
17790,-102.52,29.503
17791,11.826,-85.396
17792,-3.2468,-29.957
17793,-4.6237,-100.32
17794,38.314,-5.0268
17795,45.844,8.3755
17796,70.421,-39.753
17797,18.814,-21.077
17798,95.24,-42.466
17799,81.134,0.45214
17800,-2.0404,11.208
17801,-28.335,31.799
17802,-57.932,-40.62
17803,89.748,27.254
17804,98.228,46.429
17805,82.949,40.924
17806,89.158,28.046
17807,-29.242,66.278
17808,-16.83,11.314
17809,91.852,-12.13
17810,45.385,7.7006
17811,43.562,25.706
17812,70.221,-5.8738
17813,88.806,-41.727
17814,49.643,-49.993
17815,64.397,-23.501
17816,66.41,52.671
17817,94.035,18.016
17818,93.544,23.02
17819,22.529,-10.697
17820,24.56,80.533
17821,-7.8038,-9.8692
17822,-20.141,-25.07
17823,-66.415,-52.561
17824,63.102,13.794
17825,78.98,-56.615
17826,-12.945,-57.078
17827,-60.749,-39.709
17828,-49.402,71.284
17829,-30.856,10.656
17830,-85.254,26.859
17831,36.379,62.799
17832,-9.5742,-8.9603
17833,15.844,-89.034
17834,55.861,32.072
17835,-117.44,10.19
17836,-9.8671,-79.979
17837,-88.72,-22.872
17838,-31.655,-2.6415
17839,-31.054,1.3474
17840,78.189,24.062
17841,55.015,31.9
17842,-105.18,-12.351
17843,-94.128,0.13792
17844,57.021,16.537
17845,25.147,-10.556
17846,85.46,-4.9343
17847,80.314,-42.571
17848,89.048,-11.428
17849,21.49,-89.951
17850,-5.7685,1.7078
17851,69.388,53.978
17852,12.277,31.575
17853,-21.956,35.547
17854,47.666,49.293
17855,61.866,26.427
17856,100.25,17.084
17857,-10.792,-78.435
17858,-14.767,115.29
17859,-79.518,-5.8789
17860,106.84,-44.561
17861,21.433,-89.962
17862,-32.101,0.15093
17863,66.181,25.499
17864,97.478,54.898
17865,109.03,6.2241
17866,56.165,76.446
17867,82.568,42.142
17868,60.182,11.067
17869,-23.06,-14.291
17870,90.483,-11.798
17871,-44.528,6.6616
17872,-45.869,0.56489
17873,102.23,5.7448
17874,86.826,34.066
17875,56.485,58.611
17876,-76.706,-63.674
17877,60.595,-15.395
17878,80.21,37.409
17879,59.801,-55.019
17880,85,-40.888
17881,30.156,-16.006
17882,-1.4948,-91.265
17883,-104.31,18.696
17884,68.567,37.42
17885,-19.404,40.507
17886,22.498,74.613
17887,67.661,45.786
17888,90.48,30.04
17889,52.573,16.355
17890,92.958,26.52
17891,-105.68,-11.082
17892,-102.85,30.808
17893,56.462,6.8016
17894,-11.942,-94.579
17895,-84.34,64.277
17896,-82.105,-38.579
17897,-63.193,-30.977
17898,-33.667,17.067
17899,94.642,21.425
17900,-8.017,116.82
17901,88.26,29.233
17902,54.583,80.676
17903,4.3522,67.164
17904,-106.34,-11.666
17905,-94.947,4.4093
17906,5.0672,-29.162
17907,-70.199,-11.143
17908,58.343,32.527
17909,91.691,-30.334
17910,53.411,-45.602
17911,3.7914,-64.484
17912,-8.7889,-94.578
17913,75.825,-42.541
17914,19.172,-36.487
17915,5.8121,21.496
17916,47.311,11.987
17917,1.927,13.977
17918,8.8971,17.998
17919,91.662,25.083
17920,91.339,24.905
17921,-54.861,20.702
17922,99.048,-61.574
17923,68.794,-40.278
17924,88.679,-43.228
17925,17.078,11.665
17926,15.5,-71.331
17927,92.749,26.647
17928,-17.24,114.07
17929,-85.483,33.526
17930,80.266,37.346
17931,-6.5519,-74.522
17932,37.603,-13.37
17933,87.805,-26.83
17934,34.586,-18.653
17935,78.435,32.917
17936,107.68,-15.867
17937,-67.615,5.491
17938,93.422,-17.965
17939,78.822,-50.242
17940,-32.114,42.048
17941,-29.67,11.087
17942,-38.531,-6.4378
17943,-32.268,14.005
17944,8.5497,18.836
17945,93.012,26.666
17946,-84.257,64.262
17947,85.79,-1.2431
17948,55.676,0.92108
17949,2.2769,12.792
17950,17.785,68.126
17951,67.959,53.092
17952,98.883,19.142
17953,61.747,35.717
17954,-106.77,29.216
17955,80.994,42.971
17956,-101.02,-13.953
17957,92.056,-18.273
17958,82.32,-27.936
17959,23.168,-77.874
17960,-29.328,-1.4558
17961,-47.273,-25.515
17962,39.754,55.043
17963,-99.481,28.854
17964,-87.703,25.796
17965,-79.144,27.953
17966,85.924,36.518
17967,85.961,33.669
17968,19.302,-23.041
17969,-83.519,36.756
17970,33.855,11.933
17971,73.092,20.603
17972,42.243,-8.9193
17973,-13.755,-31.979
17974,-8.832,-87.275
17975,38.501,-10.145
17976,49.496,9.2803
17977,76.716,-3.2307
17978,4.9953,26.194
17979,19.532,-80.827
17980,-30.985,95.611
17981,44.143,-41.052
17982,86.965,31.049
17983,89.917,28.065
17984,54.471,80.595
17985,103.85,0.50753
17986,44.216,89.095
17987,-17.727,-5.5424
17988,59.517,-22.728
17989,92.235,-29.585
17990,63.289,25.237
17991,-5.5461,102.09
17992,-39.56,-17.547
17993,-79.14,60.872
17994,101.83,33.244
17995,-85.427,21.448
17996,-72.074,15.939
17997,-90.801,31.315
17998,85.697,-7.0602
17999,-14.552,-39.016
18000,-33.825,-33.92
18001,1.6796,15.248
18002,-56.448,-29.042
18003,6.3611,114.68
18004,-118.31,12.877
18005,-118.36,12.783
18006,-102.71,29.049
18007,-101.67,21.177
18008,28.802,-39.202
18009,78.025,-4.1191
18010,-54.057,-36.422
18011,94.891,21.272
18012,51.539,13.62
18013,107.79,-45.391
18014,-100.92,27.139
18015,55.281,15.714
18016,-55.445,-56.574
18017,-22.834,-109.68
18018,-53.87,-21.133
18019,46.71,53.436
18020,4.5344,13.935
18021,73.946,56.358
18022,47.557,22.983
18023,-12.643,-1.4983
18024,56.168,15.75
18025,50.971,7.2899
18026,36.712,-18.267
18027,41.55,16.785
18028,-2.6059,-57.761
18029,44.822,-33.064
18030,25.564,-20.629
18031,11.318,33.005
18032,-32.166,14.779
18033,-49.145,-23.467
18034,-86.282,-22.252
18035,75.793,-78.341
18036,-18.835,112.84
18037,94.881,21.652
18038,77.851,33.328
18039,60.962,38.173
18040,-108.79,-8.9333
18041,-115.93,13.1
18042,-33.458,-25.724
18043,88.116,-29.013
18044,76.657,-49.448
18045,53.499,77.576
18046,90.236,29.632
18047,97.908,18.117
18048,5.1548,56.149
18049,-20.427,-2.4898
18050,-107.35,-10.22
18051,-69.761,26.883
18052,72.058,-14.819
18053,78.115,-1.8453
18054,63.473,-66.696
18055,24.137,14.232
18056,-29.29,-3.0646
18057,-24.826,36.25
18058,16.229,30.254
18059,3.6403,25.425
18060,85.474,36.095
18061,60.926,-10.038
18062,38.752,14.645
18063,73.441,20.567
18064,98.774,-62.51
18065,56.653,5.1275
18066,91.903,-27.159
18067,55.19,-1.9024
18068,52.669,4.5322
18069,-76.533,6.737
18070,89.177,-27.377
18071,93.573,-20.032
18072,-44.467,0.58231
18073,-34.152,26.998
18074,-9.1156,40.798
18075,21.488,-35.732
18076,19.436,-2.7678
18077,-29.552,-2.6765
18078,6.2388,20.72
18079,66.842,70.807
18080,98.513,52.638
18081,39.648,32.068
18082,-66.37,9.5507
18083,57.174,7.62
18084,62.711,-13.132
18085,-87.073,-41.396
18086,-45.842,-24.879
18087,4.5702,13.943
18088,35.167,93.952
18089,87.51,30.002
18090,94.042,21.952
18091,87.25,30.673
18092,16.202,30.406
18093,-81.572,-40.716
18094,-90.428,3.0802
18095,78.497,-30.628
18096,82.117,-17.126
18097,59.313,6.2961
18098,57.781,-0.98696
18099,-34.927,-10.7
18100,87.705,-24.396
18101,-30.899,-57.59
18102,20.663,13.455
18103,-36.706,-22.587
18104,30.528,22.506
18105,5.6998,21.525
18106,-12.279,116.09
18107,93.257,60.433
18108,-79.799,29.213
18109,47.995,38.107
18110,-105.94,29.562
18111,5.1874,-34.531
18112,-91.581,30.239
18113,55.021,-2.1435
18114,38.144,-35.076
18115,-8.7091,27.249
18116,47.829,27.848
18117,5.334,25.697
18118,-33.903,-2.9434
18119,27.29,-79.792
18120,21.159,-32.172
18121,-49.237,-21.659
18122,-29.407,-5.0089
18123,78.185,24.074
18124,56.608,52.93
18125,-10.506,-80.05
18126,-95.352,23.78
18127,48.749,49.728
18128,-18.052,-10.042
18129,100.4,16.878
18130,87.843,25.057
18131,88.417,25.319
18132,34.78,81.924
18133,65.499,25.77
18134,87.26,31.787
18135,6.7492,-27.016
18136,54.183,-72.906
18137,94.842,15.018
18138,84.913,-7.2148
18139,70.907,-15.16
18140,15.56,14.712
18141,10.065,49.23
18142,14.763,-26.948
18143,74.016,-81.634
18144,3.9719,28.073
18145,49.17,17.111
18146,93.46,60.22
18147,92.923,23.625
18148,-95.164,18.181
18149,64.071,25.601
18150,57.228,6.3293
18151,-21.818,-15.846
18152,49.054,-77.107
18153,85.071,-36.212
18154,74.634,-43.51
18155,52.598,-31.672
18156,67.901,-19.027
18157,87.21,-1.6846
18158,-57.989,53.384
18159,77.34,24.688
18160,92.231,22.256
18161,62.192,15.296
18162,82.291,44.031
18163,94.327,22.845
18164,73.593,78.634
18165,60.692,4.6383
18166,31.923,33.983
18167,-25.327,-8.252
18168,-81.235,20.335
18169,72.13,58.85
18170,70.662,26.566
18171,-118.29,12.454
18172,-26.023,-101.78
18173,91.576,24.857
18174,-6.3116,-93.986
18175,48.255,-19.721
18176,44.342,-74.118
18177,80.133,-29.765
18178,-30.144,11.11
18179,93.985,18.038
18180,6.7101,114.67
18181,-118.38,12.886
18182,55.688,2.3532
18183,90.73,-16.289
18184,60.951,-51.673
18185,63.793,-19.925
18186,-52.091,-38.149
18187,-86.674,-41.165
18188,30.134,18.523
18189,-37.872,0.80629
18190,-39.208,-22.647
18191,-46.406,-24.576
18192,57.677,73.096
18193,79.28,33.348
18194,85.801,36.477
18195,60.76,38.101
18196,76.572,-52.45
18197,73.986,-0.67561
18198,27.824,-15.083
18199,69.962,-16.028
18200,45.145,62.499
18201,18.224,35.36
18202,66.933,29.972
18203,49.097,-11.022
18204,-12.913,115.92
18205,61.407,35.2
18206,100.75,17.437
18207,86.984,30.761
18208,-102.03,30.275
18209,54.968,15.763
18210,16.794,-74.007
18211,56.64,5.3619
18212,43.264,25.347
18213,9.4676,30.414
18214,-20.083,-71.75
18215,77.037,54.887
18216,-101.35,30.123
18217,-7.942,-10.588
18218,22.52,-22.576
18219,61.759,7.7524
18220,47.386,8.4055
18221,83.924,-28.008
18222,1.5471,-49.199
18223,85.263,-6.6036
18224,45.373,-26.696
18225,48.671,-21.186
18226,-54.036,-34.389
18227,-38.741,-0.66905
18228,0.54745,102.67
18229,98.001,53.865
18230,73.594,78.633
18231,82.133,43.347
18232,-90.11,4.4639
18233,-65.898,8.9383
18234,64.897,21.158
18235,57.479,5.1516
18236,28.718,-40.654
18237,72.63,-16.599
18238,48.498,-49.972
18239,14.605,17.387
18240,49.667,-71.711
18241,39.182,3.6194
18242,85.595,36.54
18243,76.63,27.98
18244,-47.058,-26.775
18245,17.179,-90.788
18246,73.969,56.588
18247,82.909,43.672
18248,85.917,34.875
18249,12.957,32.515
18250,31.77,51.749
18251,60.274,5.4729
18252,69.397,-20.378
18253,53.041,4.6706
18254,47.02,-81.778
18255,103.15,32.745
18256,44.091,-40.995
18257,73.192,79.422
18258,12.599,18.953
18259,61.05,38.134
18260,76.92,54.953
18261,98.498,52.672
18262,55.754,-2.8355
18263,59.794,-57.796
18264,57.803,5.6232
18265,-75.992,17.169
18266,63.168,11.26
18267,22.093,-25.787
18268,64.156,-9.3552
18269,47.958,-25.485
18270,95.14,15.172
18271,-37.979,-10.978
18272,17.404,-90.107
18273,-56.226,-29.137
18274,48.756,49.07
18275,81.332,30.932
18276,88.113,29.285
18277,61.21,37.101
18278,75.184,53.6
18279,56.58,34.974
18280,-105,25.898
18281,-76.599,7.1314
18282,23.878,-77.755
18283,66.605,27.474
18284,13.906,17.533
18285,-8.9363,-95.249
18286,-2.117,11.195
18287,35.923,-46.124
18288,-13.651,115.69
18289,68.741,68.473
18290,-101.15,30
18291,50.802,-57.316
18292,-73.863,15.92
18293,59.276,-1.9414
18294,83.726,-27.973
18295,71.308,-16.456
18296,59.586,-5.6652
18297,88.063,-38.091
18298,70.299,-7.4013
18299,88.459,6.3904
18300,-55.166,-58.044
18301,86.474,33.295
18302,81.859,47.192
18303,72.875,20.385
18304,-14.991,-83.306
18305,86.74,31.364
18306,-82.239,4.3302
18307,63.001,13.731
18308,44.878,103.99
18309,33.042,-59.263
18310,-4.2169,-57.635
18311,-85.421,26.655
18312,66.822,25.744
18313,8.7878,18.717
18314,63.011,36.144
18315,67.852,68.748
18316,-65.09,18.039
18317,54.908,27.065
18318,38.343,-17.586
18319,-69.452,15.748
18320,86.921,-1.6369
18321,60.3,-24.1
18322,65.294,-21.778
18323,95.237,-42.472
18324,54.798,23.792
18325,-31.939,22.115
18326,1.6029,15.357
18327,74.882,25.884
18328,-11.436,116.3
18329,97.508,18.533
18330,95.889,20.085
18331,-2.3129,-5.296
18332,-76.579,-63.518
18333,64.419,-41.504
18334,90.022,-30.068
18335,91.609,-30.954
18336,70.211,-15.968
18337,67.384,-58.571
18338,73.636,-44.777
18339,25.758,45.94
18340,-31.592,-3.3533
18341,70.355,66.4
18342,12.755,33.01
18343,100.37,-0.58025
18344,-3.6688,-3.5056
18345,107.68,-15.867
18346,55.782,11.099
18347,42.236,20.985
18348,-76.464,9.5063
18349,54.961,-28.194
18350,79.098,-9.0349
18351,93.407,-17.978
18352,17.074,11.795
18353,5.6965,25.122
18354,52.68,8.4324
18355,21.404,-67.838
18356,-1.6089,-58.511
18357,48.463,101.49
18358,61.415,17.864
18359,11.817,28.718
18360,109.02,6.2221
18361,47.746,27.288
18362,60.862,-10.081
18363,21.2,-60.453
18364,21.805,-67.215
18365,11.423,31.27
18366,64.334,18.717
18367,83.775,40.651
18368,-118.36,12.779
18369,55.92,14.077
18370,76.472,-51.048
18371,62.966,38.527
18372,-38.347,-23.192
18373,79.912,28.06
18374,61.609,11.663
18375,-82.832,37.024
18376,-118.34,12.678
18377,29.016,35.336
18378,54.113,8.6443
18379,-36.111,-33.359
18380,53.998,-25.406
18381,17.119,11.585
18382,-19.273,-42.407
18383,-14.282,101.47
18384,11.587,10.184
18385,-46.976,4.8354
18386,91.801,61.964
18387,93.088,60.617
18388,63.276,36.034
18389,101.28,6.4156
18390,56.498,76.671
18391,86.41,30.775
18392,104.43,30.672
18393,-102.96,21.341
18394,55.831,17.248
18395,55.621,-1.8411
18396,56.047,14.796
18397,-73.783,-1.8007
18398,50.524,-15.427
18399,-7.2988,-93.629
18400,12.838,6.4344
18401,67.503,70.185
18402,-11.589,116.26
18403,104.61,0.79933
18404,84.371,39.52
18405,-24.207,-104.65
18406,38.098,32.692
18407,67.628,-4.3417
18408,51.749,9.3457
18409,68.026,69.516
18410,69.401,26.607
18411,73.184,38.028
18412,71.679,59.937
18413,-104.41,35.387
18414,-118.32,12.563
18415,-81.036,34.201
18416,-72.805,-12.007
18417,51.235,12.115
18418,68.903,-5.6489
18419,-61.97,-35.229
18420,49.05,-49.528
18421,26.118,-40.545
18422,-45.815,-8.822
18423,-41.575,-24.326
18424,79.907,28.089
18425,67.361,68.709
18426,-10.586,116.46
18427,-9.3662,-3.4996
18428,54.707,-2.2729
18429,58.44,32.711
18430,68.922,-25.696
18431,-8.5092,0.50085
18432,40.36,-7.1667
18433,15.498,10.965
18434,-8.8773,-92.557
18435,-4.7755,-0.90159
18436,-59.44,-40.12
18437,28.106,54.099
18438,72.115,58.297
18439,85.542,36.276
18440,-118.12,11.725
18441,-69.394,16.445
18442,58.693,4.7359
18443,52.366,15.844
18444,-67.418,10.689
18445,83.649,-17.441
18446,87.689,-20.794
18447,53.755,-2.9013
18448,-65.994,-55.948
18449,10.878,29.41
18450,71.795,32.872
18451,104.4,30.419
18452,98.912,17.694
18453,101.93,5.9546
18454,99.417,17.758
18455,-14.314,-6.9539
18456,-67.45,-52.487
18457,-116.46,8.2868
18458,-104.47,35.442
18459,82.179,-28.565
18460,59.743,-65.079
18461,81.002,-9.1496
18462,80.036,-29.789
18463,89.699,-30.744
18464,31.921,-15.98
18465,-14.064,-94.455
18466,71.731,-56.884
18467,76.151,29.296
18468,10.796,30.001
18469,-8.9713,116.72
18470,48.54,-11.239
18471,-7.6564,116.86
18472,-15.03,115.19
18473,103.69,31.079
18474,-7.6726,102.86
18475,14.568,71.434
18476,-83.202,33.843
18477,68.182,-4.7918
18478,51.012,39.886
18479,18.503,-21.275
18480,68.967,-5.8841
18481,-83.146,4.1639
18482,68.677,84.913
18483,62.718,-13.165
18484,38.694,-17.902
18485,17.066,36.107
18486,38.514,22.399
18487,-43.259,89.429
18488,6.4467,24.475
18489,74.534,56.684
18490,72.534,38.571
18491,7.7639,19.218
18492,8.3017,114.61
18493,50.253,-69.779
18494,-66.337,9.4747
18495,67.545,-21.134
18496,-40.985,-0.36428
18497,-15.342,-11.742
18498,98.265,18.3
18499,60.954,19.829
18500,-6.0729,-7.4548
18501,68.037,-4.7345
18502,-9.1445,-87.175
18503,91.209,-43.362
18504,-87.568,-40.228
18505,-7.7877,-6.1315
18506,29.153,48.204
18507,71.599,19.395
18508,12.388,33.663
18509,-114.56,13.259
18510,-9.1935,-3.8547
18511,64.742,8.3298
18512,-64.46,15.6
18513,-28.57,-31.092
18514,58.974,8.3088
18515,41.147,-58.107
18516,39.151,89.76
18517,21.251,-11.386
18518,77.428,27.28
18519,61.563,22.479
18520,58.867,11.7
18521,-18.994,112.66
18522,-114.91,13.17
18523,37.119,-9.2609
18524,38.698,-45.877
18525,-41.5,-23.956
18526,82.946,40.984
18527,97.677,20.637
18528,89.214,28.189
18529,87.513,30.152
18530,60.882,-13.893
18531,50.182,-65.182
18532,76.185,-6.8607
18533,34.735,94.654
18534,83.171,68.391
18535,11.053,-49.338
18536,-38.595,-76.942
18537,-107.07,28.98
18538,-22.953,-43.221
18539,54.497,4.6153
18540,-0.88932,-43.428
18541,-40.956,-26.434
18542,52.846,-86.215
18543,62.863,-13.924
18544,75.864,-42.978
18545,86.471,-3.5846
18546,67.017,-11.538
18547,8.726,18.885
18548,-12.955,96.676
18549,-17.067,114.17
18550,100.66,17.423
18551,7.0846,14.663
18552,82.101,46.013
18553,37.718,-6.8652
18554,55.337,-2.7243
18555,-61.706,15.506
18556,-3.5905,-36.426
18557,69.644,-39.754
18558,37.821,8.0291
18559,44.502,19.089
18560,-58.328,-34.067
18561,77.931,24.141
18562,15.935,30.302
18563,92.335,23.939
18564,66.272,87.341
18565,59.319,-22.514
18566,57.202,-84.454
18567,60.43,-27.869
18568,67.633,-5.0783
18569,84.106,-8.1964
18570,35.3,-6.932
18571,-94.028,15.759
18572,86.804,-25.674
18573,44.956,80.05
18574,95.393,20.313
18575,72.531,58.511
18576,-2.7738,101.36
18577,86.592,9.3412
18578,-11.68,-10.678
18579,58.491,13.225
18580,63.035,-27.923
18581,46.715,-53.379
18582,73.746,30.688
18583,-73.104,68.091
18584,104.78,3.1965
18585,84.889,38.793
18586,63.096,17.037
18587,66.188,48.955
18588,-99.551,28.89
18589,43.325,-3.2017
18590,-12.523,16.224
18591,55.174,-1.9043
18592,5.4454,-24.794
18593,71.231,34.097
18594,-101.36,8.6261
18595,83.949,-17.725
18596,89.606,8.8494
18597,-0.17353,8.4201
18598,48.427,-78.28
18599,27.072,-94.931
18600,-7.9906,116.82
18601,92.531,25.443
18602,98.094,18.179
18603,70.594,64.151
18604,10.303,61.156
18605,-13.134,-3.1752
18606,36.436,-5.262
18607,-12.232,-0.79022
18608,93.423,-18.33
18609,68.071,-29.848
18610,13.054,33.005
18611,66.728,25.757
18612,81.208,50.019
18613,98.642,52.256
18614,58.714,46.215
18615,16.752,-82.898
18616,68.946,-5.6574
18617,-66.43,11.377
18618,-97.949,25.851
18619,15.205,-70.975
18620,-38.088,1.7273
18621,27.537,-97.241
18622,63.427,36.067
18623,69.753,53.28
18624,35.16,94.372
18625,46.151,29.002
18626,-13.997,115.57
18627,72.11,37.981
18628,47.369,8.7647
18629,-89.005,33.678
18630,-8.7001,-89.468
18631,-24.096,-107.87
18632,47.949,-25.671
18633,72.207,-57
18634,103.1,31.641
18635,68.329,26.819
18636,66.998,27.075
18637,70.721,28.65
18638,88.394,28.551
18639,101.4,33.502
18640,-115.58,13.123
18641,-107.55,28.505
18642,52.763,0.95113
18643,70.356,-10.153
18644,87.257,11.087
18645,-59.777,61.747
18646,89.546,35.528
18647,78.26,24.026
18648,109.02,6.2212
18649,-18.31,113.27
18650,55.126,9.2034
18651,107.68,-15.867
18652,-27.688,-6.5806
18653,70.985,-15.038
18654,52.523,-46.933
18655,45.091,87.783
18656,59.681,76.053
18657,90.686,25.919
18658,-13.939,101.72
18659,63.421,35.973
18660,-13.983,115.57
18661,93.13,60.574
18662,65.274,8.6205
18663,-79.199,60.957
18664,55.078,-2.5344
18665,-106.01,14.699
18666,9.1663,-82.42
18667,86.715,-1.5565
18668,55.705,-60.234
18669,90.344,26.337
18670,108.44,6.9498
18671,102.64,5.1988
18672,64.95,19.306
18673,-7.6878,-9.3314
18674,11.237,-49.995
18675,-5.1162,-22.474
18676,31.831,-22.226
18677,58.707,7.9198
18678,48.004,-51.128
18679,48.936,38.235
18680,65.156,-19.228
18681,85.343,-43.646
18682,89.318,-41.465
18683,92.772,-28.91
18684,2.7935,-81.43
18685,14.64,15.815
18686,95.198,21.508
18687,69.674,38.116
18688,71.409,31.515
18689,87.687,31.538
18690,-17.215,114.08
18691,-11.045,-8.6814
18692,-0.69899,-48.812
18693,96.075,-40.003
18694,50.653,8.4745
18695,64.384,-8.3463
18696,85.305,-0.86877
18697,-13.443,14.967
18698,51.406,-16.029
18699,28.64,-93.951
18700,68.709,53.168
18701,-79.673,38.5
18702,-7.346,116.88
18703,-68.002,-52.662
18704,-10.87,10.331
18705,-78.842,60.426
18706,-98.07,24.117
18707,62.766,-12.402
18708,79.402,-2.6262
18709,60.743,-14.952
18710,41.583,24.098
18711,92.923,24.149
18712,101.79,-0.27919
18713,67.554,38.85
18714,12.169,-50.471
18715,-84.106,35.677
18716,-4.4494,-43.454
18717,79.429,-0.54058
18718,90.955,-17.208
18719,68.764,-59.871
18720,81.993,46.673
18721,45.968,88.117
18722,41.112,-71.92
18723,-11.829,1.612
18724,87.766,-38.93
18725,91.013,-16.536
18726,61.375,21.036
18727,-114.89,13.173
18728,76.231,-2.0466
18729,69.471,-22.964
18730,87.823,-24.933
18731,58.978,-80.285
18732,30.518,48.511
18733,72.35,33.545
18734,-9.4541,-1.8098
18735,75.407,-79.1
18736,30.795,-16.201
18737,77.878,32.501
18738,52.459,16.096
18739,56.278,-38.72
18740,69.732,-9.5966
18741,-13.67,-41.058
18742,52.522,-84.265
18743,83.693,-49.225
18744,98.226,19.256
18745,-7.9512,-6.8254
18746,-16.563,114.46
18747,8.7561,114.57
18748,81.607,48.427
18749,65.582,19.637
18750,81.8,-38.526
18751,62.995,-15.677
18752,85.698,33.824
18753,66.224,68.644
18754,71.052,64.517
18755,-2.0679,49.546
18756,81.97,45.362
18757,77.743,52.189
18758,102.89,32.543
18759,-89.67,21.445
18760,60.132,-15.708
18761,-12.904,-6.5005
18762,82.77,-46.147
18763,36.268,-62.162
18764,46.203,-33.009
18765,11.382,28.463
18766,104.44,30.447
18767,98.949,48.391
18768,-84.254,64.256
18769,94.41,59.168
18770,-105.33,-12.151
18771,-117.64,10.515
18772,-25.63,-88.254
18773,40.443,-8.9332
18774,62.682,-15.994
18775,-83.741,35.81
18776,45.805,-32.994
18777,-107.54,28.512
18778,-49.507,-50.698
18779,63.299,-18.884
18780,96.043,-40.094
18781,78.927,-57.287
18782,85.35,-7.1612
18783,97.056,45.092
18784,97.862,18.195
18785,-12.689,115.98
18786,70.508,41.165
18787,-84.362,64.271
18788,53.362,6.9492
18789,62.636,13.648
18790,-77.113,5.1806
18791,-46.221,88.138
18792,82.071,45.664
18793,73.594,78.633
18794,35.368,-85.425
18795,72.559,58.405
18796,94.629,21.927
18797,95.923,20.049
18798,94.885,58.612
18799,74.109,30.714
18800,-15.754,-0.68944
18801,-84.582,36.131
18802,-25.365,-91.496
18803,19.238,-40.073
18804,42.466,-48.81
18805,50.712,-72.677
18806,62.091,11.383
18807,-10.046,-79.548
18808,103.15,5.1672
18809,-14.563,115.37
18810,-46.616,87.798
18811,94.482,21.309
18812,105.91,1.6314
18813,17.056,-80.194
18814,-89.554,33.473
18815,89.745,-43.434
18816,69.855,-7.0418
18817,-29.341,-67.814
18818,59.646,-0.4108
18819,72.983,-15.761
18820,-21.852,-66.752
18821,80.243,-1.4249
18822,36.308,-77.917
18823,53.733,-82.446
18824,21.456,-9.8977
18825,50.773,11.205
18826,86.187,44.949
18827,18.51,-45.167
18828,-97.376,20.514
18829,59.985,-19.239
18830,-96.969,29.153
18831,-87.799,34.031
18832,-71.008,-66.209
18833,59.368,4.8491
18834,36.72,-61.128
18835,88.103,8.5617
18836,24.679,-36.727
18837,-97.318,31.415
18838,91.234,24.932
18839,83.274,29.809
18840,86.612,31.641
18841,-96.412,-46.988
18842,61.368,-3.6026
18843,54.771,21.738
18844,63.611,-15.587
18845,64.722,-51.129
18846,-10.659,0.14879
18847,70.056,-20.645
18848,32.579,-24.554
18849,62.084,-42.384
18850,107.68,-15.867
18851,72.337,58.485
18852,97.816,54.279
18853,6.3115,114.68
18854,-10.733,-6.1542
18855,60.544,-27.312
18856,44.992,105.34
18857,94.926,-41.24
18858,69.349,-24.688
18859,65.666,9.2968
18860,21.65,-31.61
18861,64.129,19.738
18862,74.055,28.186
18863,105.35,1.2279
18864,103.46,33.071
18865,94.652,58.885
18866,-11.218,-17.021
18867,1.4193,-49.022
18868,26.812,-15.943
18869,95.237,-42.466
18870,83.06,-1.5112
18871,2.2771,6.5991
18872,14.958,11.542
18873,44.821,22.309
18874,-49.027,-34.593
18875,-13.08,-2.7774
18876,55.187,13.62
18877,-70.714,-26.024
18878,54.549,-1.9465
18879,61.131,-2.7704
18880,22.493,-25.496
18881,97.898,45.925
18882,-30.211,-4.0586
18883,71.379,38.379
18884,72.713,80.36
18885,19.456,-34.875
18886,70.979,53.42
18887,89.739,29.896
18888,84.358,42.219
18889,84.589,41.302
18890,56.646,-40.002
18891,69.99,-37.918
18892,-7.9853,-78.992
18893,23.345,-9.6501
18894,41.615,-11.412
18895,-99.387,24.585
18896,73.853,-14.629
18897,68.018,-29.778
18898,55.83,31.868
18899,90.973,25.906
18900,104.01,33.259
18901,58.759,76.306
18902,38.044,39.206
18903,46.261,-83.375
18904,67.663,-4.4787
18905,49.001,-74.697
18906,88.582,7.009
18907,95.616,15.539
18908,56.439,23.578
18909,91.401,22.859
18910,90.249,26.454
18911,92.604,24.338
18912,89.419,28.403
18913,82.191,44.164
18914,-39.534,-23.025
18915,79.572,50.832
18916,-10.032,-2.0283
18917,-17.377,-5.9562
18918,-65.209,4.4863
18919,21.936,-25.672
18920,81.64,-49.098
18921,93.267,-23.851
18922,76.584,25.151
18923,81.197,50.281
18924,82.183,43.369
18925,-117.45,10.201
18926,-79.009,60.686
18927,92.397,-29.437
18928,68.857,-26.853
18929,44.575,-79.503
18930,103.78,31.098
18931,81.611,48.809
18932,87.455,30.309
18933,77.056,28.979
18934,-15,-0.73073
18935,-74.599,-12.104
18936,63.113,14.407
18937,52.405,15.961
18938,79.911,-1.8498
18939,60.102,16.167
18940,51.715,14.569
18941,17.924,10.609
18942,90.728,25.736
18943,82.004,46.11
18944,82.937,41.029
18945,84.293,39.448
18946,93.308,23.807
18947,-2.6991,-3.6977
18948,49.922,-31.359
18949,78.605,31.9
18950,52.742,6.6127
18951,77.574,-33.128
18952,-12.933,-34.337
18953,78.256,36.466
18954,40.902,45.488
18955,72.557,20.237
18956,-16.927,82.346
18957,99.008,50.5
18958,59.257,39.995
18959,85.374,40.202
18960,58.833,6.3238
18961,68.677,84.911
18962,-26.753,-97.956
18963,-11.21,-35.6
18964,36.707,-84.821
18965,58.817,76.321
18966,-79.823,29.716
18967,71.998,38.087
18968,16.749,-82.866
18969,-71.764,50.395
18970,55.747,2.3609
18971,-18.135,-74.066
18972,69.841,-22.132
18973,86.333,11.851
18974,-25.684,-8.4784
18975,42.554,-69.912
18976,43.787,-74.328
18977,28.799,35.483
18978,74.393,46.977
18979,74.397,56.218
18980,94.18,59.437
18981,-10.074,-1.9651
18982,92.622,24.243
18983,79.135,41.998
18984,68.678,84.913
18985,-64.7,5.629
18986,-5.6763,-93.748
18987,54.148,1.2297
18988,51.515,13.01
18989,-84.256,64.26
18990,-84.256,64.26
18991,87.699,10.702
18992,93.564,-18.1
18993,89.606,8.8496
18994,18.395,-22.629
18995,45.189,-10.824
18996,90.987,-42.194
18997,51.64,15.028
18998,27.725,-93.475
18999,61.414,-21.985
19000,-17.867,113.61
19001,68.418,35.087
19002,-95.721,25.355
19003,56.864,20.243
19004,83.918,-34.885
19005,69.761,-16.332
19006,63.086,13.911
19007,34.886,-85.05
19008,105.2,11.938
19009,71.275,18.976
19010,77.977,54.197
19011,61.68,12.235
19012,-95.558,-47.301
19013,-90.662,22.332
19014,60.253,-15.189
19015,65.887,-2.2464
19016,55.532,-82.167
19017,28.332,-39.385
19018,63.554,-19.852
19019,84.232,-29.709
19020,81.153,0.44006
19021,82.968,41.072
19022,5.0623,-25.063
19023,-83.823,30.591
19024,-80.064,38.428
19025,-11.467,-80.657
19026,-17.57,-5.7118
19027,60.875,-1.3171
19028,2.041,12.677
19029,37.572,-29.435
19030,92.118,-43.092
19031,50.915,-83.691
19032,59.362,75.922
19033,86.368,46.033
19034,109.03,6.2196
19035,85.555,35.168
19036,73.763,38.034
19037,74.178,55.461
19038,95.624,57.663
19039,-85.37,-26.195
19040,-108.74,-8.9675
19041,-74.252,16.16
19042,50.96,11.874
19043,69.641,84.917
19044,82.95,68.72
19045,77.994,24.218
19046,51.92,32.778
19047,-74.865,10.619
19048,-74.728,-7.1709
19049,62.187,-11.026
19050,86.312,32.787
19051,21.14,-31.891
19052,-77.649,58.101
19053,9.3115,17.528
19054,71.296,18.983
19055,-15.413,-8.1137
19056,-104.5,35.389
19057,-115.68,13.125
19058,-19.03,-43.924
19059,45.561,7.289
19060,89.185,-26.799
19061,-12.753,-5.5623
19062,59.198,-22.932
19063,88.795,-27.011
19064,-22.292,-56.325
19065,61.858,21.145
19066,13.716,-69.482
19067,32.539,78.626
19068,-22.062,-108.26
19069,-15.977,-11.073
19070,41.984,-89.84
19071,93.333,-27.751
19072,89.605,8.8495
19073,81.58,-34.241
19074,77.983,-32.107
19075,2.1474,12.69
19076,54.147,31.622
19077,-12.443,-25.686
19078,21.59,-31.675
19079,95.959,19.661
19080,100.63,16.767
19081,44.716,21.468
19082,37.856,34.103
19083,77.164,45.911
19084,81.375,49.342
19085,-8.2613,-1.3586
19086,-118,11.309
19087,-94.005,13.203
19088,47.724,-31.424
19089,69.655,-23.005
19090,73.671,-14.767
19091,90.687,-42.045
19092,1.9433,8.0632
19093,60.214,-55.12
19094,19.296,-7.3825
19095,83.902,43.341
19096,7.1192,24.228
19097,66.274,29.095
19098,61.493,22.689
19099,89.601,27.395
19100,107.4,-52.548
19101,61.928,-7.7648
19102,-22.109,-108.11
19103,12.591,8.3227
19104,39.088,-92.328
19105,23.379,-63.477
19106,-22.066,-108.09
19107,83.065,43.525
19108,86.881,31.307
19109,82.718,41.321
19110,90.532,25.681
19111,28.651,36.313
19112,33.374,81.004
19113,75.59,49.744
19114,59.149,53.785
19115,80.569,-37.02
19116,86.057,-9.8068
19117,82.205,-49.08
19118,28.2,-51.375
19119,19.671,-22.239
19120,87.403,10.97
19121,44.838,-77.624
19122,99.787,17.294
19123,90.587,25.631
19124,6.9466,23.648
19125,89.037,35.678
19126,79.259,-56.709
19127,72.815,-83.674
19128,41.056,-7.4435
19129,-11.145,-2.5995
19130,-75.418,56.285
19131,-11.5,-25.36
19132,12.865,-46.108
19133,-116.72,8.8499
19134,-11.143,-2.607
19135,84.364,-0.59815
19136,77.757,-2.5194
19137,66.583,29.86
19138,87.811,-39.143
19139,-12.701,-94.677
19140,44.415,-79.396
19141,102.74,0.024638
19142,37.724,8.5144
19143,65.018,9.3374
19144,63.178,-28.061
19145,82.023,-38.609
19146,107.68,-15.867
19147,-42.57,-33.838
19148,81.43,48.929
19149,-0.10521,10.744
19150,95.753,-40.804
19151,82.6,26.518
19152,95.084,21.202
19153,39.789,-12.117
19154,75.902,-1.723
19155,55.007,6.1034
19156,79.827,-29.521
19157,63.074,14.01
19158,21.396,-89.895
19159,-59.619,7.4719
19160,88.486,6.3125
19161,91.981,61.775
19162,7.5591,29.915
19163,93.863,22.831
19164,98.09,18.07
19165,57.951,73.992
19166,21.095,-32.136
19167,53.334,36.31
19168,57.133,31.766
19169,70.152,-7.2316
19170,59.369,-62.918
19171,84.162,-1.3854
19172,1.6802,18.52
19173,44.012,-80.254
19174,70.949,64.83
19175,-52.591,60.203
19176,63.453,53.584
19177,-76.118,17.019
19178,53.04,19.644
19179,60.051,-64.724
19180,-23.411,9.1897
19181,-64.962,-84.923
19182,82.026,-43.675
19183,71.732,32.685
19184,92.022,61.732
19185,77.114,43.093
19186,-24.642,-99.556
19187,-11.144,-2.6015
19188,-91.155,-49.773
19189,89.349,-20.609
19190,-103.7,28.913
19191,87.68,-38.479
19192,42.613,-79.496
19193,35.3,-31.036
19194,47.045,-41.145
19195,28.204,-97.274
19196,86.301,36.035
19197,3.1375,15.96
19198,-117.37,10.096
19199,-11.14,-2.6121
19200,-65.494,8.701
19201,-17.48,-74.293
19202,5.1782,-50.312
19203,87.658,10.738
19204,-11.746,-25.926
19205,-72.528,-76.723
19206,47.975,-31.467
19207,76.337,-6.2031
19208,41.671,-89.824
19209,49.241,-74.824
19210,-15.486,-28.098
19211,86.174,-1.2191
19212,27.46,31.691
19213,83.206,40.553
19214,-43.118,89.455
19215,96.389,19.3
19216,-11.141,-2.5977
19217,-11.147,-2.5982
19218,8.6392,114.58
19219,88.574,28.995
19220,100.6,16.881
19221,8.8421,30.213
19222,-95.679,54.234
19223,58.646,11.828
19224,-113.03,14.315
19225,72.815,-83.677
19226,-82.161,-29.961
19227,-94.399,16.701
19228,-79.691,-66.935
19229,16.27,14.212
19230,26.429,-97.493
19231,84.283,42.808
19232,13.354,39.407
19233,71.315,37.854
19234,61.774,51.52
19235,7.8939,23.407
19236,-115.38,12.652
19237,107.68,-15.867
19238,-11.148,-2.6029
19239,-94.413,30.62
19240,-51.099,-39.025
19241,62.352,-9.4324
19242,40.072,-11.309
19243,-9.3385,-87.137
19244,34.853,-30.765
19245,-25.881,-90.465
19246,31.123,-66.834
19247,91.528,26.284
19248,12.607,19.532
19249,26.917,36.1
19250,71.025,64.921
19251,-75.737,55.002
19252,50.787,-45.253
19253,84.202,-17.019
19254,-11.151,-2.5874
19255,22.195,-25.626
19256,93.551,-18.632
19257,16.748,-64.539
19258,88.48,-43.423
19259,18.928,-70.74
19260,20.9,-91.854
19261,36.126,93.526
19262,95.224,58.175
19263,61.239,37.279
19264,55.828,7.053
19265,-26.56,-96.21
19266,-11.147,-2.592
19267,52.209,48.629
19268,53.233,17.552
19269,75.693,25.7
19270,-14.009,-82.203
19271,-27.726,-66.296
19272,81.134,-33.563
19273,-64.308,-43.386
19274,55.517,56.376
19275,71.897,-56.991
19276,86.261,11.912
19277,34.369,90.579
19278,98.141,19.005
19279,-19.704,-71.401
19280,18.877,10.533
19281,85.569,42.773
19282,62.937,11.817
19283,39.006,12.936
19284,17.823,-94.753
19285,-83.54,20.62
19286,-11.149,-2.6126
19287,-11.144,-2.5905
19288,45.141,103.66
19289,53.572,-80.966
19290,75.945,0.46081
19291,61.072,-10.44
19292,-7.391,13.292
19293,90.803,-41.832
19294,-79.733,-66.673
19295,82.043,-41.801
19296,36.048,-32.607
19297,64.362,-41.515
19298,73.132,-15.527
19299,72.359,20.099
19300,97.764,54.367
19301,71.219,-85.962
19302,84.87,-26.907
19303,56.24,-38.612
19304,107.68,-15.867
19305,65.377,-17.802
19306,-11.138,-2.6158
19307,96.04,-40.129
19308,40.041,31.979
19309,79.085,53.363
19310,72.637,80.507
19311,94.269,59.337
19312,-24.522,-103.99
19313,32.714,-23.736
19314,-54.755,18.657
19315,1.0618,-43.38
19316,88.941,-23.127
19317,43.41,-70.975
19318,-21.61,35.934
19319,11.032,29.249
19320,102.84,32.053
19321,15.176,-36.208
19322,37.79,-15.639
19323,54.949,6.0972
19324,70.256,-15.78
19325,51.032,12.102
19326,65.745,-2.2179
19327,64.417,-17.034
19328,52.246,48.453
19329,-11.131,-2.6284
19330,78.682,-33.972
19331,-11.135,-2.6281
19332,-11.13,-2.6214
19333,17.241,12.744
19334,63.943,-41.577
19335,12.612,28.369
19336,64.362,18.728
19337,82.606,27.083
19338,39.428,35.22
19339,-80.402,-48.821
19340,66.155,25.845
19341,-67.334,10.467
19342,62.981,-12.963
19343,57.628,-67.04
19344,-105.47,-12.479
19345,54.356,4.991
19346,60.638,-1.2912
19347,53.32,-3.5768
19348,50.103,-46.912
19349,83.133,-47.921
19350,-42.655,89.676
19351,-11.14,-2.6139
19352,-11.138,-2.6268
19353,-11.141,-2.6143
19354,37.928,-16.035
19355,-102.86,23.324
19356,-47.207,-31.76
19357,-11.153,-2.5999
19358,-12.317,116.09
19359,78.502,53.403
19360,6.2865,114.68
19361,77.934,32.283
19362,81.385,49.374
19363,72.314,38.014
19364,-67.68,-37.982
19365,60.647,-21.951
19366,66.285,89.074
19367,-80.431,-9.5283
19368,34.753,-34.216
19369,-36.32,-14.175
19370,42.48,25.324
19371,80.724,48.638
19372,53.081,73.331
19373,92.47,-42.973
19374,71.628,29.323
19375,-8.3534,116.79
19376,49.727,81.3
19377,-11.149,-2.599
19378,-80.759,62.815
19379,-61.313,-10.422
19380,-95.6,-47.144
19381,83.819,-17.825
19382,-11.143,-2.5923
19383,56.363,-70.483
19384,14.943,15.617
19385,54.178,19
19386,-84.362,64.272
19387,71.177,37.866
19388,32.64,-67.666
19389,72.711,-83.844
19390,-71.944,-45.035
19391,-80.916,-32.964
19392,-73.952,53.112
19393,78.088,32.213
19394,45.401,-75.633
19395,-26.734,-95.413
19396,73.658,-59.068
19397,61.633,22.448
19398,104.65,13.694
19399,10.331,27.557
19400,-0.60575,32.938
19401,80.134,35.066
19402,79.479,50.274
19403,49.25,-25.887
19404,44.748,104.63
19405,55.524,16.432
19406,79.889,-29.858
19407,-11.153,-2.5963
19408,48.296,56.77
19409,30.931,-67.139
19410,29.207,-92.567
19411,5.9647,21.209
19412,89.551,22.102
19413,102.08,32.922
19414,101.4,33.515
19415,-11.146,-2.5924
19416,51.246,-16.033
19417,71.198,18.855
19418,2.9187,22.251
19419,9.9767,29.841
19420,23.765,-16.531
19421,60.531,-1.7956
19422,54.276,4.5982
19423,23.008,-89.648
19424,29.222,-94.845
19425,56.076,24.347
19426,11.755,29.581
19427,73.019,-83.343
19428,-80.321,-41.822
19429,40.386,-18.135
19430,53.261,-3.5833
19431,-45.82,-32.94
19432,61.61,22.474
19433,5.6691,14.789
19434,72.573,57.573
19435,70.604,63.876
19436,6.4985,114.68
19437,-18.05,-106.01
19438,86.274,-1.8801
19439,81.639,-32.922
19440,32.309,-15.33
19441,63.531,-41.002
19442,-77.493,-59.807
19443,60.946,-9.8214
19444,-11.141,-2.6331
19445,95.237,-42.465
19446,-73.865,-17.294
19447,40.264,-33.784
19448,94.187,59.429
19449,93.186,-25.56
19450,77.929,33.137
19451,71.821,82.75
19452,-73.835,52.996
19453,109.03,6.2196
19454,32.562,-16.191
19455,-9.4131,-39.366
19456,-30.286,-73.051
19457,29.345,-90.946
19458,68.704,-61.389
19459,-73.884,53.048
19460,95.444,20.457
19461,-84.363,64.272
19462,-11.137,-2.6398
19463,-11.817,-76.676
19464,13.584,34.866
19465,-18.916,112.76
19466,-104.08,35.048
19467,-92.716,-47.837
19468,64.039,-26.396
19469,81.761,-48.381
19470,66.425,-1.991
19471,-9.0132,-34.117
19472,78.453,-53.873
19473,42.487,-79.512
19474,-21.824,-68.638
19475,-11.132,-2.6383
19476,72.424,80.974
19477,85.546,35.978
19478,-11.137,-2.6269
19479,-96.818,17.915
19480,50.146,-47.045
19481,43.866,-46.553
19482,-11.133,-2.6255
19483,71.05,84.935
19484,-77.187,-60.358
19485,8.0456,24.794
19486,71.894,-56.971
19487,48.327,-73.859
19488,-13.088,115.86
19489,94.981,15.092
19490,-0.22868,14.234
19491,-117.75,10.717
19492,12.806,33.243
19493,43.18,46.224
19494,38.09,-8.1657
19495,75.547,-1.9565
19496,77.841,-47.762
19497,87.799,-39.203
19498,7.0853,25.718
19499,21.63,15.022
19500,-28.611,-4.1484
19501,93.275,-24.959
19502,-44.739,-34.419
19503,69.749,-22.13
19504,34.592,-85.429
19505,54.363,-84.958
19506,-31.445,-4.7556
19507,79.2,-14.615
19508,62.466,-11.749
19509,55.334,-40.061
19510,-11.139,-2.6337
19511,88.565,-43.809
19512,-22.914,-109.27
19513,70.722,65.585
19514,102.15,-0.17906
19515,88.189,29.525
19516,12.11,31.825
19517,71.605,32.762
19518,-117.78,10.783
19519,51.085,-26.242
19520,-24.142,-104.78
19521,85.379,-43.669
19522,-33.8,-33.917
19523,20.924,14.283
19524,-91.832,12.907
19525,17.821,-97.329
19526,8.7667,35.343
19527,-11.139,-2.6161
19528,7.3277,17.885
19529,-11.483,116.28
19530,10.278,16.895
19531,104.76,3.1904
19532,-9.7561,116.61
19533,68.026,69.513
19534,92.114,61.637
19535,74.357,-81.021
19536,-96.172,-47.066
19537,74.989,-3.1782
19538,69.632,-16.321
19539,-7.9548,8.3233
19540,76.711,-49.517
19541,27.428,43.009
19542,71.541,37.91
19543,29.767,97.465
19544,-11.15,-2.6102
19545,-11.14,-2.6104
19546,-11.134,-2.6387
19547,-76.016,15.158
19548,-70.924,-77.635
19549,86.754,-2.0311
19550,73.594,78.634
19551,60.414,-55.061
19552,36.364,-91.25
19553,46.503,102.47
19554,48.71,-24.2
19555,53.247,17.575
19556,57.809,40.404
19557,66.823,69.452
19558,-84.362,64.271
19559,72.364,-84.393
19560,3.1149,-48.851
19561,56.113,7.171
19562,81.838,-0.22927
19563,-40.801,-31.529
19564,63.145,21.748
19565,89.608,8.8495
19566,28.786,88.197
19567,2.9362,-25.303
19568,81.462,-5.6007
19569,-8.5615,-9.7786
19570,66.03,8.3629
19571,88.021,-39.508
19572,-62.388,-38.75
19573,-84.255,64.256
19574,46.769,-2.0489
19575,81.911,-49.013
19576,86.985,-1.6376
19577,-12.522,-4.4453
19578,7.9189,24.046
19579,-18.852,112.81
19580,-72.48,36.133
19581,-106.23,-10.035
19582,74.602,-80.593
19583,62.501,-59.548
19584,56.3,-2.5781
19585,61.345,34.999
19586,18.36,29.916
19587,-53.673,-0.90866
19588,12.443,32.414
19589,-39.616,-23.121
19590,58.691,7.4632
19591,61.284,4.6154
19592,-15.168,12.549
19593,90.921,-41.979
19594,42.583,-79.174
19595,44.912,-77.042
19596,26.972,-31.686
19597,64.738,49.706
19598,-84.255,64.255
19599,26.708,-96.497
19600,12.601,-39.446
19601,56.379,-64.542
19602,83.635,67.645
19603,4.6173,13.94
19604,2.6016,13.014
19605,85.511,40.11
19606,48.98,102.08
19607,88.546,-29.329
19608,-35.137,-82.006
19609,95.236,-42.47
19610,93.24,-40.127
19611,65.277,-21.205
19612,43.079,-78.999
19613,-23.097,-109.76
19614,98.554,17.925
19615,70.159,37.439
19616,88.708,-41.165
19617,23.252,-35.13
19618,75.113,37.079
19619,56.298,31.857
19620,100.43,-0.57126
19621,6.4696,-31.873
19622,51.921,12.917
19623,-20.653,1.256
19624,61.346,-22.054
19625,72.618,-16.289
19626,60.459,-16.908
19627,-72.767,-76.502
19628,16.04,-99.146
19629,43.034,-71.467
19630,-89.07,33.603
19631,4.6025,14.089
19632,83.484,67.894
19633,94.298,17.837
19634,12.786,28.363
19635,73.048,20.43
19636,68.309,37.593
19637,67.723,45.676
19638,91.043,-28.893
19639,54.634,-54.261
19640,93.589,-40.155
19641,-4.9233,-27.302
19642,24.779,-31.829
19643,-16.978,-4.7116
19644,-8.5881,8.9528
19645,65.212,-21.261
19646,39.541,-92.032
19647,66.36,8.1556
19648,46.897,101.17
19649,48.086,87.494
19650,78.158,32.183
19651,-99.993,31.97
19652,-8.5631,-5.081
19653,-29.523,-0.86127
19654,62.919,13.857
19655,18.327,-54.193
19656,24.675,21.821
19657,-10.408,114
19658,37.377,38.971
19659,16.703,-98.325
19660,102.85,33.48
19661,90.065,29.791
19662,104.02,30.583
19663,47.615,36.277
19664,6.6151,-26.756
19665,93.5,-18.436
19666,63.081,15.07
19667,8.7839,27.868
19668,15.988,-99.381
19669,109.03,6.2218
19670,-82.373,63.673
19671,52.128,7.1593
19672,19.625,12.711
19673,74.266,-56.402
19674,38.666,-91.073
19675,17.545,-97.574
19676,-9.2937,116.67
19677,69.78,28.986
19678,80.748,49.895
19679,88.612,6.4749
19680,-32.506,-85.816
19681,38.683,-12.911
19682,92.035,-18.441
19683,-14.62,5.9666
19684,68.8,84.916
19685,-21.596,-55.877
19686,68.052,-60.494
19687,0.052287,-48.383
19688,12.623,8.3634
19689,55.883,31.875
19690,12.011,31.929
19691,-35.15,-33.365
19692,107.68,-15.867
19693,-4.9783,-45.275
19694,-11.883,-89.466
19695,52.844,-84.751
19696,86.266,-5.4544
19697,28.199,-41.683
19698,74.915,-43.341
19699,17.437,-97.654
19700,50.796,11.339
19701,-75.229,54.428
19702,84.522,39.255
19703,17.158,11.75
19704,-3.4385,-3.8881
19705,35.426,-6.0626
19706,59.086,8.4806
19707,-77.416,4.6413
19708,2.4092,-66.009
19709,83.235,29.189
19710,101.87,33.161
19711,52.565,8.0201
19712,-10.206,-4.6007
19713,54.292,-53.913
19714,99.923,41
19715,2.6768,14.596
19716,27.66,-91.346
19717,71.111,-86.099
19718,35.226,94.354
19719,61.248,-3.1359
19720,54.665,8.8354
19721,54.635,-2.0888
19722,60.347,-15.275
19723,29.689,-24.78
19724,48.193,101.22
19725,63.116,14.607
19726,-47.505,87.846
19727,56.684,-83.412
19728,70.539,-57.615
19729,87.141,-1.6674
19730,-22.652,-89.87
19731,24.014,-95.714
19732,27.826,-97.329
19733,-100.24,32.006
19734,73.044,20.43
19735,61.468,35.378
19736,-107.34,28.178
19737,-115.48,13.135
19738,-19.741,-5.9154
19739,92.818,-16.854
19740,45.207,103.59
19741,72.578,80.634
19742,-115.03,13.172
19743,68.363,68.62
19744,-84.362,64.271
19745,18.694,-21.509
19746,51.182,39.034
19747,57.534,-20.198
19748,73.982,-14.535
19749,21.778,-89.156
19750,-84.362,64.271
19751,-58.127,-34.047
19752,-117.42,10.164
19753,19.346,-22.26
19754,77.94,-2.2341
19755,-10.326,-81.946
19756,-7.3513,-0.96707
19757,107.68,-15.867
19758,73.572,-14.858
19759,76.344,-49.684
19760,7.2943,114.66
19761,24.518,-8.7826
19762,69.171,26.463
19763,10.394,18.975
19764,2.4384,39.032
19765,72.15,-14.796
19766,-41.111,-24.472
19767,102.39,32.992
19768,-48.057,71.874
19769,101.9,5.9793
19770,67.977,-29.781
19771,71.871,59.381
19772,-14.096,115.53
19773,-15.486,-6.3598
19774,70.57,26.511
19775,61.899,-14.627
19776,-31.51,-70.146
19777,-0.17548,-29.664
19778,87.457,10.914
19779,95.876,-40.509
19780,-9.751,-11.898
19781,-38.44,-28.259
19782,-81.561,36.846
19783,93.084,-27.536
19784,-63.531,-41.998
19785,-64.303,0.70988
19786,90.992,-17.704
19787,93.856,-42.43
19788,-77.91,58.671
19789,-104.79,18.547
19790,85.072,39.777
19791,-17.061,114.17
19792,-100.78,31.697
19793,72.834,-83.646
19794,-16.372,-8.1185
19795,69.9,-15.805
19796,-12.893,-3.3165
19797,32.664,-23.027
19798,-22.13,-107.67
19799,89.553,-30.299
19800,88.056,-41.505
19801,35.695,-65.885
19802,77.004,-47.792
19803,64.56,10.03
19804,39.909,-85.879
19805,54.214,-86.681
19806,-33.867,-6.5863
19807,76.462,-36.98
19808,33.747,25.83
19809,46.806,102.12
19810,56.11,32.516
19811,-14.287,-3.453
19812,-89.145,23.575
19813,-31.601,2.5302
19814,-117.98,11.235
19815,47.713,-31.634
19816,91.606,-30.968
19817,93.476,-17.775
19818,59.188,-56.383
19819,76.097,-38.996
19820,-18.561,-7.7903
19821,34.775,94.547
19822,60.898,-9.4996
19823,96.825,55.994
19824,-13.416,115.76
19825,72.223,81.467
19826,51.162,12.551
19827,19.968,-35.629
19828,70.653,29.148
19829,99.066,49.223
19830,-9.8933,-2.5239
19831,-9.903,-2.9229
19832,73.567,78.697
19833,33.515,-61.35
19834,47.311,-51.169
19835,12.84,32.612
19836,-52.868,0.44582
19837,61.393,35.382
19838,89.725,-44.289
19839,49.768,23.726
19840,-42.998,-9.1861
19841,92.266,-29.643
19842,87.61,-5.068
19843,70.649,-15.788
19844,-17.264,-44.315
19845,-68.051,12.493
19846,56.433,-1.9928
19847,-75.79,-13.294
19848,-11.233,-9.8197
19849,50.633,13.21
19850,86.36,11.829
19851,84.476,-48.577
19852,78.076,32.219
19853,73.594,78.633
19854,31.402,-2.6266
19855,-8.9163,-87.229
19856,-9.3006,8.2882
19857,93.266,-28.231
19858,67.399,-58.828
19859,-9.2825,101.6
19860,-11.013,-0.056386
19861,42.504,14.518
19862,73.594,78.634
19863,63.704,17.92
19864,-118.03,12.704
19865,53.357,-41.086
19866,69.028,-5.7108
19867,80.216,51.356
19868,16.177,-98.7
19869,2.1061,13.378
19870,-87.926,33.639
19871,71.293,-85.867
19872,-84.785,35.726
19873,76.624,-49.729
19874,92.148,-29.738
19875,6.6057,62.476
19876,53.974,33.008
19877,89.52,30.818
19878,44.708,104.33
19879,57.02,31.812
19880,-74.051,53.213
19881,-117.59,10.434
19882,85.45,-41.9
19883,17.097,-99.078
19884,70.487,-35.05
19885,60.406,-55.025
19886,87.346,11.019
19887,28.512,-40.55
19888,-9.453,116.65
19889,-118.09,11.607
19890,-103.23,28.684
19891,-5.9132,-2.1578
19892,85.875,-5.1774
19893,40.35,-16.714
19894,88.278,-29.233
19895,72.188,81.539
19896,15.672,-7.4147
19897,66.814,-26.588
19898,80.448,-37.848
19899,-10.696,116.44
19900,-29.555,-3.2453
19901,68.677,84.912
19902,-5.8465,-7.7074
19903,-100.25,32.013
19904,-116.78,8.9793
19905,36.851,-5.7553
19906,-92.565,13.286
19907,65.189,-21.111
19908,24.903,-36.014
19909,32.966,-67.976
19910,40.435,-91.759
19911,44.239,30.219
19912,68.463,69.004
19913,101.84,33.178
19914,91.822,61.943
19915,-11.05,2.3178
19916,62.946,-16.999
19917,77.104,32.666
19918,-6.5301,-8.2403
19919,72.218,81.464
19920,76.553,-57.26
19921,51.031,-85.97
19922,63.895,-28.662
19923,-81.831,21.103
19924,-13.453,-1.1146
19925,-10.412,-1.4577
19926,52.8,16.803
19927,86.489,-1.426
19928,19.198,-22.535
19929,28.613,-11.494
19930,73.858,-14.623
19931,79.229,-47.543
19932,17.583,46.726
19933,55.243,31.84
19934,-105.7,13.184
19935,-116.53,13.036
19936,-115.52,13.13
19937,92.946,-42.374
19938,95.7,-41.019
19939,107.68,-15.867
19940,71.157,18.827
19941,16.167,-98.727
19942,48.875,-66.778
19943,68.128,26.209
19944,-61.396,72.306
19945,45.206,103.59
19946,-10.152,-1.8219
19947,83.958,-27.925
19948,72.58,-38.115
19949,81.727,-0.041069
19950,80.338,-47.152
19951,21.208,-22.157
19952,-84.257,64.262
19953,69.729,-22.558
19954,85.553,-1.4314
19955,51.479,13.462
19956,56.181,-80.331
19957,80.253,-1.3838
19958,85.777,-37.94
19959,7.6111,18.727
19960,-79.401,-39.992
19961,85.473,42.085
19962,70.045,-53.493
19963,-8.4547,-4.3662
19964,81.881,-8.8403
19965,72.797,20.358
19966,21.465,-31.958
19967,29.628,-60.954
19968,-19.018,-6.8572
19969,-108.74,-8.923
19970,48.818,49.396
19971,-59.954,-84.646
19972,80.399,-4.4878
19973,88.739,9.7618
19974,68.519,-16.954
19975,72.225,81.436
19976,72.524,80.74
19977,46.302,29.366
19978,42.473,21.546
19979,-8.1475,-3.2859
19980,-9.9662,-5.9179
19981,-46.539,-89.518
19982,87.513,-41.07
19983,-1.5313,-45.792
19984,55.529,6.3147
19985,70.489,-19.307
19986,16.095,-98.902
19987,76.1,-38.992
19988,-7.0679,-8.3653
19989,95.375,20.25
19990,-88.289,33.933
19991,-82.67,35.671
19992,66.829,27.773
19993,-84.361,64.271
19994,84.397,-0.7477
19995,69.179,-25.644
19996,-29.109,-90.219
19997,18.233,-20.529
19998,89.086,-43.04
19999,87.121,-26.202
20000,2.0613,51.061
20001,61.713,-14.463
20002,78.12,54.119
20003,-22.365,-106.33
20004,82.928,-28.139
20005,-83.85,-40.863
20006,-3.3181,-1.3031
20007,77.135,-49.605
20008,16.262,-71.124
20009,30.319,57.534
20010,-98.429,31.731
20011,-13.083,-2.7776
20012,-118.39,12.904
20013,70.483,-13.276
20014,-51.24,-1.7449
20015,82.575,-43.803
20016,-84.34,64.277
20017,82.33,-28.033
20018,81.119,-5.2129
20019,76.518,-76.752
20020,73.947,-14.57
20021,50.258,-85.592
20022,18.427,-96.663
20023,100.01,-0.63051
20024,-9.9419,-3.2014
20025,103.5,30.542
20026,53.556,33.594
20027,88.835,9.6486
20028,58.239,33.474
20029,-105.57,-11.843
20030,-87.613,-3.0973
20031,-15.885,9.6071
20032,-40.17,-31.201
20033,-42.605,-33.795
20034,41.986,-79.382
20035,-11.774,-11.517
20036,21.168,-90.728
20037,-32.178,95.469
20038,-98.889,31.839
20039,-102.47,31.836
20040,-118.05,11.443
20041,-23.566,-110.26
20042,-107.06,29.065
20043,-54.103,-87.336
20044,32.271,-68.173
20045,61.37,-3.9586
20046,72.547,-16.488
20047,50.691,-47.616
20048,84.397,39.633
20049,-85.149,-26.582
20050,-36.796,-22.605
20051,89.579,27.432
20052,71.571,84.498
20053,-75.547,-73.03
20054,-23.427,-110.19
20055,-16.142,-5.222
20056,-2.1437,-4.3634
20057,56.276,14.925
20058,57.087,-68.028
20059,-41.615,-24.031
20060,-52.409,59.75
20061,87.49,10.883
20062,-113.43,13.905
20063,-92.891,-48.346
20064,45.286,-10.98
20065,28.42,-97.217
20066,16.752,-83.027
20067,16.172,-98.716
20068,-103.02,30.528
20069,15.682,12.787
20070,31.668,25.555
20071,8.5457,114.59
20072,-11.243,-0.70387
20073,-54.948,-89.378
20074,56.518,1.9335
20075,85.808,-1.0685
20076,32.891,-77.763
20077,45.205,103.59
20078,-21.535,2.4321
20079,87.041,-35.917
20080,42.648,-79.419
20081,-18.008,-34.578
20082,-5.9188,2.4083
20083,44.865,104.03
20084,-11.65,-95.82
20085,53.535,7.9717
20086,61.332,-15.175
20087,70.026,-6.6581
20088,70.56,-14.947
20089,-65.799,9.5482
20090,-96.859,6.5332
20091,80.769,-4.1579
20092,85.744,-37.816
20093,89.605,8.8495
20094,26.362,-97.206
20095,92.393,-19.841
20096,77.66,-4.6163
20097,35.855,-65.475
20098,26.36,-31.302
20099,-80.819,-30.938
20100,-12.06,-6.9789
20101,62.073,51.166
20102,75.923,25.494
20103,-118.19,11.993
20104,-30.153,-4.0659
20105,-15.009,-0.74538
20106,69.25,-25.318
20107,66.923,-57.695
20108,44.178,19.485
20109,91.615,-30.916
20110,80.698,-38.094
20111,71.344,19.054
20112,-40.414,6.4765
20113,69.189,-25.387
20114,-94.3,23.687
20115,-81.207,-54.289
20116,91.005,-16.891
20117,30.437,-16.381
20118,73.594,78.633
20119,88.885,-27.124
20120,89.296,-43.328
20121,-19.758,-108.02
20122,55.787,-3.6041
20123,38.988,-91.419
20124,103.8,31.943
20125,56.092,78.372
20126,52.011,34.202
20127,-91.059,22.556
20128,-37.98,-20.327
20129,-104.32,35.394
20130,-65.433,-84.343
20131,-28.883,-23.035
20132,100.75,33.756
20133,-14.352,-31.439
20134,35.175,-72.788
20135,-40.857,-26.169
20136,-89.613,22.955
20137,-8.42,2.5443
20138,-22.885,-109.73
20139,59.288,7.2745
20140,53.045,78.843
20141,35.68,-47.076
20142,63.654,11.503
20143,-105.34,33.422
20144,-82.24,35.131
20145,17.375,35.662
20146,68.677,84.912
20147,-81.533,-31.129
20148,78.533,-2.8795
20149,-8.6825,9.0378
20150,89.869,-41.862
20151,64.875,-41.314
20152,93.207,-28.319
20153,53.952,-54.447
20154,98.833,47.878
20155,61.321,19.446
20156,64.111,18.44
20157,13.77,-38.294
20158,-7.7482,-50.001
20159,-102.05,28.404
20160,77.819,31.876
20161,-0.54742,-45.435
20162,63.17,-0.26441
20163,86.072,8.3851
20164,65.704,-58.238
20165,-31.807,-11.835
20166,-28.269,-3.7292
20167,-8.826,-6.3717
20168,27.936,-33.832
20169,12.89,-5.343
20170,-11.313,-1.4124
20171,-114.2,13.369
20172,86.628,-6.2457
20173,9.4458,5.3395
20174,93.263,-28.236
20175,93.475,-21.035
20176,-7.2872,57.358
20177,82.965,-44.448
20178,-96.742,30.198
20179,-85.152,-26.582
20180,-97.65,19.541
20181,-102.82,18.444
20182,36.856,-71.34
20183,54.881,-38.995
20184,71.741,83.135
20185,1.6597,-48
20186,43.229,0.96151
20187,82.358,-44.258
20188,-52.861,61.15
20189,41.532,-52.161
20190,29.553,-97.117
20191,78.488,-33.984
20192,93.702,-41.872
20193,43.328,45.61
20194,-94.647,30.587
20195,-9.9318,3.4537
20196,-53.426,-79.924
20197,-54.602,18.664
20198,-84.34,64.277
20199,-70.485,-11.082
20200,58.837,-2.4097
20201,37.225,-31.163
20202,25.008,-31.172
20203,-14.895,-8.8713
20204,54.678,80.635
20205,-113.99,13.482
20206,-75.26,-72.783
20207,88.313,-28.68
20208,66.383,-57.859
20209,68.435,-21.35
20210,-77.185,57.152
20211,-89.733,21.58
20212,-41.959,23.356
20213,88.117,9.8474
20214,-76.696,8.0818
20215,-114.18,13.378
20216,-36.944,51.848
20217,64.687,8.2703
20218,30.859,-72.321
20219,98.878,45.846
20220,79.45,-52.144
20221,-103.78,29.423
20222,43.778,27.318
20223,97.39,16.16
20224,-91.872,22.693
20225,-11.838,-7.9031
20226,63.489,-0.040823
20227,45.226,-56.754
20228,-79.472,-39.285
20229,90.339,-30.963
20230,97.591,45.561
20231,78.286,-56.431
20232,78.548,53.887
20233,-16.627,-10.18
20234,7.3202,114.72
20235,107.68,-15.867
20236,-103.74,33.165
20237,-53.062,-87.279
20238,39.205,-11.529
20239,82.536,-23.9
20240,-21.997,-16.553
20241,83.711,-28.263
20242,98.969,48.5
20243,51.658,17.214
20244,66.81,-58.312
20245,26.001,-31.294
20246,-84.34,64.277
20247,71.845,82.656
20248,-95.062,18.395
20249,21.166,-32.512
20250,74.59,25.836
20251,-5.6444,0.93973
20252,75.565,-78.795
20253,85.506,-16.923
20254,83.974,-17.245
20255,54.089,1.4037
20256,19.015,-96.264
20257,17.025,-97.934
20258,81.91,46.808
20259,88.549,7.0516
20260,71.823,58.982
20261,-89.25,22.247
20262,-66.517,-39.418
20263,84.871,-28.132
20264,54.26,32.092
20265,65.728,8.5261
20266,89.268,-41.414
20267,88.975,-28.764
20268,98.873,48.033
20269,48.762,-11.913
20270,46.819,102.1
20271,-12.176,-1.9756
20272,80.218,-2.9075
20273,73.132,-15.482
20274,-84.256,64.257
20275,73.594,78.633
20276,96.06,-40.054
20277,56.227,22.26
20278,68.468,26.323
20279,1.0501,49.349
20280,-117.48,10.247
20281,97.749,18.523
20282,-15.261,13.282
20283,-63.445,-85.881
20284,51.19,6.9532
20285,-34.078,-33.383
20286,30.619,-17.271
20287,95.236,-42.47
20288,87.67,10.722
20289,-90.983,13.538
20290,34.866,-86.06
20291,-84.256,64.261
20292,65.164,9.1492
20293,-62.35,-28.912
20294,-83.141,34.973
20295,53.616,12.529
20296,102.16,32.852
20297,87.505,-42.586
20298,46.804,-1.9745
20299,29.804,-92.759
20300,85.403,-0.90256
20301,35.406,-85.504
20302,-9.9117,-93.236
20303,-9.2954,-1.4209
20304,1.0954,13.255
20305,6.656,20.749
20306,102.3,5.5762
20307,-115.5,13.117
20308,17.863,39.325
20309,-115.89,13.103
20310,-108.58,-9.0184
20311,84.141,-0.46082
20312,72.398,-16.633
20313,70.298,64.806
20314,8.3514,114.6
20315,50.786,11.277
20316,-114.4,13.301
20317,-85.835,14.696
20318,45.225,-10.236
20319,78.743,32.996
20320,-11.425,-0.52607
20321,81.235,0.39116
20322,69.306,26.562
20323,50.121,-57.072
20324,-12.779,-1.3251
20325,90.935,-43.404
20326,-88.676,-22.497
20327,-98.14,31.652
20328,76.974,-1.7735
20329,65.4,-21.426
20330,63.867,11.026
20331,-8.326,-94.808
20332,35.662,-69.326
20333,33.44,-72.739
20334,60.788,-1.0163
20335,91.487,-42.183
20336,61.36,17.835
20337,-98.651,31.424
20338,-96.849,-46.864
20339,-6.8267,-0.86962
20340,94.405,-27.086
20341,85.064,7.8815
20342,91.162,-28.921
20343,82.054,-41.783
20344,79.199,-56.928
20345,82.008,-9.1538
20346,-29.627,-4.1827
20347,16.076,-98.959
20348,-88.346,33.911
20349,-40.097,-23.375
20350,52.706,32.708
20351,21.376,-90.164
20352,-85.831,14.709
20353,-116.57,8.6608
20354,65.787,-28.684
20355,-51.053,61.303
20356,74.809,-43.213
20357,72.162,-16.66
20358,87.156,-1.8102
20359,10.189,29.674
20360,56.878,31.818
20361,-104.47,35.42
20362,60.456,-75.191
20363,-60.903,-79.549
20364,65.703,-8.9327
20365,99.697,41.501
20366,58.607,-39.094
20367,83.312,-48.945
20368,34.547,-72.527
20369,-4.4233,-0.086606
20370,88.339,30.618
20371,21.693,-97.57
20372,45.826,63.402
20373,-57.728,-88.894
20374,81.951,-16.831
20375,109.01,6.2217
20376,93.133,-28.427
20377,62.965,-12.417
20378,53.347,-84.767
20379,64.441,-13.458
20380,81.298,0.23957
20381,25.733,-31.641
20382,-103.97,34.895
20383,-86.314,34.324
20384,-83.887,36.701
20385,-58.638,-34.337
20386,-102.28,30.417
20387,-6.4037,-88.523
20388,83.94,-22.305
20389,84.298,-17.562
20390,-4.8401,-3.9723
20391,76.943,-52.988
20392,-45.133,4.4081
20393,-91.445,-49.534
20394,-66.127,15.122
20395,50.628,8.8073
20396,70.278,-38.015
20397,28.606,-89.856
20398,89.711,-28.191
20399,100.05,40.74
20400,89.646,-44.286
20401,69.425,37.172
20402,-92.722,23.039
20403,-117.44,10.193
20404,72.502,57.362
20405,-118.18,11.942
20406,-114.05,13.418
20407,-95.746,-47.113
20408,-93.05,23.147
20409,56.638,-19.177
20410,75.67,-5.441
20411,83.861,67.278
20412,95.588,-41.257
20413,-10.292,3.5959
20414,68.96,-26.495
20415,86.719,-1.5751
20416,42.384,-79.635
20417,53.327,7.8892
20418,44.238,12.149
20419,-97.073,26.596
20420,-29.116,-22.212
20421,-83.03,37.168
20422,4.0742,27.847
20423,-66.984,-52.78
20424,50.829,11.446
20425,-12.511,-5.4797
20426,76.742,-33.35
20427,65.36,-21.432
20428,-78.709,60.204
20429,-6.8152,-93.018
20430,-7.8644,4.312
20431,21.082,-31.7
20432,-82.564,25.711
20433,98.542,-57.45
20434,-85.352,30.648
20435,3.9684,-41.904
20436,54.875,-2.3216
20437,-12.932,-2.8827
20438,-83.465,58.535
20439,93.963,-42.206
20440,81.306,0.33827
20441,-72.397,-44.215
20442,-13.468,-9.0061
20443,-8.2181,-1.4651
20444,-104.84,30.468
20445,-98.426,31.731
20446,-101.25,28.099
20447,74.581,-47.473
20448,39.063,-18.56
20449,85.157,-34.649
20450,-2.1124,-49.013
20451,45.52,-44.819
20452,18.396,-84.13
20453,16.152,-98.764
20454,13.082,12.681
20455,-45.834,-65.561
20456,58.672,7.6089
20457,73.653,-58.995
20458,70.128,-18.642
20459,-6.1749,0.022394
20460,-83.644,-37.871
20461,87.81,-38.999
20462,68.915,47.229
20463,68.777,-5.6355
20464,59.086,-54.47
20465,49.213,-85.659
20466,89.279,9.128
20467,40.093,-74.475
20468,-12.992,-8.9814
20469,97.949,53.978
20470,-96.67,30.258
20471,-12.366,-3.9392
20472,59.319,-76.664
20473,60.429,4.1509
20474,71.114,-86.097
20475,81.419,0.2745
20476,77.466,-6.6258
20477,88.525,9.9826
20478,-84.253,64.253
20479,73.615,28.245
20480,-106.26,-9.6377
20481,-104.87,33.982
20482,-102.96,31.472
20483,36.009,-85.407
20484,56.132,6.6113
20485,-11.612,-25.765
20486,80.179,0.5831
20487,-78.883,60.49
20488,-15.227,-11.128
20489,53.07,-84.898
20490,-28.678,-4.1295
20491,5.4136,23.001
20492,18.542,-84.097
20493,-6.8284,-0.87289
20494,-67.397,-52.472
20495,-100.96,29.88
20496,-96.193,23.579
20497,89.821,-30.477
20498,-3.0362,-42.835
20499,-4.1034,-30.895
20500,89.357,-41.459
20501,79.005,-57.323
20502,50.588,-15.594
20503,99.028,48.856
20504,29.153,-97.117
20505,-104.7,35.489
20506,-99.446,28.832
20507,-96.657,28.952
20508,55.09,31.097
20509,-117.61,10.468
20510,-105.16,34.323
20511,-89.219,33.129
20512,47.587,-85.482
20513,86.491,8.8041
20514,55.63,23.945
20515,53.732,-86.809
20516,-22.842,-90.181
20517,-117.9,11.044
20518,-97.508,30.652
20519,-30.535,-57.277
20520,91.75,-42.395
20521,-69.245,-69.241
20522,16.163,-98.735
20523,93.318,-28.149
20524,32.631,-70.16
20525,-22.365,-106.33
20526,-102.76,31.9
20527,107.68,-15.867
20528,-103.07,30.724
20529,-4.5062,-44.379
20530,63.553,-4.7405
20531,-0.96391,-29.631
20532,-80.997,-41.051
20533,-41.277,-33.482
20534,-84.341,64.279
20535,-8.8144,-0.065696
20536,54.435,-65.295
20537,-19.382,-7.5738
20538,-12.298,-8.7347
20539,-25.622,-104.61
20540,56.289,16.801
20541,54.596,5.3614
20542,81.217,0.47741
20543,-11.676,-4.7987
20544,73.845,-55.322
20545,95.965,-40.294
20546,48.71,-50.197
20547,44.18,-75.012
20548,73.786,-14.694
20549,47.954,-19.609
20550,50.379,-87.721
20551,-82.887,35.674
20552,70.887,84.928
20553,-116.51,8.3978
20554,86.067,12.076
20555,75.475,-48.587
20556,28.003,-97.306
20557,77.254,-6.4296
20558,-3.3438,-104.59
20559,-89.398,33.511
20560,-118.06,11.473
20561,56.675,31.831
20562,-32.157,95.431
20563,-83.147,58.994
20564,69.958,-15.747
20565,88.314,-41.07
20566,61.313,-4.469
20567,27.876,-68.778
20568,85.66,-38.215
20569,87.743,-21.222
20570,69.004,-59.723
20571,42.034,-70.833
20572,44.7,104
20573,53.915,31.237
20574,39.833,77.554
20575,-2.1747,1.2118
20576,-101.3,26.722
20577,-72.609,-65.142
20578,54.173,4.5101
20579,96.152,-38.942
20580,-11.445,1.8625
20581,21.594,-31.649
20582,79.946,-29.808
20583,-13.452,-7.506
20584,-105.15,35.073
20585,107.68,-15.867
20586,-107.24,28.809
20587,-44.453,-34.307
20588,46.256,-52.782
20589,91.942,-19.68
20590,55.831,-54.63
20591,32.711,-70.824
20592,94.296,59.306
20593,-10.106,-9.2461
20594,-3.6306,-4.4416
20595,-9.8435,116.59
20596,-84.259,64.269
20597,-21.477,2.1401
20598,-39.962,6.7286
20599,-99.701,28.917
20600,85.594,8.2333
20601,93.379,-24.094
20602,93.482,-41.959
20603,-1.7564,-46.661
20604,22.266,-32.044
20605,73.196,20.505
20606,68.676,84.911
20607,-97.646,31.482
20608,-104.32,35.37
20609,-99.704,28.955
20610,-54.038,18.384
20611,-84.408,-23.751
20612,-37.741,-77.276
20613,99.725,41.433
20614,72.514,-2.3747
20615,-12.713,115.98
20616,47.119,-41.512
20617,80.754,-33.567
20618,51.197,-16.017
20619,77.121,-56.528
20620,32.412,-67.858
20621,-78.826,60.399
20622,-116.89,9.2227
20623,71.269,-85.896
20624,-45.409,-1.2719
20625,-84.765,-27.124
20626,-84.255,64.257
20627,-75.789,18.314
20628,85.34,8.0655
20629,31.878,-39.161
20630,74.271,-8.7778
20631,52.008,4.2658
20632,87.888,10.54
20633,93.587,-19.296
20634,67.373,-60.676
20635,-84.254,64.256
20636,-78.976,60.628
20637,44.157,-14.057
20638,55.692,17.884
20639,51.809,12.121
20640,14.766,17.038
20641,105.13,12.088
20642,-115.36,13.125
20643,-115.88,13.102
20644,-84.721,36.02
20645,-38.186,13.988
20646,-10.341,-5.2592
20647,52.497,7.7449
20648,-1.9898,-46.569
20649,87.293,11.06
20650,41.876,-69.116
20651,42.703,89.303
20652,-84.254,64.256
20653,21.041,-31.787
20654,15.675,-86.352
20655,85.713,-37.966
20656,-12.786,0.75422
20657,-25.346,-103.15
20658,97.505,-61.538
20659,-118.39,12.904
20660,-73.754,52.921
20661,55.065,15.053
20662,59.999,-75.387
20663,3.1331,-57.867
20664,31.18,-66.572
20665,86.44,8.7234
20666,20.526,-92.663
20667,65.754,-28.737
20668,6.3734,114.68
20669,45.295,-26.827
20670,75.117,-79.649
20671,-23.076,-109.92
20672,74.122,-81.431
20673,-104.77,26.635
20674,61.305,-44.822
20675,48.421,18.338
20676,85.174,7.9139
20677,-11.718,0.88528
20678,36.589,-51.701
20679,72.836,-38.17
20680,0.38747,-23.688
20681,89.607,8.8495
20682,-18.159,113.39
20683,-44.107,4.7353
20684,-15.081,-1.3615
20685,64.751,-30.673
20686,69.941,-7.2353
20687,-11.026,-7.1042
20688,56.855,22.846
20689,82.956,-48.904
20690,68.763,-5.9207
20691,86.045,-5.1116
20692,-118.02,11.364
20693,73.593,78.636
20694,30.305,54.133
20695,-92.892,23.087
20696,36.664,86.414
20697,-78.91,-34.789
20698,47.578,-32.454
20699,70.516,-19.709
20700,77.799,-6.5905
20701,86.448,11.751
20702,87.873,-39.181
20703,-1.4995,9.9302
20704,99.055,50.028
20705,-88.474,21.688
20706,52.442,16.301
20707,34.756,-72.721
20708,78.502,-43.285
20709,86.919,-1.5704
20710,-16.175,-4.0362
20711,103.28,31.728
20712,-80.712,28.095
20713,51.02,20.183
20714,-12.112,116.13
20715,53.88,7.7293
20716,91.309,-43.241
20717,77.566,-55.047
20718,92.912,-17.286
20719,64.425,-41.35
20720,-2.0152,-4.0532
20721,-106.94,28.286
20722,-30.751,-4.3072
20723,-118.11,12.742
20724,-14.98,-4.1215
20725,4.9588,-25.154
20726,18.702,-24.138
20727,-1.8968,-45.345
20728,64.986,-19.111
20729,50.736,-59.152
20730,-84.362,64.271
20731,10.913,14.879
20732,-4.608,-5.7349
20733,-29.407,-0.96664
20734,25.446,-9.571
20735,-72.058,16.01
20736,56.092,-2.3143
20737,41.597,-12.013
20738,36.86,-32.562
20739,52.738,16.685
20740,83.532,67.814
20741,-5.1219,25.903
20742,10.854,-91.163
20743,-15.604,114.94
20744,76.048,-36.227
20745,5.8034,11.793
20746,-90.556,22.324
20747,73.596,78.635
20748,-83.636,31.417
20749,-61.325,15.493
20750,-34.277,-33.653
20751,64.479,27.954
20752,-22.988,-109.84
20753,16.086,10.869
20754,72.968,-15.891
20755,50.896,-72.004
20756,-11.437,116.3
20757,74.743,25.768
20758,-104.7,35.482
20759,-72.061,-43.604
20760,-102.56,16.053
20761,-91.11,22.391
20762,64.557,-9.263
20763,89.825,-30.731
20764,92.083,-19.929
20765,71.602,84.292
20766,109.02,6.2256
20767,28.403,-94.324
20768,-108.64,-9.0123
20769,-98.457,31.74
20770,-85.39,-26.86
20771,-114.97,13.176
20772,72.439,-84.279
20773,52.544,7.8309
20774,-9.0359,-5.1961
20775,38.428,-9.8572
20776,61.997,26.474
20777,100.49,-0.55841
20778,6.8719,25.23
20779,-10.053,-3.4304
20780,-72.353,-24.813
20781,-116.4,8.1596
20782,47.551,-76.485
20783,81.922,-33.334
20784,26.09,-31.156
20785,71.604,-55.097
20786,83.455,46.632
20787,-29.246,90.785
20788,97.868,54.152
20789,0.64995,-62.371
20790,-4.5388,-7.1883
20791,-5.8296,-7.113
20792,107.68,-15.867
20793,47.108,102.33
20794,7.4439,114.65
20795,-14.237,13.49
20796,-48.479,7.2233
20797,56.458,-2.0923
20798,97.055,55.626
20799,21.37,-90.164
20800,36.955,-61.666
20801,47.629,18.285
20802,75.961,26.026
20803,-118.09,11.604
20804,5.2775,24.047
20805,4.4735,-25.72
20806,-9.8147,-0.97538
20807,93.894,-42.13
20808,15.139,14.024
20809,16.161,-98.743
20810,44.9,-48.808
20811,35.092,20.759
20812,53.401,17.825
20813,58.893,-54.666
20814,-16.923,-1.0297
20815,-118.39,12.904
20816,-105.54,-12.187
20817,-94.813,28.2
20818,-32.103,22.266
20819,42.376,-29.151
20820,52.184,30.63
20821,87.786,10.629
20822,52.314,-86.936
20823,-19.044,0.073598
20824,54.26,4.6815
20825,-39.23,-22.929
20826,45.978,22.387
20827,83.744,-49.5
20828,-39.5,-23.061
20829,-104.75,35.486
20830,80.976,-6.0791
20831,65.716,19.693
20832,-65.238,-42.654
20833,80.335,-37.728
20834,18.961,-22.395
20835,80.541,-15.23
20836,24.376,-95.922
20837,-95.558,30.642
20838,-114.36,13.29
20839,91.745,57.022
20840,-99.993,-29.346
20841,-67.476,-0.37815
20842,24.194,19.522
20843,82.712,-49.004
20844,95.58,-41.279
20845,67.344,67.257
20846,-30.725,-4.3042
20847,-95.849,30.704
20848,-0.16702,99.945
20849,10.886,30.402
20850,95.592,57.703
20851,-12.213,-4.5715
20852,-113.92,13.517
20853,-2.3304,-3.3837
20854,50.737,11.002
20855,-39.239,-22.937
20856,55.376,2.2006
20857,80.307,-37.678
20858,81.762,48.105
20859,-84.362,64.271
20860,1.5219,-55.669
20861,26.628,-38.607
20862,93.58,-18.796
20863,49.749,-7.5647
20864,85.355,36.188
20865,-13.545,-10.096
20866,-117.4,10.141
20867,-42.923,0.1335
20868,-78.74,60.256
20869,50.935,-55.871
20870,81.079,-0.87019
20871,-9.87,-0.2024
20872,94.84,15.018
20873,109.02,6.2201
20874,-102.94,32.244
20875,-104.89,34.914
20876,-118.36,12.786
20877,-101.4,26.424
20878,50.072,-31.299
20879,-8.4784,0.77823
20880,5.0196,-27.209
20881,43.244,24.964
20882,6.3,-27.182
20883,75.696,-78.539
20884,-33.887,-26.546
20885,-15.572,114.95
20886,-103.28,30.272
20887,-88.641,24.114
20888,6.0055,23.597
20889,-104.77,33.771
20890,-9.3524,-7.891
20891,61.983,21.377
20892,54.867,16.405
20893,47.331,-26.494
20894,60.897,-2.7383
20895,85.118,7.8921
20896,55.324,-86.778
20897,101.59,-0.32787
20898,55.055,31.822
20899,-81.017,36.312
20900,-34.956,-1.4736
20901,46.459,104.22
20902,-4.3893,-0.68897
20903,61.887,3.3366
20904,55.262,16.633
20905,56.18,-2.2448
20906,76.978,-13.887
20907,47.098,-41.413
20908,72.125,81.72
20909,59,5.2141
20910,87.161,-25.374
20911,31.181,19.679
20912,-5.9569,-8.5417
20913,60.455,14.084
20914,-98.156,31.656
20915,93.482,60.197
20916,-76.421,16.255
20917,83.728,67.486
20918,72.203,81.503
20919,72.325,-16.73
20920,69.578,-23.938
20921,-45.357,4.5408
20922,4.3483,27.902
20923,-7.6518,-7.1741
20924,45.248,87.932
20925,-103.39,24.586
20926,55.301,-3.0898
20927,-17.052,-9.0985
20928,89.068,-14.87
20929,63.437,12.075
20930,58.928,7.553
20931,-94.367,30.672
20932,-1.9127,-45.125
20933,59.428,-5.6105
20934,73.553,-34.991
20935,71.783,-17.035
20936,-16.749,11.171
20937,21.176,-90.695
20938,88.925,-25.497
20939,42.262,-50.629
20940,-10.556,-4.6238
20941,5.7379,11.851
20942,-31.53,13.698
20943,-72.784,52.022
20944,81.101,29.196
20945,62.935,-13.074
20946,-12.723,101.96
20947,24.462,-36.326
20948,60.201,-15.408
20949,51.68,13.143
20950,69.805,26.5
20951,-96.123,30.884
20952,-74.411,53.573
20953,-102.29,30.424
20954,-14.212,-5.1583
20955,82.607,26.504
20956,72.475,-16.45
20957,28.586,-79.639
20958,77.34,-6.6537
20959,62.361,-62.686
20960,96.192,-39.483
20961,-17.044,-7.7797
20962,56.839,20.157
20963,-11.168,-6.0366
20964,-44.019,-34.085
20965,-94.507,30.83
20966,-39.066,-22.871
20967,-116.17,10.471
20968,52.886,-30.92
20969,-99.838,29.032
20970,62.908,20.975
20971,87.091,-36.266
20972,71.067,-38.173
20973,31.76,-64.123
20974,44.341,0.97761
20975,-105.63,34.329
20976,48.186,49.529
20977,75.344,-79.222
20978,-100.21,-29.03
20979,84.248,-16.627
20980,34.501,-18.171
20981,-97.303,20.764
20982,41.437,-51.439
20983,90.983,-42.1
20984,31.506,-70.872
20985,-39.819,-20.555
20986,-106.58,29.248
20987,-98.723,31.81
20988,77.267,54.866
20989,109.02,6.2257
20990,65.846,8.3932
20991,-101.39,26.42
20992,-71.618,-12.839
20993,-3.473,-2.7782
20994,24.706,-58.989
20995,35.906,-75.862
20996,44.89,16.453
20997,-102.98,27.108
20998,-92.452,12.831
20999,-87.571,25.904
21000,-33.79,-33.734
21001,-2.4457,-5.9194
21002,84.948,12.921
21003,78.016,-49.134
21004,-67.275,10.747
21005,33.41,-72.673
21006,65.77,19.795
21007,-13.391,14.799
21008,69.599,-23.418
21009,-83.319,36.922
21010,-84.34,64.277
21011,-34.443,-7.2047
21012,-8.4327,-7.4976
21013,-10.104,-6.9709
21014,-67.452,-52.503
21015,65.419,8.826
21016,92.602,-28.936
21017,66.678,48.658
21018,63.072,17.062
21019,53.255,17.593
21020,72.259,26.418
21021,93.168,-64.229
21022,-92.974,23.124
21023,54.83,-56.346
21024,72.57,-16.163
21025,66.811,-57.947
21026,67.15,-59.771
21027,102,-0.22358
21028,82.843,33.011
21029,-17.691,113.74
21030,-23.026,-109.87
21031,74.992,-44.041
21032,-91.341,13.445
21033,55.987,34.686
21034,-107.04,-10.344
21035,69.164,68.1
21036,101.38,-58.539
21037,-83.992,36.6
21038,-94.607,30.228
21039,-53.618,-59.863
21040,-118.39,12.905
21041,-22.2,-108.96
21042,29.136,-92.324
21043,66.292,7.6684
21044,53.771,-2.933
21045,-15.761,-1.6295
21046,-84.253,64.254
21047,84.691,-36.079
21048,-10.712,2.803
21049,-16.194,-1.0518
21050,84.203,-25.739
21051,92.076,-29.979
21052,41.013,-47.707
21053,55.935,14.719
21054,58.855,8.2495
21055,10.243,29.631
21056,-101.56,30.239
21057,81.922,46.345
21058,-85.14,35.736
21059,72.618,-0.42232
21060,55.722,14.334
21061,53.382,-30.564
21062,43.725,25.663
21063,63.335,-0.63101
21064,55.329,7.5133
21065,-10.382,-0.067927
21066,92.16,61.59
21067,101.87,-0.25828
21068,62.097,11.95
21069,-89.323,31.376
21070,-103.45,29.338
21071,88.111,7.268
21072,-18.768,112.89
21073,95.695,15.45
21074,59.212,75.487
21075,-84.294,21.334
21076,4.8608,-25.056
21077,64.94,-41.318
21078,-1.409,-43.733
21079,-68.694,-78.74
21080,5.7136,-25.515
21081,34.982,-30.889
21082,87.858,-39.141
21083,15.953,13.632
21084,52.176,14.666
21085,86.584,-1.3991
21086,-82.955,-28.813
21087,-83.07,36.887
21088,-98.856,31.862
21089,-78.874,60.473
21090,-35.812,22.042
21091,64.063,-17.449
21092,-67.283,10.614
21093,94.021,23.463
21094,21.194,-31.757
21095,69.701,-22.437
21096,-6.2472,-22.738
21097,82.715,-48.966
21098,-58.052,-34.083
21099,52.442,21.625
21100,-115.02,13.176
21101,75.51,12.835
21102,57.506,8.2677
21103,64.855,19.227
21104,90.256,-30.05
21105,87.268,-1.7701
21106,-14.991,-6.0993
21107,73.398,-57.445
21108,52.524,16.246
21109,-118.03,12.297
21110,-104.18,35.009
21111,-117.95,11.396
21112,57.513,31.777
21113,-99.714,28.96
21114,87.046,11.258
21115,107.68,-15.867
21116,72.487,20.191
21117,-13.006,-4.2627
21118,-14.903,-5.5302
21119,-99.868,29.027
21120,0.0092519,-23.475
21121,-81.396,-31.366
21122,-9.1995,0.6707
21123,-13.074,-3.6189
21124,-70.443,-10.974
21125,63.071,13.659
21126,46.082,-42.428
21127,-84.751,35.973
21128,-2.279,-59.021
21129,59.279,-23.116
21130,-79.333,48.719
21131,-20.581,1.2136
21132,79.901,-29.85
21133,66.063,49.009
21134,93.589,-18.794
21135,81.574,-0.024536
21136,64.002,-15.462
21137,29.31,-34.392
21138,78.8,32.275
21139,-89.476,33.493
21140,-95.96,30.842
21141,-37.817,-20.764
21142,40.242,90.332
21143,-81.158,-36.514
21144,-82.116,-38.632
21145,-102.9,31.11
21146,68.677,84.912
21147,95.381,-41.952
21148,63.344,12.456
21149,82.71,-49.12
21150,71.483,20.669
21151,-40.822,4.7952
21152,-5.6084,-0.16802
21153,-10.053,-6.654
21154,36.6,53.379
21155,72.455,80.896
21156,-115.78,13.117
21157,-19.051,-8.4142
21158,-96.351,25.64
21159,46.212,22.672
21160,-56.529,-32.916
21161,-15.108,-4.3161
21162,104.55,13.807
21163,92.2,61.554
21164,89.102,29.223
21165,-85.527,-26.042
21166,-107.14,-10.26
21167,-11.59,-95.625
21168,-76.748,17.091
21169,68.66,-21.827
21170,-12.232,-5.6898
21171,57.325,8.2402
21172,88.723,-40.315
21173,68.5,-26.319
21174,75.883,-45.697
21175,-10.649,-7.9175
21176,35.968,-48.231
21177,80.838,-38.029
21178,49.897,23.644
21179,-118.39,12.904
21180,-113.02,14.323
21181,-1.8042,-46.829
21182,-87.131,33.539
21183,-115.2,13.153
21184,108.8,-44.51
21185,71.973,82.199
21186,32.52,49.658
21187,87.563,10.821
21188,-22.06,-108.2
21189,-18.038,-8.0789
21190,88.227,-42.541
21191,52.358,16.288
21192,45.295,-35.223
21193,86.847,-1.6533
21194,68.218,-2.8794
21195,81.717,-0.036569
21196,-11.407,-9.7915
21197,56.335,22.841
21198,-70.028,71.74
21199,102.15,32.988
21200,-98.187,31.608
21201,-89.382,26.112
21202,-96.441,-46.958
21203,-11.2,-94.786
21204,63.671,26.241
21205,48.477,18.954
21206,50.782,11.327
21207,-114.01,13.46
21208,63.538,-42.663
21209,73.591,78.635
21210,90.564,-16.406
21211,104.15,30.453
21212,95.608,-41.203
21213,81.266,-8.8567
21214,89.612,8.8494
21215,93.182,-28.291
21216,69.88,-21.636
21217,-10.414,113.98
21218,38.678,-30.606
21219,91.909,61.851
21220,97.193,55.396
21221,63.028,17.058
21222,59.798,4.5118
21223,95.237,-42.466
21224,-12.293,-2.2776
21225,71.073,29.15
21226,-99.523,31.943
21227,-97.82,25.972
21228,-102.39,30.499
21229,76.822,-33.429
21230,81.604,-34.185
21231,-7.9784,-4.6274
21232,70.473,-19.704
21233,55.973,21.894
21234,50.814,-47.856
21235,85.074,-10.515
21236,86.029,-1.1488
21237,56.182,-58.677
21238,92.562,-29.214
21239,28.958,-39.234
21240,74.698,25.782
21241,-94.664,-47.246
21242,-93.627,25.166
21243,75.614,-52.385
21244,58.447,-54.514
21245,61.105,-54.488
21246,47.147,-41.63
21247,83.327,68.148
21248,-118.39,12.904
21249,-86.338,-25.433
21250,-84.253,64.254
21251,-95.119,17.475
21252,-65.666,4.9874
21253,-33.665,-34.053
21254,91.841,-19.818
21255,99.041,50.208
21256,50.698,33.585
21257,-42.46,89.925
21258,-82.883,-40.844
21259,-81.619,32.04
21260,-66.633,8.816
21261,83.855,-35.198
21262,11.728,28.665
21263,16.34,-98.652
21264,31.887,-64.227
21265,1.7553,18.508
21266,0.72666,102.46
21267,-24.691,12.397
21268,-24.646,-104.02
21269,-83.155,37.044
21270,-53.713,-56.348
21271,-83.514,36.996
21272,-12.596,-94.68
21273,84.769,7.7011
21274,74.291,-53.985
21275,45.243,-77.358
21276,55.174,-88.755
21277,-18.991,112.67
21278,-114.22,13.142
21279,-37.935,-20.522
21280,-84.361,64.27
21281,-116.47,8.3026
21282,72.318,-84.465
21283,-80.73,27.009
21284,61.392,4.7596
21285,-22.364,-106.33
21286,55.865,1.0827
21287,103.05,31.701
21288,52.315,23.898
21289,69.386,-24.485
21290,72.158,81.624
21291,38.67,7.8535
21292,88.149,9.816
21293,78.603,42.023
21294,11.288,17.369
21295,74.602,-80.588
21296,-29.682,10.999
21297,-85.479,14.528
21298,89.607,8.8495
21299,71.932,-16.429
21300,28.723,-94.96
21301,85.658,8.2397
21302,96.51,56.468
21303,16.714,-99.618
21304,91.994,57.048
21305,-10.483,-6.9755
21306,-10.033,116.56
21307,-12.886,43.552
21308,-37.449,-22.662
21309,-95.677,-47.183
21310,-94.722,30.355
21311,96.065,-40.05
21312,71.279,-12.942
21313,37.49,-32.639
21314,85.718,-9.5925
21315,66.099,-21.212
21316,-84.164,-23.243
21317,-117.84,10.906
21318,57.202,7.6813
21319,79.164,-5.5028
21320,81.56,0.20716
21321,-24.375,-104.21
21322,71.825,-10.649
21323,66.818,-58.15
21324,-4.2568,4.4981
21325,-6.1846,-6.889
21326,65.826,-28.798
21327,86.154,34.444
21328,-106.47,29.489
21329,-13.824,0.2612
21330,-14.007,-9.4804
21331,-9.5124,-6.6894
21332,-8.9013,9.2623
21333,-92.257,13.068
21334,6.9845,-76.844
21335,87.989,-38.282
21336,21.646,-31.614
21337,73.371,-58.876
21338,76.732,27.402
21339,79.285,-30.696
21340,56.447,20.519
21341,27.59,12.179
21342,63.249,36.155
21343,82.034,-42.209
21344,79.938,-51.842
21345,75.314,-79.277
21346,109.02,6.2228
21347,-102.84,21.561
21348,-101.19,29.992
21349,81.102,-5.7994
21350,87.537,10.842
21351,98.517,52.626
21352,50.772,10.966
21353,-84.362,64.272
21354,-118.84,12.223
21355,-30.074,95.685
21356,-9.4694,3.6946
21357,-45.893,-9.6075
21358,-104.31,35.25
21359,71.346,26.565
21360,78.988,-36.051
21361,-28.296,-63.297
21362,79.948,-30.494
21363,-14.871,11.854
21364,47.918,-77.525
21365,-43.478,-34.002
21366,50.137,-69.539
21367,80.987,-33.949
21368,51.95,-48.84
21369,-80.385,62.414
21370,21.383,-90.113
21371,-12.863,115.93
21372,85.387,12.611
21373,31.165,-66.691
21374,-7.7289,116.85
21375,-10.784,-0.65663
21376,-95.615,29.658
21377,-86.571,31.819
21378,55.763,-6.4702
21379,-11.248,-5.262
21380,-69.166,14.14
21381,83.891,-35.734
21382,92.055,-42.89
21383,87.708,-24.86
21384,30.268,-17.447
21385,-19.348,-2.5614
21386,70.016,39.329
21387,-21.367,1.934
21388,-21.462,2.0925
21389,-47.876,-16.192
21390,37.729,91.945
21391,-83.241,60.489
21392,53.773,-86.782
21393,81.989,0.065781
21394,-27.984,-102.17
21395,16.179,-98.695
21396,-61.436,15.216
21397,-62.542,17.171
21398,-6.6593,0.61549
21399,55.79,31.989
21400,-117.64,15.387
21401,-10.612,-9.9091
21402,-40.77,-23.769
21403,-107.28,28.467
21404,96.415,-61.295
21405,64.445,-19.866
21406,57.467,-19.638
21407,63.79,-0.94811
21408,107.68,-15.867
21409,93.062,-28.047
21410,39.615,-48.132
21411,92.147,-19.647
21412,29.636,-92.965
21413,55.048,-65.03
21414,95.732,-40.847
21415,101.56,-0.3219
21416,49.481,3.1439
21417,-17.247,-10.666
21418,-85.094,35.773
21419,85.795,34.531
21420,95.774,57.473
21421,-97.412,25.848
21422,-48.514,-89.514
21423,90.729,25.407
21424,-94.6,16.509
21425,64.293,-17.52
21426,13.342,18.114
21427,71.952,-85.001
21428,5.1831,24.937
21429,9.3212,40.387
21430,56.781,31.824
21431,55.57,14.97
21432,45.091,62.837
21433,-81.278,-10.222
21434,-69.786,3.3969
21435,45.32,-74.003
21436,89.607,8.8496
21437,51.593,26.19
21438,55.047,31.828
21439,74.031,-81.602
21440,-112.58,14.858
21441,58.811,8.0553
21442,51.985,17.171
21443,64.681,-50.659
21444,78.071,-3.6275
21445,27.506,-97.378
21446,52.43,-55.81
21447,77.414,-57.993
21448,24.328,-36.341
21449,93.669,59.995
21450,-4.6467,-3.606
21451,72.763,26.308
21452,-10.681,-94.233
21453,65.029,19.355
21454,75.347,29.204
21455,-84.155,36.475
21456,-117.83,12.748
21457,-84.361,64.27
21458,87.779,10.633
21459,46.248,-52.616
21460,75.952,-42.451
21461,97.323,16.197
21462,92.531,25.509
21463,-118.39,12.904
21464,-113.62,13.738
21465,-87.812,-40.841
21466,-82.93,59.369
21467,71.211,-85.969
21468,-87.338,33.938
21469,-117.46,10.22
21470,64.723,-17.051
21471,68.674,84.909
21472,-20.63,1.2418
21473,59.102,-22.773
21474,-26.897,-104.88
21475,65.955,8.0112
21476,95.236,-42.466
21477,73.851,-58.753
21478,-2.7106,-6.2888
21479,6.8193,114.67
21480,-117.85,10.922
21481,75.817,13.679
21482,-27.169,-104.97
21483,29.265,-93.004
21484,39.088,-10.609
21485,-13.89,-5.0715
21486,89.557,-42.022
21487,42.597,-48.775
21488,71.216,-85.966
21489,-97.82,25.96
21490,-12.251,45.145
21491,-92.86,28.512
21492,107.12,5.608
21493,74.698,-58.129
21494,52.28,24.55
21495,78.318,-56.938
21496,-7.4991,1.1642
21497,18.658,35.884
21498,-95.436,30.378
21499,41.558,90.224
21500,54.566,-56.164
21501,80.834,-4.7189
21502,76.658,-56.866
21503,75.963,-43.397
21504,-41.324,-24.151
21505,27.97,-97.309
21506,-12.238,-3.2819
21507,60.234,-54.199
21508,80.077,-37.341
21509,16.18,-98.694
21510,89.022,-22.572
21511,16.663,14.112
21512,-17.974,-8.7099
21513,-7.0218,-5.9333
21514,-15.184,44.876
21515,74.507,56.61
21516,-77.817,4.4754
21517,50.904,11.697
21518,-9.4182,-7.1933
21519,95.237,-42.466
21520,84.503,-0.89841
21521,95.237,-42.466
21522,62.004,-42.354
21523,83.098,-48.027
21524,71.765,82.983
21525,62.269,-12.121
21526,-22.216,-109
21527,69.376,30.246
21528,52.345,16.038
21529,-8.2099,-9.6232
21530,-14.907,-8.0221
21531,-97.352,20.938
21532,63.288,36.032
21533,64.736,9.8157
21534,66.671,-31.893
21535,61.28,-55.39
21536,109.02,6.2215
21537,94.993,15.158
21538,-113.81,13.59
21539,-105.48,35.781
21540,-59.02,-40.764
21541,-76.772,34.464
21542,-76.967,56.744
21543,95.246,-42.428
21544,4.2013,22.651
21545,16.349,-98.552
21546,-12.084,-0.61345
21547,70.789,-19.229
21548,-15.019,115.19
21549,87.465,30.006
21550,72.623,-83.988
21551,-89.723,21.571
21552,-106.12,17.636
21553,78.953,32.989
21554,54.707,-4.478
21555,58.759,-83.416
21556,52.078,4.6535
21557,27.06,32.496
21558,81.092,-53.114
21559,88.119,-40.972
21560,83.069,68.545
21561,100.72,34.171
21562,-99.339,31.911
21563,71.163,-86.032
21564,44.388,19.104
21565,57.331,-40.366
21566,89.607,8.8496
21567,38.16,-35.084
21568,12.181,30.268
21569,66.919,67.639
21570,67.98,-29.832
21571,-38.955,-22.749
21572,-82.732,-40.958
21573,-87.843,31.511
21574,51.702,34.159
21575,97.821,54.246
21576,-60.814,-20.096
21577,-83,-40.671
21578,74.19,-61.917
21579,76.76,-10.235
21580,-92.29,-48.235
21581,94.958,-41.308
21582,19.182,-36.046
21583,76.097,-38.996
21584,-16.358,-6.5636
21585,-92.733,23.017
21586,-15.329,-9.8185
21587,-43.615,0.93845
21588,71.426,-85.695
21589,57.717,15.97
21590,36.66,-32.963
21591,49.635,-26.003
21592,61.216,-55.564
21593,7.7695,115.36
21594,-14.039,-1.1487
21595,72.308,-84.48
21596,-40.637,20.535
21597,-88.436,31.071
21598,50.064,-64.029
21599,95.576,-41.293
21600,-70.546,-14.718
21601,55.027,1.7927
21602,-70.397,-9.5552
21603,78.156,-33.585
21604,43.985,-49.478
21605,-99.999,31.985
21606,-8.623,-1.5597
21607,-15.214,-4.2409
21608,-21.532,2.3985
21609,-113.81,13.597
21610,-28.468,-93.484
21611,-84.341,64.28
21612,80.135,-47.307
21613,-64.287,-43.407
21614,79.811,-47.28
21615,68.687,84.927
21616,21.159,-31.871
21617,55.046,-84.729
21618,69.732,66.91
21619,96.712,44.828
21620,17.85,-95.132
21621,-41.665,-22.09
21622,77.135,27.489
21623,73.25,-15.277
21624,70.687,-12.511
21625,13.02,8.8066
21626,62.63,21
21627,95.435,-41.77
21628,2.7992,12.987
21629,-7.464,-4.5348
21630,-2.3424,102.63
21631,81.031,-38.121
21632,58.22,5.8829
21633,24.574,-36.064
21634,6.6808,-25.79
21635,49.057,-49.089
21636,50.231,-3.0951
21637,-53.791,-1.1289
21638,-11.101,102.75
21639,-88.972,33.694
21640,-95.192,17.272
21641,50.573,39.186
21642,95.753,-40.806
21643,-9.7954,-4.2109
21644,-41.061,-33.408
21645,48.38,87.359
21646,20.59,-91.807
21647,4.2378,13.698
21648,-10.772,-80.002
21649,-10.472,3.3968
21650,-18.109,-6.6101
21651,-101.9,29.617
21652,68.921,-29.794
21653,-87.849,-23.709
21654,-77.702,58.216
21655,-69.193,-32.428
21656,-93.845,23.444
21657,109.02,6.2243
21658,87.711,-21.171
21659,-8.6639,-3.1642
21660,35.256,14.967
21661,61.411,45.289
21662,-96.832,31.23
21663,-102.19,20.612
21664,52.772,-17.184
21665,-8.9681,1.6146
21666,51.507,35.925
21667,95.963,-40.301
21668,93.366,-28.08
21669,42.576,-10.283
21670,88.881,-27.003
21671,49.846,10.417
21672,60.858,-23.908
21673,81.001,-5.5038
21674,2.0863,-62.812
21675,-15.039,-32.986
21676,-84.362,64.272
21677,-61.449,-10.117
21678,78.726,48.133
21679,-14.521,101.59
21680,-10.808,-1.4861
21681,-90.114,11.545
21682,54.249,22.049
21683,56.096,-2.6724
21684,77.329,-33.667
21685,80.052,-16.02
21686,-87.515,-55.368
21687,32.534,-70.79
21688,-14.614,-6.5666
21689,-12.072,-0.95382
21690,84.659,38.769
21691,39.04,91.255
21692,-79.281,61.069
21693,-58.204,20.743
21694,-40.75,-27.772
21695,95.396,-41.9
21696,87.89,-39.212
21697,2.0339,12.59
21698,51.486,-50.337
21699,24.266,-36.408
21700,15.288,6.3225
21701,-16.57,86.82
21702,-99.513,25.107
21703,-10.909,-4.6989
21704,-100.87,31.9
21705,0.057837,102.28
21706,-72.143,15.042
21707,63.074,14.414
21708,51.394,-16.023
21709,-21.746,-15.26
21710,2.5618,-37.762
21711,83.223,-2.0342
21712,15.056,-70.773
21713,-9.2543,-6.6521
21714,-58.885,-34.107
21715,64.553,53.46
21716,99.083,-59.767
21717,-88.784,33.567
21718,-14.174,-85.26
21719,-3.7621,-2.2566
21720,45.486,-35.671
21721,-81.419,-24.03
21722,-65.835,9.7582
21723,-12.495,-2.8447
21724,72.475,-12.108
21725,89.609,8.8493
21726,88.268,29.549
21727,64.287,18.655
21728,-5.158,4.0825
21729,-7.7584,-6.2959
21730,-82.674,36.971
21731,77.014,-54.54
21732,28.553,-40.291
21733,74.17,-4.1595
21734,51.204,9.2918
21735,-97.388,20.544
21736,72.067,-57.701
21737,96.167,-39.659
21738,28.903,-92.159
21739,17.434,67.457
21740,52.617,-17.08
21741,66.807,70.841
21742,-18.616,-6.8315
21743,93.107,60.596
21744,-104.13,30.093
21745,59.05,76.131
21746,68.87,68.485
21747,27.377,99.329
21748,48.895,-21.302
21749,44.016,29.33
21750,-16.125,114.69
21751,63.949,18.238
21752,97.176,55.425
21753,-15.799,-4.4139
21754,-8.4996,-6.933
21755,-31.888,93.264
21756,42.107,45.892
21757,38.713,92.234
21758,55.572,-3.8681
21759,75.96,-10.094
21760,51.385,-49.291
21761,50.017,10.165
21762,27.44,-17.474
21763,109.01,6.2203
21764,68.888,68.108
21765,-89.327,33.274
21766,41.73,41.189
21767,6.2939,-27.067
21768,-13.615,-6.8221
21769,-11.63,2.8444
21770,89.217,-41.368
21771,98.101,46.215
21772,87.989,-39.506
21773,67.952,-4.7535
21774,-19.811,-81.457
21775,52.336,79.88
21776,62.35,-12.136
21777,-4.9301,-4.3845
21778,37.899,-21.066
21779,33.946,-72.102
21780,68.678,84.913
21781,52.7,-31.316
21782,7.1328,114.66
21783,75.25,-79.398
21784,-117.8,10.812
21785,57.841,73.934
21786,99.724,41.439
21787,-1.8988,61.997
21788,-82.965,35.869
21789,79.133,33.312
21790,77.895,50.54
21791,-13.173,-3.6026
21792,57.253,-62.827
21793,93.494,-18.089
21794,84.295,-48.781
21795,33.804,-29.099
21796,89.299,-41.442
21797,56.736,7.7032
21798,45.616,-71.376
21799,79.553,52.469
21800,-84.256,64.26
21801,-117.24,9.9504
21802,-13.876,-55.016
21803,-97.18,15.982
21804,-82.899,-40.762
21805,-113.36,13.968
21806,96.477,56.521
21807,-83.853,36.644
21808,-8.5485,4.8237
21809,45.089,103.73
21810,84.005,-35.801
21811,79.447,-47.323
21812,92.265,-29.635
21813,-8.5072,-5.3304
21814,70.546,-19.369
21815,53.259,17.597
21816,-96.59,31.08
21817,-99.847,29.006
21818,-12.171,77.445
21819,44.729,104.27
21820,52.452,7.3562
21821,93.595,-19.372
21822,61.465,36.438
21823,72.53,58.412
21824,62.718,-12.374
21825,52.152,19.191
21826,-83.534,-37.999
21827,-68.188,-20.065
21828,95.338,-42.084
21829,68.676,84.912
21830,13.194,18.025
21831,86.323,11.86
21832,28.793,-97.13
21833,-98.243,31.46
21834,-105.22,35.584
21835,95.391,57.963
21836,95.101,-50.791
21837,47.681,36.207
21838,39.201,-92.05
21839,96.067,-39.691
21840,-4.8997,-4.7809
21841,-72.166,-43.958
21842,35.077,-34.105
21843,24.876,-32.098
21844,50.36,-56.213
21845,70.935,64.698
21846,40.075,7.3255
21847,108.46,-44.117
21848,-14.281,-3.4054
21849,-84.256,64.26
21850,88.857,-40.362
21851,58.728,-0.68883
21852,-101.1,26.411
21853,93.491,-17.674
21854,85.466,12.551
21855,78.725,31.852
21856,-29.058,-3.9221
21857,74.386,25.877
21858,-8.504,116.77
21859,-20.213,-4.529
21860,-118.38,12.855
21861,13.7,39.447
21862,-11.394,2.5279
21863,64.171,-17.461
21864,95.062,15.275
21865,-12.837,-8.2101
21866,99.694,41.396
21867,-29.546,96.297
21868,101.59,33.387
21869,58.763,7.8328
21870,-8.77,12.147
21871,93.169,-28.269
21872,14.98,-70.647
21873,93.113,-28.46
21874,-118.01,11.332
21875,-6.2909,-0.81602
21876,95.778,20.806
21877,30.223,97.662
21878,-81.887,35.101
21879,71.744,59.599
21880,23.898,-9.3348
21881,63.046,-0.67816
21882,-84.253,64.254
21883,80.172,-3.1205
21884,57.891,-52.572
21885,54.518,-17.762
21886,74.149,56.671
21887,16.635,-98.305
21888,93.357,60.331
21889,-78.075,59.023
21890,-100.81,26.068
21891,58.298,-52.653
21892,98.144,53.537
21893,96.924,55.839
21894,-15.997,9.0376
21895,-92.855,52.146
21896,33.795,93.79
21897,-104.79,30.279
21898,70.353,66.454
21899,65.822,-23.188
21900,72.189,-56.683
21901,16.155,-98.756
21902,95.602,-41.223
21903,16.177,-98.701
21904,-77.987,58.84
21905,-9.9095,-8.4207
21906,-8.5534,-0.78483
21907,72.834,-83.645
21908,55.842,35.035
21909,-42.499,89.932
21910,43.505,89.171
21911,-5.389,-80.346
21912,-28.427,-63.119
21913,78.744,-46.936
21914,81.069,-5.0955
21915,93.399,-28.034
21916,-38.166,-22.341
21917,92.159,-29.754
21918,93.404,-28.026
21919,91.733,-30.631
21920,68.677,84.912
21921,28.479,98.602
21922,79.965,-56.029
21923,80.535,41.036
21924,-79.373,61.193
21925,55.192,4.1467
21926,58.251,-14.552
21927,80.627,0.44927
21928,64.331,18.702
21929,65.741,-23.389
21930,-34.348,-32.735
21931,71.971,-17.334
21932,-34.651,-33.503
21933,77.723,-4.772
21934,85.935,36.401
21935,50.194,-47.234
21936,-79.183,60.934
21937,-6.4329,1.3714
21938,35.124,93.879
21939,-98.391,31.656
21940,-83.05,35.914
21941,59.313,24.865
21942,52.765,8.3572
21943,7.0633,-111.53
21944,87.313,11.045
21945,-8.5017,-37.283
21946,53.212,14.11
21947,-5.3008,-4.8152
21948,66.354,8.1587
21949,67.968,-29.798
21950,-60.195,-39.442
21951,78.163,32.183
21952,94.791,20.501
21953,-83.688,34.718
21954,-84.34,64.277
21955,-11.857,-25.621
21956,95.248,-42.413
21957,-34.146,-31.346
21958,77.464,-6.2964
21959,72.238,-84.586
21960,37.174,80.354
21961,-97.09,31.301
21962,64.735,53.415
21963,75.473,13.972
21964,30.862,34.344
21965,93.646,-41.459
21966,68.677,84.912
21967,92.385,-29.204
21968,70.255,-61.208
21969,64.757,19.191
21970,-11.17,0.015087
21971,-86.83,34.108
21972,58.748,76.378
21973,-7.2692,-9.6538
21974,25.384,-9.0229
21975,77.3,-33.335
21976,46.157,8.5107
21977,89.012,-26.485
21978,-2.6748,-5.4877
21979,97.45,54.949
21980,-6.8636,-9.754
21981,23.515,-9.52
21982,-14.225,-4.9763
21983,-14.885,-7.1686
21984,-88.623,33.808
21985,-17.655,-2.7153
21986,51.98,4.4863
21987,82.257,43.456
21988,-94.539,53.323
21989,-88.4,33.891
21990,-80.968,-34.754
21991,-116.75,8.9377
21992,57.589,16.228
21993,-72.213,36.332
21994,53.506,81.492
21995,52.195,0.28196
21996,-11.127,-2.6454
21997,88.417,10.082
21998,24.573,-31.855
21999,31.985,92.574
22000,-23.97,-107.81
22001,-87.633,-55.168
22002,64.454,-1.0288
22003,60.352,6.0452
22004,93.385,-23.912
22005,-11.147,-2.5974
22006,90.686,-42.044
22007,20.366,-24.769
22008,-15.294,115.07
22009,-84.258,64.265
22010,-94.399,29.646
22011,73.093,-83.22
22012,63.9,18.192
22013,102.46,-57.818
22014,-11.144,-2.6055
22015,59.729,75.327
22016,-10.461,-0.41889
22017,-11.138,-2.6044
22018,68.512,-24.296
22019,57.184,-6.6566
22020,60.903,4.9468
22021,93.65,-19.275
22022,21.154,-90.753
22023,19.749,-35.313
22024,65.175,7.7855
22025,-118.39,12.904
22026,58.713,76.577
22027,-87.37,34.322
22028,-29.703,95.495
22029,64.673,8.1235
22030,77.806,-47.49
22031,58.033,16.097
22032,56.066,-2.6413
22033,68.677,84.912
22034,-14.004,-55.117
22035,88.047,-39.561
22036,-74.666,-18.33
22037,14.176,8.1956
22038,42.047,-50.948
22039,60.188,25.023
22040,16.433,-1.2122
22041,-10.633,-3.8633
22042,-22.724,-109.57
22043,42.987,45.908
22044,-79.341,61.149
22045,-19.47,-59.201
22046,55.8,14.319
22047,53.269,8.5894
22048,-84.361,64.27
22049,39.984,-91.818
22050,66.388,-58.199
22051,76.767,-56.811
22052,95.743,-40.829
22053,79.067,-30.024
22054,70.646,-19.434
22055,46.515,86.292
22056,-31.01,95.47
22057,-81.869,35.999
22058,38.054,4.8657
22059,-68.021,70.591
22060,93.348,-40.01
22061,-11.752,-25.553
22062,81.576,0.049539
22063,-84.341,64.278
22064,72.091,81.814
22065,68.45,-21.519
22066,65.314,-21.507
22067,-30.292,95.77
22068,98.094,46.204
22069,14.782,15.787
22070,-85.299,35.645
22071,-5.0747,-7.4041
22072,88.069,-39.605
22073,-81.164,-40.882
22074,74.286,-58.204
22075,-11.671,-80.408
22076,95.216,58.186
22077,-42.099,-25.068
22078,58.226,33.265
22079,70.694,-19.357
22080,73.594,78.633
22081,-66.785,10.235
22082,31.026,-67.168
22083,53.216,-81.764
22084,39.079,-92.292
22085,47.551,102.06
22086,66.575,70.824
22087,83.087,40.758
22088,20.332,-92.923
22089,-42.467,90.076
22090,15.282,41.086
22091,-66.75,-14.391
22092,79.186,-32.206
22093,73.836,-81.96
22094,42.972,-78.657
22095,87.391,10.98
22096,89.354,-41.498
22097,68.929,-24.268
22098,45.037,29.458
22099,84.317,-48.843
22100,96.112,-39.895
22101,-22.364,-106.32
22102,-73.747,52.912
22103,-104.49,35.43
22104,-84.362,64.271
22105,15.686,49.913
22106,72.63,58.412
22107,-12.524,-6.0424
22108,-19.297,-5.6812
22109,-22.074,-108.37
22110,56.332,4.8248
22111,-59.59,-34.417
22112,20.438,-92.883
22113,17.135,-97.978
22114,72.882,20.385
22115,-105.42,35.596
22116,-17.655,113.77
22117,28.162,98.338
22118,72.168,58.948
22119,-78.875,-7.0038
22120,-17.446,113.92
22121,29.411,-97.121
22122,93.394,-23.838
22123,-22.617,-41.03
22124,-33.769,-6.4844
22125,78.543,53.52
22126,68.281,69.385
22127,51.696,-64.696
22128,83.623,-36.096
22129,-5.7199,-6.6602
22130,-115.83,12.033
22131,-5.3816,-6.9588
22132,42.15,45.903
22133,-12.255,-3.2574
22134,84.163,-28.065
22135,65.419,19.858
22136,68.678,84.912
22137,-17.404,-9.5033
22138,40.208,90.49
22139,10.848,17.153
22140,-89.689,21.336
22141,77.165,54.937
22142,-104.66,27.684
22143,78.635,53.809
22144,82.591,-9.8219
22145,54.62,-51.727
22146,57.452,16.604
22147,51.148,7.3892
22148,-9.0651,1.4386
22149,-11.049,-1.4035
22150,-12.99,-9.9892
22151,82.358,-0.02899
22152,28.237,-93.019
22153,60.881,-1.4032
22154,10.228,27.426
22155,-22.068,-108.33
22156,100.67,-0.52692
22157,-11.699,-6.3613
22158,64.574,8.0411
22159,58.72,4.2371
22160,72.83,80.13
22161,-92.275,13.117
22162,-14.901,-54.58
22163,49.124,-81.712
22164,71.264,58.104
22165,-7.3695,-9.0444
22166,101.01,6.6363
22167,-97.346,20.366
22168,97.784,54.328
22169,51.614,34.195
22170,-29.429,95.732
22171,56.255,5.6724
22172,-4.5757,4.5562
22173,86.716,-1.5152
22174,82.278,42.495
22175,57.437,-19.885
22176,92.224,-29.705
22177,104.36,30.462
22178,-117.74,10.694
22179,-42.496,0.17216
22180,-31.545,-4.8442
22181,49.247,51.285
22182,-94.114,30.157
22183,36.329,93.516
22184,-82.26,35.353
22185,80.041,49.794
22186,51.631,-60.059
22187,87.688,10.713
22188,95.237,-42.47
22189,91.603,-30.964
22190,60.333,-9.1446
22191,67.185,70.373
22192,-100.32,32.063
22193,57.165,31.809
22194,0.75602,102.49
22195,-25.21,53.105
22196,86.006,-1.1549
22197,49.552,-83.918
22198,58.772,7.434
22199,80.181,-51.942
22200,50.16,-47.525
22201,78.171,32.176
22202,53.23,17.547
22203,-15.054,115.18
22204,98.851,47.944
22205,63.211,36.089
22206,16.052,79.927
22207,26.191,48.974
22208,-9.907,-2.4102
22209,77.604,-6.647
22210,74.18,-81.329
22211,70.192,-15.899
22212,10.856,17.16
22213,95.237,-42.466
22214,85.14,-10.461
22215,43.644,-47.09
22216,38.127,91.745
22217,-118.26,12.302
22218,-9.6678,-95.853
22219,-104.5,28.411
22220,55.419,35.356
22221,71.349,55.498
22222,53.258,12.986
22223,31.496,50.105
22224,-7.5972,-0.37998
22225,3.7775,23.704
22226,45.132,103.67
22227,-55.207,62.005
22228,-109.09,-8.6198
22229,-16.732,-2.475
22230,-18.314,113.26
22231,78.674,50.928
22232,-117.23,9.9245
22233,78.459,-3.2313
22234,83.697,-12.28
22235,77.429,-5.867
22236,70.905,-19.877
22237,-53.583,-1.1533
22238,21.662,15.154
22239,-10.451,-3.7946
22240,95.388,-41.928
22241,-9.3472,-6.2653
22242,-53.762,-59.69
22243,8.9311,114.56
22244,72.15,58.924
22245,29.662,-69.934
22246,63,12.412
22247,-25.521,11.769
22248,39.149,-92.197
22249,93.448,-40.095
22250,30.696,94.93
22251,21.396,-31.879
22252,-12.552,-7.1725
22253,85.468,-43.555
22254,-44.862,88.75
22255,-9.423,-4.6583
22256,81.444,47.752
22257,59.324,-1.1524
22258,55.61,-39.62
22259,-10.772,-1.4979
22260,68.31,-23.482
22261,83.769,-49.599
22262,28.503,-97.22
22263,48.572,101.42
22264,65.832,69.113
22265,-79.884,61.822
22266,57.017,-14.208
22267,28.154,-40.814
22268,-83.858,35.763
22269,102.21,-0.15936
22270,64.284,21.763
22271,68.691,-59.943
22272,79.562,-55.937
22273,89.242,-42.783
22274,88.699,9.8054
22275,107.67,-15.907
22276,82.227,43.915
22277,55.015,32.163
22278,77.76,28.526
22279,68.676,84.912
22280,-67.141,76.26
22281,-64.406,9.153
22282,81.283,-42.139
22283,-9.0419,116.71
22284,62.772,-43.863
22285,68.883,-26.746
22286,-77.178,-68.73
22287,74.533,-62.4
22288,41.32,-52.384
22289,3.3445,-48.789
22290,-92.048,22.754
22291,-11.844,-3.7422
22292,-16.468,-3.1757
22293,35.474,-20.764
22294,59,-69.804
22295,86.96,8.7955
22296,-3.969,-7.0709
22297,101.44,33.55
22298,47.065,-41.184
22299,72.014,-84.91
22300,35.354,-20.678
22301,60.837,-23.816
22302,-10.677,-0.80784
22303,-84.34,64.277
22304,64.731,19.131
22305,98.628,47.281
22306,-14.449,-4.4826
22307,-11.492,-12.213
22308,-90.623,-8.123
22309,76.134,55.763
22310,-4.7407,-2.246
22311,56.186,-84.426
22312,-92.347,12.87
22313,76.188,25.816
22314,-24.219,-104.62
22315,74.406,-10.053
22316,56.093,10.333
22317,-14.063,115.55
22318,94.091,23.23
22319,-16.11,0.25141
22320,-44.2,4.9428
22321,11.346,28.355
22322,64.656,65.44
22323,70.113,51.131
22324,-85.173,35.412
22325,-15.375,-2.0028
22326,56.196,10.219
22327,50.672,8.7001
22328,-84.254,64.255
22329,47.842,-84.928
22330,70.72,65.616
22331,109.03,6.2198
22332,-9.4396,-12.398
22333,53.352,81.11
22334,76.579,55.204
22335,86.199,32.797
22336,-29.732,92.017
22337,35.701,-46.74
22338,83.847,-17.324
22339,20.353,-93.029
22340,80.224,-37.56
22341,44.592,-74.631
22342,46.797,-52.844
22343,39.951,20.366
22344,60.895,-24.385
22345,64.97,19.317
22346,95.656,20.495
22347,-77.992,58.848
22348,82.078,45.339
22349,92.507,24.454
22350,29.627,98.044
22351,-6.1731,-0.099171
22352,86.524,-3.5392
22353,70.377,2.1546
22354,3.4777,13.917
22355,-4.0406,-2.4773
22356,-18.951,-3.6118
22357,95.461,-41.657
22358,78.615,-9.6296
22359,86.857,-1.5885
22360,100.44,-0.56748
22361,62.949,14.104
22362,-30.17,-4.0343
22363,-101.65,28.111
22364,63.244,17.332
22365,26.772,99.378
22366,54.381,-53.705
22367,65.378,-11.429
22368,86.944,8.8192
22369,94.419,21.344
22370,91.584,-30.878
22371,48.373,-46.497
22372,-8.7492,-2.6683
22373,64.831,-42.293
22374,-28.844,-4.2452
22375,58.179,94.122
22376,28.41,-39.337
22377,16.18,-98.697
22378,-21.003,6.6756
22379,58.258,33.584
22380,-63.022,50.656
22381,81.572,-10.778
22382,48.185,-45.251
22383,66.089,20.12
22384,95.805,-40.885
22385,73.806,-14.68
22386,73.54,78.738
22387,22.173,75.038
22388,-30.174,95.773
22389,53.351,53.561
22390,84.284,40.748
22391,-10.816,-8.5114
22392,91.209,-24.505
22393,66.281,-1.8536
22394,-4.0139,-2.8464
22395,95.798,-40.699
22396,83.743,-0.3863
22397,-10.939,-4.0075
22398,96.048,-40.095
22399,101.1,6.566
22400,-60.543,-34.322
22401,93.175,60.517
22402,-17.344,-3.5646
22403,11.125,17.323
22404,71.839,82.681
22405,-46.684,87.419
22406,85.177,39.986
22407,-16.226,-2.6343
22408,-21.101,15.807
22409,45.806,88.481
22410,80.456,-37.804
22411,56.564,1.8488
22412,48.07,-85.731
22413,76.374,-51.319
22414,93.494,-17.762
22415,35.414,-64.954
22416,25.373,-27.976
22417,95.422,-41.798
22418,-86.887,34.594
22419,77.376,24.661
22420,21.722,15.014
22421,104.26,30.531
22422,96.875,-54.483
22423,55.92,-3.4469
22424,-36.556,-22.552
22425,-69.271,11.583
22426,29.042,-97.148
22427,-16.474,-8.0895
22428,63.286,17.362
22429,51.573,13.513
22430,73.104,57.902
22431,23.414,77.474
22432,35.029,-66.126
22433,56.402,27.056
22434,-75.826,-12.37
22435,95.19,21.425
22436,71.314,-14.69
22437,73.591,78.632
22438,54.081,4.9587
22439,64.674,-41.334
22440,18.992,-90.13
22441,-9.3625,-3.4841
22442,51.39,-16.032
22443,-6.7484,-3.3846
22444,8.6741,114.58
22445,-113.23,14.099
22446,-12.826,-8.9049
22447,83.044,-21.784
22448,55.606,33.254
22449,85.494,35.112
22450,97.408,22.008
22451,71.236,37.797
22452,61.409,35.183
22453,17.248,-98.07
22454,42.199,1.3822
22455,95.896,-40.458
22456,55.929,-59.295
22457,61.406,-2.9672
22458,95.37,57.992
22459,-5.3515,0.9994
22460,-69.64,72.323
22461,-65.054,-34.729
22462,-80.009,61.97
22463,63.08,13.929
22464,46.926,-85.393
22465,68.419,-25.87
22466,-16.117,114.68
22467,16.054,40.771
22468,39.652,90.968
22469,85.489,35.915
22470,-16.381,114.56
22471,88.251,-40.072
22472,34.206,93.809
22473,100.09,-0.62276
22474,-71.212,-42.778
22475,-103.97,33.907
22476,-18.699,-1.0456
22477,-10.158,-1.0046
22478,-11.696,-5.7904
22479,-90.307,13.405
22480,56.04,15.551
22481,0.22044,102.4
22482,87.876,-39.171
22483,51.556,26.423
22484,-83.538,36.959
22485,44.75,104.65
22486,-87.654,-55.156
22487,-8.1431,-0.11978
22488,-32.323,24.01
22489,86.942,31.181
22490,-42.508,5.3793
22491,88.964,-11.371
22492,42.052,4.8138
22493,101.89,33.146
22494,67.58,-59.094
22495,51.236,-56.138
22496,-4.3565,-2.6787
22497,95.735,-40.856
22498,54.97,13.92
22499,65.053,19.366
22500,-55.214,62.068
22501,24.616,97.475
22502,-3.396,2.8712
22503,-39.465,-23.043
22504,68.68,84.913
22505,45.134,103.67
22506,45.205,103.59
22507,48.921,-31.729
22508,-91.317,5.7675
22509,79.997,-2.2246
22510,-25.161,-96.305
22511,-9.6603,-7.122
22512,90.396,-57.5
22513,-19.781,-2.4365
22514,35.431,-12.681
22515,50.801,11.344
22516,-12.327,-32.77
22517,78.614,-32.111
22518,-8.906,-35.672
22519,16.794,-97.54
22520,28.819,34.936
22521,68.176,-13.041
22522,-7.3479,-7.3965
22523,87.376,10.993
22524,79.748,-56.239
22525,34.241,-32.408
22526,41.194,-50.654
22527,-84.34,64.277
22528,93.249,23.021
22529,89.605,8.8495
22530,76.892,43.237
22531,45.205,103.59
22532,-88.208,44.782
22533,-65.962,15.525
22534,93.179,-19.424
22535,-5.7436,-2.4876
22536,-10.947,-0.67612
22537,48.475,101.49
22538,-7.7847,-2.6756
22539,-73.85,53.011
22540,72.723,80.343
22541,-88.606,33.815
22542,-19.412,3.7778
22543,80.112,-29.799
22544,65.877,-28.893
22545,79.063,-57.143
22546,93.751,-41.756
22547,88.347,-40.136
22548,32.401,-67.168
22549,71.764,32.362
22550,-79.301,61.098
22551,-86.019,-27.089
22552,95.14,-56.016
22553,36.671,-20.529
22554,63.222,17.292
22555,57.185,5.0694
22556,23.474,68.052
22557,16.343,13.611
22558,73.554,78.711
22559,78.09,-22.571
22560,107.68,-15.867
22561,-77.438,57.658
22562,-25.101,-31.118
22563,-16.432,114.54
22564,-78.907,60.528
22565,92.018,61.737
22566,107.68,-15.867
22567,16.014,-99.572
22568,-84.259,64.269
22569,-90.813,27.969
22570,70.768,64.708
22571,63.497,11.867
22572,45.053,88.849
22573,81.94,33.693
22574,-8.9153,-5.7174
22575,-9.9248,-3.0986
22576,45.205,103.59
22577,-15.789,-7.7547
22578,59.531,4.8602
22579,60.193,5.136
22580,54.004,-16.796
22581,73.594,78.633
22582,82.769,-34.476
22583,-16.492,-5.8194
22584,-11.612,-80.386
22585,-12.669,-1.0218
22586,50.879,11.621
22587,26.876,99.571
22588,45.378,62.264
22589,-81.512,57.524
22590,26.921,-19.624
22591,87.771,-38.581
22592,64.684,4.3899
22593,-118.39,12.904
22594,86.888,11.382
22595,32.499,96.38
22596,92.182,-19.411
22597,-75.255,-73.635
22598,71.884,-85.088
22599,-7.5258,2.6283
22600,36.038,93.418
22601,58.952,-1.1277
22602,67.734,-19.604
22603,61.293,-53.775
22604,-76.898,56.623
22605,95.747,-40.822
22606,34.421,-32.417
22607,-93.548,23.41
22608,-7.26,1.5137
22609,59.38,75.696
22610,-8.4017,-0.16712
22611,-65.008,8.1685
22612,50.212,-76.98
22613,69.14,-25.428
22614,70.036,-21.301
22615,76.805,-33.435
22616,103.77,31.459
22617,101.2,-58.781
22618,-84.254,64.255
22619,-94.664,17.13
22620,36.244,-18.135
22621,-83.079,20.697
22622,80.231,37.503
22623,-117.59,10.431
22624,-9.5697,1.6756
22625,24.33,-40.568
22626,14.851,-67.424
22627,54.456,80.424
22628,23.6,66.313
22629,74.523,14.034
22630,-43.033,89.457
22631,-92.099,-4.9838
22632,-84.889,35.845
22633,54.289,-55.734
22634,15.802,-71.689
22635,31.541,25.089
22636,101.63,33.327
22637,-14.458,-3.0096
22638,76.828,-33.42
22639,82.167,-35.619
22640,33.688,-16.123
22641,-93.402,13.007
22642,-5.7254,4.2126
22643,96.418,56.604
22644,-6.635,-10.406
22645,85.902,12.213
22646,71.748,19.499
22647,102.04,5.8328
22648,58.17,94.131
22649,-117.47,10.243
22650,-18.822,112.84
22651,-83.756,20.577
22652,-73.909,53.071
22653,44.565,62.551
22654,-5.9929,-2.7202
22655,96.152,-38.925
22656,-11.386,-0.67954
22657,68.897,-26.258
22658,95.633,-41.135
22659,57.083,76.552
22660,53.707,-16.671
22661,-14.474,-93.943
22662,-72.823,-27.425
22663,73.672,26.072
22664,71.879,82.529
22665,67.887,69.824
22666,-76.672,7.0486
22667,65.359,-2.4051
22668,51.746,7.1902
22669,-64.518,-43.25
22670,80.481,-41.597
22671,22.636,-39.676
22672,99.059,49.961
22673,-10.297,-1.6812
22674,72.656,-83.934
22675,79.354,-31.005
22676,-75.882,-11.657
22677,65.459,26.992
22678,64.913,-26.644
22679,53.977,18.734
22680,3.9194,15.146
22681,55.434,7.3962
22682,-77.088,56.967
22683,0.21555,14.643
22684,-82.723,35.475
22685,17.325,41.011
22686,54.293,80.751
22687,47.059,51.957
22688,-17.541,-44.218
22689,59.128,18.185
22690,69.809,-22.238
22691,85.548,-7.1485
22692,86.908,11.373
22693,107.98,-16.255
22694,63.082,14.971
22695,87.484,10.884
22696,-7.3104,116.89
22697,-24.541,-102.34
22698,-64.998,-42.867
22699,-105.19,-12.333
22700,-97.544,31.447
22701,15.725,11.01
22702,-94.984,28.351
22703,70.538,65.878
22704,1.8636,12.422
22705,-25.272,37.275
22706,-96.812,28.088
22707,82.606,-23.533
22708,63.747,88.166
22709,-90.096,13.456
22710,62.003,-59.606
22711,92.197,-29.747
22712,87.115,-36.327
22713,-79.219,60.983
22714,107.22,3.206
22715,-9.2082,0.23573
22716,94.853,58.64
22717,23.239,-35.226
22718,-109.09,-8.8437
22719,-102.95,27.667
22720,-42.444,89.522
22721,40.748,61.901
22722,61.521,4.4213
22723,-72.641,-10.632
22724,51.432,13.332
22725,-73.945,53.11
22726,-7.6407,-0.89433
22727,103.36,32.175
22728,-84.734,36.01
22729,83.924,43.375
22730,-17.811,-6.3645
22731,36.65,-20.239
22732,93.401,-18.16
22733,72.003,82.096
22734,86.786,11.468
22735,48.757,-21.232
22736,-35.478,-27.761
22737,103.86,30.754
22738,11.562,17.538
22739,-29.648,10.94
22740,68.201,69.504
22741,-52.39,59.911
22742,8.3009,14.176
22743,-7.1192,-2.4547
22744,108.3,-53.026
22745,-44.517,4.881
22746,63.429,-8.7471
22747,93.583,-18.818
22748,-78.915,60.54
22749,71.9,82.454
22750,73.734,-82.139
22751,79.53,50.188
22752,13.616,20.048
22753,-7.3288,-3.5473
22754,40.931,-47.01
22755,65.848,87.755
22756,83.972,-0.48408
22757,93.721,-19.432
22758,82.657,-2.0048
22759,21.715,-89.113
22760,46.308,-52.922
22761,79.648,-34.006
22762,32.906,-50.665
22763,47.202,87.944
22764,91.346,-12.055
22765,-12.384,-94.657
22766,-107.08,28.956
22767,51.393,-16.033
22768,90.994,44.073
22769,50.108,-69.686
22770,63.072,14.287
22771,74.221,56.628
22772,91.928,61.832
22773,-69.197,-60.064
22774,69.546,84.919
22775,50.401,4.0572
22776,53.05,-0.56981
22777,62.866,-13.04
22778,-81.665,32.022
22779,50.951,33.569
22780,42.602,-10.095
22781,109.03,6.2196
22782,79.446,36.093
22783,104.24,30.539
22784,66.321,8.182
22785,76.103,25.354
22786,-16.217,-0.46122
22787,11.61,17.61
22788,-16.596,84.939
22789,39.951,78.581
22790,-31.873,-73.172
22791,70.526,-39.291
22792,77.467,-33.935
22793,77.846,-48.68
22794,-17.761,0.72853
22795,96.188,-39.487
22796,-8.1431,-0.12001
22797,55.844,15.058
22798,46.203,102.84
22799,-13.692,115.67
22800,79.001,-57.472
22801,96.214,44.557
22802,-89.014,33.676
22803,4.6562,13.963
22804,-0.56829,27.345
22805,-6.6599,12.964
22806,72.236,27.042
22807,-3.7012,2.2986
22808,67.885,-23.049
22809,49.466,-0.48199
22810,-12.228,-2.0947
22811,43.449,-21.425
22812,63.072,14.324
22813,72.616,58.469
22814,83.795,43.652
22815,81.713,48.358
22816,-7.2982,116.88
22817,-40.02,-23.318
22818,-84.069,35.027
22819,-7.9602,-3.2057
22820,48.516,101.45
22821,73.968,47.612
22822,-36.735,37.666
22823,46.564,104.25
22824,-7.2509,-3.0072
22825,-7.8574,-1.8173
22826,52.941,17.053
22827,-74.345,61.267
22828,-83.877,-28.015
22829,3.912,34.319
22830,-12.415,-56.511
22831,-6.5393,-88.514
22832,91.592,-31.006
22833,62.928,20.443
22834,69.571,-17.792
22835,51.051,-15.939
22836,-42.84,-33.887
22837,-9.7319,0.52517
22838,93.531,-41.987
22839,17.623,-95.893
22840,76.492,-51.669
22841,-10.792,-3.9114
22842,27.737,-42.132
22843,89.607,8.8496
22844,-18.033,-59.137
22845,-115.22,13.155
22846,73.488,57.611
22847,76.83,53.167
22848,66.973,69.977
22849,-34.448,79.556
22850,62.533,-11.272
22851,86.465,-1.3478
22852,96.182,-39.388
22853,95.237,-42.466
22854,-9.441,-10.489
22855,-14.766,-2.2044
22856,4.3007,13.725
22857,-79.256,46.647
22858,-41.692,56.108
22859,83.481,-25.646
22860,70.538,-12.245
22861,-103.97,34.901
22862,-12.968,115.9
22863,-83.539,36.715
22864,80.083,-1.0889
22865,-12.996,-9.5375
22866,87.828,-39.045
22867,83.48,-36.786
22868,85.113,12.808
22869,85.708,12.369
22870,102.01,-0.22031
22871,-10.808,-1.4861
22872,-67.306,-52.437
22873,-84.363,64.272
22874,95.601,57.695
22875,57.886,74.173
22876,30.923,-63.661
22877,11.98,17.867
22878,37.46,7.9989
22879,45.717,88.769
22880,-84.362,64.271
22881,51.548,-58.054
22882,49.35,-85.669
22883,88.601,9.9094
22884,-16.657,114.42
22885,66.012,49.022
22886,-11.883,-3.7083
22887,39.858,-91.773
22888,63.049,13.659
22889,88.513,-13.475
22890,64.417,-42.604
22891,50.757,11.147
22892,51.341,-16.033
22893,93.605,-18.975
22894,11.842,31.598
22895,-13.569,-2.5356
22896,-69.933,-69.294
22897,29.429,-97
22898,73.949,-14.556
22899,-34.53,-7.3115
22900,84.385,39.333
22901,82.579,41.771
22902,55.152,31.832
22903,47.012,48.848
22904,-29.891,95.838
22905,-105.03,35.524
22906,0.76289,102.65
22907,73.118,-15.42
22908,93.209,-17.487
22909,-14.973,-8.1048
22910,28.277,34.264
22911,11.858,17.906
22912,3.0245,23.231
22913,79.485,-56.519
22914,16.144,-98.78
22915,23.25,-35.231
22916,-10.113,116.55
22917,96.573,19.378
22918,-13.531,115.73
22919,46.919,101.53
22920,-17.135,-6.2034
22921,46.164,88.281
22922,-84.362,64.272
22923,-36.211,-22.489
22924,95.237,-42.468
22925,97.997,46.059
22926,44.28,-78.952
22927,73.564,78.689
22928,95.921,58.475
22929,26.516,99.504
22930,-93.372,13.202
22931,88.637,-30.746
22932,60.655,-9.859
22933,81.393,-32.523
22934,78.192,32.167
22935,-92.868,15.016
22936,-101.08,25.867
22937,7.4199,15.24
22938,68.841,-29.783
22939,32.636,-15.785
22940,56.863,-2.7223
22941,109.02,6.2179
22942,80.126,-33.171
22943,103.55,31.879
22944,92.461,-42.76
22945,79.278,53.094
22946,-89.249,33.555
22947,-6.9794,79.454
22948,11.177,17.355
22949,66.614,-31.994
22950,4.8207,-10.83
22951,49.078,-49.565
22952,72.069,-84.833
22953,58.875,8.5709
22954,63.01,-41.326
22955,40.668,-91.755
22956,84.393,-48.789
22957,54.251,32.75
22958,72.122,81.717
22959,35.976,31.772
22960,43.79,80.533
22961,22.663,75.764
22962,56.775,31.823
22963,28.851,98.582
22964,5.6873,-1.4143
22965,-9.8104,-17.427
22966,55.106,-19.579
22967,70.651,28.003
22968,40.163,-12.244
22969,95.237,-42.466
22970,-84.362,64.271
22971,-82.478,-41.53
22972,97.856,45.87
22973,46.438,102.72
22974,0.25132,15.076
22975,77.325,34.966
22976,-19.599,37.207
22977,0.76559,103.67
22978,-11.979,2.2441
22979,77.992,-22.533
22980,-93.28,14.874
22981,-85.3,38.071
22982,-89.98,33.355
22983,76.696,-33.316
22984,93.61,-40.167
22985,103.4,32.728
22986,44.804,104.12
22987,63.049,14.179
22988,83.203,29.88
22989,22.443,79.556
22990,-27.336,-7.5479
22991,88.931,-26.379
22992,100.16,-0.61472
22993,69.542,-22.565
22994,-35.952,-33.367
22995,86.312,-1.3017
22996,93.522,-41.889
22997,100.13,17.076
22998,-30.646,-4.2611
22999,86.063,34.779
23000,57.348,5.9343
23001,109.02,6.2246
23002,-40.855,-27.93
23003,40.103,-39.972
23004,64.891,9.5103
23005,56.278,42.005
23006,101.52,6.2445
23007,-118.3,12.93
23008,19.159,10.454
23009,-83.205,58.858
23010,-23.278,-73.571
23011,14.333,-40.457
23012,83.33,-1.1004
23013,78.739,-32.483
23014,-12.763,-1.62
23015,31.156,-66.462
23016,63.296,17.378
23017,97.811,54.275
23018,64.45,18.843
23019,-92.532,22.922
23020,16.083,13.586
23021,58.754,75.216
23022,12.732,33.237
23023,-84.256,64.257
23024,69.195,-13.527
23025,55.062,16.566
23026,51.534,7.4171
23027,-31.121,-2.3083
23028,27.582,-97.267
23029,-13.237,-10.837
23030,-1.5946,101.66
23031,2.9445,-62.347
23032,55.936,31.873
23033,-0.76653,39.645
23034,47.854,-19.904
23035,17.285,-82.492
23036,78.056,24.182
23037,-101.81,27.052
23038,88.231,-40.856
23039,-10.266,-3.6594
23040,7.1443,114.68
23041,72.253,37.982
23042,10.576,28.389
23043,68.302,-11.876
23044,83.706,-35.757
23045,22.535,19.589
23046,92.202,-29.746
23047,79.163,-31.908
23048,31.165,-66.63
23049,-7.1643,-7.7361
23050,16.175,-98.709
23051,77.725,24.416
23052,109.05,6.192
23053,-103.71,34.773
23054,46.019,85.46
23055,0.42065,102.45
23056,49.534,-32.18
23057,69.213,-25.485
23058,83.935,-36.555
23059,76.155,25.342
23060,86.01,12.124
23061,95.286,-42.281
23062,8.0349,33.796
23063,-11.386,-1.4224
23064,97.899,18.391
23065,-118.2,12.378
23066,-7.8299,29.583
23067,-11.95,43.622
23068,-25.968,-5.1387
23069,-42.5,89.783
23070,-105.01,35.59
23071,90.818,-25.124
23072,83.609,-34.257
23073,15.736,-23.243
23074,103.9,31.049
23075,70.531,26.537
23076,54.5,19.725
23077,50.576,13.09
23078,37.052,-60.099
23079,48.528,101.45
23080,10.695,19.15
23081,67.873,-22.185
23082,11.666,32.848
23083,-4.2348,-5.1559
23084,-103.19,29.475
23085,-45.499,4.1155
23086,-1.4704,32.503
23087,-36.057,-24.344
23088,69.926,-18.232
23089,16.179,-98.698
23090,84.717,-48.617
23091,45.131,103.6
23092,-9.1351,116.69
23093,7.703,20.089
23094,-6.7531,76.347
23095,-18.416,-4.4525
23096,-82.985,59.248
23097,13.517,-8.5742
23098,81.646,-2.1073
23099,-22.677,-109.52
23100,55.172,16.488
23101,-13.413,-11.328
23102,-37.813,-0.66806
23103,-102.54,28.411
23104,26.84,99.636
23105,4.7911,22.101
23106,30.236,97.644
23107,41.078,90.361
23108,76.404,-53.044
23109,69.134,-21.206
23110,-75.721,-13.187
23111,86.562,11.654
23112,-11.452,-6.1833
23113,102.55,33.408
23114,10.709,28.236
23115,76.916,54.853
23116,-99.405,24.699
23117,-104.27,34.857
23118,-1.8433,22.626
23119,-22.365,-106.33
23120,92.123,61.627
23121,77.22,24.738
23122,67.662,70.197
23123,13.907,12.76
23124,80.222,50.41
23125,-82.961,59.209
23126,-74.991,-11.165
23127,-7.5505,0.24467
23128,-81.674,-39.612
23129,109.02,6.2228
23130,93.81,-42.111
23131,92.897,23.335
23132,15.99,32.625
23133,-43.138,5.4257
23134,-4.5183,-8.2545
23135,81.794,47.977
23136,59.243,75.582
23137,54.145,-65.031
23138,-13.322,13.646
23139,78.039,-22.603
23140,96.433,56.591
23141,50.513,7.6146
23142,-64.254,-39.043
23143,7.4295,24.175
23144,16.118,-98.843
23145,93.955,18.12
23146,-86.504,34.752
23147,85.732,12.35
23148,70.22,28.088
23149,84.277,-0.54367
23150,34.414,-32.052
23151,9.6193,31.71
23152,61.839,12.031
23153,48.141,87.447
23154,-33.254,-80.519
23155,-30.877,-4.3384
23156,54.914,-1.8674
23157,62.774,-11.982
23158,34.297,-32.411
23159,59.954,-54.513
23160,-12.694,-4.1451
23161,17.355,-97.779
23162,3.6948,27.873
23163,91.679,26.929
23164,98.627,52.307
23165,95.606,15.379
23166,0.53855,15.003
23167,57.423,31.794
23168,15.581,-39.33
23169,0.22107,3.3924
23170,-6.6233,-2.1582
23171,62.035,-42.365
23172,80.815,-30.188
23173,56.175,-2.984
23174,94.158,59.461
23175,95.811,-40.665
23176,98.945,50.938
23177,44.939,16.63
23178,39.122,-92.096
23179,-116.85,9.1382
23180,57.581,34.628
23181,2.4859,13.175
23182,17.916,81.426
23183,35.235,94.694
23184,34.315,-28.884
23185,8.6271,114.58
23186,90.165,26.437
23187,72.493,80.809
23188,66.677,-31.909
23189,89.72,-44.292
23190,6.5796,20.908
23191,44.762,88.575
23192,8.1883,19.162
23193,11.58,19.568
23194,59.129,-57.634
23195,-52.242,-1.2178
23196,58.532,-1.0161
23197,96.051,-40.082
23198,87.316,-37.307
23199,100.69,33.787
23200,-97.524,21.214
23201,88.266,29.226
23202,-118.39,12.904
23203,90.45,-15.489
23204,79.144,-56.485
23205,-71.021,12.667
23206,63.624,11.453
23207,-4.7806,-0.13653
23208,67.75,24.937
23209,25.872,-5.7171
23210,-27.091,-95.526
23211,-11.343,-80.235
23212,8.7501,18.329
23213,30.711,56.247
23214,65.663,-21.662
23215,-8.7684,-94.81
23216,57.662,-52.543
23217,-78.21,-68.516
23218,56.796,-18.667
23219,-5.1558,2.6925
23220,103.41,31.614
23221,53.89,33.448
23222,68.677,84.912
23223,49.765,-46.862
23224,81.168,-38.542
23225,70.102,-20.54
23226,47.33,22.912
23227,-12.839,115.94
23228,-90.196,13.452
23229,-84.363,64.273
23230,-13.762,-0.26885
23231,-19.413,-4.3577
23232,11.372,17.468
23233,4.2684,10.37
23234,-36.35,-22.503
23235,-84.363,64.272
23236,58.677,76.545
23237,-81.919,35.014
23238,88.608,9.9012
23239,39.169,-91.673
23240,-6.985,-5.46
23241,53.378,36.002
23242,59.524,-23.222
23243,-35.028,-31.662
23244,96.019,-40.166
23245,38.535,-12.72
23246,85.798,12.297
23247,-13.916,-11.252
23248,62.568,17.074
23249,70.519,65.659
23250,80.974,50.678
23251,-118.38,12.852
23252,83.259,68.256
23253,95.749,17.362
23254,48.85,101.42
23255,29.529,55.836
23256,-4.8211,101.12
23257,-51.9,19.591
23258,48.473,-20.538
23259,87.158,-36.922
23260,51.458,-50.314
23261,107.28,5.6432
23262,45.184,103.61
23263,85.888,12.225
23264,16.023,-99.137
23265,51.057,26.607
23266,89.607,8.8495
23267,-89.625,33.46
23268,40.246,90.676
23269,57.261,43.344
23270,76.74,-49.634
23271,45.643,-33.293
23272,-11.435,-16.547
23273,-103.9,33.658
23274,73.915,-9.8336
23275,64.7,-50.655
23276,51.92,12.876
23277,6.5192,24.443
23278,58.694,76.333
23279,88.251,29.314
23280,88.512,7.0044
23281,55.915,32.182
23282,109.02,6.222
23283,-31.14,2.8945
23284,67.072,70.534
23285,87.966,-4.6829
23286,-12.625,17.342
23287,71.246,26.802
23288,-37.781,-22.689
23289,88.186,-40.014
23290,98.738,47.574
23291,46.269,-76.31
23292,29.151,-97.137
23293,-117.44,12.606
23294,-114.17,13.384
23295,-26.855,-92.042
23296,76.685,25.101
23297,96.187,-39.433
23298,72.45,80.906
23299,-16.799,-11.038
23300,89.563,22.081
23301,20.409,-32.973
23302,14.866,11.618
23303,91.881,61.882
23304,8.6696,34.525
23305,62.865,-10.06
23306,-75.966,-11.398
23307,-9.8964,-2.919
23308,63.017,36.084
23309,-96.764,28.479
23310,-84.844,35.759
23311,-104.43,35.4
23312,7.1681,23.883
23313,98.585,52.438
23314,8.1332,26.493
23315,-6.1558,103.06
23316,70.096,-18.263
23317,73.371,-59.227
23318,88.624,-40.629
23319,58.585,-0.57453
23320,50.91,-49.018
23321,-15.712,-2.7968
23322,21.547,-32.003
23323,7.0586,114.66
23324,69.091,67.956
23325,48.229,49.394
23326,58.926,76.178
23327,59.397,75.555
23328,-102.99,31.793
23329,3.7465,25.044
23330,-30.074,10.865
23331,-6.1462,-1.4689
23332,23.404,-63.188
23333,-31.029,-77.052
23334,-17.487,8.3376
23335,66.085,8.2934
23336,75.414,-59.819
23337,-11.656,1.9577
23338,29.551,-40.487
23339,-116.84,9.1279
23340,85.817,34.149
23341,12.278,18.307
23342,33.489,55.707
23343,28.315,98.701
23344,75.954,12.117
23345,88.985,-40.811
23346,98.239,53.365
23347,-80.828,64.243
23348,66.15,-58.404
23349,20.458,-92.836
23350,91.889,-30.32
23351,-22.255,-109.07
23352,-10.941,-0.67414
23353,109.03,6.2196
23354,-16.937,-6.3714
23355,-64.102,-29.229
23356,36.579,92.898
23357,27.338,-80.281
23358,-11.817,-3.7662
23359,37.147,-48.914
23360,92.09,24.201
23361,109.02,6.2167
23362,46.699,87.969
23363,71.951,82.275
23364,-94.099,23.893
23365,38.762,8.8907
23366,-48.368,7.3284
23367,70.354,-6.9304
23368,-12.851,-5.8466
23369,-16.284,-6.3128
23370,83.017,-34.018
23371,95.237,-42.467
23372,80.033,-37.263
23373,-11.832,-0.051922
23374,105.08,1.0561
23375,-98.129,31.649
23376,-11.392,-7.4459
23377,-11.413,-8.2812
23378,-70.494,37.022
23379,-96.166,30.929
23380,87.612,9.2907
23381,81.148,-38.481
23382,54.77,30.815
23383,-80.02,-39.857
23384,89.165,-42.871
23385,85.132,12.782
23386,95.568,57.859
23387,23.239,-35.261
23388,-117.18,9.8449
23389,56.707,31.83
23390,-50.252,87.221
23391,32.909,-28.285
23392,64.64,-51.162
23393,52.436,-87.031
23394,61.347,17.467
23395,101.09,6.5539
23396,54.673,80.609
23397,-104.61,-13.339
23398,-100.25,32.008
23399,-10.867,-10.39
23400,47.218,-45.703
23401,80.445,-2.082
23402,-14.143,-39.456
23403,92.37,23.928
23404,-8.7065,-10.408
23405,53.128,8.3907
23406,93.496,-18.043
23407,78.258,32.133
23408,60.298,-0.81993
23409,93.49,-41.768
23410,79.319,53.1
23411,95.174,58.242
23412,8.3462,31.241
23413,77.404,54.748
23414,38.51,39.104
23415,-43.096,-45.76
23416,50.955,10.628
23417,92.349,61.395
23418,72.917,20.405
23419,-8.7852,0.71027
23420,-71.088,12.861
23421,52.671,-84.729
23422,54.064,18.863
23423,46.113,-21.842
23424,103.15,32.971
23425,-113.09,14.245
23426,10.135,41.704
23427,-13.993,93.915
23428,-11.346,-95.356
23429,77.663,-32.649
23430,45.518,-68.351
23431,-33.059,-75.556
23432,85.387,-41.583
23433,-84.361,64.27
23434,-9.7377,116.61
23435,-11.673,-5.1914
23436,50.441,-70.228
23437,54.729,80.603
23438,-83.947,36.629
23439,-2.3141,32.057
23440,78.441,53.874
23441,-80.45,62.488
23442,-56.864,27.699
23443,16.477,-98.86
23444,91.558,-22.86
23445,-4.7489,-77.071
23446,72.104,81.772
23447,89.43,29.543
23448,21.484,-31.728
23449,96.573,56.386
23450,-86.821,32.655
23451,67.986,-29.79
23452,-18.61,113.03
23453,78.997,28.119
23454,7.8216,19.896
23455,44.651,104.11
23456,-89.311,33.536
23457,-75.687,56.947
23458,99.078,49.576
23459,58.682,76.527
23460,-7.2433,2.9456
23461,48.128,87.471
23462,47.972,87.57
23463,-3.7917,60.619
23464,-118.38,12.849
23465,-74.661,34.429
23466,-95.97,30.488
23467,-87.159,31.146
23468,85.031,-15.649
23469,87.806,-39.095
23470,49.341,-0.19566
23471,44.981,105.32
23472,51.658,-58.262
23473,-16.459,-1.1413
23474,11.325,28.384
23475,-85.203,35.702
23476,-105.36,-12.098
23477,54.878,-55.92
23478,-65.724,16.33
23479,-12.631,-0.55215
23480,62.271,21.175
23481,64.278,18.647
23482,71.927,19.69
23483,-103.68,29.897
23484,41.406,90.244
23485,38.089,8.5704
23486,-84.361,64.269
23487,-36.078,-24.11
23488,68.74,-56.584
23489,74.07,37.936
23490,-99.981,31.984
23491,38.651,33.368
23492,-8.5955,116.76
23493,-14.328,-9.9308
23494,-99.198,24.921
23495,33.754,-27.963
23496,27.969,-39.031
23497,60.882,4.8267
23498,17.832,-95.061
23499,47.964,-19.494
23500,107.68,-15.867
23501,21.531,-89.276
23502,-58.764,-40.731
23503,77.951,42.146
23504,-95.735,54.279
23505,-89.632,33.457
23506,-45.575,4.176
23507,99.052,50.073
23508,44.581,87.698
23509,45.599,88.251
23510,58.813,-53.741
23511,61.254,-44.686
23512,62.815,-27.471
23513,40.017,-39.697
23514,100.52,17.216
23515,-61.042,18.13
23516,-104.4,35.386
23517,47.121,-83.405
23518,92.512,-42.967
23519,67.623,-60.827
23520,-9.2694,-4.2633
23521,-14.208,-2.6868
23522,47.287,102.28
23523,101.3,-0.3954
23524,98.553,52.534
23525,-103.91,35.436
23526,92.313,61.432
23527,98.691,52.096
23528,38.132,91.891
23529,-101.65,28.66
23530,61.195,-8.8792
23531,-12.491,-5.204
23532,94.145,59.477
23533,39.996,-91.793
23534,64.967,19.314
23535,94.13,59.495
23536,43.366,-55.947
23537,96.788,44.884
23538,-12.639,116
23539,-1.6401,102.38
23540,-80.709,36.185
23541,30.963,92.037
23542,-2.4367,102.69
23543,78.727,-31.874
23544,-9.3145,1.9935
23545,92.333,-29.558
23546,74.067,-58.717
23547,100.58,17.018
23548,105.72,1.4874
23549,-10.175,-79.778
23550,-84.811,35.955
23551,30.17,97.711
23552,2.0912,-36.736
23553,71.762,-13.366
23554,64.673,-41.449
23555,26.285,-91.459
23556,11.932,17.975
23557,-11.837,116.2
23558,-8.1431,-0.11998
23559,8.2046,27.374
23560,-118.28,12.374
23561,-98.74,31.807
23562,80.368,-42.75
23563,93.485,-18.064
23564,69.818,-40.221
23565,1.9509,-31.076
23566,77.256,-6.5849
23567,-9.4844,-6.0533
23568,-17.07,114.17
23569,109.03,6.2196
23570,100.28,-0.59509
23571,-42.744,88.697
23572,89.605,8.8493
23573,82.73,33.224
23574,-45.188,-1.2188
23575,75.865,-52.54
23576,51.876,-50.617
23577,92.786,60.94
23578,6.5562,114.68
23579,8.9608,114.56
23580,90.08,26.398
23581,22.533,-10.657
23582,72.582,80.626
23583,7.7435,23.504
23584,-30.274,95.52
23585,-8.1795,-3.6737
23586,-87.379,-41.536
23587,95.237,-42.466
23588,101.45,33.423
23589,78.104,32.207
23590,103.1,32.223
23591,84.923,39.58
23592,13.634,20.041
23593,-88.041,30.745
23594,-84.361,64.269
23595,39.623,-6.4008
23596,59.874,-23.38
23597,-82.753,-6.0002
23598,82.336,-0.024369
23599,87.757,10.653
23600,109.03,6.2178
23601,109.03,6.2199
23602,66.946,70.811
23603,-33.297,25.317
23604,72.687,58.247
23605,37.949,-45.629
23606,-99.298,24.906
23607,68.183,-29.887
23608,66.866,25.793
23609,28.266,-97.229
23610,91.783,-30.527
23611,52.859,6.0933
23612,68.67,84.912
23613,91.748,19.029
23614,68.12,26.206
23615,7.1219,24.647
23616,69.344,38.111
23617,-9.2305,-2.0472
23618,66.641,48.744
23619,63.315,17.422
23620,-116.71,12.195
23621,-10.09,-1.0149
23622,-89.158,32.977
23623,99.665,41.385
23624,82.875,-35.721
23625,88.845,8.7366
23626,48.144,87.481
23627,-15.386,-7.4634
23628,-101.33,28.634
23629,82.366,-41.467
23630,69.331,-16.53
23631,48.414,101.52
23632,12.562,18.658
23633,-88.304,30.798
23634,-8.3321,116.79
23635,70.912,33.965
23636,28.828,98.613
23637,51.117,-45.258
23638,74.138,-43.038
23639,84.698,-36.583
23640,63.339,12.001
23641,46.662,-46.44
23642,96.162,-39.679
23643,-61.066,16.784
23644,96.022,-40.154
23645,66.911,-31.11
23646,73.634,-82.305
23647,57.232,7.4308
23648,28.804,-40.578
23649,16.18,-98.694
23650,72.575,20.351
23651,85.497,36.442
23652,57.391,31.831
23653,96.729,16.487
23654,-85.137,35.741
23655,-74.281,61.255
23656,45.265,83.032
23657,42.312,45.936
23658,89.475,-30.425
23659,58.258,14.433
23660,-13.317,-4.4558
23661,-32.471,-86.048
23662,16.18,-98.692
23663,-9.5065,-2.6405
23664,99.056,49.137
23665,8.7109,114.58
23666,87.616,30.054
23667,104.42,0.70569
23668,-93.521,-47.124
23669,54.515,79.883
23670,-3.112,18.133
23671,56.626,-40.172
23672,-96.329,54.383
23673,21.54,-89.318
23674,71.1,-12.971
23675,-6.618,-11.473
23676,109.03,6.2193
23677,102.18,-0.1676
23678,-118.39,12.905
23679,54.701,31.909
23680,-12.846,-7.0771
23681,-82.642,34.912
23682,68.677,84.912
23683,59.16,-53.207
23684,91.203,24.936
23685,55.855,7.4487
23686,24.141,-36.323
23687,-5.2953,1.617
23688,-7.9051,-5.6787
23689,72.049,37.996
23690,85.646,35.285
23691,86.411,11.784
23692,89.545,27.914
23693,87.907,24.952
23694,67.971,38.039
23695,46.95,88.004
23696,49.59,-85.062
23697,95.237,-42.466
23698,83.293,-34.642
23699,98.999,50.57
23700,94.489,21.423
23701,82.177,44.754
23702,64.586,18.992
23703,28.794,98.484
23704,67.061,70.74
23705,-90.229,13.741
23706,-118.13,11.742
23707,62.844,17.322
23708,16.174,-98.709
23709,72.894,-13.72
23710,70.515,66.046
23711,29.011,-97.152
23712,-17.09,114.15
23713,109.02,6.2176
23714,35.331,94.243
23715,64.048,52.484
23716,56.618,16.08
23717,68.676,84.912
23718,70.275,-7.698
23719,48.051,-32.735
23720,1.5499,-25.357
23721,83.529,-17.73
23722,47.449,-50.6
23723,104.89,0.95025
23724,-9.3251,-8.5267
23725,-11.146,-6.3636
23726,109.02,6.217
23727,7.0652,114.66
23728,-8.0765,-0.76682
23729,94.249,59.359
23730,94.48,21.438
23731,93.132,21.696
23732,61.291,17.619
23733,-44.236,-34.174
23734,79.945,-3.469
23735,-7.1964,-1.5278
23736,-64.325,10.031
23737,-87.688,-40.675
23738,104.32,0.65777
23739,78.703,31.873
23740,93.49,22.817
23741,86.242,11.926
23742,-84.361,64.271
23743,-4.6191,-9.0584
23744,98.847,47.926
23745,-84.34,64.278
23746,28.536,-23.005
23747,86.459,9.4629
23748,45.751,-92.695
23749,78.759,-56.514
23750,83.9,67.214
23751,-14.511,-5.1852
23752,71.952,82.271
23753,75.493,27.501
23754,53.464,81.425
23755,-5.6807,-7.7394
23756,-104.98,27.17
23757,-80.407,36.107
23758,82.273,-16.749
23759,98.939,51.013
23760,27.522,-97.375
23761,65.893,19.854
23762,90.436,25.759
23763,45.966,88.154
23764,72.218,58.904
23765,35.3,94.162
23766,66.15,-21.308
23767,-22.433,35.342
23768,-80.687,28.84
23769,15.332,-56.741
23770,-14.994,115.2
23771,16.345,10.687
23772,94.87,15.033
23773,102.67,5.5299
23774,97.154,55.459
23775,88.14,24.644
23776,74.187,-81.317
23777,-15.944,-0.32722
23778,-83.397,33.739
23779,78.076,-48.058
23780,85.55,-10.11
23781,49.321,37.064
23782,-76.77,13.326
23783,65.413,19.563
23784,63.033,53.743
23785,-4.7503,-6.045
23786,-16.621,-8.797
23787,72.243,45.819
23788,57.841,14.31
23789,-116.77,8.9554
23790,-41.604,-33.487
23791,61.172,4.5631
23792,61.153,-1.4604
23793,54.367,-1.8146
23794,54.688,31.735
23795,-95.68,54.234
23796,75.59,-57.715
23797,1.9365,12.507
23798,72.147,81.637
23799,100.92,6.6709
23800,-0.94847,28.41
23801,-116.41,8.1642
23802,83.802,-48.79
23803,50.672,7.9519
23804,55.019,30.282
23805,84.284,-48.749
23806,7.7464,24.131
23807,50.802,11.323
23808,-9.359,1.0958
23809,70.753,65.344
23810,89.73,31.632
23811,83.737,67.475
23812,-83.48,20.614
23813,-99.489,28.856
23814,-12.36,-1.1199
23815,95.282,58.104
23816,109.05,6.1916
23817,-11.073,-1.383
23818,74.396,-0.79487
23819,75.488,-78.947
23820,109.02,6.2176
23821,-18.655,112.99
23822,60.299,-23.724
23823,94.427,21.401
23824,6.4657,20.346
23825,-77.534,57.854
23826,41.198,-72.043
23827,63.08,14.354
23828,89.613,8.8494
23829,-10.845,-4.6639
23830,64.484,10.043
23831,-11.135,-7.0913
23832,81.403,49.096
23833,60.619,53.504
23834,-60.916,-20.482
23835,-99.161,31.753
23836,57.17,2.1952
23837,-94.662,16.671
23838,-8.9171,-2.0118
23839,95.556,-41.357
23840,-75.828,-13.497
23841,72.488,80.827
23842,-18.508,-1.4326
23843,82.877,27.954
23844,87.75,10.658
23845,-1.7821,-59.19
23846,24.274,-36.271
23847,87.176,11.154
23848,67.959,68.947
23849,67.947,69.921
23850,-80.797,63.725
23851,-13.265,-7.4401
23852,62.313,17.422
23853,69.065,-40.893
23854,-12.544,-27.683
23855,86.079,-1.328
23856,52.965,17.1
23857,-84.362,64.272
23858,63.486,11.894
23859,41.648,-51.565
23860,-80.138,-42.016
23861,89.482,27.684
23862,57.625,31.825
23863,78.88,53.355
23864,-83.203,35.156
23865,63.421,53.803
23866,-12.006,-4.9896
23867,-77.694,-22.818
23868,102.73,33.138
23869,107.68,-15.867
23870,46.327,22.881
23871,91.684,-30.737
23872,-78.397,59.627
23873,6.6004,20.76
23874,100.45,-0.56574
23875,109.03,6.2182
23876,67.975,69.336
23877,-22.791,-90.065
23878,-22.68,-109.52
23879,-82.172,21.45
23880,-89.117,29.525
23881,72.465,-14.305
23882,-9.0001,9.3641
23883,97.24,55.314
23884,72.842,20.374
23885,102.64,32.868
23886,-7.3796,-2.2948
23887,69.654,-22.98
23888,39.791,90.902
23889,-96.866,30.907
23890,-2.3167,102.37
23891,109.02,6.2173
23892,27.718,-41.206
23893,63.296,12.746
23894,67.805,-4.769
23895,66.83,67.921
23896,81.888,0.066604
23897,55.527,16.675
23898,72.069,81.876
23899,95.503,-41.536
23900,-4.9135,-1.8214
23901,82.302,46.327
23902,20.508,-92.698
23903,8.2116,17.907
23904,62.893,36.079
23905,-14.312,-4.1564
23906,77.959,24.255
23907,-85.005,35.827
23908,-65.13,-42.749
23909,65.294,52.088
23910,-104.67,35.474
23911,35.387,94.066
23912,-12.419,-1.2207
23913,-12.758,115.97
23914,59.494,-83.518
23915,69.452,-9.2964
23916,96.184,-39.396
23917,94.577,21.151
23918,-76.624,56.171
23919,58.891,76.292
23920,-92.98,23.006
23921,-112.75,14.643
23922,82.441,-18.46
23923,72.861,-38.253
23924,-36.223,-24.349
23925,90.989,-16.916
23926,-13.21,-0.15368
23927,-95.682,54.233
23928,-2.0366,-46.282
23929,-7.7138,-8.6809
23930,38.905,-14.701
23931,63.327,36.015
23932,94.87,21.301
23933,75.17,25.651
23934,54.787,20.857
23935,62.592,53.2
23936,-100.33,31.669
23937,19.363,-69.887
23938,32.057,-68.308
23939,49.843,-33.958
23940,-90.137,13.388
23941,-8.9841,-6.3084
23942,-8.7773,-3.4738
23943,16.147,-98.774
23944,-9.1417,116.7
23945,-20.291,-3.0456
23946,95.859,19.977
23947,-18.645,113
23948,93.548,60.126
23949,-117.87,12.516
23950,51.111,12.397
23951,-84.341,64.278
23952,45.263,88.585
23953,65.648,19.669
23954,109.02,6.2252
23955,83.983,39.694
23956,28.232,37.553
23957,87.33,30.308
23958,62.721,-64.836
23959,48.23,-31.606
23960,100.89,33.687
23961,87.529,10.849
23962,33.211,-70.939
23963,-9.7094,116.61
23964,6.5821,114.67
23965,-118.39,12.904
23966,79.567,52.776
23967,-88.123,34.01
23968,-87.072,31.793
23969,-83.866,36.688
23970,88.686,30.439
23971,21.257,-31.961
23972,70.64,65.762
23973,-15.609,-4.9502
23974,-22.355,-109.21
23975,-75.109,-63.218
23976,-87.601,-40.57
23977,28.667,-40.386
23978,-11.324,116.32
23979,21.321,-8.6075
23980,102.9,5.2889
23981,70.81,65.157
23982,59.292,75.094
23983,-9.091,-8.4043
23984,49.382,52.656
23985,11.564,32.797
23986,75.705,-48.377
23987,86.144,-1.3727
23988,57.619,4.3098
23989,101.59,33.328
23990,64.266,20.096
23991,-78.643,60.088
23992,68.618,37.925
23993,8.1525,-55.919
23994,94.453,59.122
23995,92.588,61.146
23996,55.345,31.848
23997,9.1051,33.476
23998,99.602,-59.843
23999,70.611,-50.29
24000,107.68,-15.867
24001,93.351,-28.102
24002,56.481,7.4852
24003,-54.238,18.169
24004,109.02,6.2189
24005,72.063,81.895
24006,89.611,-41.723
24007,-18.154,113.39
24008,-9.9911,1.5827
24009,-18.859,112.81
24010,66.011,25.473
24011,95.618,15.378
24012,12.755,33.205
24013,65.678,20.612
24014,82.513,41.707
24015,-43.556,5.1161
24016,65.265,89.971
24017,3.0448,-81.518
24018,95.237,-42.466
24019,-2.4564,-1.6937
24020,93.499,-17.608
24021,87.307,-17.614
24022,72.463,20.377
24023,77.224,-49.172
24024,98.082,19.524
24025,58.178,94.125
24026,75.142,-38.206
24027,56.092,22.241
24028,53.218,81.712
24029,-113.71,13.662
24030,-7.9314,26.589
24031,-11.522,-3.9263
24032,-27.051,-96.714
24033,41.692,-58.777
24034,60.755,-3.7183
24035,66.121,25.645
24036,-4.2566,1.8606
24037,54.652,-2.0701
24038,-14.689,-3.2311
24039,103.48,0.29958
24040,-18.976,-47.074
24041,44.704,104.52
24042,-8.103,-8.4308
24043,48.297,-90.6
24044,-38.407,-22.851
24045,-12.145,-0.93224
24046,87.824,10.596
24047,86.564,11.654
24048,54.885,27.089
24049,71.257,18.926
24050,26.413,96.666
24051,85.577,36.123
24052,87.221,30.369
24053,82.496,41.755
24054,50.774,11.234
24055,7.9352,23.982
24056,13.084,32.174
24057,26.543,-37.474
24058,100.07,-0.62479
24059,-78.773,35.98
24060,2.9704,-77.35
24061,63.051,16.204
24062,71.2,-85.987
24063,-84.255,64.256
24064,-11.792,-0.76153
24065,-9.3331,116.67
24066,-35.358,-33.448
24067,-33.644,-34.004
24068,7.9732,114.62
24069,72.508,80.783
24070,99.063,49.202
24071,101.35,6.3679
24072,103.92,33.107
24073,100.15,-0.61502
24074,29.375,36.624
24075,57.299,31.921
24076,90.59,29.727
24077,-78.796,37.357
24078,83.031,-21.815
24079,57.435,20.416
24080,60.423,-9.0264
24081,-6.1068,-2.4446
24082,95.433,-41.765
24083,80.537,-37.941
24084,-7.3727,116.88
24085,77.395,24.651
24086,65.462,19.599
24087,90.148,26.237
24088,-31.13,12.674
24089,93.698,22.86
24090,-12.933,-2.8824
24091,70.048,-20.119
24092,68.678,84.913
24093,109.02,6.2194
24094,100.98,6.6279
24095,104.74,3.1607
24096,68.678,84.912
24097,62.17,13.761
24098,12.002,18.078
24099,60.732,-63.952
24100,43.37,20.694
24101,95.237,-42.466
24102,93.467,-41.936
24103,86.705,11.536
24104,30.866,97.356
24105,-94.318,27.236
24106,-102.71,29.832
24107,-3.927,18.077
24108,-82.534,-29.324
24109,-104.03,35.012
24110,85.482,-7.1937
24111,104.39,30.398
24112,-64.235,-43.486
24113,103.47,0.29642
24114,55.116,31.943
24115,-35.1,-7.9779
24116,63.344,17.458
24117,109.02,6.2239
24118,72.148,-16.937
24119,65.766,19.707
24120,102.2,33.015
24121,101.15,-0.42777
24122,98.015,53.835
24123,55.913,34.626
24124,-19.796,-93.789
24125,-10.369,5.4238
24126,-28.359,-93.443
24127,86.041,-1.1591
24128,21.873,-32.781
24129,-15.769,-6.778
24130,23.579,-35.622
24131,52.088,-88.526
24132,-118.39,12.904
24133,99.047,50.138
24134,6.6582,16.931
24135,-76.493,55.977
24136,46.789,22.268
24137,79,48.207
24138,-106.76,29.227
24139,-106.41,-11.035
24140,-117.96,11.193
24141,62.675,-61.476
24142,52.146,-64.701
24143,76.623,-33.004
24144,-15.731,-35.424
24145,54.021,18.799
24146,-8.5239,-4.6153
24147,93.882,-42.136
24148,99.066,49.246
24149,-14.664,-6.5527
24150,-99.602,31.953
24151,57.204,74.163
24152,-13.368,101.91
24153,68.678,84.914
24154,-75.994,-11.314
24155,100.37,-0.57895
24156,50.721,11.079
24157,83.453,29.249
24158,-96.941,54.618
24159,97.079,55.587
24160,-8.4789,0.7783
24161,-77.389,57.556
24162,-41.412,-24.291
24163,58.976,75.668
24164,84.449,42.157
24165,31.802,25.785
24166,67.478,-11.614
24167,-24.924,-54.432
24168,95.237,-42.466
24169,96.231,-37.937
24170,47.337,-40.727
24171,12.508,28.382
24172,94.671,21.014
24173,88.048,29.532
24174,71.555,58.564
24175,-14.339,101.52
24176,84.667,-2.5437
24177,-38.302,-75.221
24178,93.543,-18.488
24179,-3.9913,-3.7353
24180,63.137,17.197
24181,66.204,28.852
24182,39.101,91.169
24183,55.76,6.9728
24184,-88.503,33.467
24185,-2.1997,30.045
24186,77.578,-49.02
24187,89.777,27.245
24188,96.042,-40.107
24189,-18.337,-3.3689
24190,72.153,81.637
24191,70.485,38.402
24192,85.473,36.43
24193,5.2295,14.629
24194,6.9894,14.728
24195,-18.847,112.82
24196,6.2301,114.69
24197,-82.647,35.676
24198,6.3215,23.735
24199,-104.46,35.414
24200,53.613,18.165
24201,49.384,13.181
24202,87.128,10.923
24203,-12.467,116.04
24204,11.557,10.314
24205,97.919,19.358
24206,95.778,19.846
24207,60.984,38.938
24208,102.39,5.6265
24209,17.517,-82.308
24210,63.179,36.079
24211,105.15,12.074
24212,80.895,50.506
24213,69.251,53.162
24214,53.406,81.526
24215,61.106,4.6849
24216,92.716,61.014
24217,85.646,12.417
24218,40.122,-91.785
24219,7.8309,19.204
24220,17.91,-32.182
24221,-1.5211,-0.85426
24222,-44.398,1.0927
24223,60.683,4.9741
24224,-78.546,59.917
24225,-13.549,115.72
24226,-25.026,-92.696
24227,94.166,21.766
24228,-77.53,36.005
24229,-8.9784,83.405
24230,-11.673,45.178
24231,32.555,-71.312
24232,-103.33,28.986
24233,51.342,22.173
24234,-18.179,-0.54946
24235,65.2,9.0967
24236,77.921,32.278
24237,63.329,12.111
24238,-8.6822,116.76
24239,71.816,-57.246
24240,70.915,-15.132
24241,64.097,-51.141
24242,90.554,-31.063
24243,107.68,-15.867
24244,76.683,27.752
24245,76.903,-34.049
24246,60.132,13.922
24247,6.4164,114.68
24248,-98.298,31.7
24249,68.076,38.826
24250,-32.822,-5.2796
24251,58.372,7.2818
24252,-91.003,31.129
24253,48.729,-84.053
24254,41.508,-51.743
24255,-13.614,115.69
24256,77.454,-6.9596
24257,107.69,-15.868
24258,96.054,-40.063
24259,91.722,57.025
24260,68.677,84.912
24261,-2.5797,-1.205
24262,104.28,30.265
24263,106.04,1.7448
24264,5.5355,22.237
24265,41.134,-71.86
24266,3.0152,13.144
24267,-13.6,14.142
24268,79.224,-7.6613
24269,64.905,7.0291
24270,95.237,-42.467
24271,83.86,-49.414
24272,99.985,-0.63203
24273,102.34,-0.11646
24274,109.01,6.2213
24275,-13.178,115.84
24276,101.1,6.5644
24277,6.27,24.06
24278,-18.204,-0.12124
24279,82.705,26.368
24280,-19.74,-1.0232
24281,88.786,28.619
24282,44.163,88.912
24283,13.161,33.622
24284,94.923,-61.878
24285,-11.242,-3.9554
24286,107.68,-15.867
24287,57.454,9.2021
24288,63.909,18.446
24289,-40.034,-23.322
24290,65.468,8.1349
24291,-36.383,-22.578
24292,-8.9562,-0.72961
24293,58.178,94.128
24294,51.347,-16.028
24295,39.346,-92.158
24296,-8.0923,116.82
24297,100.97,6.6644
24298,90.125,28.972
24299,4.4304,25.644
24300,-118.39,12.904
24301,88.901,-40.856
24302,53.903,-54.857
24303,-7.381,-3.0174
24304,83.847,-49.313
24305,71.707,-58.177
24306,66.543,25.675
24307,7.5773,114.65
24308,71.513,37.899
24309,74.603,26.022
24310,67.873,39.237
24311,94.902,58.575
24312,86.73,31.408
24313,53.669,33.48
24314,36.504,-63.365
24315,-13.887,-4.6276
24316,93.499,-18.121
24317,-9.2154,-2.989
24318,47.006,-41.31
24319,16.744,-82.835
24320,100.48,-0.5614
24321,95.181,58.23
24322,83.287,30.214
24323,12.191,9.5236
24324,-8.2252,116.8
24325,68.737,38.985
24326,46.253,88.294
24327,-79.924,29.758
24328,58.885,76.003
24329,102.25,-0.14881
24330,46.38,102.63
24331,-3.175,-4.8099
24332,-93.396,23.491
24333,44.62,-30.561
24334,-41.741,-24.559
24335,61.323,17.609
24336,83.165,68.4
24337,7.1786,24.404
24338,-16.753,114.36
24339,79.025,42.11
24340,54.067,18.865
24341,94.047,18
24342,-78.978,60.635
24343,-11.279,-5.0377
24344,87.223,-25.468
24345,47.947,27.968
24346,-79.624,61.506
24347,82.232,-11.671
24348,8.6586,24.597
24349,78.207,53.81
24350,1.5863,12.195
24351,49.083,-85.664
24352,4.5684,-63.158
24353,6.2228,21.411
24354,95.131,15.165
24355,81.583,48.608
24356,67.193,67.968
24357,-113.49,13.844
24358,48.282,87.408
24359,107.68,-15.867
24360,53.618,-54.159
24361,56.12,6.7244
24362,52.679,16.69
24363,50.706,9.1636
24364,47.09,-41.14
24365,-16.437,114.53
24366,-11.769,-37.3
24367,98.6,52.389
24368,109.03,6.2264
24369,78.842,35.745
24370,34.806,-66.413
24371,48.241,87.432
24372,83.348,68.116
24373,91.782,61.984
24374,29.769,97.138
24375,45.981,88.205
24376,5.9357,21.751
24377,-30.272,-2.9474
24378,56.603,-59.064
24379,-81.988,29.81
24380,7.5051,25.37
24381,-37.374,-22.663
24382,-95.871,29.574
24383,71.642,32.633
24384,-30.235,-31.448
24385,109.03,6.2196
24386,103.71,31.938
24387,82.801,41.279
24388,-7.1212,29.861
24389,-102.54,20.493
24390,46.03,104.03
24391,54.117,-54.207
24392,73.594,78.634
24393,-12.82,-10.844
24394,90.506,25.849
24395,64.721,19.127
24396,-14.28,-1.0118
24397,78.257,-48.232
24398,-14.649,-10.967
24399,89.027,-30.831
24400,-84.978,34.683
24401,63.57,11.594
24402,-59.273,-34.178
24403,-20.439,-3.7142
24404,-11.369,-3.9587
24405,88.371,29.509
24406,84.71,38.864
24407,11.944,28.49
24408,2.6023,13.094
24409,23.098,-95.187
24410,98.44,17.816
24411,1.7073,22.985
24412,-55.245,-57.987
24413,23.463,-8.0917
24414,25.546,-9.7151
24415,61.96,-16.457
24416,-9.6716,0.0062184
24417,109.03,6.2233
24418,29.773,-61.078
24419,8.9918,18.703
24420,98.139,18.403
24421,-31.373,95.578
24422,81.122,50.455
24423,-115.05,12.827
24424,-90.912,22.464
24425,88.783,-42.689
24426,15.923,-23.517
24427,50.127,-47.273
24428,-53.308,18.852
24429,71.7,26.617
24430,104.08,30.748
24431,-8.3722,-4.081
24432,72.539,80.717
24433,104.15,30.7
24434,64.757,19.154
24435,67.696,70.279
24436,7.6234,24.638
24437,6.3141,18.932
24438,81.181,50.259
24439,-115.12,13.155
24440,18.228,-57.124
24441,109.02,6.2232
24442,94.131,22.856
24443,79.227,-33.471
24444,63.949,-51.027
24445,6.554,114.67
24446,109.03,6.2199
24447,8.7201,18.89
24448,72.923,37.957
24449,48.593,101.4
24450,-14.206,-8.365
24451,58.522,-52.536
24452,54.314,-2.1426
24453,79.198,-47.558
24454,8.9055,-80.59
24455,-84.491,-13.958
24456,-84.34,64.276
24457,-2.5914,2.5295
24458,25.385,-8.9182
24459,-10.268,-3.6505
24460,59.451,75.234
24461,81.939,45.504
24462,-9.8417,116.59
24463,78.809,53.536
24464,9.2376,18.704
24465,-12.756,115.96
24466,74.861,56.518
24467,102.81,32.175
24468,4.0246,8.954
24469,-13.244,-1.447
24470,-18.781,112.88
24471,101.98,5.8941
24472,37.513,32.966
24473,49.289,-50.644
24474,65.082,25.889
24475,72.108,81.759
24476,107.68,-15.867
24477,66.689,-26.746
24478,83.847,67.288
24479,92.857,23.938
24480,85.491,35.555
24481,12.832,17.553
24482,-6.5961,102.89
24483,76.203,55.712
24484,81.693,48.445
24485,-15.864,62.707
24486,59.288,75.757
24487,55.525,-54.113
24488,58.074,-6.5411
24489,80.525,0.37716
24490,28.876,33.921
24491,53.224,-56.736
24492,107.68,-15.867
24493,106.48,2.1916
24494,76.279,55.285
24495,61.646,51.479
24496,7.1516,24.542
24497,-84.255,64.256
24498,83.082,68.528
24499,66.031,20.428
24500,12.976,19.466
24501,92.439,21.491
24502,100.27,17.156
24503,8.3336,24.557
24504,93.346,60.339
24505,98.101,46.216
24506,-84.617,36.102
24507,-107.09,28.955
24508,-83.023,2.4737
24509,85.903,-36.903
24510,65.168,9.1301
24511,-9.6527,-5.7253
24512,83.243,32.818
24513,-36.258,-67.606
24514,63.507,-4.8505
24515,-80.936,-41.124
24516,-59.858,-34.676
24517,-10.836,-9.2606
24518,93.062,23.402
24519,64.704,9.8165
24520,104.1,30.497
24521,-6.7095,-1.7046
24522,47.862,101.87
24523,-84.361,64.271
24524,-60.767,47.935
24525,-8.4426,-2.6803
24526,-41.894,3.4548
24527,-77.212,34.574
24528,-50.941,-36.723
24529,62.396,-27.384
24530,52.732,19.709
24531,88.555,25.308
24532,-79.121,60.846
24533,-22.365,-106.32
24534,-43.29,89.358
24535,-13.63,101.28
24536,59.794,7.2618
24537,38.941,91.301
24538,-42.923,89.574
24539,96.566,56.395
24540,-17.407,113.95
24541,-3.3684,1.3864
24542,72.107,-84.782
24543,69.652,-22.984
24544,103.96,30.703
24545,72.558,38.386
24546,34.242,-66.481
24547,71.633,38.002
24548,47.706,48.961
24549,56.492,7.8131
24550,-116.75,8.9411
24551,-89.989,33.383
24552,77.595,-34.132
24553,94.813,15.005
24554,-11.417,116.3
24555,-11.74,-1.5323
24556,5.6532,22.15
24557,81.386,48.873
24558,-79.136,60.867
24559,-74.693,-66.406
24560,-6.8695,-1.5104
24561,3.9989,13.91
24562,-13.02,-1.8833
24563,-26.607,-8.1571
24564,-98.162,7.0044
24565,29.417,-97.122
24566,109.05,6.1913
24567,97.41,22.122
24568,37.112,24.876
24569,62.438,21.354
24570,7.8838,23.242
24571,-68.181,74.45
24572,91.848,61.917
24573,-78.656,60.111
24574,18.934,79.223
24575,43.928,-22.961
24576,50.765,11.202
24577,-101.54,30.231
24578,7.7773,21.921
24579,72.259,-16.831
24580,91.747,19.032
24581,81.752,48.206
24582,3.5959,15.546
24583,75.367,56.276
24584,13.275,34.12
24585,81.885,47.485
24586,-42.32,90.399
24587,-116.79,9.0167
24588,51.761,-77.481
24589,82.412,-18.406
24590,92.631,-18.443
24591,85.46,-15.63
24592,-81.938,31.687
24593,60.528,-23.911
24594,69.021,41.428
24595,10.75,28.763
24596,70.883,64.712
24597,87.578,-25.673
24598,67.797,-19.026
24599,55.969,-20.515
24600,-106.92,-8.9793
24601,-23.921,-33.406
24602,109.05,6.1914
24603,92.083,61.669
24604,85.304,12.671
24605,-11.149,-2.5892
24606,63.475,11.938
24607,100.79,16.728
24608,95.252,15.22
24609,104.07,30.533
24610,85.517,35.134
24611,97.693,18.263
24612,78.545,53.572
24613,-68.782,-59.549
24614,69.058,-26.116
24615,-118.39,12.904
24616,77.674,-6.7015
24617,57.229,-62.809
24618,-12.186,-82.445
24619,107.68,-15.867
24620,72.856,80.08
24621,71.083,27.204
24622,63.121,-28.006
24623,100.68,33.79
24624,-63.813,16.523
24625,92.452,61.288
24626,99.021,50.395
24627,104.74,0.86415
24628,-8.2592,-0.77148
24629,-11.769,-25.562
24630,-18.555,0.99856
24631,48.51,101.45
24632,-34.023,-6.724
24633,59.023,17.29
24634,-34.848,-29.536
24635,-5.4814,-4.0657
24636,73.594,78.633
24637,62.916,36.079
24638,58.804,76.409
24639,85.444,35.9
24640,86.661,36.12
24641,82.228,-48.019
24642,79.102,-33.522
24643,-92.054,13.353
24644,100.15,-0.61493
24645,6.3787,114.68
24646,-18.918,112.75
24647,87.042,31.988
24648,81.697,48.381
24649,11.868,29.412
24650,2.01,12.584
24651,7.4106,114.65
24652,84.44,39.244
24653,97.646,45.621
24654,92.983,60.732
24655,11.72,17.777
24656,-9.1392,-92.981
24657,77.886,31.987
24658,-34.241,-69.376
24659,57.526,-20.195
24660,-19.039,112.59
24661,54.834,-2.1218
24662,85.549,36.462
24663,-10.388,113.84
24664,92.009,61.747
24665,-88.755,33.761
24666,81.891,46.562
24667,44.712,104.32
24668,-36.059,-68.807
24669,54.95,-39.264
24670,54.962,1.7631
24671,-60.097,-60.072
24672,34.506,14.753
24673,39.03,-92.158
24674,56.091,7.6349
24675,109.03,6.2196
24676,12.33,18.415
24677,-76.818,56.483
24678,8.4921,24.933
24679,44.703,104.36
24680,89.58,27.806
24681,-6.1513,-3.3214
24682,54.513,16.903
24683,101.43,33.423
24684,109.05,6.1914
24685,8.5104,114.6
24686,58.755,7.397
24687,30.346,28.031
24688,52.281,48.869
24689,71.461,38.019
24690,85.701,34.522
24691,81.536,48.999
24692,-77.309,34.628
24693,43.133,13.772
24694,72.147,58.911
24695,60.729,5.0004
24696,-28.13,-100.66
24697,-53.319,-39.161
24698,7.6498,18.049
24699,-18.442,-35.359
24700,-16.187,-32.61
24701,109.02,6.2177
24702,29.624,97.225
24703,-14.26,115.48
24704,-11.29,-1.3849
24705,44.334,-57.525
24706,30.214,-40.208
24707,86.41,-5.1432
24708,-118.33,12.62
24709,71.972,37.975
24710,82.59,41.598
24711,85.987,36.634
24712,-78.673,36.006
24713,-10.489,-4.9656
24714,55.525,31.752
24715,109.05,6.1918
24716,96.181,-39.578
24717,60.123,16.13
24718,54.154,18.98
24719,11.31,28.407
24720,10.701,29.788
24721,-17.963,113.54
24722,-118.39,12.904
24723,15.587,11.068
24724,4.5177,-15.073
24725,-12.436,-94.646
24726,65.301,19.506
24727,93.402,23.475
24728,-9.596,0.39751
24729,75.615,55.846
24730,-19.511,-36.807
24731,9.009,37.441
24732,5.287,23.111
24733,36.216,-5.524
24734,94.938,15.07
24735,52.716,23.836
24736,74.759,25.762
24737,103.79,0.42531
24738,92.233,61.517
24739,104.09,0.5502
24740,104.31,30.54
24741,66.916,48.565
24742,94.483,21.367
24743,48.309,56.817
24744,60.096,5.4379
24745,-35.661,-33.4
24746,-10.444,116.49
24747,16.163,-98.737
24748,5.4029,23.039
24749,-11.989,116.16
24750,-118.04,11.416
24751,54.043,-82.671
24752,64.607,-50.57
24753,98.962,48.459
24754,-96.231,53.084
24755,65.144,15.818
24756,53.1,17.333
24757,109.02,6.2207
24758,105.09,12.141
24759,-105.38,35.568
24760,-95.317,30.393
24761,-81.828,24.948
24762,36.81,92.318
24763,-88.685,33.784
24764,-36.029,-24.137
24765,109.02,6.2182
24766,30.977,-67.068
24767,69.746,-22.502
24768,102.6,5.3032
24769,-14.917,-6.0346
24770,109.02,6.2208
24771,26.437,-30.915
24772,88.775,35.386
24773,71.798,37.993
24774,12.988,29.731
24775,-3.2169,-30.46
24776,43.061,-22.901
24777,25.538,-9.5961
24778,-54.36,18.554
24779,-7.9092,116.83
24780,12.985,28.266
24781,103.31,31.385
24782,95.337,20.36
24783,86.846,33.808
24784,59.558,74.681
24785,11.266,17.02
24786,83.15,40.656
24787,83.404,40.383
24788,10.744,31.359
24789,109.02,6.2203
24790,40.621,-6.8064
24791,60.696,-2.4344
24792,77.833,32.212
24793,-96.491,6.45
24794,-104.64,-13.229
24795,97.631,54.616
24796,-9.9016,116.58
24797,98.885,48.082
24798,3.7709,13.442
24799,83.823,67.33
24800,71.722,57.84
24801,-36.661,-22.577
24802,47.218,-53.242
24803,107.68,-15.867
24804,103.76,0.41173
24805,71.71,19.461
24806,-12.344,-0.26441
24807,8.2065,19.277
24808,87.509,30.592
24809,-11.795,-80.471
24810,17.25,-14
24811,58.222,33.494
24812,-117.32,10.032
24813,32.019,-18.563
24814,62.33,-59.492
24815,-84.341,64.28
24816,-4.8961,-4.8013
24817,-98.842,31.305
24818,68.673,84.913
24819,86.242,33.343
24820,-63.2,79.205
24821,78.143,28.576
24822,86.465,34.02
24823,9.1485,18.832
24824,12.348,32.764
24825,85.512,35.603
24826,55.629,31.99
24827,-5.5988,-9.0386
24828,-71.022,-22.541
24829,60.541,14.194
24830,82.614,41.642
24831,82.146,44.675
24832,73.875,38
24833,88.462,29.269
24834,-11.54,116.27
24835,70.187,66.329
24836,-7.6567,116.86
24837,59.803,-59.132
24838,-58.516,18.163
24839,88.096,-39.649
24840,43.103,24.886
24841,8.3612,114.6
24842,93.862,22.796
24843,7.5543,20.187
24844,19.577,-35.251
24845,33.427,25.8
24846,104.18,30.407
24847,85.767,33.896
24848,-31.459,95.419
24849,-76.082,35.546
24850,-69.88,5.9154
24851,85.873,37.204
24852,57.669,-52.495
24853,-14.085,-54.739
24854,95.455,57.882
24855,105.1,1.9648
24856,18.331,6.4812
24857,69.872,67.09
24858,77.277,45.811
24859,82.455,42.383
24860,34.26,-12.818
24861,-10.505,113.87
24862,-84.34,64.277
24863,50.863,7.8941
24864,-73.081,63.28
24865,46.473,102.53
24866,-84.34,64.277
24867,73.12,37.886
24868,21.552,-89.405
24869,83.721,39.969
24870,76.422,25.23
24871,84.767,-10.83
24872,-15.047,-93.947
24873,52.122,7.4048
24874,21.931,-33.686
24875,-16.463,114.52
24876,-18.133,-2.7526
24877,-11.433,116.3
24878,82.01,47.453
24879,76.852,-33.449
24880,-15.949,114.77
24881,-83.192,34.685
24882,-90.466,22.282
24883,48.372,-21.072
24884,75.969,-77.993
24885,69.068,-39.113
24886,84.592,-36.299
24887,76.529,-52.912
24888,-40.043,-33.396
24889,-10.875,116.41
24890,68.678,84.912
24891,109.01,6.2237
24892,51.065,12.242
24893,80.389,43.139
24894,93.436,-18.487
24895,91.946,61.808
24896,57.918,-0.73666
24897,95.649,17.357
24898,109.02,6.2257
24899,100.31,-0.59023
24900,-8.7285,116.74
24901,68.523,68.77
24902,37.763,91.487
24903,12.861,12.993
24904,59.254,75.82
24905,-118.01,11.33
24906,64.296,-16.321
24907,-15.409,-2.1122
24908,59.055,24.444
24909,7.3249,114.65
24910,109.02,6.2221
24911,40.331,84.248
24912,16.15,-98.765
24913,99.433,18.624
24914,96.819,56.002
24915,72.413,58.253
24916,44.116,55.192
24917,-96.259,30.307
24918,51.582,26.185
24919,107.69,-15.867
24920,93.557,60.114
24921,58.699,76.327
24922,94.112,21.889
24923,54.806,-85.844
24924,-71.668,49.942
24925,72.192,58.631
24926,52.727,8.5697
24927,-8.1357,-3.9206
24928,-86.779,-41.232
24929,93.056,60.651
24930,8.2779,114.61
24931,-10.24,-1.7227
24932,98.263,18.035
24933,-15.225,115.1
24934,-1.3503,-43.421
24935,96.462,56.535
24936,-103.98,30.807
24937,-11.741,-80.446
24938,-46.77,-89.512
24939,79.015,28.277
24940,47.098,-41.075
24941,86.331,44.107
24942,14.524,7.7686
24943,-18.845,112.82
24944,82.99,68.665
24945,76.843,-33.431
24946,92.847,23.573
24947,52.709,16.63
24948,68.398,38.956
24949,82.386,42.502
24950,72.426,58.622
24951,61.015,-3.6909
24952,-12.968,-2.6843
24953,68.678,84.912
24954,83.783,67.394
24955,86.374,11.815
24956,90.487,44.624
24957,101.62,33.305
24958,82.005,46.454
24959,-103.21,31.933
24960,-118.02,11.355
24961,81.81,-34.057
24962,-52.985,-47.361
24963,-6.1378,-3.4959
24964,-102.21,30.334
24965,-40.281,-22.002
24966,109.02,6.2271
24967,86.421,32.011
24968,83.841,67.299
24969,29.68,97.935
24970,68.678,84.913
24971,88.843,28.432
24972,57.3,7.6879
24973,81.087,-5.3599
24974,-103.86,33.493
24975,83.506,67.857
24976,-18.848,112.82
24977,-80.722,62.778
24978,29.392,35.222
24979,86.758,31.154
24980,-80.197,62.192
24981,106.09,1.6749
24982,-7.4252,-4.5982
24983,75.032,-57.833
24984,62.504,-11.788
24985,94.875,15.036
24986,79.5,52.878
24987,49.975,22.221
24988,11.498,31.447
24989,70.467,41.107
24990,81.412,49.149
24991,89.905,26.937
24992,79.854,44.783
24993,36.6,-23.164
24994,-1.3889,-29.229
24995,85.617,-38.132
24996,-98.293,31.669
24997,54.535,-1.8525
24998,81.612,-31.853
24999,69.234,28.981
25000,-19.624,-3.2803
25001,53.308,81.597
25002,94.164,17.9
25003,21.264,-31.956
25004,3.5497,25.666
25005,-12.495,-11.667
25006,73.594,78.633
25007,-1.2149,102.49
25008,-28.329,-58.374
25009,57.11,6.117
25010,65.046,9.2493
25011,-16.805,-3.0445
25012,95.824,19.241
25013,53.372,81.615
25014,46.099,-55.447
25015,42.41,-29.123
25016,55.077,-2.2724
25017,96.117,19.477
25018,-31.945,22.302
25019,-104.65,27.609
25020,95.348,15.269
25021,109.02,6.2231
25022,99.166,49.232
25023,69.178,67.943
25024,61.155,54.688
25025,-103.99,34.918
25026,38.563,-58.345
25027,53.19,32.128
25028,7.4887,114.65
25029,-87.754,-40.778
25030,106.39,2.0997
25031,55.745,14.869
25032,85.389,36.259
25033,61.41,22.302
25034,28.334,-91.267
25035,52.07,25.402
25036,-9.7953,-2.7429
25037,37.889,-45.817
25038,55.973,15.085
25039,8.6186,114.58
25040,103.33,31.666
25041,106.67,5.5072
25042,82.897,26.221
25043,83.315,68.166
25044,82.981,68.677
25045,63.35,-10.447
25046,-18.643,113
25047,12.399,28.405
25048,7.9474,114.63
25049,62.872,21.311
25050,95.795,19.883
25051,6.9968,27.128
25052,-11.682,-0.8579
25053,101.59,33.308
25054,66.632,70.759
25055,-117.66,15.382
25056,-10.852,-3.9292
25057,53.827,5.6408
25058,74.661,56.62
25059,82.163,-49.553
25060,95.13,15.165
25061,106.23,1.927
25062,88.593,9.916
25063,77.379,-34.061
25064,55.937,21.937
25065,93.369,22.831
25066,-63.676,77.825
25067,47.894,-74.795
25068,87.432,-38.073
25069,65.686,19.681
25070,24.72,-36.232
25071,101.91,-0.24962
25072,90.642,25.578
25073,52.964,80.838
25074,68.683,68.508
25075,-84.973,35.833
25076,91.316,-24.373
25077,57.543,-20.233
25078,-36.198,-24.077
25079,-98.744,31.808
25080,-12.211,77.984
25081,-84.361,64.27
25082,102.28,5.6699
25083,87.105,33.943
25084,88.668,30.686
25085,81.181,50.158
25086,47.862,87.593
25087,-117.86,10.951
25088,69.673,-7.3528
25089,67.861,-19.624
25090,87.662,10.735
25091,73.154,-59.037
25092,62.999,13.318
25093,42.791,88.259
25094,97.024,55.676
25095,-83.963,35.757
25096,-12.458,-4.8941
25097,-87.79,-40.825
25098,67.89,26.145
25099,-14.146,115.52
25100,29.939,97.021
25101,2.0589,-58.612
25102,-116.85,10.117
25103,-9.9741,-94.551
25104,-10.122,116.55
25105,76.317,25.259
25106,-14.655,115.33
25107,104.44,0.71469
25108,84.093,43.117
25109,9.0258,17.457
25110,92.498,23.855
25111,41.195,90.299
25112,85.463,35.536
25113,91.948,25.102
25114,72.064,59
25115,68.677,84.911
25116,-18.252,-1.8997
25117,-29.764,-3.6238
25118,51.559,-81.966
25119,59.315,4.6586
25120,88.387,-13.845
25121,61.69,7.2727
25122,-86.405,25.242
25123,47.247,38.889
25124,94.408,59.166
25125,-69.117,16.598
25126,16.14,-98.787
25127,79.229,53.226
25128,-15.565,114.95
25129,51.12,80.01
25130,86.048,33.027
25131,96.117,-39.874
25132,8.5445,24.879
25133,-63.031,50.618
25134,53.938,81.066
25135,101.43,33.408
25136,68.681,84.912
25137,-14.979,-42.006
25138,58.398,8.321
25139,41.413,-52.025
25140,86.679,44.365
25141,63.17,17.208
25142,96.534,56.435
25143,88.053,29.566
25144,79.25,53.166
25145,102.19,-0.16553
25146,63.381,11.011
25147,7.508,-77.061
25148,85.058,-36.754
25149,8.3173,18.19
25150,95.27,-42.341
25151,83.549,67.786
25152,-8.5741,116.76
25153,82.22,44.177
25154,71.378,19.085
25155,-99.494,25.341
25156,63.167,21.08
25157,60.58,-2.4033
25158,-61.37,18.082
25159,-104.51,35.254
25160,21.425,-31.902
25161,100.34,-0.58616
25162,11.308,28.342
25163,-10.637,-79.948
25164,-18.678,112.97
25165,11.183,28.513
25166,89.635,22.366
25167,100.84,16.941
25168,-12.24,-5.599
25169,-6.0612,-9.1092
25170,-6.5049,-43.458
25171,-33.71,-33.975
25172,-84.361,64.269
25173,103.82,0.43746
25174,-10.111,116.55
25175,95.217,15.204
25176,87.546,29.908
25177,45.205,103.59
25178,82.164,44.243
25179,52.808,32.21
25180,73.59,-10.045
25181,94.237,59.373
25182,61.424,17.839
25183,12.882,28.284
25184,81.519,49.004
25185,87.768,29.699
25186,86.417,43.947
25187,72.407,33.93
25188,34.021,-68.325
25189,86.347,-27.7
25190,109.02,6.2221
25191,-17.036,114.19
25192,-7.2241,116.89
25193,45.908,87.659
25194,91.925,24.348
25195,-14.767,115.29
25196,10.866,28.212
25197,85.536,35.406
25198,-55.204,-58.029
25199,76.561,-8.0376
25200,107.69,-15.867
25201,93.58,-18.78
25202,90.373,26.248
25203,87.351,11.012
25204,82.599,43.805
25205,86.409,31.929
25206,40.149,49.32
25207,-80.91,-32.643
25208,74.97,-3.2503
25209,47.894,-19.386
25210,97.909,54.064
25211,-70.179,15.602
25212,54.548,31.928
25213,-14.509,115.39
25214,-9.1681,-2.9249
25215,106.84,2.6698
25216,102.28,-0.13596
25217,-13.555,101.4
25218,78.483,53.841
25219,-86.456,34.112
25220,-104.33,35.362
25221,43.562,-22.924
25222,81.027,-15.864
25223,69.858,-7.0264
25224,-65.764,9.4818
25225,-18.769,-3.9264
25226,64.503,18.909
25227,23.191,65.654
25228,-15.672,114.9
25229,89.607,8.8495
25230,97.597,45.569
25231,71.181,38.506
25232,86.616,-1.4127
25233,83.581,40.207
25234,81.792,47.997
25235,104.93,0.96921
25236,72.725,38.38
25237,29.718,-37.733
25238,-26.739,-102.64
25239,85.974,29.837
25240,98.911,51.121
25241,91.333,25.549
25242,77.529,-30.344
25243,97.121,18.78
25244,97.567,54.734
25245,97.783,45.775
25246,73.954,25.998
25247,83.494,40.237
25248,83.183,68.373
25249,-93.515,-47.658
25250,80.381,-2.408
25251,24.476,-36.332
25252,50.444,-30.965
25253,103.09,31.891
25254,-7.5959,116.86
25255,76.832,-33.989
25256,109.02,6.2245
25257,83.811,67.349
25258,-101.04,29.917
25259,-51.334,-38.995
25260,-65.869,7.3506
25261,71.213,64.678
25262,80.282,-37.641
25263,95.505,57.816
25264,82.092,44.88
25265,6.2057,114.69
25266,72.144,81.655
25267,-87.542,34.057
25268,-103.98,33.952
25269,87.134,-38.634
25270,-57.76,15.864
25271,49.34,-0.26882
25272,-87.515,25.525
25273,-42.243,41.617
25274,90.741,-43.297
25275,-9.2732,-0.75422
25276,68.918,47.233
25277,63.409,12.238
25278,101.38,6.3524
25279,7.6984,19.09
25280,64.924,52.305
25281,79.317,52.928
25282,-107.13,28.864
25283,49.802,-34.105
25284,59.266,24.698
25285,-74.626,-15.481
25286,4.2591,13.704
25287,109.02,6.2225
25288,89.778,27.202
25289,101.73,33.216
25290,64.542,25.501
25291,-63.912,-27.625
25292,-114.36,13.314
25293,-11.52,0.013703
25294,-18.941,112.73
25295,-9.0158,116.71
25296,8.5383,24.888
25297,95.316,21.607
25298,104.45,0.71739
25299,87.936,29.511
25300,93.489,60.19
25301,-100.55,29.479
25302,54.205,13.291
25303,53.205,17.504
25304,109.01,6.2231
25305,-15.821,114.83
25306,109.01,6.2233
25307,-16.885,114.28
25308,7.7386,114.63
25309,47.055,87.946
25310,46.66,48.619
25311,90.761,25.891
25312,6.3234,114.68
25313,97.86,54.171
25314,31.691,-64.241
25315,92.082,61.671
25316,6.4978,114.68
25317,-55.72,19.443
25318,47.915,-32.566
25319,64.739,-16.803
25320,107.68,-15.867
25321,31.19,97.184
25322,83.148,68.428
25323,-18.037,113.48
25324,-10.927,116.4
25325,42.675,14.281
25326,76.332,55.612
25327,91.981,57.152
25328,99.083,49.431
25329,44.831,104.93
25330,86.128,32.727
25331,71.986,58.986
25332,81.167,50.305
25333,80.299,42.753
25334,5.0771,25.855
25335,-2.5589,-2.0788
25336,92.364,-52.544
25337,-112.66,14.741
25338,-99.211,25.051
25339,87.746,29.693
25340,67.867,70.007
25341,9.0728,18.89
25342,72.047,59.036
25343,98.111,19.758
25344,68.788,38.638
25345,9.3273,29.694
25346,-114.83,13.17
25347,-93.545,-47.167
25348,-99.23,28.726
25349,-13.431,-8.8926
25350,-113.61,13.746
25351,-89.294,-51.594
25352,-15.964,-1.9525
25353,-11.234,116.34
25354,102.93,32.558
25355,87.395,30.228
25356,82.953,68.717
25357,56.98,46.352
25358,69.531,45.833
25359,55.18,16.341
25360,82.042,45.628
25361,79.518,52.397
25362,95.797,19.827
25363,36.319,53.181
25364,87.172,31.704
25365,-104.96,27.291
25366,-92.359,22.87
25367,8.1709,-79.417
25368,35.818,-9.4846
25369,58.488,7.9265
25370,-88.241,44.752
25371,51.588,15.428
25372,55.507,16.871
25373,54.06,18.858
25374,-13.612,-1.9686
25375,62.682,20.809
25376,97.642,54.596
25377,81.092,50.34
25378,71.854,59.341
25379,96.626,56.324
25380,-71.24,-42.804
25381,-106.76,29.248
25382,81.806,-9.7427
25383,24.471,-95.908
25384,-40.358,-34.034
25385,-12.091,-80.613
25386,-9.0539,-3.275
25387,-16.905,114.27
25388,102.99,5.1579
25389,62.54,15.79
25390,109.02,6.2243
25391,82.738,41.139
25392,91.038,-16.48
25393,58.839,11.618
25394,-9.1745,-4.5346
25395,101.77,6.0617
25396,109.02,6.2212
25397,-17.12,114.14
25398,82.3,46.127
25399,-88.135,31.721
25400,52.754,7.3229
25401,109.02,6.2229
25402,98.895,18.133
25403,92.077,-59.707
25404,-8.8869,116.73
25405,-12.694,115.98
25406,99.412,17.343
25407,37.627,83.173
25408,67.699,70.137
25409,50.766,33.59
25410,-113.07,14.271
25411,-95.614,23.988
25412,71.568,26.547
25413,109.02,6.2218
25414,-41.168,-24.083
25415,95.974,20.149
25416,101.15,-0.42831
25417,95.089,15.147
25418,83.054,68.57
25419,12.974,32.918
25420,7.3372,20.722
25421,-54.512,-0.62296
25422,63.951,-10.212
25423,26.053,40.529
25424,102.31,33.087
25425,2.3618,-32.177
25426,93.863,59.783
25427,72.587,38.254
25428,86.645,31.49
25429,109.02,6.2214
25430,68.977,54.585
25431,-84.256,64.26
25432,-5.3214,4.7664
25433,-35.41,-8.444
25434,79.876,-51.97
25435,-53.101,-1.2554
25436,-12.983,115.9
25437,85.884,44.335
25438,77.238,51.178
25439,81.799,47.984
25440,77.573,24.522
25441,83.973,68.684
25442,39.385,54.959
25443,-1.5417,-43.942
25444,-12.361,-80.821
25445,47.293,8.6683
25446,71.861,27.006
25447,101.59,-0.3298
25448,95.79,17.346
25449,104.76,-45.321
25450,55.884,14.106
25451,78.979,-37.491
25452,98.291,53.189
25453,98.815,51.564
25454,70.378,66.293
25455,-5.506,-102.65
25456,-89.357,33.522
25457,35.518,-85.298
25458,79.249,53.114
25459,-12.903,115.92
25460,98.586,52.433
25461,100.89,16.668
25462,86.591,31.669
25463,-7.5138,116.87
25464,-36.451,-22.553
25465,-1.9765,0.65627
25466,-78.805,49.473
25467,87.342,11.023
25468,-22.109,-107.78
25469,104.16,30.48
25470,39.534,4.7353
25471,105.17,12.058
25472,85.548,36.954
25473,-84.004,36.196
25474,89.651,27.32
25475,87.073,30.815
25476,-18.713,112.94
25477,-17.209,-5.0107
25478,22.632,-63.474
25479,-66.793,-14.655
25480,85.849,-6.2475
25481,53.766,1.4502
25482,61.215,-2.9651
25483,72.653,20.297
25484,61.053,54.179
25485,14.055,28.693
25486,68.149,36.929
25487,101.84,33.231
25488,108,-45.1
25489,104.03,30.571
25490,-103.02,-1.3477
25491,-18.154,-34.961
25492,89.479,35.407
25493,101.96,-0.23654
25494,65.026,9.3231
25495,-10.1,116.55
25496,76.256,-33.611
25497,45.113,88.768
25498,99.033,17.594
25499,-44.325,4.0944
25500,72.258,-84.555
25501,72.445,80.922
25502,62.352,-16.785
25503,45.794,-19.528
25504,-54.002,18.326
25505,52.206,17.385
25506,53.944,-86.807
25507,50.938,11.827
25508,78.175,32.993
25509,88.513,28.829
25510,27.748,99.154
25511,87.746,29.762
25512,-69.467,40.245
25513,-92.267,30.65
25514,39.865,-11.917
25515,54.358,8.8259
25516,-25.389,-98.175
25517,-84.254,64.255
25518,109.02,6.2226
25519,-100.93,32.213
25520,93.455,-27.92
25521,53.529,18.035
25522,-52.837,0.34959
25523,104.81,0.90236
25524,98.027,18.174
25525,7.206,114.66
25526,62.892,11.823
25527,11.286,17.46
25528,96.437,56.581
25529,78.517,53.801
25530,70.728,65.507
25531,73.594,78.633
25532,109.01,6.2205
25533,-84.683,36.05
25534,-9.8876,-2.7788
25535,-84.34,64.277
25536,78.785,53.429
25537,-44.43,4.4682
25538,-17.159,18.06
25539,-11.405,-5.6667
25540,65.783,-38.849
25541,-74.354,-6.0125
25542,44.184,-71.469
25543,39.659,-6.6738
25544,-77.463,57.707
25545,-18.756,112.9
25546,104.76,0.87322
25547,91.744,19.032
25548,65.399,44.886
25549,8.6439,18.908
25550,-45.377,88.439
25551,7.3597,39.351
25552,50.658,79.547
25553,-9.2579,-11.534
25554,-15.07,115.17
25555,99.048,49.005
25556,100.65,16.81
25557,78.987,53.405
25558,86.293,32.545
25559,-10.327,-6.2004
25560,104.75,0.86894
25561,94.195,21.762
25562,-40.882,5.5546
25563,-105.43,35.586
25564,-114.4,13.302
25565,85.671,-5.9033
25566,2.5609,-49.903
25567,58.393,6.2131
25568,-12.268,-2.1865
25569,83.482,67.897
25570,95.798,-40.697
25571,63.811,20.412
25572,104.82,1.763
25573,82.867,26.163
25574,45.502,-22.256
25575,66.108,8.283
25576,53.928,18.642
25577,56.721,-1.469
25578,93.21,60.487
25579,105.23,11.922
25580,100.69,16.771
25581,102.03,-0.2138
25582,98.992,50.617
25583,84.22,39.424
25584,48.388,-21.076
25585,-105.02,25.84
25586,-116.5,13.051
25587,75.863,25.414
25588,-70.258,12.393
25589,78.634,31.943
25590,109.02,6.2235
25591,102.06,-0.20478
25592,7.4249,114.65
25593,104.39,30.405
25594,44.111,19.699
25595,11.647,19.571
25596,74.276,-81.161
25597,53.389,4.7315
25598,-3.8085,-51.774
25599,-22.064,-108.1
25600,109.01,6.2207
25601,109.02,6.2216
25602,104.1,30.672
25603,94.085,22.333
25604,78.444,28.493
25605,84.634,38.834
25606,-91.492,-49.465
25607,-106.59,29.346
25608,95.376,57.977
25609,83.299,68.188
25610,82.937,27.928
25611,109.02,6.2213
25612,93.724,-59.233
25613,-7.5785,116.86
25614,44.822,20.4
25615,5.5618,24.666
25616,-83.248,37.108
25617,94.166,-60.154
25618,74.098,-81.476
25619,-72.397,15.073
25620,-10.397,116.5
25621,101.7,6.1094
25622,101.82,33.194
25623,106.51,5.4507
25624,85.425,36.332
25625,86.327,32.267
25626,97.895,19.647
25627,-83.012,37.089
25628,-95.861,30.599
25629,-38.528,-74.533
25630,-83.274,-19.742
25631,36.059,-4.8428
25632,77.367,-29.073
25633,-12.223,-80.69
25634,-118.28,12.924
25635,60.171,4.0205
25636,62.76,36.066
25637,106.04,1.7477
25638,-12.095,-10.319
25639,71.85,20.584
25640,102.87,0.070883
25641,84.54,39.362
25642,-118.38,12.841
25643,73.594,78.633
25644,-74.359,-5.9435
25645,-7.6236,-37.445
25646,22.356,-10.775
25647,25.711,-34.161
25648,-83.34,37.134
25649,65.484,19.595
25650,65.511,19.608
25651,83.322,29.493
25652,7.8468,23.587
25653,104.13,30.57
25654,57.499,-20.11
25655,69.654,38.334
25656,12.876,28.09
25657,3.4899,15.092
25658,72.557,80.676
25659,-10.204,0.31482
25660,71.295,-5.3746
25661,-50.499,-89.121
25662,-14.833,115.27
25663,109.02,6.2233
25664,103.11,31.944
25665,6.7477,114.67
25666,-22.233,-109.03
25667,108.47,5.5088
25668,36.184,93.659
25669,109.03,6.2218
25670,93.807,23.532
25671,71.505,20.495
25672,61.221,-69.173
25673,57.825,-70.76
25674,101.69,33.274
25675,-97.844,25.925
25676,102.93,32.109
25677,42.496,4.7547
25678,100.71,-0.51936
25679,103.76,0.41114
25680,89.786,-41.805
25681,4.657,13.865
25682,-53.796,-1.147
25683,-3.5761,-51.734
25684,-70.753,8.8815
25685,85.826,33.859
25686,-117.9,12.934
25687,-117.93,11.912
25688,102.68,32.238
25689,101.73,6.0878
25690,92.086,61.668
25691,-12.673,115.99
25692,83.202,68.343
25693,22.597,-10.404
25694,8.7475,114.57
25695,88.13,29.467
25696,100.92,16.632
25697,-67.988,74.405
25698,50.047,-26.017
25699,-96.982,5.4325
25700,-118.39,12.905
25701,-76.782,56.421
25702,65.866,25.586
25703,-102.76,31.9
25704,6.8123,114.67
25705,77.414,34.986
25706,94.903,15.132
25707,-11.736,116.23
25708,-39.307,-22.963
25709,59.397,75.485
25710,104.14,31.696
25711,7.812,19.915
25712,90.882,25.507
25713,100.2,16.965
25714,100.24,-0.6009
25715,40.064,-20.214
25716,56.226,26.677
25717,-107.45,28.586
25718,60.654,3.9322
25719,-35.06,-25.485
25720,79.742,-56.242
25721,76.333,25.232
25722,95.525,57.789
25723,66.934,70.675
25724,100.74,16.687
25725,-17.149,114.12
25726,43.521,46.085
25727,48.583,21.079
25728,45.089,-34.996
25729,84.311,-25.645
25730,-10.546,-1.5351
25731,-101.69,11.263
25732,92.614,23.838
25733,-11.34,116.32
25734,64.982,19.385
25735,-12.983,-7.4736
25736,-107.56,28.498
25737,47.287,-36.321
25738,74.766,0.0078575
25739,58.159,9.6092
25740,-28.94,-92.621
25741,67.789,-21.094
25742,109.02,6.2194
25743,89.392,28.072
25744,104.05,0.53547
25745,97.895,54.097
25746,63.071,14.283
25747,61.115,45.804
25748,100.61,16.775
25749,105.69,1.4613
25750,-18.77,112.89
25751,-43.522,5.1017
25752,-106.69,29.299
25753,69.625,85.943
25754,69.83,66.931
25755,75.359,25.59
25756,109.02,6.2238
25757,-84.363,64.273
25758,105.38,1.2458
25759,73.046,37.899
25760,72.194,37.985
25761,97.616,45.589
25762,96.616,20.494
25763,85.951,12.173
25764,-99.602,31.949
25765,-117.47,10.231
25766,-104.05,33.459
25767,6.7516,-26.513
25768,52.781,16.746
25769,-94.891,17.209
25770,109.01,6.221
25771,71.434,28.188
25772,66.664,-31.878
25773,6.899,114.67
25774,85.655,35.083
25775,83.339,68.128
25776,98.305,17.868
25777,71.767,83.005
25778,96.57,21.447
25779,100.7,16.739
25780,47.033,24.783
25781,101.81,33.157
25782,67.419,70.188
25783,81.938,46.038
25784,100.92,-0.47811
25785,45.055,103.77
25786,-67.987,-52.648
25787,-108.62,-9.0641
25788,-115.17,13.158
25789,-99.818,31.974
25790,91.828,57.09
25791,98.376,17.83
25792,-77.933,58.723
25793,-9.0261,116.71
25794,-11.495,116.28
25795,-15.034,115.18
25796,30.79,28.039
25797,-115.24,13.151
25798,95.237,-42.466
25799,28.338,-89.753
25800,-14.866,115.25
25801,73.336,-15.188
25802,103.1,5.2618
25803,95.809,19.855
25804,10.712,28.973
25805,-58.88,-34.101
25806,-101.1,29.969
25807,32.061,-17.968
25808,-90.307,-18.165
25809,-108.78,-8.8755
25810,109.01,6.2206
25811,-15.029,115.18
25812,11.143,28.25
25813,95.365,20.315
25814,-11.141,-2.6244
25815,99.581,17.289
25816,71.607,41.731
25817,70.56,66.012
25818,-40.867,4.8655
25819,96.468,44.68
25820,87.285,-38.573
25821,60.277,-44.238
25822,-92.318,15.811
25823,54.592,16.949
25824,92.747,27.149
25825,68.806,26.406
25826,92.501,23.786
25827,54.22,80.93
25828,-79.354,49.229
25829,7.7834,23.132
25830,76.959,24.94
25831,97.219,55.351
25832,-12.731,115.97
25833,8.4235,114.6
25834,99.069,49.286
25835,83.436,67.971
25836,82.616,46.361
25837,69.411,67.042
25838,-38.568,4.851
25839,-45.591,4.2728
25840,-88.126,43.893
25841,-71.157,-42.68
25842,-62.205,-87.278
25843,-8.0803,116.82
25844,109.01,6.2217
25845,83.351,68.104
25846,97.14,55.487
25847,84.681,39.273
25848,97.036,19.082
25849,96.61,19.183
25850,-11.137,-2.6377
25851,68.451,34.995
25852,-96.545,31.011
25853,-104.02,33.277
25854,52.51,-31.985
25855,60.898,-53.368
25856,-11.146,-2.6019
25857,107.69,-15.867
25858,-104.8,-14.522
25859,56.001,22.118
25860,63.141,13.432
25861,-71.245,-42.856
25862,102.13,5.8117
25863,91.135,25.002
25864,103.98,30.756
25865,83.406,29.394
25866,95.158,21.286
25867,-11.155,-2.5981
25868,-24.164,-104.85
25869,54.551,-86.867
25870,16.762,-97.766
25871,70.155,26.513
25872,104.76,0.87621
25873,-84.292,36.031
25874,22.596,-77.335
25875,-118.39,12.905
25876,-75.834,-13.461
25877,-11.148,-2.5954
25878,-17.692,3.9621
25879,-118.07,11.538
25880,93.347,60.343
25881,71.293,37.822
25882,85.595,12.456
25883,63.071,14.288
25884,85.863,34.358
25885,79.114,35.387
25886,-10.625,116.46
25887,77.583,54.331
25888,85.321,12.659
25889,94.199,21.698
25890,85.855,35.068
25891,47.909,51.754
25892,54.433,4.7558
25893,75.511,-63.09
25894,-11.146,-2.6136
25895,12.961,28.278
25896,94.2,59.415
25897,101.87,5.9863
25898,-11.163,116.35
25899,100.86,16.652
25900,109.02,6.2188
25901,79.036,53.395
25902,109.03,6.2235
25903,84.412,39.353
25904,22.056,75.529
25905,-53.82,-1.1066
25906,54.386,32.144
25907,-104.11,30.922
25908,-102.87,21.036
25909,-117.61,15.415
25910,43.36,-33.477
25911,66.458,-1.549
25912,70.91,-15.158
25913,-99.645,28.937
25914,-55.156,-58.15
25915,-67.854,16.81
25916,-83.309,36.932
25917,63.139,17.158
25918,107.68,-15.867
25919,102.66,-0.0056571
25920,21.59,-31.713
25921,94.074,21.92
25922,8.0616,114.62
25923,69.337,67.493
25924,-114.39,13.292
25925,-112.94,14.42
25926,57.977,31.968
25927,-10.471,114.02
25928,54.857,-17.158
25929,94.308,21.571
25930,48.214,87.402
25931,102.09,-0.19825
25932,69.072,38.113
25933,79.052,41.035
25934,-90.212,33.287
25935,-91.586,16.783
25936,-88.925,20.624
25937,72.546,80.701
25938,95.852,19.91
25939,95.659,57.618
25940,63.327,39.114
25941,65.386,8.9182
25942,39.775,90.88
25943,7.4258,29.978
25944,84.268,39.605
25945,-118.39,12.904
25946,-37.873,-20.265
25947,-11.148,-2.5917
25948,43.802,-34.954
25949,-11.149,-2.6061
25950,60.205,5.4571
25951,109.02,6.2221
25952,-41.321,-24.146
25953,100.97,-0.46616
25954,83.619,67.67
25955,105.06,1.0483
25956,9.8178,18.705
25957,8.4731,17.985
25958,-13.437,-93.174
25959,93.123,23.074
25960,-11.142,-2.6046
25961,77.957,24.254
25962,-14.014,115.57
25963,8.0456,23.793
25964,53.049,80.884
25965,81.453,30.642
25966,-4.9138,102.7
25967,101.95,-0.23752
25968,55.057,80.377
25969,3.6451,15.42
25970,29.925,-70.186
25971,45.997,11.416
25972,32.049,-19.522
25973,85.773,36.627
25974,103.07,5.1231
25975,83.902,67.196
25976,100.16,-0.61399
25977,77.225,46.275
25978,-1.8625,62.097
25979,-43.206,-90.581
25980,-53.747,-60.039
25981,8.4906,114.59
25982,-17.609,113.8
25983,104.37,0.67871
25984,91.254,25.149
25985,105.24,1.1558
25986,105.87,1.6004
25987,8.937,114.56
25988,-78.961,60.61
25989,82.198,42.978
25990,-11.15,-2.5998
25991,-92.001,16.911
25992,-89.669,21.447
25993,-11.92,14.265
25994,103.8,0.42744
25995,100.09,-0.6231
25996,-10.216,116.54
25997,70.053,67.167
25998,101.61,-0.32425
25999,82.356,42.562
26000,-14.809,115.28
26001,84.458,39.707
26002,103.88,31.027
26003,-99.502,20.019
26004,-14.185,-82.349
26005,50.055,14.976
26006,45.56,-33.403
26007,-118.18,11.979
26008,-87.307,34.375
26009,65.281,19.485
26010,-9.7187,116.61
26011,105.56,1.3669
26012,83.074,40.91
26013,63.007,21.618
26014,85.446,36.003
26015,-7.5383,116.87
26016,-77.008,7.2793
26017,50.28,-26.035
26018,-97.84,25.893
26019,-86.677,-41.167
26020,55.294,-19.892
26021,104.81,0.90335
26022,100.28,16.935
26023,65.854,-28.863
26024,109.02,6.2216
26025,97.729,45.714
26026,86.071,33.119
26027,11.318,31.344
26028,91.02,27.47
26029,-103.91,33.532
26030,-60.27,-84.666
26031,60.219,-0.15045
26032,-82.106,-0.78822
26033,101.47,33.407
26034,41.697,-51.458
26035,97.755,19.603
26036,88.377,29.881
26037,92.678,23.677
26038,1.0882,21.249
26039,-112.6,14.816
26040,-109.34,-8.8382
26041,95.332,20.365
26042,103.58,31.042
26043,79.486,36.304
26044,105.1,1.0721
26045,46.629,-1.9836
26046,67.873,45.602
26047,-42.589,90.043
26048,104.77,3.1745
26049,98.074,46.172
26050,53.77,33.884
26051,63.098,13.524
26052,100.49,-54.987
26053,-114.38,13.292
26054,64.918,9.389
26055,81.784,48.053
26056,-8.5588,116.76
26057,-17.365,113.97
26058,7.8653,23.011
26059,-17.746,-33.987
26060,98.518,47.021
26061,72.829,38.437
26062,92.333,61.411
26063,12.674,28.41
26064,-114.57,13.25
26065,98.829,47.863
26066,-12.837,-1.6972
26067,81.899,-2.0301
26068,-118.37,12.826
26069,-7.4222,116.87
26070,103.18,5.1457
26071,81.836,48.178
26072,6.3236,114.68
26073,93.997,18.054
26074,-87.669,-55.15
26075,89.843,-20.85
26076,43.859,-49.002
26077,8.6458,114.58
26078,55.573,21.77
26079,98.215,46.402
26080,102.5,-0.061995
26081,102.13,5.8232
26082,-18.944,112.73
26083,38.375,13.711
26084,85.935,32.083
26085,11.204,32.512
26086,73.48,38.509
26087,101.08,-0.44265
26088,46.905,101.29
26089,71.671,32.57
26090,-11.475,-17.177
26091,-74.138,-67.557
26092,-22.365,-106.33
26093,50.957,11.899
26094,64.74,9.7641
26095,90.304,28.821
26096,68.696,-27.252
26097,61.327,34.965
26098,98.906,51.14
26099,56.167,34.677
26100,68.68,84.913
26101,101.23,6.4559
26102,81.588,30.392
26103,99.069,49.696
26104,-30.677,86.183
26105,-8.1311,-2.1892
26106,59.513,-23.217
26107,-116.64,8.6796
26108,101.53,33.355
26109,-7.9514,5.1561
26110,-7.384,116.88
26111,90.74,25.752
26112,97.719,19.634
26113,93.251,23.262
26114,79.042,53.327
26115,54.919,31.802
26116,109.02,6.2188
26117,98.942,48.352
26118,94.804,58.696
26119,98.182,46.353
26120,105.19,1.1269
26121,92.317,61.427
26122,7.7673,23.547
26123,-22.179,-108.9
26124,85.322,36.702
26125,55.815,21.972
26126,74.111,56.992
26127,77.445,24.615
26128,59.8,-77.21
26129,-26.184,-104.66
26130,61.321,40.754
26131,94.493,21.246
26132,6.6701,114.67
26133,63.073,14.229
26134,104.5,0.74504
26135,-14.682,-4.4406
26136,74.756,25.77
26137,102.73,0.019728
26138,103.86,0.45014
26139,90.637,25.816
26140,38.298,91.775
26141,97.75,18.223
26142,71.727,32.846
26143,5.3979,22.847
26144,-108.95,-8.5985
26145,-105.95,17.563
26146,42.459,-9.956
26147,52.4,16.061
26148,-15.288,115.08
26149,64.441,18.834
26150,66.576,68.437
26151,-83.599,36.724
26152,-12.399,9.6489
26153,-11.672,-16.105
26154,-88.452,2.9444
26155,16.173,-98.713
26156,100.04,-0.62761
26157,-17.418,113.94
26158,12.722,28.437
26159,105.5,1.3256
26160,56.124,72.815
26161,26.584,99.353
26162,72.188,38.224
26163,-91.481,30.316
26164,-115.22,13.142
26165,-14.251,-94.46
26166,-103.2,-15.338
26167,77.498,-56.288
26168,-29.177,-90.346
26169,-100.24,32.013
26170,-8.8967,-12.386
26171,-108.77,-8.9502
26172,101.91,5.9647
26173,68.778,36.07
26174,83.135,40.942
26175,83.718,67.507
26176,90.004,26.646
26177,8.6238,114.58
26178,53.49,17.972
26179,-57.279,-40.558
26180,12.018,18.368
26181,95.582,57.708
26182,90.646,-12.374
26183,-12.942,115.91
26184,80.158,-51.987
26185,101.21,6.4727
26186,98.305,17.903
26187,-11.56,116.27
26188,9.2952,17.234
26189,83.257,68.262
26190,83.087,40.735
26191,98.206,-59.061
26192,-105.7,35.008
26193,77.223,-48.191
26194,104.63,-54.716
26195,68.677,84.911
26196,-105.53,35.558
26197,-6.2278,1.7654
26198,59.39,-23.165
26199,101.28,-0.39962
26200,38.658,91.501
26201,91.319,25.019
26202,91.587,-23.679
26203,0.34925,-22.501
26204,-18.835,112.83
26205,103.43,0.27893
26206,-8.7186,116.74
26207,7.9496,23.256
26208,-23.225,-110.05
26209,36.068,91.336
26210,44.647,21.813
26211,-87.177,33.429
26212,-18.485,-4.8585
26213,105.03,1.0303
26214,100.71,16.737
26215,83.583,67.731
26216,-7.6705,116.85
26217,82.572,26.544
26218,81.295,49.658
26219,27.689,33.122
26220,8.068,23.988
26221,-15.428,-1.0025
26222,39.092,7.7556
26223,-91.391,30.154
26224,27.627,-38.942
26225,-40.38,-91.031
26226,-42.221,89.566
26227,101.93,5.9687
26228,83.521,67.834
26229,83.079,68.533
26230,94.898,21.147
26231,83.219,68.317
26232,-12.527,116.03
26233,81.719,48.385
26234,-17.251,114.05
26235,67.496,69.241
26236,9.4193,16.467
26237,11.643,19.542
26238,-84.566,36.143
26239,-105.6,29.355
26240,-88.169,30.25
26241,-2.5485,-42.949
26242,71.021,-16.855
26243,-105.52,15.005
26244,68.679,84.909
26245,-8.1652,-4.788
26246,55.778,17.621
26247,107.68,-15.867
26248,100.13,-0.61811
26249,101.96,5.9311
26250,90.248,30.013
26251,6.4434,114.68
26252,69.472,37.436
26253,-70.512,-15
26254,-104.44,35.405
26255,85.575,34.682
26256,88.709,9.7938
26257,88.018,27.266
26258,93.649,22.406
26259,95.051,58.392
26260,97.275,19.409
26261,77.271,24.699
26262,73.594,78.633
26263,70.562,41.228
26264,95.221,58.182
26265,36.458,93.256
26266,94.511,21.243
26267,-13.287,101.94
26268,-118.39,12.904
26269,-74.249,-5.9602
26270,73.36,28.003
26271,101.97,33.097
26272,-39.11,-22.887
26273,24.417,-36.41
26274,102.22,0.0205
26275,102.6,-0.026001
26276,85.966,33.368
26277,-1.9671,102.16
26278,-54.832,-58.517
26279,-22.366,-106.33
26280,-107.18,-9.3253
26281,50.294,-56.341
26282,-106.09,18.088
26283,72.649,20.293
26284,97.488,21.4
26285,102.28,5.7361
26286,91.758,24.539
26287,91.886,24.822
26288,98.552,19.76
26289,2.2929,7.4667
26290,-84.341,64.278
26291,68.677,84.912
26292,92.916,23.347
26293,104.75,3.1367
26294,-16.657,114.41
26295,-7.3163,116.88
26296,85.988,33.316
26297,101.56,-0.3363
26298,-11.841,116.2
26299,99.924,17.317
26300,81.401,49.127
26301,5.0636,25.899
26302,108.6,-43.66
26303,50.074,-55.01
26304,51.446,-55.523
26305,-38.244,-76.565
26306,85.495,35.103
26307,8.6067,114.59
26308,95.076,15.317
26309,72.61,20.271
26310,103.49,0.30297
26311,72.816,57.939
26312,74.983,56.406
26313,85.016,32.46
26314,79.041,48.842
26315,74.382,50.864
26316,67.085,-1.7172
26317,21.079,-90.944
26318,92.806,-41.573
26319,-17.476,113.9
26320,87.913,29.492
26321,104.61,0.79992
26322,103.56,0.32869
26323,98.222,18.103
26324,-99.615,28.912
26325,104.18,31.996
26326,109.03,6.2199
26327,85.804,33.912
26328,6.3216,114.68
26329,83.819,41.532
26330,90.274,26.276
26331,87.781,29.663
26332,87.012,30.974
26333,87.998,7.4045
26334,-94.511,16.398
26335,-88.266,42.946
26336,85.399,12.602
26337,-88.214,44.777
26338,-115.89,13.113
26339,104.22,30.592
26340,8.4891,114.59
26341,-13.893,115.61
26342,104.28,30.548
26343,-12.656,115.99
26344,29.669,97.842
26345,17.48,47.396
26346,-69.553,40.691
26347,-103.86,31.321
26348,83.266,-43.692
26349,28.485,-40.524
26350,64.705,-50.549
26351,54.515,16.85
26352,-16.943,114.24
26353,5.2998,24.369
26354,104.01,30.661
26355,109.02,6.2169
26356,89.627,27.079
26357,101.38,-0.37944
26358,-6.7922,-3.3389
26359,104,30.742
26360,90.671,26.21
26361,9.4194,34.041
26362,48.5,87.251
26363,55.404,31.938
26364,-104.53,-13.429
26365,55.447,-2.0146
26366,-7.1495,-4.5157
26367,-17.845,113.63
26368,-36.295,-22.464
26369,78.338,23.974
26370,65.607,45.256
26371,27.1,36.225
26372,-42.007,2.0241
26373,-104.38,-1.4997
26374,-12.201,16.346
26375,78.182,32.171
26376,77.659,24.486
26377,82.539,41.599
26378,102.01,5.8712
26379,106.03,1.7371
26380,83.298,68.191
26381,105.12,1.0798
26382,103.91,30.703
26383,85.536,35.391
26384,-13.983,95.348
26385,84.068,39.693
26386,-103.27,30.693
26387,-103.36,19.246
26388,-115.6,13.125
26389,104.2,30.382
26390,-84.34,64.277
26391,83.21,68.331
26392,82.185,43.444
26393,63.056,14.444
26394,52.199,48.715
26395,77.696,28.615
26396,-19.383,-67.338
26397,-104.57,-13.97
26398,62.6,9.8508
26399,45.075,-43.814
26400,-41.322,-24.148
26401,-89.865,45.243
26402,102.87,32.382
26403,63.113,17.101
26404,66.69,-31.78
26405,102.84,5.3781
26406,87.272,30.875
26407,85.935,33.616
26408,-12.634,116
26409,70.684,65.305
26410,81.925,45.585
26411,6.1027,14.64
26412,53.356,-3.6678
26413,107.68,-15.867
26414,-77.604,57.999
26415,72.047,81.947
26416,95.656,57.619
26417,100.85,-0.49149
26418,80.504,29.521
26419,69.121,67.978
26420,96.228,19.453
26421,58.242,46.624
26422,-84.34,64.277
26423,-11.732,-3.8643
26424,-103.44,29.101
26425,18.161,-97.056
26426,47.106,-41.034
26427,84.198,39.426
26428,6.4891,114.67
26429,83.303,68.177
26430,89.521,27.484
26431,65.847,29.451
26432,-53.831,-57.237
26433,84.428,39.237
26434,-105.35,-10.67
26435,-114.17,13.386
26436,2.2527,-49.853
26437,-84.747,64.919
26438,-18.052,-3.1817
26439,95.604,19.938
26440,-10.951,116.4
26441,67.383,70.471
26442,-7.5335,116.87
26443,81.882,46.199
26444,91.606,-30.996
26445,93.629,-40.179
26446,109.03,6.2199
26447,-12.774,115.96
26448,100.24,16.973
26449,-9.8556,116.59
26450,81.953,45.652
26451,91.062,25.225
26452,5.3643,23.021
26453,-112.64,14.78
26454,86.639,-2.7233
26455,-15.262,-2.917
26456,68.676,84.912
26457,101.74,6.0702
26458,80.337,-37.714
26459,83.225,68.308
26460,-12.002,-6.3144
26461,-7.3483,116.88
26462,109.03,6.2221
26463,29.476,35.218
26464,92.827,23.535
26465,-84.362,64.271
26466,22.108,-35.837
26467,81.358,30.936
26468,-105.33,33.672
26469,85.212,7.9578
26470,-4.6036,2.174
26471,-8.5373,-4.9287
26472,102.24,-0.15024
26473,93.288,23.094
26474,93.847,22.814
26475,70.554,65.989
26476,50.839,11.48
26477,72.807,80.173
26478,101.27,-0.40214
26479,105.05,1.0382
26480,43.041,89.59
26481,94.167,59.452
26482,2.6209,19.909
26483,31.655,-17.063
26484,-4.6187,-5.3214
26485,-34.049,-3.4139
26486,8.8374,17.708
26487,101.1,6.5588
26488,94.237,59.374
26489,-15.708,-9.2495
26490,49.387,-0.40607
26491,-95.271,4.2783
26492,-70.783,-78.209
26493,-74.337,53.499
26494,102.18,33.008
26495,98.201,17.954
26496,22.586,-10.629
26497,99.63,18.817
26498,82.558,41.911
26499,81.073,50.376
26500,88.451,29.125
26501,76.872,54.83
26502,71.299,-85.859
26503,57.042,-0.9255
26504,59.52,-49.17
26505,62.874,-15.434
26506,70.124,26.5
26507,20.956,-31.584
26508,93.184,60.521
26509,-14.027,-2.1024
26510,78.168,24.098
26511,101.89,5.9665
26512,109.02,6.2203
26513,86.503,35.115
26514,-9.1582,116.69
26515,105.53,1.3506
26516,100.43,16.874
26517,20.919,-31.517
26518,72.283,-84.512
26519,-113.61,13.743
26520,59.735,5.9349
26521,-83.961,35.691
26522,-84.256,64.258
26523,57.502,-20.118
26524,104.16,30.462
26525,98.116,18.183
26526,-18.23,-7.2072
26527,38.483,91.69
26528,-101.89,30.184
26529,107.68,-15.867
26530,70.279,2.1836
26531,-7.2374,-10.193
26532,66.875,25.796
26533,-9.7088,116.61
26534,106.11,1.8087
26535,15.81,30.706
26536,78.251,39.757
26537,82.214,42.94
26538,94.79,58.716
26539,40.739,90.475
26540,-22.575,-105.83
26541,-106.58,-11.712
26542,-118.11,12.942
26543,-29.006,-92.797
26544,71.745,-17.048
26545,86.78,8.927
26546,71.807,-85.193
26547,-5.3134,-5.1677
26548,104.24,0.61724
26549,11.818,28.587
26550,94.344,21.536
26551,46.248,88.006
26552,13.541,-38.254
26553,-88.376,31.034
26554,-75.783,55.059
26555,-101.66,28.668
26556,81.244,-43.943
26557,-12.118,-40.39
26558,-13.739,15.464
26559,-24.139,-104.77
26560,-98.301,31.7
26561,83.149,68.425
26562,-6.8297,1.581
26563,28.37,-97.243
26564,70.376,26.256
26565,91.729,19.036
26566,97.987,19.613
26567,9.8843,26.911
26568,83.325,68.148
26569,75.471,56.175
26570,78.549,-38.438
26571,-87.16,32.863
26572,-12.141,15.946
26573,-17.167,16.107
26574,-24.634,-99.53
26575,-93.825,15.27
26576,-10.19,-0.66867
26577,87.048,30.717
26578,106.06,1.7592
26579,101.87,5.9903
26580,91.714,19.039
26581,30.853,28.119
26582,82.6,-12.665
26583,-16.695,-5.6665
26584,77.383,28.732
26585,65.511,19.606
26586,54.437,5.0332
26587,99.965,-0.633
26588,95.249,20.54
26589,-9.476,-79.432
26590,98.419,18.048
26591,86.715,31.321
26592,87.276,30.302
26593,41.714,-51.016
26594,61.632,-68.929
26595,80.715,-38.111
26596,105.84,1.5673
26597,7.4822,114.65
26598,-7.1306,102.74
26599,73.644,38.027
26600,81.295,49.895
26601,-17.668,-3.7078
26602,-105.02,34.091
26603,-105.21,-12.441
26604,-21.479,2.1486
26605,63.214,12.849
26606,68.676,84.912
26607,61.614,35.602
26608,81.469,30.578
26609,83.225,68.309
26610,99.062,49.906
26611,91.977,61.781
26612,74.575,54.541
26613,27.641,99.09
26614,56.325,14.854
26615,69.275,67.835
26616,-87.953,30.715
26617,-97.392,20.595
26618,103.08,33.115
26619,57.495,20.519
26620,58.556,-0.62291
26621,93.191,23.389
26622,101.49,-0.35397
26623,94.654,21.208
26624,9.1145,17.765
26625,-7.6453,102.87
26626,-24.563,-103.62
26627,70.228,-12.224
26628,85.544,-1.3699
26629,-95.672,54.277
26630,-84.255,64.256
26631,66.005,8.3109
26632,83.191,68.36
26633,100.11,17.257
26634,100.07,-0.62453
26635,69.493,38.441
26636,44.118,29.863
26637,79.813,51.716
26638,-76.758,6.7904
26639,-101.52,29.044
26640,69.586,-12.448
26641,71.659,19.41
26642,83.234,-28.108
26643,68.927,40.682
26644,53.139,81.023
26645,83.44,29.361
26646,54.401,80.822
26647,59.574,75.185
26648,66.602,48.843
26649,37.595,80.383
26650,-16.97,-71.861
26651,29.081,-92.474
26652,-13.849,-12.122
26653,29.656,-97.117
26654,104.48,0.72997
26655,-84.361,64.271
26656,99.369,18.026
26657,105.16,12.065
26658,59.802,39.226
26659,-2.8645,-4.2948
26660,8.9169,-58.282
26661,-95.146,18.1
26662,102.19,-0.16483
26663,-17.603,-4.5289
26664,-7.3812,116.88
26665,97.916,18.105
26666,100.06,17.115
26667,10.765,-49.392
26668,28.229,49.06
26669,23.421,-78.873
26670,-45.322,-23.72
26671,53.305,17.67
26672,95.409,-41.856
26673,109.02,6.2235
26674,-15.292,115.07
26675,100.43,16.873
26676,93.125,60.578
26677,6.6571,20.307
26678,15.342,30.569
26679,50.472,-59.314
26680,-117.9,11.048
26681,59.75,-59.547
26682,-19.861,-93.649
26683,-6.3934,-8.7162
26684,83.203,68.341
26685,101.83,6.019
26686,106.35,2.047
26687,97.878,19.353
26688,93.534,60.14
26689,91.258,25.317
26690,-17.821,8.3757
26691,44.345,3.7583
26692,45.757,-82.451
26693,68.104,-53.3
26694,87.088,8.5585
26695,109.02,6.223
26696,-39.399,-23.01
26697,95.77,-40.765
26698,73.594,78.633
26699,75.906,-78.122
26700,68.678,84.913
26701,21.783,-90.452
26702,-10.183,-79.782
26703,97.624,19.733
26704,-8.4417,116.78
26705,7.8956,23.986
26706,91.994,26.723
26707,104,33.305
26708,54.647,80.534
26709,15.994,-99.28
26710,75.719,43.758
26711,-99.041,31.866
26712,-7.4636,-5.1183
26713,88.811,9.6796
26714,81.091,41.29
26715,80.258,40.429
26716,68.217,-24.047
26717,-17.992,-34.452
26718,-61.104,-21.224
26719,-84.34,64.277
26720,-7.1189,-89.108
26721,-81.604,-39.299
26722,103.33,31.363
26723,-12.074,1.0521
26724,-78.086,59.042
26725,73.594,78.633
26726,80.408,51.072
26727,101.46,6.2817
26728,82.572,42.16
26729,89.282,27.929
26730,71.552,37.944
26731,19.93,-6.1483
26732,-105.01,25.625
26733,37.726,-63.595
26734,111.57,2.9957
26735,52.76,16.729
26736,62.785,-27.229
26737,96.532,19.25
26738,100.89,16.632
26739,61.433,35.246
26740,68.999,46.233
26741,9.3669,16.833
26742,-105.53,35.558
26743,-91.519,22.533
26744,-80.769,62.824
26745,68.879,-21.847
26746,104.71,12.485
26747,-14.918,115.23
26748,87.268,11.081
26749,63.127,36.076
26750,100.73,16.748
26751,101.83,6.017
26752,-60.182,-17.841
26753,-113.65,13.71
26754,72.099,81.787
26755,-87.648,-55.158
26756,107.68,-15.867
26757,-13.648,-4.184
26758,-84.363,64.272
26759,57.682,-23.387
26760,-14.526,-8.4913
26761,51.552,80.129
26762,71.403,38.011
26763,-14.367,-5.7683
26764,89.878,25.431
26765,73.675,38.245
26766,65.102,-41.29
26767,-8.7045,-7.7533
26768,-90.58,-50.217
26769,-9.2474,-2.0334
26770,-8.8636,-2.4597
26771,64.289,18.658
26772,91.338,25.388
26773,12.54,18.894
26774,70.069,67.118
26775,79.255,53.141
26776,69.013,68.253
26777,5.206,21.493
26778,-4.9265,-88.237
26779,36.349,-65.372
26780,-14.646,-1.5441
26781,-10.631,-5.1681
26782,-0.40238,-23.236
26783,83.784,67.39
26784,100.76,16.717
26785,100,17.085
26786,94.645,21.102
26787,71.863,59.263
26788,61.356,35.069
26789,82.553,41.697
26790,63.884,18.142
26791,95.238,-42.466
26792,3.3206,15.52
26793,105.48,1.3149
26794,95.747,19.927
26795,-16.632,114.42
26796,98.097,18.269
26797,12.693,28.714
26798,70.965,64.643
26799,65.336,53.378
26800,24.826,-31.882
26801,68.678,84.912
26802,71.547,37.908
26803,99.938,-0.63397
26804,-12.177,-26.293
26805,-18.823,112.84
26806,78.546,42.109
26807,-74.132,-33.806
26808,-96.032,30.434
26809,-5.1009,-3.1688
26810,83.78,-49.68
26811,86.396,45.346
26812,-7.698,-5.5077
26813,63.504,20.979
26814,83.847,67.289
26815,-10.204,116.53
26816,67.906,57.847
26817,59.232,52.81
26818,14.474,-2.9172
26819,-104.33,34.712
26820,47.89,53.955
26821,47.457,-14.7
26822,61.856,-12.743
26823,60.39,11.575
26824,98.684,47.425
26825,95.265,-42.354
26826,-13.679,-10.759
26827,-3.3096,-8.253
26828,94.791,21.95
26829,58.176,94.127
26830,97.186,55.407
26831,-74.409,53.569
26832,40.541,90.487
26833,-11.558,-80.182
26834,76.704,54.106
26835,59.599,39.148
26836,-107.31,28.745
26837,51.89,-41.963
26838,-72.791,-27.74
26839,-74.043,16.431
26840,-17.329,-34.838
26841,16.764,-82.941
26842,84.555,39.233
26843,99.882,17.203
26844,72.139,37.983
26845,101.74,-0.29222
26846,52.699,-29.877
26847,-12.209,-2.0419
26848,68.679,84.912
26849,-8.869,-1.0437
26850,-11.119,-6.7222
26851,101.64,-0.28688
26852,86.245,32.705
26853,83.478,29.273
26854,100.54,16.869
26855,-11.136,-2.6529
26856,93.011,60.699
26857,72.792,38.266
26858,-21.322,36.551
26859,81.862,47.327
26860,54.594,31.681
26861,-80.605,-32.569
26862,81.824,-41.432
26863,-83.553,36.885
26864,-15.324,-4.8984
26865,109.02,6.221
26866,71.624,19.495
26867,95.094,15.151
26868,91.948,61.81
26869,97.6,18.429
26870,104.38,0.68437
26871,60.474,53.619
26872,-29.044,-90.458
26873,52.868,-5.7335
26874,68.68,84.914
26875,79.241,-47.588
26876,86.46,31.891
26877,85.504,35.989
26878,83.154,68.415
26879,72.178,38.107
26880,90.688,25.636
26881,-30.527,11.781
26882,8.8986,17.996
26883,-35.807,18.381
26884,99.065,49.222
26885,-105.27,30.708
26886,30.828,-89.684
26887,48.543,37.88
26888,-13.75,-0.27865
26889,-16.12,114.69
26890,100.49,16.908
26891,98.512,19.08
26892,109.02,6.2236
26893,106.04,1.745
26894,43.093,76.233
26895,69.004,68.011
26896,-19.273,-69.954
26897,51.172,-82.958
26898,68.679,84.912
26899,105.73,1.4944
26900,3.458,22.445
26901,99.637,17.263
26902,-97.275,5.7829
26903,50.753,-77.132
26904,95.237,-42.466
26905,101.89,5.9836
26906,42.984,15.036
26907,46.664,102.31
26908,82.171,45.857
26909,-7.4772,-1.5168
26910,98.881,17.627
26911,69.408,37.828
26912,0.65529,78.78
26913,68.288,69.226
26914,10.308,30.725
26915,75.227,56.354
26916,53.473,53.654
26917,-35.857,-22.514
26918,-97.862,-3.1535
26919,71.617,-56.501
26920,-9.9744,-3.2818
26921,-14.874,115.25
26922,6.8913,114.67
26923,5.4154,20.856
26924,104.87,0.93665
26925,73.995,37.946
26926,103.17,32.468
26927,-22.343,-109.2
26928,89.605,8.8495
26929,68.677,84.912
26930,75.217,30.069
26931,52.781,-58.58
26932,92.098,61.654
26933,105.62,1.4126
26934,107.38,5.6706
26935,-32.687,13.289
26936,32.916,40.741
26937,-94.556,16.615
26938,36.327,-73.753
26939,78.224,24.049
26940,84.001,39.688
26941,12.845,29.56
26942,97.745,18.222
26943,21.085,-7.7741
26944,86.971,34.263
26945,-82.847,37.186
26946,-14.838,115.27
26947,104.34,30.448
26948,95.498,20.428
26949,-17.174,114.09
26950,96.724,56.15
26951,91.756,19.026
26952,7.1957,24.992
26953,93.273,22.957
26954,40.323,90.393
26955,41.182,89.019
26956,-72.68,-28.075
26957,-43.152,-62.464
26958,54.094,21.997
26959,-15.238,-35.187
26960,73.716,38.061
26961,88.143,29.426
26962,-11.13,-2.6703
26963,-89.487,-50.62
26964,40.161,-8.9575
26965,-104.48,35.425
26966,68.677,84.912
26967,81.842,47.565
26968,109.02,6.2241
26969,76.836,-33.452
26970,-8.2744,116.8
26971,69.5,41.087
26972,-18.681,112.97
26973,95.038,15.122
26974,79.338,53.046
26975,63.187,17.243
26976,109.02,6.2227
26977,101.19,-0.41949
26978,-10.383,113.81
26979,94.139,21.737
26980,27.649,99.671
26981,62.239,42.858
26982,-102.7,29.839
26983,48.351,-87.937
26984,-84.255,64.255
26985,-12.016,-80.578
26986,68.677,84.912
26987,-7.4435,116.87
26988,101.18,6.4839
26989,-15.751,114.87
26990,58.734,76.104
26991,44.392,89.007
26992,75.151,56.391
26993,-103.17,30.563
26994,-16.639,-35.148
26995,-12.992,-1.9282
26996,50.769,11.203
26997,104.17,0.58666
26998,71.306,37.932
26999,13.19,-2.1496
27000,81.646,45.783
27001,72.073,59.058
27002,-113.27,14.064
27003,-16.257,10.143
27004,-88.494,33.856
27005,109.01,6.2219
27006,87.869,29.921
27007,97.76,54.374
27008,-13.16,0.40968
27009,67.062,70.601
27010,77.102,54.916
27011,59.384,-23.304
27012,75.783,25.438
27013,58.013,10.682
27014,-87.771,7.5156
27015,-8.0819,-6.8021
27016,84.022,-49.121
27017,-10.148,-78.276
27018,98.163,46.316
27019,8.4236,37.403
27020,109.01,6.2201
27021,5.8031,21.724
27022,71.621,37.96
27023,68.765,68.489
27024,66.277,48.858
27025,101.84,-0.26583
27026,-35.548,0.33964
27027,-115.41,13.14
27028,-15.937,-3.7074
27029,-6.5629,-8.7714
27030,42.817,15.152
27031,91.424,22.772
27032,86.676,31.29
27033,91.364,24.888
27034,109.02,6.2203
27035,104.94,0.97519
27036,61.176,39.119
27037,6.8961,24.015
27038,61.398,42.529
27039,-18.79,-47.827
27040,6.8291,-29.831
27041,81.257,-5.5475
27042,55.744,-84.931
27043,98.718,51.989
27044,38.003,27.543
27045,77.956,34.203
27046,76.87,55.192
27047,-116.56,10.19
27048,-12.533,-4.735
27049,85.55,34.808
27050,5.5227,21.596
27051,105.53,1.3512
27052,-74.464,53.624
27053,-14.552,115.37
27054,-16.939,114.25
27055,-10.954,0.49299
27056,83.315,68.16
27057,83.871,39.778
27058,-31.372,95.354
27059,92.873,23.371
27060,86.202,32.748
27061,-30.135,95.774
27062,60.425,38.41
27063,-12.342,-2.5492
27064,-9.0676,1.3607
27065,-6.3044,-41.419
27066,-97.378,20.503
27067,86.922,8.8049
27068,-9.2305,-2.0473
27069,109.02,6.2197
27070,104.44,30.433
27071,-89.78,21.64
27072,1.4582,-66.013
27073,-16.509,10.652
27074,83.851,67.282
27075,83.804,40.016
27076,81.407,30.79
27077,100.62,16.737
27078,61.356,36.258
27079,36.023,93.701
27080,104.24,30.414
27081,-81.252,36.256
27082,8.4651,114.59
27083,-8.6723,-77.119
27084,83.746,67.46
27085,-13.769,115.65
27086,104.14,0.57304
27087,91.993,61.76
27088,-57.202,-59.703
27089,-88.241,44.754
27090,69.852,-59.667
27091,44.815,28.667
27092,-13.328,-3.5628
27093,82.753,26.274
27094,105.19,12.073
27095,82.595,41.528
27096,68.754,39.964
27097,53.883,-72.487
27098,83.978,-27.901
27099,-8.8942,4.2541
27100,68.737,68.011
27101,83.568,67.755
27102,105.14,1.0949
27103,8.1811,19.01
27104,16.208,28.07
27105,51.142,-48.843
27106,87.904,29.644
27107,-9.5272,1.1753
27108,79.126,36.034
27109,-8.8759,116.72
27110,103.92,33.226
27111,102.46,33.585
27112,-18.793,112.87
27113,-18.917,112.75
27114,81.711,48.393
27115,26.791,36.625
27116,-115.44,13.107
27117,104.14,30.451
27118,83.87,67.25
27119,84.195,39.448
27120,63.177,12.853
27121,87.827,29.708
27122,100.06,-0.62573
27123,101.03,6.6093
27124,85.652,44.271
27125,94.053,21.852
27126,-16.35,114.57
27127,48.625,18.284
27128,13.276,-12.851
27129,-2.9349,-89.105
27130,87.484,-4.9337
27131,84.92,7.7731
27132,72.325,20.065
27133,72.145,81.653
27134,-6.3384,-0.18847
27135,83.907,39.964
27136,27.444,-79.822
27137,-11.113,1.318
27138,78.117,51.987
27139,-15.349,115.05
27140,8.9848,114.56
27141,103.77,0.41624
27142,58.174,94.126
27143,99.812,16.957
27144,45.947,88.454
27145,87.033,31.424
27146,92.04,24.691
27147,69.22,67.88
27148,39.791,35.556
27149,61.086,36.38
27150,37.426,26.953
27151,-4.0988,17.746
27152,-96.143,30.895
27153,-103.09,21.012
27154,67.061,25.797
27155,-54.121,-59.23
27156,46.461,-47.956
27157,38.638,92.236
27158,81.521,0.080204
27159,-6.5434,4.7532
27160,16.255,-98.639
27161,109.03,6.2199
27162,-13.361,101.75
27163,92,61.756
27164,93.169,60.532
27165,109.02,6.2229
27166,-8.9176,116.73
27167,109.02,6.2189
27168,74.907,52.975
27169,59.409,75.381
27170,-8.6054,1.4415
27171,-114.47,13.272
27172,-118.39,12.904
27173,-105.44,-12.069
27174,50.944,-83.433
27175,85.613,8.1567
27176,98.007,19.401
27177,109.03,6.2218
27178,96.46,56.537
27179,-24.256,-104.53
27180,97.894,54.098
27181,-81.194,-41.223
27182,54.289,80.933
27183,-84.362,64.271
