Label,optsne_1,optsne_2
1,33.47,-0.47713
2,45.93,29.9
3,-53.741,-17.46
4,-1.2997,-38.829
5,-0.24456,15.384
6,-72.821,-27.371
7,-76.549,-23.834
8,-90.135,28.013
9,-62.485,-12.084
10,-101.6,28.073
11,-74.416,14.892
12,16.672,-57.4
13,-96.767,-12.404
14,-50.203,28.754
15,-28.46,3.66
16,29.991,-42.781
17,56.887,-26.571
18,-106.59,-10.591
19,-73.853,-53.677
20,-50.048,23.76
21,66.662,-55.22
22,0.84896,-55.402
23,59.082,-47.748
24,74.67,-46.102
25,-36.568,-18.606
26,-52.133,62.827
27,56.957,1.8734
28,-30.857,25.947
29,50.523,-15.499
30,-119.55,14.932
31,3.8794,38.792
32,51.838,32.659
33,-53.312,1.6144
34,-100.68,27.449
35,41.36,40.116
36,-73.951,6.6917
37,64.924,-6.2297
38,73.481,0.25025
39,9.417,-82.308
40,52.558,-30.436
41,74.984,-9.8586
42,11.124,-42.15
43,-108.88,-8.2491
44,-60.799,54.362
45,-36.639,-79.516
46,-48.028,35.306
47,-6.5697,73.505
48,45.518,103.38
49,-88.556,-19.414
50,-8.7128,0.086561
51,76.987,-75.594
52,26.549,11.846
53,74.819,-43.918
54,26.99,-73.538
55,-58.781,-18.498
56,-115.52,13.286
57,108.56,10.775
58,-96.752,30.88
59,53.085,-62.319
60,1.2941,-55.386
61,76.996,-45.263
62,-79.768,3.5459
63,-34.126,-85.529
64,-45.441,-30.778
65,-24.473,80.654
66,-42.262,65.57
67,-103.32,29.205
68,-74.34,-14.425
69,31.272,51.788
70,-72.042,-76.351
71,0.48215,-55.432
72,81.555,-23.72
73,7.0894,-11.534
74,-38.642,29.342
75,76.605,-36.429
76,89.714,7.368
77,-117.71,39.786
78,-54.516,19.794
79,3.026,-32.698
80,-11.593,44.308
81,-76.664,29.34
82,39.978,57.938
83,69.66,26.465
84,-93.038,14.872
85,-108.05,-7.661
86,-67.068,-56.841
87,25.766,69.06
88,-72.452,-15.679
89,-97.994,31.469
90,-71.663,-18.711
91,2.1391,-37.05
92,-5.3988,-23.234
93,-72.374,-46.332
94,77.263,-47.076
95,-84.123,-0.45815
96,-119.55,14.932
97,-21.992,5.5954
98,-73.324,-23.948
99,29.741,52.803
100,5.2393,-34.166
101,29.562,10.867
102,-65.896,-79.902
103,-81.028,-9.1894
104,-33.862,1.1202
105,-45.627,18.69
106,-101.36,26.315
107,-80.577,1.2925
108,5.229,-78.734
109,43.048,-35.069
110,46.737,-22.044
111,82.923,-49.889
112,-86.738,31.44
113,-109,-8.0196
114,-69.006,30.95
115,-99.141,-11.663
116,-62.227,-13.027
117,66.438,86.97
118,-102.36,30.473
119,-60.645,20.912
120,-29.348,-74.71
121,68.857,-38.35
122,39.043,13.66
123,-94.405,26.988
124,8.6922,-115.15
125,-9.1271,-5.6662
126,-10.121,0.81131
127,-102.93,29.667
128,3.3663,37.287
129,-72.002,-3.5571
130,-10.748,78.651
131,84.625,-14.408
132,62.787,-27.158
133,-103.06,28.837
134,-76.741,-64.021
135,-55.78,-59.062
136,4.4958,13.868
137,-76.561,32.534
138,97.93,-55.61
139,26.671,-31.771
140,107.63,-43.41
141,-59.09,-21.416
142,62.962,-41.69
143,-67.86,-68.212
144,35.62,8.6595
145,46.563,-10.913
146,23.339,-93.412
147,-12.396,77.712
148,63.768,-41.491
149,-93.311,22.822
150,25.729,-17.578
151,30.948,-18.87
152,10.255,-25.868
153,-67.52,40.419
154,-21.695,81.558
155,-38.269,55.673
156,36.762,50.55
157,-78.625,-68.006
158,56.252,26.527
159,78.372,23.153
160,98.008,53.849
161,-30.311,11.446
162,-50.148,-50.977
163,-25.092,-69.24
164,41.559,-63.944
165,62.166,-45.593
166,7.901,-28.274
167,50.271,-24.566
168,-6.2464,-52.542
169,-86.991,6.4924
170,86.24,-18.369
171,67.475,-17.852
172,49.292,-7.7095
173,-71.669,36.575
174,65.236,28.139
175,-20.65,-84.89
176,-59.256,47.368
177,-41.294,-21.196
178,-29.663,56.53
179,-60.904,21.229
180,-6.8103,25.959
181,-43.036,-9.1827
182,33.177,95.272
183,37.331,11.363
184,59.585,-80.645
185,-79.01,-55.832
186,44.859,-62.566
187,42.19,-21.611
188,-31.734,47.413
189,38.006,53.698
190,-76.504,16.418
191,41.245,-34.345
192,6.8548,-27.108
193,-75.265,-53.027
194,53.598,33.409
195,-117.9,39.275
196,-67.482,-81.466
197,-107.56,-13.186
198,-80.397,-10.503
199,-18.173,-75.694
200,-83.855,25.891
201,29.092,10.893
202,67.195,-30.609
203,-89.639,-19.637
204,8.2024,60.71
205,1.4491,13.063
206,-94.176,3.5549
207,-47.31,-21.667
208,-61.083,56.894
209,48.642,-47.927
210,19.478,6.1164
211,-8.2391,1.2955
212,-117.65,39.232
213,96.162,-39.638
214,-41.194,-0.94205
215,-83.035,-24.154
216,46.478,28.717
217,63.315,-28.192
218,55.111,76.318
219,55.942,-62.401
220,-35.824,4.1829
221,-1.2186,39.746
222,36.458,62.818
223,73.89,85.681
224,58.66,46.86
225,27.215,-17.521
226,44.865,82.671
227,-35.344,59.081
228,-41.036,60.751
229,71.525,-52.168
230,-30.867,-0.61076
231,56.763,-47.636
232,-37.396,33.765
233,40.098,20.217
234,-7.1843,57.217
235,73.89,85.681
236,-37.169,-67.137
237,20.297,-55.61
238,-81.535,-21.804
239,-81.283,-40.432
240,-119.57,14.946
241,-95.424,27.446
242,70.902,30.055
243,21.332,-41.54
244,-16.435,-51.657
245,91.144,-59.862
246,2.5469,70.674
247,4.201,62.854
248,42.137,-23.706
249,-72.064,-53.931
250,-22.433,-109.31
251,34.059,-84.328
252,6.9838,-82.831
253,-74.76,0.21031
254,-40.937,54.014
255,-18.652,-0.29804
256,-101.27,26.23
257,-101.82,28.592
258,5.6867,62.36
259,26.037,-75.266
260,-78.848,-68.031
261,67.441,-49.824
262,11.105,90.847
263,6.7026,-115.49
264,53.339,-4.0448
265,50.957,-75.232
266,-20.936,-60.071
267,-72.232,33.259
268,-35.198,56.21
269,-35.632,27.068
270,63.947,-22.971
271,-24.259,-104.86
272,-79.324,47.401
273,69.395,-17.591
274,-71.221,-77.504
275,-8.4556,-66.351
276,-22.494,-86.819
277,-40.42,9.5071
278,-15.234,44.158
279,-32.207,13.785
280,-64.032,-85.738
281,-27.802,-83.99
282,62.839,-41.287
283,6.4323,-115.8
284,41.822,-51.188
285,51.519,50.897
286,-27.646,-8.3525
287,-7.946,-49.984
288,-24.681,-10.604
289,-27.887,81.127
290,9.0867,37.049
291,9.0881,17.483
292,1.7023,-65.43
293,-78.495,3.3026
294,55.201,-58.983
295,-30.761,17.854
296,-0.617,22.039
297,-19.404,40.705
298,46.62,-21.929
299,-52.632,72.917
300,-98.702,8.243
301,40.417,13.189
302,-31.763,-80.034
303,18.152,-60.978
304,-44.737,-88.89
305,-4.1027,61.016
306,-28.495,3.1622
307,-21.779,36.219
308,-11.044,-2.8146
309,-104.44,35.352
310,-30.615,-6.6418
311,99.385,-63.837
312,44.863,34.735
313,-31.856,-1.9096
314,22.808,-59.711
315,46.298,5.3538
316,-80.467,1.1364
317,-38.41,-85.022
318,-24.407,49.793
319,92.096,-29.7
320,76.669,-48.873
321,38.889,-39.298
322,87.364,-22.69
323,-42.707,19.565
324,91.001,-17.449
325,-25.845,43.982
326,68.037,-16.883
327,-73.067,-25.067
328,-61.139,-66.665
329,74.425,25.877
330,-88.247,42.995
331,43.337,46.227
332,93.604,-56.253
333,43.019,-74.557
334,42.434,-5.5448
335,32.132,52.028
336,-37.88,29.869
337,55.371,-79.354
338,-73.29,-19.542
339,-117.58,15.482
340,-116.92,9.2707
341,62.429,-15.11
342,78.328,-55.971
343,11.228,-35.64
344,15.503,-57.049
345,1.7373,-66.264
346,29.062,-58.127
347,-100.99,28.001
348,-11.031,-2.8356
349,-74.583,-5.5141
350,14.898,-67.421
351,10.43,-54.965
352,-44.764,42.421
353,-66.096,-43.759
354,-94.321,23.818
355,66.359,-26.979
356,38.112,-42.082
357,-74.975,-16.441
358,70.645,-38.142
359,-11.031,-2.8231
360,53.633,33.527
361,-81.096,3.7122
362,-73.08,62.891
363,-0.6171,30.951
364,-29.041,-90.25
365,51.659,22.345
366,64.688,-64.834
367,26.228,-3.6099
368,-1.5941,16.807
369,27.111,10.747
370,-72.22,26.547
371,48.96,-53.471
372,18.511,-66.212
373,31.826,-5.4675
374,-42.768,-13.239
375,87.017,-42.78
376,63.955,-65.203
377,58.144,33.344
378,-19.788,-25.283
379,48.661,41.739
380,-75.261,-57.048
381,75.703,-44.653
382,-4.2736,-77.076
383,-28.53,29.665
384,3.6332,38.66
385,55.682,-12.13
386,-83.606,25.52
387,-14.297,-49.627
388,64.2,-9.6564
389,93.291,-25.481
390,-59.806,28.47
391,64.538,-39.688
392,7.6187,-76.979
393,-73.28,-12.531
394,-11.078,-2.7684
395,-84.98,-10.072
396,79.26,-10.504
397,-34.512,-27.353
398,-25.15,-79.378
399,65.782,-29.715
400,-76.569,-63.681
401,66.064,87.541
402,-108.31,-8.933
403,-94.786,29.582
404,-31.074,-9.036
405,71.066,-9.7924
406,15.555,-57.241
407,-19.415,40.405
408,5.9905,-114.32
409,-67.528,-68.366
410,63.25,-11.508
411,32.854,-56.567
412,44.616,-85.165
413,24.164,13.721
414,48.944,40.863
415,-78.187,-70.303
416,77.924,12.129
417,38.927,4.8413
418,2.4742,-37.086
419,7.7358,-114.81
420,76.138,-77.625
421,68.653,26.497
422,87.574,-19.18
423,45.007,-23.427
424,39.476,-55.869
425,-86.516,21.314
426,-106.12,-0.29298
427,4.3315,20.67
428,3.5842,28.769
429,-67.418,-52.488
430,-69.914,-9.6758
431,-1.0059,9.984
432,78.228,-9.2386
433,17.214,67.673
434,61.119,-14.717
435,-85.876,25.405
436,-80.851,-8.9332
437,45.631,-68.586
438,-77.308,31.124
439,-18.37,-83.178
440,-23.514,-83.078
441,-76.199,33.783
442,-103.84,33.493
443,40.313,-40.856
444,55.453,-21.915
445,28.509,-79.659
446,53.979,-82.446
447,29.499,-0.79327
448,-89.646,13.265
449,-31.007,-30.83
450,-85.013,-10.584
451,3.6621,10.554
452,82.176,-47.962
453,80.116,-29.333
454,-101.84,28.609
455,-19.95,-92.359
456,-42.8,-34.415
457,-98.704,31.763
458,-62.2,-13.43
459,3.0171,91.242
460,76.755,-55.808
461,48.414,-66.901
462,50.578,-66.081
463,-5.3445,26.501
464,15.363,30.628
465,-53.147,52.155
466,-92.713,23.01
467,-56.679,28.032
468,-18.969,51.447
469,33.665,-3.7695
470,-18.662,20.947
471,82.428,-23.697
472,23.563,52.595
473,-25.405,37.047
474,-79.325,47.401
475,-23.256,-74.62
476,10.646,-37.619
477,39.669,51.548
478,41.74,2.1423
479,-103.21,25.987
480,6.3613,-83.332
481,-14.282,-70.025
482,-3.3404,-35.089
483,-81.856,-30.047
484,-76.085,-21.771
485,-24.98,-31.38
486,-33.517,-80.384
487,-11.234,76.089
488,27.444,-93.678
489,87.129,-36.906
490,-8.1909,-40.987
491,68.167,-19.954
492,65.002,89.008
493,70.295,32.716
494,39.695,-5.8038
495,-31.526,-4.0051
496,-84.747,-22.923
497,-29.711,-32.144
498,-1.8544,21.647
499,-35.953,-69.791
500,-13.309,16.32
501,74.966,-6.3906
502,-103.2,26.092
503,-79.613,35.671
504,11.622,-71.426
505,-30.868,-9.9097
506,12.222,-58.224
507,-72.103,-64.762
508,82.126,-35.283
509,42.63,-59.801
510,38.258,-30.613
511,36.097,2.4127
512,7.9582,-115.92
513,-117.87,39.26
514,57.843,-28.442
515,35.878,-19.306
516,63.055,-19.722
517,-28.755,-28.646
518,53.609,-6.7517
519,-27.476,-33.852
520,35.219,-34.321
521,16.686,-0.75159
522,64.623,87.97
523,-101.34,12.405
524,26.73,-19.109
525,59.318,47.366
526,-15.888,-90.923
527,49.401,-66.303
528,-44.368,-0.47099
529,21.511,-64.523
530,-29.459,-6.5107
531,-2.2507,30.706
532,17.864,7.7492
533,-41.569,41.307
534,67.728,24.921
535,22.592,-59.755
536,-12.386,-57.44
537,59.321,-12.677
538,49.125,-10.731
539,24.781,-2.2422
540,-50.028,55.955
541,42.995,-47.198
542,43.484,15.058
543,90.043,-42.327
544,-117.68,15.374
545,35.824,93.425
546,-84.966,-7.136
547,68.095,-57.213
548,-117.44,39.545
549,-52.05,-52.03
550,-91.308,-49.654
551,8.65,-115.01
552,42.168,-6.595
553,42.634,44.959
554,-88.991,-21.832
555,32.638,53.891
556,50.57,73.054
557,-46.593,67.625
558,-84.926,-10.288
559,-46.289,-9.7593
560,68.82,-58.717
561,68.774,-26.486
562,57.966,-55.944
563,-45.459,-2.3997
564,18.913,8.2583
565,-30.3,1.4353
566,85.402,-15.905
567,-22.44,39.924
568,-39.254,4.8
569,17.111,-75.519
570,92.7,-17.14
571,-19.026,21.941
572,-89.684,21.519
573,-72.986,-25.549
574,-91.074,23.543
575,64.379,27.758
576,7.018,-25.538
577,7.7685,60.214
578,-9.5131,11.214
579,56.407,-57.522
580,-13.266,-29.123
581,-14.827,-88.49
582,-20.386,-60.016
583,82.926,-51.587
584,-27.364,-8.657
585,27.557,47.154
586,41.92,44.402
587,68.096,-15.697
588,-82.987,-40.677
589,-79.353,48.486
590,-78.107,-59.315
591,-38.693,39.136
592,63.016,-27.387
593,-81.074,35.147
594,-102.37,30.43
595,50.182,20.644
596,3.3352,-85.35
597,-33.894,-77.356
598,46.968,-40.972
599,-51.164,-16.008
600,-71.138,12.824
601,-33.882,-33.85
602,-5.3054,-79.998
603,-18.979,-105.47
604,-85.606,20.264
605,-23.884,-75.937
606,74.061,85.612
607,-17.222,-53.384
608,-87.905,-22.489
609,-95.868,6.3836
610,-102.55,21.832
611,-102.69,30.606
612,24.462,-17.144
613,2.884,13.187
614,-27.515,-33.885
615,84.428,-22.912
616,-118.05,39.555
617,73.891,85.681
618,-11.105,-2.7273
619,-103.93,33.808
620,108.56,10.774
621,50.758,54.021
622,61.893,-12.136
623,-8.6428,20.959
624,4.2975,20.698
625,-53.432,54.192
626,-45.598,0.34447
627,-24.654,0.86364
628,-69.388,68.422
629,93.001,-53.284
630,35.37,5.3968
631,96.939,-62.588
632,-80.317,-41.808
633,-11.108,-2.74
634,15.495,13.407
635,-83.884,-9.4947
636,8.3908,-55.581
637,2.5743,55.909
638,-74.806,31.801
639,46.429,53.655
640,-35.285,-33.199
641,26.855,11.766
642,64.483,-39.158
643,-86.683,-41.141
644,58.263,-27.83
645,81.919,-35.818
646,34.084,-28.4
647,42.829,-60.766
648,20.471,-60.108
649,6.8374,28.53
650,40.482,-14.221
651,47.142,4.1891
652,6.2437,74.017
653,-41.819,64.227
654,-96.415,21.796
655,63.529,-44.534
656,40.657,-41.247
657,-52.724,61.158
658,67.866,-44.696
659,-53.209,22.686
660,29.399,-49.589
661,-28.316,-100.88
662,64.341,-66.876
663,26.037,-19.354
664,32.866,-25.768
665,-79.325,47.401
666,-8.9696,-39.64
667,-88.776,20.234
668,-28.365,1.0758
669,-39.655,57.17
670,-17.976,-47.131
671,-25.643,-8.8013
672,-27.33,31.652
673,-41.457,5.0095
674,-85.781,14.745
675,-64.846,16.051
676,-61.263,18.702
677,-17.741,-34.602
678,-32.853,-34.318
679,64.132,-0.19393
680,57.577,-86.822
681,45.975,49.421
682,69.76,26.491
683,-34.03,-33.78
684,58.05,48.051
685,37.956,-83.668
686,-51.327,-20.047
687,88.018,-19.553
688,2.5105,51.56
689,26.774,-80.121
690,77.905,48.301
691,-90.296,17.654
692,48.691,-24.9
693,-106.34,-7.9446
694,-21.701,-70.544
695,-19.422,40.711
696,-16.214,0.60044
697,-43.831,30.953
698,33.23,-64.536
699,76.521,-2.4772
700,69.791,26.467
701,-68.039,-52.777
702,56.149,-49.108
703,-25.526,-7.1219
704,-14.65,0.082745
705,-79.688,-66.896
706,-32.491,-86.142
707,9.6652,-59.319
708,6.8841,-78.197
709,-60.987,-20.919
710,-37.819,2.9796
711,78.239,-47.848
712,-79.26,-53.582
713,61.494,-9.2781
714,35.887,5.7204
715,-13.256,1.4543
716,-77.006,35.694
717,57.486,-39.122
718,-0.22078,-59.039
719,-5.7468,26.575
720,-88.323,-23.274
721,-19.963,-107.89
722,0.27877,-23.823
723,25.807,-86.374
724,-1.1291,58.309
725,78.936,-31.722
726,68.52,-21.675
727,-75.834,-13.476
728,48.491,3.2262
729,56.962,-21.588
730,86.832,-19.526
731,52.065,24.333
732,17.259,-91.096
733,94.478,-56.433
734,-22.307,-14.5
735,-35.627,-27.821
736,-5.9789,-46.187
737,43.717,-65.479
738,6.8319,-77.782
739,-29.498,-6.3064
740,-26.818,-10.47
741,-0.24893,9.4716
742,29.666,-42.544
743,37.47,10.993
744,59.626,18.083
745,48.05,-19.508
746,23.829,-16.158
747,83.997,-15.85
748,40.176,-34.598
749,56.677,-54.483
750,20.233,-59.807
751,44.559,-46.184
752,-8.9209,37.509
753,-18.071,12.572
754,66.555,26.894
755,83.524,-8.691
756,2.555,-37.923
757,-34.497,8.9278
758,-33.31,12.866
759,24.876,-2.1026
760,41.181,-51.327
761,50.232,-7.2144
762,-13.782,0.98488
763,3.3277,-57.139
764,-76.114,16.606
765,57.952,-46.436
766,-12.812,-39.751
767,-28.399,39.996
768,-34.851,30.279
769,17.009,14.013
770,73.1,-52.343
771,56.085,1.555
772,48.026,21.307
773,50.059,-80.365
774,39.259,-72.142
775,-39.735,-3.4828
776,7.8206,-114.97
777,-10.499,1.1258
778,62.317,7.7015
779,18.285,-62.287
780,-58.474,6.9288
781,-0.85068,15.011
782,-22.683,48.035
783,37.75,-33.702
784,-1.388,27.317
785,53.242,7.2384
786,87.327,-19.537
787,64.22,-39.184
788,-2.7308,-34.453
789,-60.083,27.419
790,-82.123,20.951
791,8.6972,16.49
792,72.805,-14.233
793,63.263,-43.098
794,-38.43,-3.6375
795,-50.142,-17.417
796,56.786,-12.747
797,-14.197,0.60645
798,-14.145,0.95521
799,-74.473,-13.002
800,-84.76,-12.311
801,-89.249,21.467
802,46.17,-20.812
803,-53.238,71.748
804,29.209,52.708
805,46.462,5.0804
806,-117.44,39.548
807,64.064,-29.762
808,-26.474,-8.7784
809,38.839,-34.943
810,20.523,-92.599
811,77.849,-9.4668
812,47.067,18.537
813,-96.355,19.106
814,-32.278,-32.91
815,-78.082,49.718
816,-14.656,-0.029328
817,-64.154,7.4911
818,-36.343,-11.353
819,58.216,-69.594
820,99.65,-64.642
821,11.014,37.396
822,11.601,44.888
823,47.994,101.8
824,65.771,7.7733
825,-51.612,62.224
826,82.143,-35.943
827,69.389,-60.192
828,-49.907,-28.338
829,73.89,85.681
830,-16.148,-53.02
831,32.973,-21.149
832,-17.395,-70.894
833,-15.587,-90.174
834,56.743,-46.643
835,45.511,1.8565
836,-79.808,-65.141
837,-64.943,-31.728
838,-104.32,30.223
839,46.396,-66.176
840,15.856,10.861
841,83.893,-11.131
842,17.591,-65.4
843,35,1.9886
844,27.682,-83.042
845,-36.805,51.889
846,81.299,-35.54
847,-22.419,9.8306
848,64.213,-66.489
849,93.702,-56.948
850,-31.071,0.84859
851,91.237,-30.449
852,17.091,-91.094
853,-72.31,-29.786
854,-71.26,13.024
855,19.016,-52.179
856,50.824,34.558
857,78.231,-38.201
858,61.514,-44.789
859,-49.639,-20.807
860,-23.472,-91.849
861,83.078,-13.91
862,-13.514,-55.026
863,48.292,-20.882
864,41.462,55.082
865,-38.947,19.19
866,37.356,2.9195
867,79.701,-32.438
868,55.55,1.6033
869,65.067,25.479
870,-102.45,30.432
871,5.4108,-114.68
872,-43.807,-41.239
873,25.906,-43.097
874,-44.827,42.787
875,50.889,-21.808
876,29.895,11.199
877,-87.677,26.157
878,77.291,-45.457
879,50.424,-79.979
880,7.6098,-55.199
881,16.926,12.434
882,16.271,-62.194
883,-33.061,20.541
884,-18.476,-106.11
885,83.063,-7.7781
886,39.824,0.75989
887,-14.536,1.3639
888,51.474,-16.215
889,38.398,-62.869
890,52.479,-75.556
891,42.983,-35.365
892,-32.14,-1.026
893,52.211,35.299
894,23.662,-81.713
895,22.714,52.976
896,40.691,-86.357
897,20.521,-60.556
898,20.902,7.8222
899,87.414,10.964
900,6.2176,62.368
901,14.521,-68.76
902,-1.2911,29.618
903,18.274,8.2889
904,29.604,9.7758
905,-81.278,-50.683
906,103.51,-52.438
907,-66.223,-52.648
908,-90.953,22.499
909,-35.906,-78.401
910,47.726,-25.186
911,4.3976,-34.871
912,13.081,12.935
913,43.19,-20.073
914,26.961,-88.639
915,-38.003,-77.144
916,19.743,-62.189
917,-2.6025,25.02
918,31.766,49.522
919,-10.107,0.83469
920,-20.975,-89.302
921,-97.204,21.126
922,47.79,-65.326
923,-68.877,-26.478
924,44.424,-21.273
925,-9.0041,1.6244
926,7.9289,-115.98
927,-10.869,0.86742
928,35.704,-34.75
929,-1.1201,26.299
930,-74.637,16.856
931,43.797,-35.045
932,-38.461,-2.9792
933,-39.838,-3.903
934,50.421,-56.958
935,-23.927,28.086
936,-21.668,-72.427
937,-70.788,-15.102
938,69.777,-1.3673
939,91.618,-22.999
940,93.387,-23.948
941,-96.48,13.613
942,-72.26,8.4774
943,20.07,22.299
944,62.698,-9.7986
945,-28.509,-7.1856
946,18.17,-74.547
947,69.516,-9.9607
948,48.592,-20.93
949,-97.196,15.124
950,-17.153,-25.205
951,-15.139,95.889
952,36.442,43.659
953,15.205,9.2384
954,-0.1089,10.099
955,55.356,-52.041
956,-63.384,50.91
957,-85.468,-26.119
958,-22.734,36.452
959,-10.707,1.5517
960,-79.583,28.295
961,49.022,-81.739
962,-0.6901,-14.836
963,15.856,-63.307
964,-88.655,20.1
965,27.626,-35.264
966,53.746,-7.2059
967,-101.09,29.943
968,-116.64,40.268
969,-65.474,9.6401
970,1.945,32.367
971,-30.075,-30.924
972,-49.212,36.4
973,-35.147,-13.578
974,8.8151,-61.278
975,-31.4,-9.0412
976,-8.4858,50.026
977,-6.76,1.204
978,-8.2735,-87.716
979,38.162,-53.138
980,-30.711,17.97
981,23.736,-44.36
982,19.407,6.3123
983,58.253,-4.1925
984,29.115,13.816
985,7.0382,-111.68
986,-88.296,-14.494
987,-58.955,-20.655
988,32.77,-20.148
989,54.733,-22.655
990,-13.137,-85.157
991,35.602,6.646
992,29.901,-92.488
993,26.972,99.465
994,-0.080644,9.2081
995,44.177,-85.688
996,52.873,-79.91
997,16.45,-64.782
998,47.21,-50.993
999,89.774,-44.076
1000,40.432,-34.011
1001,33.823,-28.145
1002,45.309,-81.903
1003,42.103,-84.273
1004,-44.525,-34.384
1005,-42.503,42.027
1006,-105.4,18.126
1007,3.0027,-82.579
1008,-26.561,4.97
1009,-40.206,1.1855
1010,5.5166,21.983
1011,-67.683,29.066
1012,-70.054,25.263
1013,-30.158,8.8029
1014,7.1557,-82.782
1015,-12.902,-40.582
1016,27.664,10.394
1017,65.524,-15.32
1018,49.599,-65.791
1019,-39.179,-2.1509
1020,9.8061,-22.56
1021,-81.404,31.591
1022,-44.313,-34.351
1023,78.408,-32.203
1024,33.022,-28.107
1025,27.055,-31.646
1026,-23.551,-70.034
1027,-22.977,-71.58
1028,-10.311,1.7961
1029,26.121,9.6012
1030,-14.733,-88.715
1031,24.628,-74.584
1032,48.698,10.903
1033,35.246,-81.524
1034,-10.904,1.7528
1035,29.222,13.186
1036,-83.657,24.388
1037,-30.336,-7.6611
1038,-17.337,-47.781
1039,-90.811,17.568
1040,-1.1259,55.496
1041,-37.795,-22.389
1042,64.081,20.406
1043,-45.771,-32.69
1044,-60.33,28.032
1045,-7.0142,-93.272
1046,42.397,33.33
1047,-119.55,14.93
1048,56.351,58.952
1049,81.267,-16.498
1050,24.214,-65.545
1051,43.489,15.155
1052,-53.087,69.552
1053,-80.829,-9.2875
1054,-81.686,30.771
1055,59.832,-12.079
1056,67.189,-27.963
1057,-96.765,29.594
1058,73.892,85.683
1059,-97.843,4.8538
1060,-82.547,36.638
1061,1.4198,-61.961
1062,48.486,-68.077
1063,-49.836,45.611
1064,-51.265,30.031
1065,27.194,-86.734
1066,85.595,-38.778
1067,-19.003,-91.559
1068,-9.1649,23.633
1069,-13.424,-63.249
1070,28.418,37.441
1071,-21.433,36.441
1072,27.977,-68.796
1073,-71.795,-25.934
1074,-69.316,15.225
1075,-79.857,28.205
1076,38.475,17.697
1077,74.51,13.734
1078,91.31,-24.162
1079,38.9,-34.913
1080,-20.881,-89.203
1081,7.3282,-50.632
1082,-28.764,29.801
1083,82.707,-35.561
1084,64.997,-41.355
1085,15.951,14.014
1086,50.184,-46.952
1087,-43.36,-23.248
1088,-7.1302,12.435
1089,-19.69,-40.493
1090,26.392,18.779
1091,-11.19,-41.83
1092,48.911,-65.235
1093,45.785,-66.437
1094,15.065,9.3306
1095,88.764,-26.694
1096,24.838,-38.551
1097,86.489,-1.4004
1098,-8.8754,1.1956
1099,51.406,52.171
1100,-37.836,63.686
1101,44.084,-72.402
1102,58.094,-48.846
1103,-31.931,-9.4029
1104,-32.518,1.2464
1105,-79.325,47.401
1106,5.618,-114.58
1107,84.614,7.6006
1108,-38.887,40.741
1109,50.648,-66.913
1110,56.031,18.926
1111,61.589,-22.936
1112,15.426,-43.818
1113,19.999,8.4803
1114,73.746,-41.956
1115,-47.346,-19.387
1116,-27.991,0.73848
1117,70.668,-19.373
1118,73.892,85.683
1119,-13.599,-55.024
1120,64.383,-15.748
1121,18.145,-48.019
1122,40.061,-64.081
1123,49.799,-25.866
1124,13.579,-3.5785
1125,107.39,-52.568
1126,-116.76,8.9411
1127,-74.231,-30.564
1128,5.9905,-114.32
1129,22.807,93.34
1130,53.782,28.826
1131,52.068,-79.782
1132,6.9512,-80.348
1133,87.389,-22.655
1134,-48.8,35.091
1135,44.102,-88.823
1136,-49.137,-51.527
1137,48.854,-63.849
1138,87.16,-17.891
1139,57.003,-10.208
1140,7.9154,23.463
1141,69.246,-25.293
1142,107.39,-52.568
1143,52.815,-62.452
1144,73.89,85.681
1145,-7.1767,-52.82
1146,38.525,27.73
1147,82.569,-46.028
1148,55.424,-52.553
1149,-51.249,64.656
1150,14.724,-63.16
1151,-70.945,35
1152,-0.43796,-45.153
1153,-48.318,30.6
1154,-96.339,27.338
1155,24.811,96.551
1156,51.852,-54.978
1157,3.5658,46.336
1158,-31.264,33.674
1159,48.965,-24.793
1160,-49.841,52.155
1161,59.514,-1.0151
1162,79.738,-56.239
1163,-75.335,17.371
1164,64.924,-42.05
1165,88.025,-42.144
1166,-71.58,49.65
1167,-98.518,7.9991
1168,-29.503,87.969
1169,-4.4259,-43.495
1170,-35.576,-33.431
1171,-8.1071,-22.088
1172,-28.194,-82.63
1173,21.149,-61.862
1174,-19.719,79.547
1175,-26.279,-8.7873
1176,-69.847,-75.561
1177,3.3757,13.559
1178,93.326,-28.133
1179,-72.477,-20.919
1180,-66.64,35.606
1181,39.765,-18.137
1182,16.883,-63.964
1183,-8.9343,-41.822
1184,-4.3904,-58.45
1185,-42.818,-2.3816
1186,39.2,67.777
1187,-29.638,55.98
1188,50.486,-66.166
1189,27.286,-47.545
1190,-37.123,-73.988
1191,-2.1812,31.755
1192,-30.674,-31.65
1193,64.142,-41.833
1194,62.778,10.88
1195,-43.102,-33.835
1196,-87.944,-40.899
1197,-4.2852,-47.365
1198,63.598,8.5434
1199,30.642,-89.223
1200,76.181,-45.263
1201,-70.351,-75.681
1202,16.842,-98.103
1203,-31.924,-3.2902
1204,22.256,-65.3
1205,-21.514,-71.933
1206,-37.14,-74.518
1207,46.07,-65.549
1208,89.621,-41.908
1209,-89.377,25.325
1210,-22.84,84.38
1211,-78.036,49.811
1212,-90.786,17.59
1213,-31.504,-0.8289
1214,-7.8566,20.793
1215,84.724,-0.69996
1216,-45.474,-30.947
1217,21.937,-65.058
1218,-35.982,43.388
1219,-48.488,33.947
1220,-31.442,68.543
1221,-70.079,-76.162
1222,15.253,-67.085
1223,59.383,-43.071
1224,77.696,33.75
1225,76.773,12.791
1226,48.418,-67.058
1227,48.383,-62.04
1228,27.876,32.692
1229,45.44,-3.2015
1230,85.355,-43.668
1231,-118.71,40.444
1232,18.855,79.732
1233,23.585,-82.186
1234,16.948,-90.924
1235,-46.97,-42.844
1236,-44.413,-2.2215
1237,-79.784,-66.536
1238,-6.535,57.717
1239,-42.212,-20.822
1240,-19.728,-6.7475
1241,-51.165,-52.938
1242,43.553,-58.06
1243,-29.269,-2.7092
1244,-41.822,-1.3222
1245,-71.638,-75.903
1246,60.386,14.397
1247,-88.242,42.86
1248,81.312,48.598
1249,74.83,12.591
1250,-31.276,-9.3104
1251,61.185,-56.659
1252,-42.855,-30.369
1253,-85.973,-22.285
1254,-11.369,-3.9585
1255,-33.139,-38.346
1256,59.997,51.614
1257,31.856,-74.125
1258,-3.8645,-43.594
1259,-25.918,-7.8368
1260,32.215,-56.21
1261,-24.021,-79.798
1262,-23.538,-71.335
1263,-56.039,-79.221
1264,6.5333,-115.42
1265,-117.93,39.294
1266,25.815,-63.418
1267,-75.5,-29.526
1268,75.93,-1.3437
1269,45.524,-43.623
1270,16.722,-46.541
1271,60.297,25.069
1272,6.7505,-114.19
1273,-6.548,83.742
1274,70.46,-56.01
1275,43.434,-61.149
1276,76.092,-10.325
1277,68.163,44.848
1278,29.264,-6.9489
1279,17.095,-20.359
1280,13.16,-64.796
1281,66.33,-61.902
1282,-40.05,-23.332
1283,30.559,11.84
1284,-43.018,6.3446
1285,-79.325,-53.486
1286,2.9102,23.116
1287,73.89,85.681
1288,63.306,26.304
1289,61.766,-23.446
1290,-32.11,30.874
1291,-13.001,-3.922
1292,-72.681,50.21
1293,15.259,-50.196
1294,49.936,-25.198
1295,7.0617,15.682
1296,44.91,-65.598
1297,19.264,-62.422
1298,42.829,-35.456
1299,-69.943,-10.88
1300,-101.27,26.958
1301,-62.808,-29.2
1302,-42.992,-22.346
1303,0.12625,-52.94
1304,-60.701,50.531
1305,83.191,-49.442
1306,-52.536,-38.609
1307,-20.853,-88.803
1308,18.898,-90.369
1309,-35.538,-33.42
1310,-19.963,-107.89
1311,-17.319,-6.8453
1312,-6.6247,-46.311
1313,-26.421,-87.56
1314,-15.37,-55.035
1315,24.615,-60.833
1316,55.631,-57.957
1317,-45.722,87.682
1318,-62.929,-83.095
1319,-89.42,21.789
1320,-17.65,86.803
1321,7.8651,-115.15
1322,25.157,69.13
1323,26.995,69.079
1324,77.46,-29.087
1325,48.263,-69.251
1326,52.55,-61.569
1327,39.623,47.274
1328,-13.347,-54.911
1329,-108.81,-8.4262
1330,-79.152,-52.522
1331,76.361,-53.978
1332,99.359,-65.169
1333,49.691,-52.534
1334,93.482,-18.047
1335,63.995,8.7752
1336,-90.946,27.898
1337,38.693,54.023
1338,45.441,-70.263
1339,-27.045,-8.7782
1340,21.133,-49.176
1341,52.096,-65.986
1342,-75.43,-73.01
1343,80.619,-53.895
1344,-20.983,-83.706
1345,-49.153,52.176
1346,-56.674,20.205
1347,-117.15,9.6627
1348,-24.105,80.73
1349,-106.32,-11.001
1350,-29.429,-5.6901
1351,-79.644,-66.847
1352,-43.827,-1.2513
1353,-83.11,24.765
1354,82.081,-48.397
1355,-8.0655,-2.7127
1356,-16.783,-2.0725
1357,61.272,-14.942
1358,-35.797,-33.421
1359,48.832,-82.174
1360,-49.785,47.781
1361,-78.06,-61.825
1362,8.2452,-10.066
1363,-11.802,-0.36357
1364,36.302,86.561
1365,60.061,27.83
1366,13.042,-59.107
1367,-46.295,4.5612
1368,-1.1702,75.542
1369,-22.574,-10.274
1370,-11.622,-16.384
1371,71.912,-39.58
1372,88.606,-17.25
1373,20.658,-55.702
1374,43.563,80.807
1375,-0.83636,28.301
1376,24.488,-84.611
1377,53.405,-75.838
1378,37.586,15.973
1379,69.775,-17.984
1380,77.09,-75.35
1381,-88.24,44.716
1382,-82.957,37.237
1383,-18.184,-6.0937
1384,40.275,-34.166
1385,13.644,-59.251
1386,0.30346,-82.88
1387,91.297,-29.27
1388,77.711,34.496
1389,74.058,31.32
1390,99.889,-65.54
1391,52.144,-19.312
1392,82.058,-34.314
1393,-35.483,-27.091
1394,-88.292,30.983
1395,32.29,54.763
1396,-31.223,1.3184
1397,40.046,-48.763
1398,40.576,-58.426
1399,20.776,-62.509
1400,76.121,-60.15
1401,22.187,-92.449
1402,-69.967,-74.859
1403,60.747,-1.3635
1404,-63.736,-29.259
1405,76.717,-45.171
1406,-59.14,-78.272
1407,-67.593,-78.906
1408,79.011,-29.274
1409,-97.61,21.199
1410,-13.762,41.732
1411,-21.063,-40.783
1412,79.282,-8.3466
1413,77.992,-57.788
1414,-14.744,-92.571
1415,75.505,-48.11
1416,12.148,-57.633
1417,44.44,-65.921
1418,4.2585,27.812
1419,63.372,-20.442
1420,-79.246,31.386
1421,-92.164,13.45
1422,67.812,-57.909
1423,-23.591,-11.208
1424,-23.138,-75.189
1425,-30.958,-0.045169
1426,41.356,-49.52
1427,92.942,-26.329
1428,71.135,-39.337
1429,-4.8152,-0.43165
1430,-79.963,-65.697
1431,-68.322,-79.523
1432,-72.671,-46.683
1433,46.022,-66.209
1434,2.3021,7.1858
1435,74.716,-80.387
1436,-43.072,-20.175
1437,59.63,63.845
1438,27.998,79.361
1439,65.932,-44.522
1440,45.372,-62.334
1441,-75.458,-72.121
1442,43.924,-66.718
1443,39.062,-51.228
1444,54.664,30.205
1445,-101.33,27.276
1446,6.3169,-117.79
1447,-35.053,-33.149
1448,-41.338,-24.221
1449,52.006,-85.618
1450,31.512,4.0413
1451,-80.827,-35.113
1452,71.343,29.848
1453,83.373,-49.294
1454,75.543,-43.158
1455,36.859,-20.949
1456,16.061,-64.011
1457,35.001,-65.706
1458,-37.362,58.872
1459,47.845,17.967
1460,34.216,-9.3345
1461,-39.975,-31.445
1462,38.72,-85.327
1463,-53.585,-44.165
1464,21.707,-62.214
1465,-26.466,4.8588
1466,36.541,-63.032
1467,14.912,-59.376
1468,52.212,-63.037
1469,86.7,-34.038
1470,7.6765,11.25
1471,2.9429,63.072
1472,52.198,22.187
1473,77.328,42.895
1474,-19.961,-107.89
1475,-118,39.605
1476,45.395,70.659
1477,-47.807,58.59
1478,36.241,-25.608
1479,40.94,-86.375
1480,56.768,-79.762
1481,84.047,-33.782
1482,-40.363,19.669
1483,-15.101,-0.98406
1484,57.004,31.796
1485,-14.798,-32.087
1486,-41.86,0.11949
1487,2.3681,-16.428
1488,-71.066,60.27
1489,-89.355,-51.482
1490,49.284,-0.84077
1491,35.948,5.8535
1492,62.562,-30.186
1493,-56.577,45.512
1494,75.407,-79.101
1495,-99.235,9.1296
1496,26.438,-79.574
1497,46.071,-45.774
1498,-39.838,-74.967
1499,-26.059,-87.874
1500,-27.148,-10.532
1501,-95.538,27.453
1502,-80.272,30.171
1503,-53.381,25.333
1504,16.93,-91.027
1505,21.923,-65.149
1506,47.126,-64.112
1507,-4.1421,25.617
1508,59.641,-4.4122
1509,67.795,-29.666
1510,-74.999,-16.842
1511,-72.939,58.487
1512,-60.187,21.117
1513,-69.498,3.4033
1514,-33.119,58.321
1515,-22.471,-78.472
1516,36.848,5.9063
1517,63.046,-50.276
1518,76.628,-2.2965
1519,12.14,-55.757
1520,-52.448,-79.737
1521,-29.655,0.62761
1522,-60.64,14.444
1523,47.659,15.556
1524,108.56,10.774
1525,-103.11,25.367
1526,-42.865,-0.60273
1527,-35.214,-78.85
1528,45.177,-70.295
1529,46.571,-63.642
1530,57.478,53.362
1531,86.049,-34.91
1532,-8.5656,-7.0575
1533,-78.884,-56.298
1534,-14.829,-88.679
1535,18.036,-65.246
1536,38.057,10.522
1537,-24.065,-83.666
1538,-102.77,18.334
1539,66.047,-49.452
1540,70.753,33.775
1541,-67.508,10.691
1542,46.497,-63.477
1543,61.882,-42.466
1544,19.859,6.2618
1545,-60.477,43.569
1546,2.3369,-43.71
1547,-1.2974,-81.265
1548,-83.274,-18.272
1549,0.028174,-88.723
1550,-38.351,11.626
1551,-55.246,-46.08
1552,-62.185,-27.478
1553,74.891,49.687
1554,65.92,-15.557
1555,-34.847,25.742
1556,14.373,-70.102
1557,28.02,-22.399
1558,18.134,-66.262
1559,-24.324,-92.996
1560,-23.881,55.091
1561,-71.959,-43.82
1562,50.854,21.737
1563,54.662,-28.392
1564,15.08,-70.271
1565,31.876,-56.583
1566,73.874,-3.6869
1567,78.721,-48.643
1568,63.071,14.363
1569,63.821,27.673
1570,-100.15,8.0217
1571,-12.354,43.913
1572,-41.02,-28.158
1573,-34.35,-40.56
1574,-21.864,-66.463
1575,11.126,-71.397
1576,37.84,-63.203
1577,50.378,-67.386
1578,17.347,-21.85
1579,63.4,-19.752
1580,73.89,85.68
1581,-39.128,-22.897
1582,67.274,-18.816
1583,19.717,-24.955
1584,30.54,94.246
1585,4.1059,-85.116
1586,44.374,-70.169
1587,91.892,-16.009
1588,62.447,-11.706
1589,-10.897,-10.066
1590,-11.905,-3.679
1591,-90.678,25.908
1592,38.268,9.7147
1593,-87.472,25.803
1594,35.925,6.067
1595,9.0245,62.379
1596,63.024,-20.46
1597,-102.85,27.593
1598,-74.958,-17.187
1599,-22.93,-70.722
1600,46.201,-83.432
1601,3.0716,-75.617
1602,40.706,-57.861
1603,15.839,-6.2021
1604,55.325,-82.09
1605,-2.4959,-34.809
1606,93.328,-27.735
1607,-74.724,16.84
1608,5.7238,90.731
1609,74.861,-7.2459
1610,42.197,-38.851
1611,29.461,-64.515
1612,-91.255,17.105
1613,-95.289,18.428
1614,45.854,-43.782
1615,92.02,-29.97
1616,-10.67,-78.281
1617,-45.878,37.087
1618,-55.991,51.913
1619,-76.291,15.187
1620,-100.52,-44.489
1621,39.248,54.39
1622,32.619,-3.6662
1623,83.46,-35.185
1624,-15.102,-4.5668
1625,-35.249,45.283
1626,32.728,21.796
1627,-19.372,34.325
1628,15.197,-59.169
1629,12.594,-71.285
1630,19.893,-62.096
1631,-12.384,-57.598
1632,-21.674,-67.375
1633,18.697,-22.365
1634,65.616,-46.383
1635,-92.246,11.359
1636,-74.808,-18.024
1637,-89.963,23.131
1638,56.619,-9.0333
1639,-22.852,-10.21
1640,-37.476,14.365
1641,86.038,-34.625
1642,-70.678,-22.543
1643,28.193,34.016
1644,1.9798,-64.461
1645,18.952,-62.069
1646,9.7304,-70.057
1647,-9.5712,102.17
1648,71.32,-52.1
1649,54.019,-82.668
1650,-16.21,-16.186
1651,-71.099,60.152
1652,98.656,47.35
1653,23.516,-67.246
1654,-24.919,-71.957
1655,43.97,-84.465
1656,41.838,-28.336
1657,65.646,-46.415
1658,-26.998,-69.034
1659,46.291,-65.511
1660,-4.2971,89.968
1661,-80.264,2.8537
1662,51.085,-50.577
1663,19.079,-61.864
1664,-92.482,16.139
1665,22.238,-59.779
1666,-88.808,-22.483
1667,-5.6675,75.503
1668,90.07,-30.698
1669,-68.879,55.126
1670,44.806,-41.065
1671,-103.7,28.525
1672,82.096,-42.109
1673,-67.39,-52.498
1674,80.23,-47.122
1675,-32.941,-68.803
1676,48.806,-65.416
1677,20.878,9.6714
1678,-70.342,-19.868
1679,49.997,-82.748
1680,64.783,-26.144
1681,-28.201,-5.5864
1682,14.952,-59.049
1683,-87.504,42.855
1684,-12.279,44.082
1685,57.452,-9.4384
1686,-84.18,21.488
1687,45.349,-11.918
1688,-104.95,-0.38679
1689,-11.997,41.826
1690,45.324,1.095
1691,57.259,-40.369
1692,-94.758,17.044
1693,-100.72,-30.469
1694,9.9798,-69.095
1695,30.309,-41.297
1696,-29.294,-30.674
1697,-94.662,19.757
1698,73.89,85.68
1699,-12.762,-4.7228
1700,-71.2,-25.538
1701,-3.7488,-39.404
1702,21.16,-59.651
1703,88.893,-43.265
1704,53.278,-26.684
1705,-89.995,27.692
1706,60.449,-68.521
1707,18.733,-61.972
1708,-16.301,-51.745
1709,87.317,-17.929
1710,30.008,-82.686
1711,6.6132,-115.44
1712,-15.423,-5.432
1713,6.5889,-115.43
1714,6.5613,-115.42
1715,-96.97,29.301
1716,-21.198,-65.861
1717,13.066,-69.206
1718,19.74,-51.944
1719,-94.007,-8.3987
1720,52.95,-16.377
1721,-75.856,-11.918
1722,-79.354,48.485
1723,-7.9334,8.2915
1724,-5.2915,-6.0957
1725,-99.809,28.982
1726,63.859,55.266
1727,1.4573,-49.38
1728,-7.6486,-51.04
1729,-74.944,-12.724
1730,91.054,-27.383
1731,-72.564,-29.07
1732,-82.966,-40.779
1733,64.759,53.629
1734,37.669,-62.788
1735,21.055,-62.995
1736,52.113,-60.284
1737,-68.845,34.807
1738,25.83,46.989
1739,58.873,-76.39
1740,38.168,-78.201
1741,-9.1555,-10.514
1742,-88.876,-18.83
1743,47.244,-69.27
1744,59.483,-52.931
1745,39.279,-63.39
1746,10.825,-31.734
1747,-91.808,22.674
1748,13.639,32.258
1749,31.94,-21.771
1750,18.142,-20.777
1751,31.198,49.236
1752,71.914,-57.334
1753,20.565,-48.373
1754,-28.939,26.452
1755,-25.265,-95.953
1756,-95.636,5.816
1757,93.228,-24.784
1758,79.075,-1.125
1759,-114.16,13.393
1760,40.561,16.529
1761,48.753,19.264
1762,15.046,-59.085
1763,14.427,-57.152
1764,63.271,-44.663
1765,0.76854,-88.815
1766,23.759,-94.409
1767,-93.289,6.2331
1768,30.053,-16.655
1769,58.405,5.6503
1770,-96.765,27.304
1771,-4.6452,-3.408
1772,-61.026,-13.919
1773,51.099,73.799
1774,30.046,17.634
1775,87.061,-11.666
1776,35.467,-87.692
1777,-20.364,27.514
1778,-39.623,12.819
1779,70.986,-38.153
1780,45.869,18.924
1781,83.191,-3.5876
1782,-101.66,-11.153
1783,-44.608,-30.611
1784,34.989,-34.326
1785,1.7019,-61.872
1786,31.888,-92.202
1787,9.7373,-52.934
1788,-88.996,-18.493
1789,-79.942,-65.617
1790,-61.267,-21.378
1791,74.885,-44.398
1792,32.876,-21.609
1793,-69.566,3.8304
1794,54.896,-86.901
1795,-105.1,33.98
1796,38.949,-70.441
1797,40.658,-5.3707
1798,-26.694,-10.621
1799,37.52,-83.457
1800,7.5331,74.119
1801,19.547,-63.275
1802,43.186,21.961
1803,51.977,-84.07
1804,-61.101,49.133
1805,18.83,-65.639
1806,57.626,-48.53
1807,51.402,-76.739
1808,33.029,11.101
1809,-90.755,45.728
1810,61.838,54.733
1811,45.813,42.29
1812,-54.72,1.4588
1813,86.99,-12.878
1814,-11.506,-3.9531
1815,-76.868,34.06
1816,-60.756,-79.002
1817,40.3,-34.007
1818,16.504,-61.796
1819,-74.636,-18.515
1820,-33.351,-25.629
1821,52.483,-83.071
1822,68.424,25.389
1823,-77.906,-70.935
1824,40.628,-9.2615
1825,-23.295,-72.485
1826,44.778,-71.658
1827,-4.3399,37.113
1828,18.303,12.921
1829,78.651,-2.2009
1830,45.576,-43.386
1831,-5.2995,-2.3749
1832,42.748,-33.222
1833,-10.285,-94.35
1834,73.206,-9.8363
1835,87.127,-11.483
1836,14.206,-55.373
1837,-24.667,-10.379
1838,-34.069,-6.9987
1839,66.2,-52.244
1840,3.5471,-25.027
1841,64.422,66.792
1842,70.498,-5.3354
1843,-1.8534,11.257
1844,53.081,-75.851
1845,-4.2977,-61.875
1846,-20.834,-93.593
1847,-103.22,29.105
1848,-106.23,-10.965
1849,75.907,-78.12
1850,-22.057,10.05
1851,62.403,-27.535
1852,9.7074,-13.164
1853,-8.2516,32.579
1854,-46.293,-33.033
1855,41.416,-76.542
1856,-101,10.871
1857,-31.604,90.627
1858,46.582,50.308
1859,36.99,-19.748
1860,45.769,-42.929
1861,53.434,-45.721
1862,-21.748,-67.615
1863,0.39782,-73.166
1864,-31.516,-0.87786
1865,61.602,-21.996
1866,-35.055,-33.491
1867,50.594,-71.643
1868,41.191,45.602
1869,-62.216,17.53
1870,-119.56,14.936
1871,4.0493,-59.34
1872,18.862,-96.252
1873,49.643,-82.347
1874,25.391,-84.504
1875,-5.2503,0.35604
1876,47.996,-66.672
1877,70.165,-10.208
1878,-84.01,34.522
1879,14.911,9.6511
1880,-10.638,37.465
1881,-25.019,-91.694
1882,-74.883,-16.223
1883,-13.502,-1.9088
1884,-22.539,-86.167
1885,88.059,45.698
1886,66.507,88.618
1887,-118.44,38.327
1888,-52.315,-13.003
1889,-70.293,14.28
1890,35.213,85.471
1891,3.5521,-85.699
1892,7.4741,20.365
1893,50.647,-25.848
1894,28.944,-56.551
1895,91.612,-15.828
1896,-118,39.602
1897,-72.347,-29.649
1898,90.47,-31.134
1899,-25.604,-88.694
1900,-81.064,21.689
1901,-36.594,-79.999
1902,11.984,-58.672
1903,-24.702,28.143
1904,-21.264,-59.985
1905,-104.4,35.221
1906,-92.216,-5.2534
1907,-5.2087,-39.01
1908,65.377,-64.479
1909,-33.475,92.546
1910,49.802,-7.9002
1911,-38.221,-1.1101
1912,-101.88,28.076
1913,70.504,-19.715
1914,73.243,-15.335
1915,-117.98,39.648
1916,-17.868,51.383
1917,-34.777,-25.357
1918,-38.888,-91.664
1919,2.8827,8.5998
1920,23.602,-57.698
1921,-52.07,-37.224
1922,66.954,25.589
1923,69.678,-1.3544
1924,79.405,49.843
1925,74.56,-7.9434
1926,30.252,-69.146
1927,-78.947,-61.274
1928,71.457,-9.3225
1929,-42.59,-32.458
1930,-25.878,-7.9156
1931,17.709,-64.625
1932,3.5443,27.495
1933,-11.478,-52.279
1934,21.022,-62.853
1935,41.786,-64.002
1936,31.68,-20.093
1937,26.367,-45.359
1938,68.034,-56.627
1939,53.325,-83.452
1940,-78.954,6.3
1941,98.841,51.471
1942,1.819,-36.662
1943,8.9114,45.87
1944,-25.888,-8.6843
1945,-68.759,18.405
1946,-33.948,-33.81
1947,-100.1,31.859
1948,37.835,-57.691
1949,18.139,-62.759
1950,18.429,-66.376
1951,20.723,-64.306
1952,7.0742,-82.012
1953,87.364,-17.975
1954,-80.991,36.399
1955,-74.301,-30.411
1956,-28.697,-82.253
1957,-25.011,40.346
1958,25.198,10.69
1959,91.316,-30.744
1960,-79.328,6.2691
1961,-16.362,-5.6572
1962,-3.9687,-7.4757
1963,-61.267,-10.516
1964,17.922,-65.113
1965,44.72,-85.303
1966,45.22,-73.878
1967,-92.465,25.344
1968,68.171,-17.593
1969,-90.817,17.168
1970,-20.198,-3.8764
1971,19.664,-60.176
1972,17.051,-67.114
1973,40.111,-89.193
1974,66.027,-64.192
1975,79.283,-56.329
1976,81.018,-39.048
1977,73.89,85.68
1978,19.084,-63.613
1979,67.633,-55.41
1980,-93.036,23.673
1981,44.168,19.474
1982,-64.475,-43.278
1983,-2.6906,-2.6185
1984,-48.869,-34.253
1985,64.587,65.254
1986,66.419,25.356
1987,-69.138,-18.914
1988,23.575,49.448
1989,38.233,-33.576
1990,26.318,-1.0348
1991,46.997,-20.6
1992,-92.582,13.802
1993,54.83,-16.887
1994,89.715,7.3678
1995,15.114,-60.525
1996,6.8009,-55.13
1997,49.147,-65.465
1998,19.613,-51.997
1999,-22.021,-59.852
2000,36.502,92.038
2001,69.566,-53.758
2002,-12.341,36.611
2003,-25.591,34.782
2004,90.842,-27.574
2005,-70.994,-75.176
2006,35.291,-45.775
2007,33.193,-15.709
2008,21.27,-10.442
2009,-48.752,-23.396
2010,67.991,-59.884
2011,-71.022,-18.988
2012,41.765,54.861
2013,51.06,-48.969
2014,23.131,-67.591
2015,35.635,-93.025
2016,59.759,-53.882
2017,-28.036,-84.203
2018,-16.809,11.296
2019,-79.943,-65.611
2020,27.748,-80.033
2021,81.035,-48.65
2022,30.337,-82.355
2023,3.8061,-58.519
2024,20.417,-63.501
2025,86.068,-1.2906
2026,91.077,-26.713
2027,30.341,56.184
2028,42.404,-79.372
2029,-29.422,-31.099
2030,-0.9829,-38.964
2031,52.987,-30.871
2032,41.577,50.384
2033,-34.95,-24.164
2034,50.091,-82.738
2035,53.169,-0.54967
2036,-78.993,-55.929
2037,70.286,2.2742
2038,49.273,-65.521
2039,55.692,-60.721
2040,22.551,-92.796
2041,24.421,-61.629
2042,4.2209,10.145
2043,9.0141,-48.184
2044,44.015,-65.333
2045,-23.432,-0.25942
2046,24.552,-73.472
2047,37.269,-19.741
2048,-5.4706,-22.767
2049,66.291,89.196
2050,7.7803,-114.85
2051,65.731,87.342
2052,-6.7509,-83.37
2053,60.206,-43.698
2054,-33.856,-79.863
2055,7.4008,17.804
2056,-4.508,37.618
2057,67.54,-58.351
2058,-18.258,-54.471
2059,64.673,9.6175
2060,93.206,-25.495
2061,-88.034,-23.342
2062,-85.728,21.428
2063,8.5285,-69.999
2064,22.291,-60.596
2065,48.294,-12.788
2066,-22.164,37.777
2067,72.636,-3.0324
2068,53.918,-62.244
2069,-66.994,-56.706
2070,-44.512,52.826
2071,67.639,-24.509
2072,91.415,-42.173
2073,17.929,-20.606
2074,-63.074,46.977
2075,62.41,17.807
2076,-27.03,-84.72
2077,-115.48,13.275
2078,71.444,27.057
2079,-108.13,-8.7927
2080,-95.044,23.48
2081,17.802,-66.225
2082,-54.122,-16.814
2083,64.866,-22.107
2084,-55.642,20.666
2085,48.206,24.133
2086,21.014,84.843
2087,-11.505,-25.316
2088,-97.355,24.457
2089,-28.423,-3.7511
2090,50.704,-66.305
2091,63.455,-28.348
2092,6.5515,-115.86
2093,6.7373,-115.69
2094,74.844,49.926
2095,-0.23468,8.977
2096,-81.04,-53.225
2097,2.836,-62.345
2098,23.574,-57.91
2099,16.349,-28.878
2100,44.656,-44.903
2101,-70.946,-42.464
2102,4.3103,-116.34
2103,-77.173,-57.425
2104,-79.162,-67.602
2105,-47.015,-24.338
2106,-13.371,42.964
2107,2.0754,-80.413
2108,-42.888,10.526
2109,-11.429,-68.142
2110,24.111,13.803
2111,58.216,-53.797
2112,90.384,-29.514
2113,50.363,-22.302
2114,51.975,-83.087
2115,-38.312,11.087
2116,79.273,-9.7971
2117,-35.878,68.385
2118,-88.702,-21.222
2119,56.731,-55.9
2120,90.264,29.905
2121,-18.651,-60.447
2122,-43.421,-1.4861
2123,31.202,-56.477
2124,-23.225,-70.831
2125,-48.566,34.363
2126,6.3205,-117.06
2127,26.59,11.87
2128,56.211,-58.78
2129,13.742,-69.137
2130,11.694,-79.119
2131,11.028,-37.575
2132,9.3693,-68.639
2133,-3.751,30.359
2134,89.226,-15.775
2135,54.205,-77.513
2136,-68.075,-81.276
2137,-86.089,-21.277
2138,73.068,-83.261
2139,-38.267,-74.773
2140,56.51,-33.706
2141,20.926,-63.12
2142,-30.841,-7.0044
2143,-68.594,-26.759
2144,100.85,-57.225
2145,59.307,-83.603
2146,11.074,-57.168
2147,54.275,-58.481
2148,38.083,-34.474
2149,44.251,-71.827
2150,44.734,-23.655
2151,42.29,-75.961
2152,4.4064,-115.66
2153,36.588,-35.318
2154,17.88,-65.099
2155,44.197,-72.103
2156,-1.9326,72.091
2157,-83.702,30.321
2158,30.749,-40.028
2159,-74.024,-13.596
2160,54.32,34.695
2161,-5.1861,-26.631
2162,44.467,-72.092
2163,18.163,-64.94
2164,76.355,-77.138
2165,-65.968,12.759
2166,-8.9483,-0.07899
2167,-72.816,-27.463
2168,15.81,40.833
2169,-86.947,-23.936
2170,-47.215,-19.523
2171,22.343,-21.951
2172,-19.92,-65.079
2173,-10.706,-89.039
2174,48.24,50.466
2175,77.077,-75.376
2176,69.947,26.502
2177,-26.04,-94.919
2178,62.44,3.3227
2179,-0.25966,-23.25
2180,-117.93,39.293
2181,82.087,-8.3429
2182,50.773,-25.088
2183,48.217,-12.87
2184,40.816,-91.403
2185,-99.479,28.854
2186,52.118,-55.286
2187,13.915,-65.801
2188,55.539,-52.422
2189,-68.957,-19.142
2190,93.392,-28.039
2191,-12.496,44.696
2192,-101.63,22.834
2193,42.219,44.261
2194,77.547,24.504
2195,30.15,-81.514
2196,38.664,-34.257
2197,76.074,-59.951
2198,-34.129,56.285
2199,-70.737,-24.256
2200,-79.881,29.825
2201,-9.2964,-1.4207
2202,-27.698,-5.0028
2203,-24.286,-10.634
2204,48.618,-54.431
2205,77.321,-57.986
2206,54.994,-59.742
2207,23.445,-45.502
2208,-90.998,17.621
2209,-75.706,5.5607
2210,55.099,33.61
2211,32.77,22.36
2212,48.835,79.53
2213,73.858,-35.417
2214,2.5448,-33.081
2215,-13.998,-71.222
2216,52.509,-75.793
2217,27.862,-51.117
2218,78.797,-8.9549
2219,81.517,-51.428
2220,-14.154,-55.354
2221,23.558,-45.567
2222,38.612,-34.577
2223,-32.36,-82.016
2224,10.485,-38.952
2225,-36.803,67.803
2226,63.038,-42.711
2227,70.992,31.656
2228,-19.197,-29.141
2229,-79.82,-66.436
2230,26.142,-62.285
2231,44.25,-85.851
2232,50.597,-64.751
2233,46.734,-69.886
2234,-41.184,-31.969
2235,28.635,33.455
2236,-115.01,40.538
2237,-46.094,-8.8031
2238,-23.769,-69.262
2239,38.335,-70.193
2240,33.902,-63.454
2241,88.481,-23.949
2242,66.737,-59.098
2243,5.4442,22.751
2244,81.099,0.41344
2245,-28.684,-22.085
2246,2.0458,-36.502
2247,-40.406,0.40633
2248,52.609,-76.059
2249,-41.488,-33.443
2250,46.285,-3.2591
2251,34.395,50.325
2252,11.857,-66.771
2253,-45.473,9.8405
2254,17.327,-32.016
2255,-5.4963,-52.687
2256,74.557,-56.09
2257,71.822,-57.117
2258,-106.6,-13.176
2259,-101.95,29.048
2260,45.505,103.4
2261,22.064,-87.96
2262,-55.02,-58.292
2263,66.864,-11.463
2264,-0.97767,9.9428
2265,-28.909,-6.08
2266,86.847,-15.361
2267,67.61,-17.697
2268,-2.0757,63.947
2269,21.184,-33.167
2270,-14.742,-2.2196
2271,17.454,40.077
2272,49.123,-56.399
2273,79.094,-16.052
2274,70.229,-43.469
2275,14.062,-64.626
2276,14.986,-55.09
2277,7.1699,-77.463
2278,-13.496,-5.7907
2279,-117.69,39.227
2280,-14.303,-88.254
2281,-25.818,18.7
2282,9.776,-10.412
2283,-53.635,-57.346
2284,10.418,28.574
2285,-117.64,39.768
2286,-95.069,23.854
2287,33.033,-17.715
2288,45.398,-79.32
2289,19.131,-61.525
2290,21.912,-61.711
2291,2.6491,30.999
2292,3.3713,54.298
2293,17.927,33.098
2294,79.78,-15.529
2295,38.532,16.555
2296,-5.7906,-6.3702
2297,65.883,-59.187
2298,16.935,7.0354
2299,-0.44632,-60.232
2300,33.003,49.642
2301,55.459,77.28
2302,48.992,-64.201
2303,-9.4724,-64.426
2304,43.376,-79.271
2305,-6.7095,-92.31
2306,50.606,26.382
2307,75.338,-46.143
2308,39.968,-65.745
2309,-18.073,13.891
2310,78.103,-57.498
2311,-18.654,-78.586
2312,77.231,-31.362
2313,-117.46,10.077
2314,-103.39,30.407
2315,-80.258,-41.874
2316,-16.41,-7.3204
2317,-13.094,0.88998
2318,34.11,90.883
2319,26.045,-83.801
2320,1.1168,-60.303
2321,49.308,-0.095353
2322,29.772,-48.417
2323,36.029,-32.135
2324,54.693,-86.876
2325,92.23,-25.03
2326,-79.957,-65.5
2327,82.458,-49.38
2328,57.615,-20.447
2329,68.863,-26.368
2330,86.846,-1.6539
2331,91.552,-21.586
2332,-59.376,-22.195
2333,-72.05,-77.061
2334,86.281,-35.129
2335,98.884,19.879
2336,9.1518,-69.906
2337,-23.668,-69.948
2338,2.562,5.2233
2339,12.957,-67.239
2340,87.297,-13.611
2341,-2.072,54.029
2342,-13.993,-87.996
2343,78.539,-5.7774
2344,52.886,-55.495
2345,90.176,-19.475
2346,49.759,-32.028
2347,6.4671,-85.197
2348,51.839,22.593
2349,43.723,-22.943
2350,-14.469,42.252
2351,-35.027,67.083
2352,36.757,35.59
2353,55.765,-81.55
2354,-20.326,-75.644
2355,65.663,-16.64
2356,-87.538,42.903
2357,-66.557,-37.667
2358,24.901,-48.381
2359,2.0636,-36.507
2360,-3.958,48.708
2361,88.053,-26.593
2362,-114.99,40.547
2363,-11.926,-3.6771
2364,-71.116,12.832
2365,65.099,67.041
2366,-12.882,38.596
2367,10.086,-2.583
2368,65.703,87.358
2369,46.04,-63.024
2370,48.184,-64.769
2371,78.113,-3.5333
2372,73.808,-58.998
2373,63.746,7.5068
2374,-117,38.391
2375,85.581,45.428
2376,56.751,-55.381
2377,34.259,-30.195
2378,45.54,-72.738
2379,55.58,-7.4434
2380,-64.87,-85.055
2381,42.185,-86.124
2382,8.3792,-70.147
2383,-14.326,81.083
2384,35.145,-33.541
2385,42.5,-79.451
2386,37.529,54.324
2387,-10.345,0.96052
2388,30.485,-22.983
2389,47.047,80.362
2390,46.722,37.735
2391,-70.882,-77.995
2392,-26.564,4.8177
2393,11.506,6.4125
2394,8.6179,-69.588
2395,39.563,41.276
2396,-15.591,33.046
2397,-3.2103,52.145
2398,-5.3928,-22.476
2399,43.762,-20.553
2400,50.781,-49.789
2401,-10.221,2.8974
2402,73.89,85.68
2403,-7.2919,-1.8881
2404,16.746,48.245
2405,-6.0064,-91.691
2406,70.655,-60.135
2407,57.505,-46.461
2408,86.681,-17.746
2409,39.085,54.557
2410,66.119,-29.961
2411,37.435,-30.803
2412,75.999,-43.605
2413,6.7869,-27.142
2414,-9.3662,-88.707
2415,-58.881,-20.051
2416,-11.386,-1.423
2417,83.101,-25.083
2418,-83.017,26.2
2419,-38.528,-0.052222
2420,25.38,-27.948
2421,10.575,-58.848
2422,8.4725,-79.397
2423,32.931,-67.149
2424,-8.5987,-9.0903
2425,70.98,-39.775
2426,66.439,88.746
2427,-77.92,-59.841
2428,-38.567,-77.174
2429,66.642,54.114
2430,22.172,72.736
2431,89.007,-15.502
2432,9.6115,-81.775
2433,48.071,3.418
2434,48.578,40.343
2435,-8.4882,8.8667
2436,21.51,-63.287
2437,9.9148,-3.0173
2438,73.891,85.68
2439,-66.477,18.114
2440,32.512,-64.416
2441,49.047,-48.116
2442,14.62,-67.773
2443,-33.483,-81.928
2444,48.69,2.2961
2445,80.971,-3.1263
2446,89.608,-41.851
2447,84.489,-26.236
2448,-115.16,40.482
2449,16.331,-58.118
2450,13.078,18.18
2451,42.065,-54.465
2452,20.342,-50.848
2453,-22.909,-83.018
2454,47.408,-75.704
2455,-81.801,-5.276
2456,62.466,-25.234
2457,20.732,-24.944
2458,-14.244,-1.7082
2459,-104.64,18.106
2460,-19.939,-40.304
2461,-59.773,-22.623
2462,-26.571,-8.6397
2463,19.567,-38.079
2464,-11.327,-67.068
2465,-49.833,72.509
2466,40.927,-41.407
2467,58.74,-52.272
2468,-37.469,-32.067
2469,32.68,53.162
2470,-42.323,-0.3716
2471,19.957,-62.038
2472,14.495,32.703
2473,41.803,-86.287
2474,4.3103,-116.34
2475,-5.4024,2.1817
2476,-45.437,-23.54
2477,65.611,-28.501
2478,84.152,-36.242
2479,8.4671,-28.132
2480,20.14,6.4853
2481,33.404,-17.713
2482,92.922,-17.407
2483,72.014,-13.871
2484,-32.017,25.086
2485,87.828,-39.066
2486,32.432,52.737
2487,-0.61449,11.863
2488,-1.7813,-45.82
2489,-8.5024,42.638
2490,42.289,-84.347
2491,35.785,-62.893
2492,-3.3034,-35.784
2493,44.81,80.29
2494,-33.194,-38.908
2495,59.993,-1.9666
2496,-1.0546,13.051
2497,14.289,-57.457
2498,43.669,-85.407
2499,50.977,-64.316
2500,29.968,-80.809
2501,40.777,-52.077
2502,89.482,-15.165
2503,64.997,-6.1958
2504,64.134,27.259
2505,-59.971,-15.473
2506,19.307,-63.309
2507,0.60071,-13.237
2508,2.3623,-84.515
2509,-10.811,80.867
2510,69.333,-10.397
2511,-100.49,-30.338
2512,-7.7473,-3.1941
2513,-69.29,50.913
2514,-37.355,-23.344
2515,-83.369,36.389
2516,-4.0975,-87.958
2517,2.2818,-7.4818
2518,1.9067,-8.2089
2519,3.825,8.7285
2520,70.792,-8.5289
2521,69.37,-19.371
2522,55.788,-2.2218
2523,-75.963,-71.781
2524,43.433,-23.581
2525,-39.872,58.681
2526,13.602,-32.82
2527,73.89,85.681
2528,-80.769,-41.271
2529,67.37,-8.6188
2530,39.804,13.03
2531,-39.889,-1.2126
2532,-28.497,43.176
2533,-29.857,-1.7053
2534,27.295,50.548
2535,13.688,-64.322
2536,5.3949,11.309
2537,-0.24899,-79.748
2538,38.275,-34.718
2539,58.885,-39.096
2540,51.371,-71.645
2541,-117.84,39.249
2542,-81.021,-24.424
2543,7.8633,-113.97
2544,0.5315,31.821
2545,-36.105,-13.547
2546,-39.343,13.743
2547,-26.371,-32.815
2548,77.652,-6.292
2549,66.149,25.522
2550,-71.702,-77.044
2551,7.9782,-115.52
2552,-80.731,27.063
2553,-6.7923,3.9795
2554,-33.769,-1.1897
2555,43.243,-59.727
2556,40.154,-58.537
2557,-34.153,-85.729
2558,-72.546,-7.6513
2559,55.915,-3.2715
2560,31.165,-15.897
2561,79.294,-8.849
2562,55.288,-21.772
2563,26.19,-17.765
2564,-70.014,-23.994
2565,-42.45,18.473
2566,66.201,-59.053
2567,46.772,-78.907
2568,35.222,-88.671
2569,-106.06,-12.908
2570,-84.002,31.833
2571,55.621,-22.653
2572,56.852,-67.955
2573,17.175,-31.321
2574,48.208,-66.635
2575,50.516,-75.147
2576,-44.259,18.351
2577,38.822,-70.71
2578,31.925,-58.182
2579,73.89,85.68
2580,-26.786,38.484
2581,9.4973,-68.318
2582,-23.509,-3.3638
2583,-53.081,-59.261
2584,-19.441,-73.715
2585,69.781,-12.654
2586,62.558,-25.199
2587,86.058,-11.123
2588,-53.396,-24.831
2589,7.8361,22.506
2590,57.965,-56.016
2591,-72.02,-43.788
2592,-47.484,2.6449
2593,-49.144,-84.045
2594,10.928,-17.764
2595,65.909,-44.943
2596,77.869,-56.165
2597,3.9695,24.745
2598,-13.962,-52.599
2599,-42.978,-1.0879
2600,68.87,-56.963
2601,44.374,-84.198
2602,62.01,14.172
2603,63.862,-19.73
2604,21.625,-63.852
2605,36.245,-61.132
2606,-117.98,39.648
2607,-37.891,3.2498
2608,26.505,-86.688
2609,48.839,-10.797
2610,59.432,-46.775
2611,54.608,-4.2457
2612,-33.822,-33.671
2613,87.13,-36.725
2614,56.535,73.455
2615,-37.003,-22.533
2616,-79.069,6.5177
2617,-10.435,-52.268
2618,-37.47,13.174
2619,43.61,-60.296
2620,-32.974,58.821
2621,-31.953,69.859
2622,32.594,-51.92
2623,86.478,-10.539
2624,-72.099,-74.87
2625,65.113,25.382
2626,35.567,25.083
2627,-63.872,1.9189
2628,12.238,-58.175
2629,19.177,-61.569
2630,55.192,1.0918
2631,39.997,-44.701
2632,62.031,-69.153
2633,-14.595,-41.961
2634,91.162,34.209
2635,-46.749,66.062
2636,-42.066,3.0638
2637,23.233,-51.303
2638,59.041,-47.827
2639,-3.353,31.467
2640,-7.6118,-22.09
2641,-3.5865,54.862
2642,44.652,-85.22
2643,35.997,14.552
2644,11.459,45.948
2645,-47.666,-17.165
2646,29.646,88.666
2647,79.556,-15.722
2648,49.094,-11.005
2649,12.977,-58.945
2650,47.95,10.354
2651,29.836,-92.984
2652,67.701,-17.215
2653,-0.73546,58.596
2654,-2.9687,0.62299
2655,22.823,37.573
2656,40.162,13.796
2657,-31.944,-11.459
2658,56.753,-50.131
2659,89.206,-43.301
2660,90.52,-27.314
2661,52.204,-86.02
2662,31.915,56.287
2663,-15.742,9.4
2664,-70.065,50.959
2665,-5.2332,34.638
2666,43.739,25.656
2667,-20.078,-92.375
2668,68.577,37.072
2669,-4.6408,-48.602
2670,31.585,53.452
2671,10.262,-25.077
2672,59.377,-62.668
2673,-79.228,31.388
2674,84.178,-16.184
2675,6.7281,-31.799
2676,76.81,-6.5031
2677,72.643,-14.459
2678,-95.902,1.7026
2679,18.838,-22.54
2680,-33.158,-70.074
2681,46.016,-68.964
2682,4.0387,28.488
2683,-4.2752,50.457
2684,22.298,-63.926
2685,56.468,-68.587
2686,84.146,-27.066
2687,35.457,-54.422
2688,-78.837,-56.267
2689,-34.966,38.748
2690,-45.733,-0.49021
2691,-40.301,0.67249
2692,24.376,-61.473
2693,-1.8255,-82.967
2694,57.392,-70.951
2695,73.499,-10.483
2696,24.599,-16.711
2697,-83.186,-28.663
2698,86.088,12.057
2699,19.943,-60.559
2700,0.099081,58.794
2701,19.957,7.409
2702,64.307,-41.47
2703,58.928,18.603
2704,-77.894,-70.845
2705,96.771,56.078
2706,-25.464,46.597
2707,0.32683,-49.736
2708,-9.94,-95.913
2709,41.657,5.9952
2710,-81.081,-53.385
2711,72.624,-53.459
2712,-32.79,-28.758
2713,19.429,-62.903
2714,-42.928,-1.6929
2715,-25.928,-70.262
2716,90.232,-27.373
2717,86.318,-10.939
2718,51.203,-76.515
2719,70.447,-20.352
2720,-18.939,-5.1264
2721,6.9227,-113.01
2722,6.5571,-115.85
2723,47.41,-69.22
2724,51.36,-66.249
2725,42.553,-59.54
2726,-33.899,1.6229
2727,53.112,-85.923
2728,18.756,-85.614
2729,48.469,-26.898
2730,69.53,-14.609
2731,-79.749,-66.641
2732,-33.984,25.567
2733,53.618,-6.9171
2734,20.09,-43.129
2735,99.684,-64.722
2736,76.723,-43.981
2737,68.755,-26.704
2738,55.782,-7.2781
2739,-7.1197,36.391
2740,33.813,-26.899
2741,-86.296,-23.19
2742,56.501,-48.276
2743,-7.2485,-6.092
2744,-94.999,17.642
2745,-24.585,-86.698
2746,15.049,9.3649
2747,66.293,89.081
2748,30.533,50.079
2749,-72.303,10.604
2750,26.416,-38.843
2751,72.506,-56.607
2752,88.685,-41.81
2753,73.829,-50.012
2754,25.293,-27.906
2755,20.491,7.3099
2756,-7.8074,35.681
2757,25.15,-27.839
2758,19.078,-51.688
2759,-24.179,-83.789
2760,108.56,10.778
2761,40.769,-41.31
2762,-31.175,-9.2513
2763,23.354,6.9458
2764,1.6127,-14.87
2765,54.764,-86.292
2766,86.28,-21.53
2767,79.343,-47.114
2768,18.619,-22.519
2769,-108.73,-8.9187
2770,6.2184,25.527
2771,-5.9412,79.952
2772,48.246,-85.877
2773,28.684,19.106
2774,8.4306,-69.458
2775,21.903,-41.486
2776,32.887,-63.62
2777,-1.4641,-75.045
2778,-26.448,-7.8621
2779,-12.304,83.021
2780,58.589,-9.9749
2781,26.985,53.985
2782,-30.524,-31.529
2783,40.912,-41.345
2784,-101.09,27.777
2785,-79.009,36.064
2786,75.586,-49.795
2787,48.258,-82.735
2788,26.192,-74.371
2789,-22.66,57.71
2790,33.893,-43.78
2791,69.866,-1.7945
2792,58.681,24.629
2793,-79.787,-66.529
2794,47.691,54.048
2795,27.224,22.977
2796,-5.9819,-50.561
2797,55.12,-51.564
2798,41.54,-50.602
2799,62.111,-60.501
2800,53.102,-49.666
2801,83.521,-0.93301
2802,62.979,55.608
2803,23.274,9.2483
2804,-25.09,-69.224
2805,36.29,-53.339
2806,-70.029,33.092
2807,-6.8629,-1.5014
2808,56.534,-19.42
2809,38.206,-89.92
2810,87.472,-11.441
2811,-38.703,-73.532
2812,68.226,-59.435
2813,83.129,-1.055
2814,-11.313,-1.4124
2815,-16.345,-1.172
2816,-107.68,-9.1112
2817,66.017,29.912
2818,35.362,-24.072
2819,20.824,-62.671
2820,45.018,-64.608
2821,25.851,-60.467
2822,53.029,-56.458
2823,21.303,-51.658
2824,-7.9969,-6.8323
2825,-53.319,25.454
2826,49.262,42.606
2827,78.069,-48.217
2828,-21.192,-60.184
2829,60.002,14.046
2830,-22.039,-92.641
2831,-8.8405,52.83
2832,13.188,-31.799
2833,58.848,-23.108
2834,17.043,-99.027
2835,84.51,-48.285
2836,79.903,-32.483
2837,-101.71,28.502
2838,-66.941,-52.543
2839,-97.137,6.663
2840,-42.261,-13.167
2841,21.654,-39.815
2842,36.831,-71.48
2843,91.605,-27.213
2844,63.955,88.158
2845,69.488,30.694
2846,21.978,-64.055
2847,30.987,-86.274
2848,84.625,38.171
2849,55.767,-83.869
2850,73.892,85.682
2851,-77.653,-53.434
2852,-117.62,39.762
2853,-22.46,39.076
2854,48.809,22.887
2855,20.589,9.5293
2856,-60.67,-13.963
2857,23.293,-51.201
2858,19.074,-51.641
2859,-39.083,-2.2159
2860,-10.24,33.437
2861,-88.252,43.071
2862,-103.66,27.318
2863,-74.413,-73.943
2864,-21.625,-29.504
2865,1.7035,-7.8671
2866,52.987,-62.615
2867,-101.03,26.444
2868,-73.621,-15.401
2869,25.619,52.792
2870,36.622,-88.42
2871,78.092,-29.308
2872,56.06,-52.249
2873,75.727,-78.481
2874,55.453,-39.615
2875,26.635,96.271
2876,30.084,11.347
2877,75.957,0.27606
2878,54.598,-78.071
2879,-7.6284,35.995
2880,-92.29,13.099
2881,-33.692,-28.707
2882,-6.2655,60.582
2883,9.4978,-59.038
2884,19.87,-65.526
2885,18.628,-49.82
2886,78.422,-48.792
2887,34.045,-69.844
2888,-11.86,-6.0959
2889,-36.996,42.902
2890,-6.2187,-88.499
2891,40.155,-35.27
2892,30.526,-47.52
2893,23.637,49.386
2894,7.8022,-46.174
2895,12.14,-57.674
2896,28.547,-80.969
2897,83.197,-1.7587
2898,65.733,-29.022
2899,49.793,-18.805
2900,-101.09,27.796
2901,-11.819,-4.7817
2902,31.773,17.854
2903,52.376,52.191
2904,-84.876,20.868
2905,28.215,-82.702
2906,32.458,20.943
2907,19.55,-56.459
2908,54.281,-49.963
2909,87.313,11.037
2910,56.892,-40.277
2911,48.472,43.774
2912,-25.072,9.1924
2913,73.89,85.681
2914,-3.8224,49.953
2915,-43.037,-33.941
2916,81.118,-5.5786
2917,-16.833,-7.4037
2918,-23.788,52.023
2919,70.352,-2.5848
2920,-0.28535,58.557
2921,17.821,7.2455
2922,50.021,-7.6114
2923,76.587,-1.4165
2924,42.931,14.817
2925,-19.274,-0.25081
2926,6.6647,-115.79
2927,-31.77,22.253
2928,68.745,-20.577
2929,-81.319,-9.6064
2930,36.713,-63.196
2931,7.1048,-85.145
2932,15.69,-67.359
2933,-34.871,-24.025
2934,44.739,7.1852
2935,-34.541,-12.096
2936,-0.93848,-38.961
2937,11.322,-26.331
2938,27.182,3.2539
2939,-73.038,62.731
2940,88.105,-16.169
2941,-8.7454,-11.078
2942,46.823,-78.463
2943,59.696,-34.881
2944,2.0647,-61.274
2945,91.845,-20.105
2946,-6.0503,-37.611
2947,27.338,-31.205
2948,76.482,-76.845
2949,50.445,39.422
2950,-6.6114,32.022
2951,-1.0872,12.654
2952,30.161,-46.813
2953,44.819,-70.321
2954,86.706,-12.334
2955,81.057,-49.79
2956,29.076,-30.679
2957,85.212,-3.7626
2958,-88.114,43.146
2959,20.09,7.9446
2960,3.0849,-81.29
2961,29.47,-24.835
2962,-9.183,29.971
2963,-11.906,-65.944
2964,69.704,-21.537
2965,-13.985,43.495
2966,23.728,-58.024
2967,14.088,15.594
2968,86.833,-2.26
2969,75.554,-38.15
2970,65.511,88.115
2971,-95.572,23.707
2972,-107.36,-11.858
2973,-40.865,-27.879
2974,18.633,-53.268
2975,63.329,-44.185
2976,3.0744,76.192
2977,24.961,-43.067
2978,79.946,-46.848
2979,25.035,-31.857
2980,87.825,-24.106
2981,-55.097,62.024
2982,-12.599,-3.5762
2983,-20.299,8.9129
2984,-97.458,3.2981
2985,-40.992,50.708
2986,-7.5288,-47.194
2987,-0.91041,57.977
2988,82.006,-33.332
2989,51.113,9.4413
2990,52.032,-76.463
2991,35.817,13.975
2992,-3.5815,-2.0714
2993,-93.235,24.283
2994,-101.15,8.5825
2995,-72.652,-74.536
2996,19.98,-68.697
2997,3.8796,-58.743
2998,7.9867,-22.302
2999,25.326,8.8488
3000,54.406,-58.03
3001,78.848,-49.178
3002,86.09,-7.7834
3003,35.499,-65.575
3004,17.162,40.184
3005,-29.014,-92.85
3006,51.361,75.222
3007,64.968,-41.315
3008,-80.316,2.8069
3009,7.5866,47.437
3010,27.465,-82.319
3011,-15.871,-88.275
3012,32.977,-67.796
3013,53.135,-55.83
3014,-25.072,-31.663
3015,0.16855,-73.442
3016,6.8855,-20.894
3017,9.8042,-78.316
3018,-38.889,13.458
3019,-0.28779,70.741
3020,76.766,-54.913
3021,-88.24,44.716
3022,-13.778,-0.59096
3023,-7.8539,83.561
3024,29.905,-31.613
3025,27.521,29.734
3026,24.318,9.6613
3027,23.332,-40.186
3028,35.29,-81.367
3029,77.749,-29.143
3030,43.729,-20.535
3031,-80.516,-5.7637
3032,-29.553,2.8455
3033,5.1468,-59.373
3034,3.9067,60.345
3035,2.9669,62.189
3036,55.263,-56.845
3037,80.784,-0.24964
3038,79.609,-55.556
3039,73.89,85.681
3040,-80.455,-41.652
3041,-65.366,17.752
3042,-4.6243,-45.47
3043,84.098,-19.944
3044,-35.986,13.387
3045,-32.345,-86.363
3046,27.464,-0.42766
3047,79.846,-9.2886
3048,87.169,-37.007
3049,-106.73,-7.7055
3050,-26.714,-32.207
3051,10.227,-4.2783
3052,84.059,-4.9833
3053,65.851,-52.14
3054,92.411,-26.71
3055,-32.358,23.462
3056,65.025,66.194
3057,20.288,-64.347
3058,-29.987,-13.354
3059,9.9206,-83.819
3060,12.21,-24.03
3061,36.739,-69.13
3062,-60.663,-13.446
3063,63.597,-50.232
3064,-79.325,47.401
3065,22.917,-17.697
3066,-65.03,-63.181
3067,38.27,-33.664
3068,21.417,-8.3754
3069,69.359,-58.563
3070,-20.516,1.1808
3071,-18.506,6.6392
3072,62.231,7.7825
3073,70.519,28.128
3074,40.812,-34.022
3075,48.257,-91.009
3076,57.696,-45.998
3077,62.889,-13.775
3078,93.065,-25.273
3079,51.01,-26.19
3080,71.014,-13.453
3081,74.874,-50.606
3082,73.568,-9.8812
3083,36.263,53.213
3084,-50.782,-20.871
3085,45.253,22.775
3086,20.24,-60.35
3087,37.468,-33.557
3088,62.562,-63.807
3089,28.895,4.4916
3090,79.683,-3.2378
3091,91.662,-30.051
3092,-113.13,14.203
3093,66.687,49.914
3094,-78.936,6.7378
3095,90.679,32.06
3096,6.4965,-31.396
3097,-81.246,-50.69
3098,-48.412,47.262
3099,2.0945,7.2815
3100,54.192,-64.529
3101,32.709,-12.806
3102,60.255,-1.8769
3103,15.523,-86.017
3104,-62.537,-11.909
3105,55.918,-28.388
3106,26.066,19.59
3107,65.527,-49.248
3108,-34.343,69.671
3109,75.84,-48.342
3110,84.946,-1.9233
3111,80.745,-2.3729
3112,77.72,-48.719
3113,-65.322,-42.612
3114,65.433,44.661
3115,-0.39573,34.647
3116,41.601,-63.938
3117,-7.2491,85.121
3118,55.726,-81.954
3119,-1.6507,51.155
3120,-45.611,44.22
3121,-27.097,49.548
3122,-72.572,-74.559
3123,-48.814,59.38
3124,3.3596,-65.681
3125,34.462,-28.766
3126,5.7073,28.161
3127,31.018,-87.476
3128,9.5188,-19.794
3129,17.334,-32.162
3130,8.1143,88.365
3131,45.127,-66.139
3132,70.666,-14.091
3133,70.379,-7.7385
3134,-91.336,30.302
3135,-23.502,-9.0645
3136,55.901,-40.093
3137,66.663,-61.479
3138,-3.2398,61.793
3139,66.357,-12.728
3140,64.96,-8.6908
3141,19.197,-1.0831
3142,-25.428,-8.4481
3143,20.605,-61.91
3144,24.607,-59.259
3145,18.512,-61.672
3146,75.745,-38.566
3147,69.202,-24.776
3148,-50.508,61.961
3149,59.692,4.907
3150,84.439,-47.708
3151,69.132,-21.302
3152,62.309,-13.662
3153,-103.86,-1.5848
3154,-3.6973,-8.8473
3155,-99.837,29.027
3156,31.31,47.011
3157,-34.025,8.3743
3158,8.158,-52.649
3159,79.317,-8.2766
3160,81.393,-3.0528
3161,-97.584,24.204
3162,46.82,22.681
3163,84.064,45.755
3164,-21.551,41.325
3165,47.09,21.323
3166,76.04,-56.823
3167,14.286,-35.741
3168,31.849,0.77837
3169,35.001,-6.9596
3170,73.329,-57.081
3171,52.378,-55.087
3172,25.351,-27.996
3173,65.751,-22.547
3174,-18.616,-2.6373
3175,-12.349,-10.734
3176,-80.265,-41.879
3177,-5.3703,75.284
3178,52.858,-87.697
3179,99.52,-64.753
3180,-0.23294,-30.721
3181,-75.375,2.7201
3182,-25.931,-87.17
3183,65.612,-51.893
3184,24.032,-81.335
3185,41.508,-39.802
3186,82,-47.768
3187,-80.466,-10.597
3188,-115.72,10.751
3189,-40.918,-25.577
3190,-1.0985,-62.603
3191,-9.9848,-39.418
3192,41.078,6.8286
3193,84.59,-0.74355
3194,50.112,3.8607
3195,72.934,-13.642
3196,-116.85,38.521
3197,47.647,32.045
3198,24.071,9.1383
3199,-80.209,-5.7014
3200,-26.328,-87.737
3201,-6.8938,36.299
3202,-6.6759,-22.62
3203,15.837,-63.846
3204,77.533,-9.9837
3205,89.389,-43.15
3206,-119.55,14.93
3207,10.022,-21.956
3208,-13.047,-77.698
3209,30.831,-40.76
3210,52.145,-84.573
3211,42.032,-40.92
3212,-2.6464,-0.62076
3213,-117.43,39.497
3214,38.314,-9.8927
3215,76.41,44.153
3216,92.496,59.357
3217,52.312,15.107
3218,-19.399,79.099
3219,-1.7685,65.51
3220,52.154,-41.692
3221,-3.6983,-103.93
3222,68.716,-56.668
3223,20.057,-68.481
3224,-9.1542,-7.0582
3225,2.5501,-53.085
3226,1.2017,63.668
3227,-21.932,-61.273
3228,-2.3457,-59.134
3229,2.3475,-17.49
3230,18.884,-38.548
3231,49.897,-63.328
3232,47.31,-79.961
3233,37.06,-63.262
3234,37.496,-92.295
3235,-78.801,-68.198
3236,-67.663,31.565
3237,0.80306,62.063
3238,47.353,16.971
3239,61.023,-24.543
3240,75.199,25.643
3241,-81.766,-30.255
3242,-65.276,-42.712
3243,55.939,-7.4973
3244,34.996,-24.185
3245,75.949,-47.353
3246,-14.887,86.145
3247,-29.612,80.604
3248,51.689,-50.809
3249,49.786,-54.826
3250,69.483,-9.4009
3251,43.252,-21.816
3252,-63.845,-29.608
3253,-98.751,31.817
3254,-70.772,-74.667
3255,-29.143,-6.6768
3256,18.708,-48.677
3257,4.0432,76.837
3258,29.252,-91.869
3259,93.091,-23.315
3260,47.575,17.378
3261,64.691,87.938
3262,41.79,86.608
3263,80.11,-34.687
3264,-20.428,42.409
3265,-4.1712,-75.684
3266,37.609,-85.229
3267,-81.837,64.789
3268,-78.062,49.758
3269,-85.814,15.02
3270,41.122,-45.072
3271,34.115,-60.097
3272,2.2882,-29.741
3273,66.219,-15.35
3274,-60.025,46.753
3275,51.939,22.001
3276,2.3453,-7.8163
3277,87.444,-11.528
3278,39.922,-57.207
3279,-50.465,85.463
3280,-60.15,-22.946
3281,-79.093,-55.333
3282,29.412,-80.349
3283,15.712,-66.758
3284,-28.131,-82.774
3285,21.816,-40.123
3286,81.888,-46.281
3287,57.968,-22.887
3288,51.879,-48.991
3289,-75.825,-12.292
3290,58.565,18.146
3291,-22.643,-91.102
3292,55.755,-51.988
3293,80.807,-34.876
3294,-13.314,-4.9289
3295,-24.033,-33.725
3296,-41.572,19.363
3297,51.948,21.81
3298,76.085,-45.381
3299,-23.817,-92.367
3300,44.018,-46.671
3301,36.186,-91.175
3302,43.887,-22.892
3303,-34.017,-32.477
3304,18.823,-79.819
3305,47.691,3.6828
3306,50.117,-75.748
3307,-21.07,-82.981
3308,74.041,-9.466
3309,-7.6916,7.7419
3310,-103.22,20.668
3311,59.246,48.339
3312,23.645,-45.151
3313,55.134,-78.428
3314,83.107,-9.6627
3315,67.396,-58.494
3316,87.131,-36.757
3317,-81.086,-36.686
3318,-107.22,28.573
3319,73.891,85.681
3320,-16.073,-8.4609
3321,95.103,-56.316
3322,-15.545,33.218
3323,49.846,-65.855
3324,8.7273,-11.125
3325,-2.1398,49.375
3326,35.866,-65.321
3327,-82.31,30.272
3328,-87.035,33.548
3329,44.406,-22.25
3330,73.891,85.681
3331,-52.782,-85.276
3332,-58.943,-20.928
3333,31.146,49.359
3334,-71.394,-43.023
3335,17.275,-64.864
3336,-0.071322,62.388
3337,-85.528,21.349
3338,-29.246,-90.264
3339,87.158,-36.504
3340,-70.164,1.7999
3341,46.376,5.1327
3342,69.308,-12.7
3343,-5.2455,58.105
3344,27.012,-47.479
3345,78.799,-53.826
3346,86.581,-15.589
3347,-5.2104,-1.4755
3348,-52.556,-7.1305
3349,-47.874,36.551
3350,44.912,-73.097
3351,-59.319,70.33
3352,88.609,6.588
3353,-78.698,34.513
3354,0.887,-55.897
3355,68.22,-22.103
3356,14.133,-80.25
3357,30.425,-41.078
3358,65.736,-64.25
3359,91.423,-30.408
3360,-68.281,6.4013
3361,75.821,-78.294
3362,69.323,-48.733
3363,90.394,-29.42
3364,82.374,-49.095
3365,-63.191,22.652
3366,76.623,9.6035
3367,29.485,-55.788
3368,19.6,82.357
3369,81.316,-49.702
3370,47.354,-31.124
3371,78.159,-48.229
3372,51.213,-48.402
3373,-77.911,-70.932
3374,25.9,52.876
3375,96.669,-59.126
3376,4.0581,-64.889
3377,-53.71,28.25
3378,48.968,10.871
3379,24.154,-48.248
3380,57.185,9.0781
3381,59.669,-58.5
3382,47.59,81.299
3383,59.106,22.227
3384,-78.986,-55.973
3385,-75.353,-66.305
3386,18.631,-35.093
3387,24.331,9.4443
3388,19.222,-51.787
3389,50.311,-66.131
3390,48.289,-89.74
3391,-19.846,87.696
3392,69,-12.178
3393,56.594,-71.322
3394,43.117,-48.058
3395,-118,39.605
3396,32.914,8.5116
3397,-43.2,37.983
3398,-14.479,42.778
3399,24.797,32.286
3400,-20.359,44.347
3401,9.1772,59.971
3402,92.356,-20.37
3403,6.5639,-115.85
3404,-7.4552,7.1016
3405,-69.923,58.985
3406,5.6222,64.025
3407,-26.497,-9.9543
3408,-2.8423,88.961
3409,10.238,-40.291
3410,37.971,-53.161
3411,-40.35,-34.414
3412,-17.338,-4.4212
3413,64.208,88.118
3414,25.378,15.289
3415,26.59,19.497
3416,-6.702,-22.522
3417,0.65026,48.895
3418,-12.15,-54.66
3419,41.835,-69.088
3420,93.632,-19.597
3421,73.178,-83.079
3422,-104.89,30.455
3423,-77.515,-57.361
3424,29.821,9.3548
3425,-23.094,-84.859
3426,21.228,-32.157
3427,73.137,-45.868
3428,66.075,-49.193
3429,44.569,-22.275
3430,-103.05,20.51
3431,6.6215,-115.84
3432,-14.023,-52.336
3433,46.817,-70.826
3434,-14.728,85.312
3435,78.364,-53.94
3436,-79.325,47.401
3437,-10.659,0.15025
3438,74.527,-47.422
3439,-44.829,35.395
3440,34.862,-50.125
3441,70.641,-3.5611
3442,86.061,-10.483
3443,29.177,-16.991
3444,73.893,85.683
3445,24.061,-72.896
3446,32.061,-51.31
3447,33.246,1.134
3448,67.017,-38.993
3449,29.535,-90.804
3450,-51.934,60.719
3451,-91.069,22.469
3452,-96.941,19.758
3453,-10.388,-4.6537
3454,-89.662,21.486
3455,-41.133,0.56752
3456,2.1083,41.491
3457,68.089,-21.932
3458,-76.297,14.851
3459,79.188,-29.703
3460,-40.65,21.353
3461,-30.882,43.176
3462,-23.451,-11.229
3463,9.5083,-9.2009
3464,11.918,-46.505
3465,18.635,1.6292
3466,82.494,-49.365
3467,44.179,11.909
3468,-13.756,-4.078
3469,-102.03,-13.635
3470,24.966,-44.539
3471,8.6606,-22.499
3472,67.269,-55.529
3473,31.527,-56.447
3474,-14.763,-0.6392
3475,-33.417,-29.797
3476,92.606,43.649
3477,-78.882,-60.031
3478,33.313,1.9369
3479,45.349,-8.4803
3480,-2.2606,-45.683
3481,19.133,34.895
3482,4.092,59.914
3483,5.9139,93.254
3484,6.6075,91.898
3485,67.46,-2.6918
3486,80.638,-8.9742
3487,-80.816,31.769
3488,-40.409,-23.504
3489,-14.17,-6.4157
3490,25.748,51.325
3491,-71.192,12.929
3492,-4.3805,-43.711
3493,74.297,-43.552
3494,6.5549,-115.86
3495,45.508,-3.0964
3496,73.843,13.255
3497,17.587,-1.2441
3498,-2.8659,-73.815
3499,39.182,22.827
3500,34.566,19.631
3501,78.906,33.095
3502,68.68,-59.511
3503,89.901,-44.149
3504,-73.636,-62.66
3505,-73.889,-15.583
3506,42.161,45.478
3507,21.789,-41.309
3508,79.667,-1.1008
3509,88.515,-13.401
3510,71.484,-56.036
3511,7.8969,10.652
3512,-79.327,47.403
3513,6.5548,-115.86
3514,24.791,32.521
3515,-0.040061,52.461
3516,41.547,-70.811
3517,85.905,-34.849
3518,75.351,-58.16
3519,32.133,49.399
3520,32.235,-42.7
3521,-78.957,-67.981
3522,44.92,1.7018
3523,21.371,-41.197
3524,79.354,-35.436
3525,17.5,1.8419
3526,23.747,-45.182
3527,48.91,-49.496
3528,-6.5983,-9.7641
3529,49.357,-0.27479
3530,89.627,-42.337
3531,-78.227,-70.164
3532,21.691,36.23
3533,34.906,22.462
3534,29.793,-36.611
3535,85.777,-11.145
3536,37.262,52.935
3537,-23.089,50.6
3538,-2.0994,9.7523
3539,10.622,-91.33
3540,1.513,57.31
3541,-11.763,-0.96448
3542,-18.56,-3.7278
3543,-15.418,50.755
3544,19.672,-18.497
3545,-41.206,-3.2065
3546,31.637,-41.84
3547,28.847,-33.981
3548,85.43,-41.943
3549,86.398,-31.329
3550,-99.06,31.874
3551,31.43,-41.253
3552,24.178,-64.431
3553,34.351,79.567
3554,20.921,76.991
3555,82.739,-9.4096
3556,37.406,3.2876
3557,-2.463,96.601
3558,-79.148,-54.979
3559,-117.92,39.297
3560,-102.57,16.584
3561,-58.973,31.106
3562,60.007,-44.861
3563,29.231,-56.964
3564,62.886,-14.228
3565,80.89,-3.0281
3566,-72.528,59.139
3567,-25.59,30.683
3568,9.2346,-67.554
3569,7.1784,-13.864
3570,-17.734,-80.281
3571,25.221,61.961
3572,24.699,-46.678
3573,53.751,-58.149
3574,32.649,-42.439
3575,55.932,-81.701
3576,89.022,-19.962
3577,-30.159,8.8333
3578,34.999,-44.16
3579,36.589,18.169
3580,91.23,-30.548
3581,89.769,-26.101
3582,53.44,-40.876
3583,-100.21,31.998
3584,-28.777,89.366
3585,51.207,61.791
3586,-71.197,36.967
3587,-28.115,-3.7941
3588,62.736,16.324
3589,88.648,-14.101
3590,81.737,-38.821
3591,-17.77,4.8026
3592,27.422,58.524
3593,7.6789,-82.366
3594,-13.112,37.43
3595,-13.237,88.354
3596,13.113,72.353
3597,28.575,3.9824
3598,-100.58,32.059
3599,38.037,-4.5598
3600,-49.31,22.183
3601,29.139,-45.516
3602,36.093,-30.072
3603,4.9035,-114.05
3604,-89.345,21.6
3605,12.137,-38.282
3606,-50.292,-88.937
3607,-21.586,-59.826
3608,21.52,-59.958
3609,1.2724,80.97
3610,91.749,-25.245
3611,-1.4049,52.137
3612,41.021,-16.327
3613,45.896,40.855
3614,63.596,-0.62653
3615,-8.7327,-2.668
3616,-66.238,9.9728
3617,-9.9819,-78.6
3618,-41.061,62.891
3619,-102.57,30.537
3620,74.493,52.29
3621,18.66,-9.5264
3622,47.434,-74.897
3623,82.834,-8.5673
3624,-51.258,-1.6633
3625,-8.0045,-4.3623
3626,7.386,20.75
3627,91.543,-19.169
3628,71.68,34.442
3629,-51.436,23.472
3630,-44.012,63.977
3631,-11.495,72.01
3632,-1.8609,76.826
3633,-8.6002,66.84
3634,74.187,-46.817
3635,34.804,-49.344
3636,39.621,-3.2868
3637,88.69,-26.878
3638,59.464,-22.856
3639,-19.405,14.806
3640,-97.39,20.908
3641,-25.497,79.338
3642,26.58,-91.722
3643,27.585,-78.146
3644,-19.52,-73.889
3645,-17.065,48.609
3646,7.7716,-10.23
3647,39.728,-63.393
3648,76.325,-51.877
3649,-77.658,-19.706
3650,63.886,88.162
3651,19.579,37.306
3652,12.804,-71.584
3653,40.209,11.884
3654,65.812,-43.23
3655,-95.037,17.947
3656,-40.905,-27.938
3657,-12.926,-3.3289
3658,6.6885,-114.19
3659,-27.655,83.1
3660,84.346,-11.817
3661,-2.7342,24.051
3662,-21.821,-74.742
3663,10.164,78.894
3664,55.86,-3.6507
3665,-5.5747,-8.2339
3666,43.028,21.916
3667,37.927,-79.415
3668,18.448,-36.511
3669,41.957,-81.296
3670,1.596,-55.535
3671,-2.946,-88.873
3672,-29.924,36.141
3673,19.454,42.976
3674,-42.075,79.456
3675,48.433,-82.311
3676,25.721,-44.371
3677,83.351,-48.688
3678,56.332,6.5956
3679,-69.6,68.658
3680,75.119,53.322
3681,-11.777,-37.461
3682,59.457,-61.548
3683,-27.551,7.8648
3684,-25.923,-89.618
3685,7.1605,89.09
3686,67.434,47.362
3687,81.399,-38.793
3688,70.591,-6.9078
3689,61.044,36.912
3690,25.704,-44.98
3691,-68.472,-18.729
3692,33.092,3.7474
3693,-12.427,35.295
3694,75.909,-56.95
3695,61.03,-53.772
3696,66.729,-32.161
3697,-106.58,-11.658
3698,2.8558,51.209
3699,31.226,-72.438
3700,69.698,-2.6392
3701,52.232,-19.891
3702,14.434,16.687
3703,-33.694,-34.424
3704,96.134,-39.794
3705,7.8035,-116.35
3706,70.957,-15.114
3707,-32.497,-85.722
3708,12.126,-35.286
3709,6.9667,91.809
3710,-90.842,17.128
3711,83.382,-3.6057
3712,84.745,-14.498
3713,7.8022,-116.35
3714,-59.111,-21.651
3715,-74.284,16.536
3716,77.263,-39.285
3717,-10.796,47.877
3718,49.68,20.032
3719,62.669,-27.556
3720,-23.053,-109.83
3721,-53.326,27.162
3722,-8.5609,12.414
3723,-12.603,37.476
3724,2.8298,50.945
3725,24.732,-9.0603
3726,11.08,-45.797
3727,-41.455,52.829
3728,24.566,-36.53
3729,53.653,-3.4173
3730,26.912,-73.984
3731,-46.364,67.856
3732,-13.252,-63.225
3733,35.617,23.172
3734,-35.199,42.689
3735,55.016,-50.453
3736,-63.103,11.647
3737,56.926,16.073
3738,-1.562,70.016
3739,8.3222,88.236
3740,20.094,83.614
3741,-102.92,31.451
3742,-103.95,-2.645
3743,-8.1831,91.714
3744,41.472,20.363
3745,-11.725,30.325
3746,-25.073,-86.881
3747,61.773,56.68
3748,84.17,-14.013
3749,56.5,-2.1815
3750,-7.2684,-6.9269
3751,69.611,-49.445
3752,2.8381,-56.731
3753,3.5562,-59.738
3754,21.849,-65.109
3755,-1.2139,55.623
3756,24.795,97.7
3757,-12.712,-5.3685
3758,89.715,7.368
3759,-51.1,70.543
3760,55.231,-53.792
3761,75.019,-57.241
3762,39.592,-48.117
3763,-102.43,31.021
3764,-118.98,40.05
3765,-104.78,-12.948
3766,-17.807,-42.52
3767,15.026,-50.078
3768,-7.2642,-52.794
3769,23.301,-43.415
3770,19.733,72.908
3771,7.5478,66.356
3772,30.026,21.655
3773,-32.749,24.206
3774,65.865,62.314
3775,84.037,-36.035
3776,77.178,26.09
3777,-71.696,-17.011
3778,66.686,-48.781
3779,-0.63156,-17.81
3780,2.1956,-7.3986
3781,10.302,47.654
3782,43.727,80.178
3783,62.089,-16.593
3784,54.277,4.9705
3785,67.704,-17.069
3786,41.916,1.6358
3787,71.55,-16.468
3788,55.565,21.769
3789,27.112,-15.559
3790,-63.997,-28.909
3791,20.17,23.016
3792,21.371,75.143
3793,21.49,81.568
3794,93.256,-25.269
3795,66.285,25.523
3796,16.75,40.333
3797,-44.135,21.035
3798,-23.782,-92.195
3799,-36.255,-73.71
3800,24.326,19.318
3801,52.437,-75.933
3802,-0.22984,59.286
3803,79.303,-3.3913
3804,80.733,48.391
3805,-13.241,97.995
3806,94.982,-58.533
3807,-21.05,82.915
3808,47.322,-45.902
3809,-63.943,-29.735
3810,-42.45,73.284
3811,38.318,47.875
3812,52.974,-41.369
3813,-64.978,8.0343
3814,27.87,-50.498
3815,19.343,-8.647
3816,-52.231,2.0851
3817,2.7637,-65.776
3818,77.657,-57.611
3819,53.473,-3.4562
3820,56.059,-2.9693
3821,37.46,-61.02
3822,-31.723,47.156
3823,-41.136,60.717
3824,52.241,-17.963
3825,58.444,-10.091
3826,85.74,-5.5475
3827,68.001,-16.19
3828,8.6922,-115.15
3829,-87.648,-40.596
3830,-15.45,-4.6179
3831,8.7605,-115.62
3832,97.71,21.865
3833,4.2911,-57.482
3834,25.65,11.132
3835,59.961,18.591
3836,-91.072,30.306
3837,-3.9444,31.973
3838,-40.813,10.368
3839,66.123,54.404
3840,31.621,-52.95
3841,63.458,-12.969
3842,56.212,6.6734
3843,-91.089,27.895
3844,30.111,-36.712
3845,-22.771,-78.406
3846,70.436,-48.865
3847,-25.789,-91.153
3848,36.362,-93.345
3849,24.095,98.516
3850,79.856,-4.3526
3851,84.499,-25.948
3852,74.082,-8.9465
3853,-55.16,63.34
3854,21.078,85.474
3855,75.59,-36.881
3856,51.81,-54.148
3857,-11.732,-84.111
3858,2.5735,70.484
3859,28.395,-40.857
3860,44.608,-75.114
3861,45.558,26.782
3862,-116.64,40.268
3863,-3.8335,82.504
3864,-16.261,70.96
3865,31.933,10.628
3866,-41.379,63.156
3867,-106.65,29.156
3868,77.143,-0.78602
3869,-0.19984,55.758
3870,46.81,-78.292
3871,-65.83,-76.701
3872,-7.6264,80.087
3873,-37.577,84.811
3874,14.327,78.65
3875,-21.974,20.48
3876,27.161,81.717
3877,-95.165,18.236
3878,4.1135,-56.292
3879,67.735,-17.552
3880,95.204,-42.475
3881,89.506,36.079
3882,60.449,54.939
3883,90.24,-19.451
3884,31.949,6.4402
3885,35.318,44.727
3886,76.682,-52.991
3887,35.131,-55.091
3888,93.345,-23.823
3889,52.209,7.3585
3890,-81.052,-38.569
3891,6.6215,-115.84
3892,-7.4933,36.114
3893,-3.7709,33.132
3894,73.595,78.634
3895,-16.02,-2.5809
3896,-89.071,20.861
3897,-45.649,-20.052
3898,41.092,20.292
3899,-22.618,-78.07
3900,-75.76,18.375
3901,-103.86,30.884
3902,-89.512,18.604
3903,-25.502,-88.857
3904,20.225,83.269
3905,20.728,23.813
3906,35.487,87.235
3907,74.302,-9.1109
3908,-73.938,36.016
3909,67.06,25.217
3910,41.665,-63.974
3911,8.3904,-47.251
3912,-11.28,-75.931
3913,21.675,73.602
3914,33.972,-68.4
3915,85.737,-5.6842
3916,44.843,19.371
3917,5.4496,62.34
3918,4.0927,27.513
3919,-18.943,43.426
3920,81.702,-8.5213
3921,88.811,-27.161
3922,50.815,21.759
3923,68.96,-18.22
3924,36.447,-20.009
3925,6.7095,-115.64
3926,-1.9014,-13.416
3927,-12.251,83.104
3928,-40.702,42.013
3929,33.134,14.217
3930,16.447,89.133
3931,63.651,-57.085
3932,90.757,-27.28
3933,-29.104,78.396
3934,85.684,-46.677
3935,52.279,-20.028
3936,-95.715,30.396
3937,-2.8217,-80.472
3938,-23.742,-90.03
3939,-1.9134,76.433
3940,81.565,-34.278
3941,84.959,-36.943
3942,88.219,-42.884
3943,26.724,-77.637
3944,-59.456,-78.916
3945,48.162,12.784
3946,-76.911,12.518
3947,23.638,65.882
3948,3.9173,45.965
3949,-24.552,-89.429
3950,5.463,-58.129
3951,49.924,-52.14
3952,-99.471,28.85
3953,6.7237,-115.56
3954,5.8967,-35.563
3955,4.6391,-79.294
3956,50.849,-49.696
3957,16.501,-43.233
3958,92.907,-18.729
3959,64.644,25.403
3960,83.251,30.21
3961,44.161,-43.637
3962,-81.74,-39.397
3963,-86.478,-41.057
3964,-97.167,24.41
3965,13.777,-36.585
3966,-28.997,29.586
3967,-49.83,-7.2366
3968,42.881,-59.565
3969,9.9158,-52.758
3970,57.302,-19.82
3971,39.232,7.5976
3972,75.529,-6.9941
3973,76.369,-77.425
3974,-36.782,51.815
3975,18.425,81.881
3976,86.264,-10.27
3977,77.769,32.287
3978,-85.569,-26.001
3979,-81.063,-32.291
3980,-57.99,23.155
3981,20.072,-24.281
3982,5.5763,64.28
3983,79.993,-1.5709
3984,55.399,-87.215
3985,66.196,-49.219
3986,79.629,-32.782
3987,66.22,-2.0653
3988,68.75,-27.107
3989,75.261,53.484
3990,-79.739,-66.664
3991,74.763,-51.701
3992,-8.9633,78.482
3993,13.669,-17.544
3994,69.737,-14.885
3995,93.511,-18.261
3996,55.581,31.796
3997,-83.38,34.645
3998,66.728,25.593
3999,-6.5391,35.078
4000,34.21,76.615
4001,12.869,35.056
4002,10.87,78.132
4003,16.165,-73.016
4004,49.312,-48.291
4005,47.732,29.28
4006,70.417,-2.8625
4007,42.493,3.5125
4008,-106.23,29.236
4009,-14.514,68.256
4010,50.483,-64.287
4011,14.591,-41.328
4012,4.8425,78.059
4013,6.6752,-115.52
4014,2.1498,61.023
4015,75.406,-38.251
4016,49.999,-61.299
4017,-12.293,-2.2776
4018,46.877,84.928
4019,-22.95,81.891
4020,-29.52,-92.841
4021,21.135,37.407
4022,-4.088,-15.549
4023,-7.6332,83.107
4024,89.379,-26.717
4025,-13.223,-4.7328
4026,-103.81,-1.6892
4027,-79.677,-66.771
4028,11.5,-33.694
4029,-84.872,32.399
4030,-17.214,-63.644
4031,28.68,-22.371
4032,29.663,-49.186
4033,70.011,-61.019
4034,77.369,-30.932
4035,32.663,78.726
4036,55.14,-24.909
4037,69.618,53.611
4038,98.572,20.182
4039,-14.804,-78.586
4040,32.518,-66.599
4041,67.797,-19.22
4042,75.754,-10.034
4043,-79.325,47.401
4044,-68.454,-53.769
4045,-42.611,41.415
4046,77.312,-53.63
4047,-12.973,-59.278
4048,-27.879,21.379
4049,-26.674,19.805
4050,87.993,-21.025
4051,81.893,-2.1677
4052,-105.43,18.105
4053,-13.597,-8.2727
4054,-73.859,53.022
4055,32.68,-55.535
4056,11.865,-28.6
4057,58.006,-14.837
4058,68.241,45.136
4059,70.356,-6.7998
4060,69.245,28.79
4061,-6.999,-0.90223
4062,66.356,-14.832
4063,-37.34,51.752
4064,4.4068,-82.796
4065,33.688,-67.094
4066,-17.231,76.202
4067,48.047,-50.333
4068,58.994,17.421
4069,65.04,-22.238
4070,84.074,-36.017
4071,-116.74,8.8968
4072,5.7848,92.141
4073,15.506,-13.922
4074,19.738,-43.521
4075,-10.186,42.896
4076,47.3,-3.1494
4077,-70.195,33.167
4078,-25.613,34.381
4079,48.452,-6.2554
4080,35.281,6.0982
4081,57.457,-55.622
4082,49.882,-62.363
4083,37.445,-19.544
4084,-119.55,14.931
4085,-105.14,-2.688
4086,61.903,9.9009
4087,21.163,77.41
4088,1.9241,70.938
4089,69.282,51.856
4090,-35.286,-24.275
4091,44.513,-79.297
4092,-104.99,34.27
4093,-72.167,-27.891
4094,-34.169,25.157
4095,52.916,75.517
4096,-71.929,-74.865
4097,-13.589,-64.033
4098,65.171,-23.17
4099,-11.008,98.524
4100,53.14,-49.848
4101,57.827,-9.6828
4102,30.055,-44.641
4103,27.172,6.2282
4104,35.243,-33.729
4105,79.221,0.048939
4106,65.145,-44.867
4107,23.341,67.84
4108,-76.215,-51.89
4109,-53.154,-56.19
4110,7.9961,-10.764
4111,8.8686,-14.144
4112,48.931,49.038
4113,25.181,52.965
4114,68.281,-20.03
4115,52.016,-8.5475
4116,77.197,34.54
4117,-83.011,37.406
4118,26.613,12.404
4119,-78.881,-60.821
4120,-1.6454,-43.054
4121,59.136,-75.833
4122,41.411,19.946
4123,73.89,85.68
4124,-62.484,-12.084
4125,-19.962,-107.89
4126,67.414,-8.6074
4127,64.071,88.143
4128,8.086,-10.82
4129,4.3809,-60.571
4130,-0.73973,53.044
4131,19.254,82.484
4132,-7.8413,80.087
4133,-39.931,9.8306
4134,24.485,76.864
4135,52.562,24.928
4136,66.425,-49.37
4137,-116.85,9.1371
4138,-117.65,39.231
4139,41.794,20.519
4140,95.871,-59.415
4141,4.3461,70.075
4142,-29.6,5.0318
4143,67.612,-13.413
4144,50.134,-48.562
4145,-95.94,23.37
4146,91.424,-42.947
4147,31.596,54.501
4148,88.983,35.633
4149,44.349,12.115
4150,34.406,-49.509
4151,66.54,-26.486
4152,67.906,-23.453
4153,-3.0713,1.9529
4154,23.832,-81.083
4155,-22.939,-83.355
4156,35.8,-46.261
4157,49.308,-53.142
4158,-96.799,24.868
4159,75.044,-57.852
4160,46.365,-72.632
4161,18.13,-78.992
4162,6.4464,-115.87
4163,-39.829,14.662
4164,-82.726,24.037
4165,-22.094,32.731
4166,-2.4987,42.084
4167,41.469,-71.366
4168,89.557,-44.387
4169,43.14,45.349
4170,-97.057,6.4823
4171,-63.904,19.234
4172,-37.342,-73.305
4173,32.287,2.0639
4174,-102.94,31.284
4175,-81.838,64.789
4176,-22.347,-78.094
4177,-30.546,43.797
4178,-19.672,88.212
4179,61.343,-44.559
4180,51.729,-80.694
4181,-8.3651,-2.1239
4182,20.151,-49.657
4183,-33.201,24.741
4184,-46.37,48.2
4185,-51.984,70.615
4186,35.218,-61.011
4187,84.991,12.888
4188,34.975,19.725
4189,67.563,-28.544
4190,83.793,-28.433
4191,-105.89,-11.374
4192,-119.49,14.744
4193,26.463,39.945
4194,16.83,-61.478
4195,-1.0057,71.836
4196,76.034,-48.776
4197,45.184,23.472
4198,38.693,14.519
4199,-52.275,72.78
4200,46.096,-2.6105
4201,80.863,-43.905
4202,-39.311,14.285
4203,-25.41,-70.378
4204,-9.1467,80.923
4205,78.764,-10.022
4206,7.4771,-13.219
4207,9.0157,-11.267
4208,6.276,90.094
4209,37.482,-69.899
4210,84.643,-25.79
4211,23.418,-17.836
4212,68.897,-57.005
4213,65.746,-43.706
4214,-42.008,66.616
4215,56.027,-9.8198
4216,32.686,0.71836
4217,90.321,-19.661
4218,63.576,21.487
4219,-38.84,19.128
4220,-41.178,84.298
4221,39.346,18.548
4222,-117.35,41.746
4223,-20.388,56.008
4224,-20.355,46.142
4225,-8.2248,85.952
4226,85.811,-10.029
4227,79.773,-4.1686
4228,-19.403,40.59
4229,21.072,-52.02
4230,73.892,85.682
4231,18.474,-42.079
4232,33.649,-81.624
4233,40.069,2.7806
4234,51.574,13.537
4235,-19.277,33.39
4236,37.004,9.5919
4237,-52.404,-89.095
4238,-5.9317,38.101
4239,3.7958,40.91
4240,2.8833,-58.675
4241,34.896,-49.132
4242,68.39,-56.491
4243,10.078,-28.753
4244,-16.651,75.65
4245,-1.4873,-56.876
4246,7.6677,60.275
4247,-53.505,64.857
4248,-88.24,44.716
4249,-117.93,39.303
4250,6.1304,-114.27
4251,7.5515,-56.455
4252,-19.434,22.193
4253,-4.1377,18.606
4254,70.514,40.645
4255,4.9508,59.381
4256,70.829,-14.812
4257,75.883,-38.75
4258,45.778,-43.106
4259,-104.66,-13.172
4260,23.342,67.908
4261,25.776,47.308
4262,26.577,-77.986
4263,-29.016,29.615
4264,-14.03,-69.501
4265,43.125,51.056
4266,0.73399,-11.867
4267,-9.8421,-11.397
4268,-89.159,-51.915
4269,-24.452,84.916
4270,12.356,49.902
4271,10.414,78.025
4272,60.389,39.298
4273,58.711,-2.0514
4274,56.164,-58.372
4275,57.336,31.783
4276,-13.491,-18.305
4277,-24.326,50.423
4278,68.985,-51.027
4279,-48.282,-85.771
4280,19.001,-35.942
4281,3.4408,66.789
4282,80.916,-2.7475
4283,91.651,-42.21
4284,69.708,-22.331
4285,-4.0161,88.813
4286,-38.472,13.435
4287,82.595,-8.2497
4288,32.639,-22.464
4289,-72.595,58.992
4290,-59.895,-15.955
4291,21.945,-51.942
4292,33.507,75.806
4293,-18.877,-93.524
4294,-23.52,-11.027
4295,54.598,-1.9805
4296,26.077,71.898
4297,-102.31,22.648
4298,-79.957,-65.507
4299,-20.387,-56.711
4300,23.151,52.392
4301,10.643,-58.762
4302,4.6192,-6.936
4303,42.964,-48.331
4304,59.226,-23.521
4305,78.668,-32.078
4306,-71.471,31.013
4307,-62.45,-27.827
4308,63.374,-66.75
4309,-23.309,46.994
4310,28.372,15.039
4311,37.911,-63.2
4312,42.757,-80.234
4313,84.159,-17.373
4314,-14.907,-44.22
4315,64.384,-41.752
4316,-71.117,-17.9
4317,-29.722,-1.488
4318,2.0287,54.156
4319,-2.4947,54.09
4320,-42.537,16.629
4321,21.424,-42.72
4322,82.835,-47.918
4323,93.353,-21.418
4324,-34.944,-26.956
4325,-55.909,20.612
4326,93.143,-25.713
4327,-79.354,48.485
4328,74.605,56.716
4329,57.951,-75.885
4330,-9.3599,80.714
4331,56.208,-49.7
4332,36.979,-81.142
4333,63.395,10.781
4334,50.332,52.898
4335,69.435,-14.248
4336,-7.0456,-8.2875
4337,30.547,52.931
4338,34.495,-52.908
4339,47.428,-64.676
4340,-62.874,-78.404
4341,-37.411,-26.817
4342,87.317,-19.742
4343,70.421,-37.84
4344,45.402,-44.023
4345,-75.672,-72.137
4346,-68.045,-67.972
4347,-104.93,-9.6734
4348,85.807,12.289
4349,-15.281,-52.626
4350,78.569,-8.6624
4351,-19.329,-67.892
4352,-23.58,-68.898
4353,20.415,6.5007
4354,7.8761,74.498
4355,41.718,-50.044
4356,88.705,-41.125
4357,47.307,24.567
4358,29.802,52.93
4359,46.091,-74.484
4360,23.451,-57.818
4361,40.277,-65.644
4362,-21.68,36.829
4363,91.176,-43.037
4364,-64.704,-31.216
4365,-11.488,72.153
4366,-39.148,11.459
4367,-24.938,-6.0435
4368,4.474,75.148
4369,-20.442,87.336
4370,14.458,0.01382
4371,14.065,-40.946
4372,68.281,-23.969
4373,-118,39.605
4374,-5.2738,-6.6519
4375,-65.099,-32.297
4376,-60.411,46.943
4377,59.315,3.6882
4378,28.808,53.123
4379,0.23101,75.649
4380,67.922,-50.927
4381,69.73,-2.6563
4382,-117.43,39.497
4383,-115.58,13.276
4384,-62.206,-13.387
4385,-117.7,39.786
4386,47.677,51.864
4387,-50.015,70.604
4388,-7.7113,84.061
4389,60.224,-62.224
4390,29.345,-81.35
4391,-99.547,28.876
4392,37.023,7.9093
4393,-5.9837,-66.711
4394,18.939,-49.201
4395,26.496,71.42
4396,-0.55713,53.402
4397,2.4507,95.321
4398,69.676,-13.558
4399,44.91,10.75
4400,70.34,-7.0011
4401,30.246,-58.089
4402,-25.064,84.417
4403,64.462,67.374
4404,-59.033,8.6469
4405,-45.587,70.856
4406,21.445,-32.109
4407,61.712,22.519
4408,88.442,-21.192
4409,-27.997,-82.701
4410,74.087,-9.6291
4411,52.55,-84.703
4412,54.588,-84.476
4413,61.361,-44.469
4414,62.561,20.959
4415,63.562,17.645
4416,-71.575,-77.366
4417,-117.43,39.498
4418,-18.238,-41.834
4419,-24.987,79.798
4420,-31.369,42.06
4421,-17.632,-16.907
4422,-21.017,-70.845
4423,1.3317,53.998
4424,47.534,10.16
4425,-23.225,-84.235
4426,1.5061,56.846
4427,-36.236,66.001
4428,-7.4423,83.607
4429,96.124,-39.835
4430,52.91,4.85
4431,-57.814,67.954
4432,43.456,-64.515
4433,3.1228,39.221
4434,68.347,-58.796
4435,23.971,14.088
4436,-0.61788,-45.479
4437,73.891,85.681
4438,-58.997,55.608
4439,-40.463,36.884
4440,40.439,-39.663
4441,27.08,11.424
4442,29.382,9.6325
4443,46.555,49.708
4444,49.875,10.233
4445,55.884,-52.876
4446,43.349,19.393
4447,21.86,-97.78
4448,-39.24,-22.241
4449,-69.613,66.494
4450,4.6517,-47.361
4451,-38.178,13.791
4452,-2.5753,40.6
4453,88.717,-42.757
4454,80.02,-30.323
4455,21.396,-32.237
4456,-7.0799,0.22845
4457,91.67,-30.746
4458,96.152,-38.925
4459,25.378,77.893
4460,77.471,-44.445
4461,-53.212,25.572
4462,43.12,3.4745
4463,26.199,91.548
4464,72.788,26.198
4465,-29.029,-92.192
4466,-85.019,31.582
4467,51.07,-75.469
4468,-23.561,-68.507
4469,-24.545,-67.82
4470,2.2261,72.021
4471,4.5689,70.722
4472,0.012625,76.505
4473,16.453,83.257
4474,1.2927,-59.223
4475,79.054,-36.897
4476,62.035,-14.266
4477,41.234,-50.753
4478,-9.908,-3.2745
4479,-28.758,86.453
4480,87.23,-42.808
4481,-68.271,70.76
4482,29.282,10.036
4483,85.32,-1.2054
4484,30.813,-52.215
4485,14.583,45.139
4486,40.126,-30.986
4487,60.003,-15.383
4488,89.934,-17.966
4489,-19.813,22.604
4490,-72.897,32.413
4491,29.695,22.161
4492,28.322,3.6822
4493,30.013,-69.558
4494,90.861,-16.307
4495,71.033,26.581
4496,-12.08,-0.83833
4497,-6.2696,-85.328
4498,6.7823,-55.362
4499,20.026,83.94
4500,-39.962,55.917
4501,75.557,-37.06
4502,90.814,-16.38
4503,87.455,-4.9648
4504,3.3688,62.388
4505,28.815,-56.315
4506,-91.277,17.05
4507,92.235,-27.348
4508,48.012,100.99
4509,-0.64418,76.981
4510,-6.5809,100.62
4511,20.421,37.287
4512,33.307,12.397
4513,53.772,-86.797
4514,87.601,-39.154
4515,82.914,32.862
4516,68.739,-23.813
4517,-31.528,22.481
4518,26.03,40.428
4519,51.96,-59.936
4520,-32.64,11.198
4521,33.121,-61.419
4522,22.739,37.551
4523,30.155,9.724
4524,81.069,-17.214
4525,73.8,-11.249
4526,-45.383,-40.956
4527,-32.485,92.392
4528,48.558,53.164
4529,-9.4668,83.885
4530,-33.635,-33.58
4531,57.096,-40.317
4532,-26.817,-7.3444
4533,-27.126,-11.097
4534,87.55,-19.105
4535,43.311,3.3217
4536,-2.4213,-49.281
4537,0.48969,48.837
4538,-92.317,30.235
4539,38.369,-66.788
4540,-48.737,-51.549
4541,-78.28,-70.003
4542,-79.957,-65.917
4543,-102.67,30.451
4544,50.761,55.026
4545,86.762,-15.596
4546,-26.141,15.974
4547,-64.362,6.8752
4548,-4.0741,1.3043
4549,-61.279,-10.334
4550,-77.885,-69.099
4551,58.887,-2.3567
4552,39.196,-42.643
4553,38.167,-62.969
4554,26.276,-80.828
4555,-52.679,23.502
4556,76.761,-4.0801
4557,-23.628,47.327
4558,54.661,31.94
4559,-26.001,46.008
4560,-54.572,20.432
4561,-77.057,5.2421
4562,-54.141,65.133
4563,1.538,-64.99
4564,53.262,-63.376
4565,-14.849,-90.145
4566,-24.773,-7.1429
4567,61.522,40.858
4568,3.5212,41.345
4569,13.869,-19.635
4570,-70.601,50.521
4571,70.938,65.094
4572,-63.834,-29.487
4573,-15.674,-65.689
4574,47.598,-85.842
4575,1.1951,55.733
4576,-60.731,20.945
4577,-16.492,38.942
4578,44.967,-66.372
4579,75.101,-9.8745
4580,83.388,-9.7324
4581,-9.6999,9.8928
4582,-57.65,61.44
4583,-2.8096,31.867
4584,-40.343,42.509
4585,0.52363,33.198
4586,74.494,-8.2823
4587,85.675,-30.467
4588,-74.139,-11.132
4589,32.178,53.486
4590,-9.2711,-9.8257
4591,4.1237,77.92
4592,10.116,-22.464
4593,4.8477,-6.7393
4594,-1.8029,84.08
4595,66.752,-1.2651
4596,50.987,-26.168
4597,-19.08,-1.2898
4598,49.528,-52.988
4599,63.365,-50.536
4600,51.238,-84.036
4601,-60.619,47.58
4602,47.454,25.852
4603,0.25662,55.412
4604,21.156,82.45
4605,29.842,52.787
4606,43.09,3.6237
4607,43.297,12.457
4608,69.635,2.4375
4609,-9.9068,-2.4099
4610,-59.503,-24.957
4611,-22.952,-9.7678
4612,-11.426,77.176
4613,-9.693,81.025
4614,-37.828,68.908
4615,65.717,-60.142
4616,-42.325,20.341
4617,35.364,9.284
4618,68.583,-20.75
4619,32.041,-68.061
4620,74.945,-43.17
4621,-54.417,-58.097
4622,53.252,53.906
4623,-33.707,67.528
4624,20.233,82.151
4625,56.179,-49.667
4626,-6.1885,56.069
4627,-73.348,-23.861
4628,-42.747,41.319
4629,36.896,-79.214
4630,9.436,-50.662
4631,-69.76,-69.701
4632,68.879,-26.628
4633,41.182,-52.056
4634,-47.139,63.036
4635,31.96,14.819
4636,-4.9089,-43.798
4637,-19.417,-68.338
4638,3.3492,54.552
4639,56.572,-47.823
4640,20.641,-52.585
4641,48.017,-26.207
4642,66.359,9.579
4643,60.953,-4.7041
4644,-75.021,-16.603
4645,6.7183,-115.55
4646,17.097,-80.514
4647,25.257,72.407
4648,47.732,38.911
4649,16.353,-13.517
4650,-76.651,14.065
4651,-0.27848,-65.225
4652,-38.582,-1.1535
4653,77.12,-47.787
4654,53.583,53.092
4655,50.836,7.6043
4656,42.917,46.36
4657,-36.403,-22.59
4658,-10.441,78.541
4659,11.371,-24.219
4660,10.233,41.585
4661,56.582,-11.161
4662,80.821,-0.58756
4663,78.315,-18.715
4664,-31.866,22.551
4665,-68.407,70.625
4666,-45.943,27.461
4667,3.0661,74.263
4668,-20.898,77.396
4669,46.458,4.9241
4670,63.486,-51.064
4671,61.766,-55.503
4672,93.575,-19.609
4673,-28.003,94.633
4674,-6.1473,-1.4645
4675,49.077,50.771
4676,-12.641,37.473
4677,-0.53159,22.467
4678,20.564,82.928
4679,84.419,-1.4948
4680,77.036,-75.48
4681,-97.321,20.366
4682,66.624,54.076
4683,-36.093,65.489
4684,-4.0588,31.965
4685,50.352,-74.734
4686,-36.612,84.339
4687,44.699,-43.664
4688,50.951,11.864
4689,-32.694,43.959
4690,-3.9446,90.138
4691,-103.27,-15.42
4692,-44.505,-19.536
4693,-90.454,24.652
4694,47.467,18.597
4695,74.729,-80.362
4696,30.35,-36.034
4697,18.35,69.05
4698,18.834,-35.492
4699,23.756,-42.296
4700,35.896,-60.274
4701,-74.803,-18.065
4702,6.6487,-115.47
4703,35.691,87.792
4704,22.641,-77.439
4705,28.041,-39.271
4706,98.253,20.69
4707,90.383,-30.415
4708,95.968,-40.285
4709,16.412,40.41
4710,-47.956,36.214
4711,-17.587,-62.498
4712,21.561,-67.654
4713,40.905,37.187
4714,18.132,82.173
4715,65.635,54.266
4716,87.566,-23.092
4717,74.535,56.458
4718,33.134,-47.646
4719,95.489,15.376
4720,-64.419,-42.141
4721,50.651,-66.448
4722,-17.497,38.373
4723,22.198,73.236
4724,6.4861,57.554
4725,54.04,-61.918
4726,62.663,-25.09
4727,-14.078,-3.6255
4728,-4.8145,-6.6428
4729,40.155,54.607
4730,46.571,13.468
4731,-0.23193,99.554
4732,23.494,13.931
4733,86.665,-11.037
4734,15.083,-39.261
4735,60.88,-10.931
4736,-67.269,-80.751
4737,22.954,97.647
4738,29.503,8.91
4739,69.592,-1.3166
4740,52.807,6.992
4741,-34.59,-32.297
4742,-15.928,18.862
4743,-50.2,-79.692
4744,11.635,-55.739
4745,-31.168,5.7069
4746,52.353,-18.69
4747,69.311,-59.926
4748,53.207,-29.983
4749,82.838,-47.702
4750,52.018,34.395
4751,-1.8182,101.99
4752,-10.927,-4.0186
4753,25.709,68.849
4754,61.393,14.042
4755,31.276,-56.534
4756,58.28,7.7529
4757,87.04,-17.76
4758,-10.654,0.74761
4759,30.506,48.929
4760,-101.25,19.041
4761,-22.674,39.5
4762,0.086955,63.042
4763,21.214,82.659
4764,12.257,35.503
4765,60.048,-46.825
4766,23.4,-77.023
4767,79.263,-47.738
4768,47.216,80.972
4769,26.852,54.861
4770,-62.695,19.004
4771,77.022,-45.564
4772,22.477,-52.148
4773,-17.001,76.923
4774,15.876,40.433
4775,79.418,-0.14215
4776,66.412,-58.147
4777,19.554,-92.12
4778,20.448,-6.6874
4779,56.55,-23.239
4780,-13.445,43.428
4781,70.232,-14.775
4782,-35.369,42.649
4783,42.287,33.421
4784,52.444,22.695
4785,59.224,-83.547
4786,70.489,31.947
4787,43.995,11.898
4788,39.972,2.1741
4789,18.904,58.889
4790,-34.847,24.868
4791,-45.863,34.21
4792,-36.02,4.0911
4793,-21.761,-72.51
4794,-14.288,85.597
4795,1.4721,100.46
4796,76.976,-33.674
4797,52.67,-81.697
4798,17.585,-20.364
4799,62.995,-12.737
4800,76.785,43.404
4801,0.17296,9.4505
4802,55.067,-78.648
4803,26.808,54.689
4804,-15.148,-85.786
4805,-102.28,28.134
4806,50.837,39.891
4807,26.008,52.549
4808,-49.801,47.415
4809,-10.301,78.678
4810,26.291,-45.139
4811,46.309,80.798
4812,49.324,-86.051
4813,65.616,-29.743
4814,86.979,-1.665
4815,-93.287,23.16
4816,-117.5,39.324
4817,-117.5,39.325
4818,32.104,49.234
4819,-22.396,-92.613
4820,5.9622,91.806
4821,-3.854,89.203
4822,79.436,-54.076
4823,52.606,-86.389
4824,68.275,27.691
4825,-34.411,-33.607
4826,-78.088,49.708
4827,86.654,11.579
4828,-84.873,35.912
4829,-62.542,-11.9
4830,-117.64,39.235
4831,36.016,92.831
4832,61.479,22.585
4833,-38.81,41.695
4834,40.02,27.75
4835,57.413,-48.259
4836,23.48,76.136
4837,86.406,-10.409
4838,50.586,7.7576
4839,-103.85,33.524
4840,-72.723,35.894
4841,44.565,-22.597
4842,-73.097,-64.654
4843,4.6261,27.505
4844,-11.579,50.043
4845,25.098,-32.302
4846,-60.48,-13.48
4847,9.1404,40.742
4848,3.3302,-7.8673
4849,10.421,-40.037
4850,-94.732,16.948
4851,50.381,39.392
4852,-105.22,33.48
4853,-7.9937,-3.8841
4854,90.823,-59.415
4855,-18.278,-39.178
4856,91.705,-42.987
4857,-108.45,-8.1778
4858,6.658,-115.49
4859,30.827,-72.163
4860,-3.3,79.873
4861,35.985,21.193
4862,-27.024,-104.91
4863,-38.534,-27.775
4864,-40.872,20.957
4865,-2.0517,-58.588
4866,20.737,83.883
4867,14.048,79.056
4868,33.772,-62.762
4869,-92.088,13.419
4870,37.554,-41.703
4871,71.878,-56.856
4872,55.799,1.8617
4873,84.03,-16.518
4874,66.29,-4.062
4875,90.984,-27.64
4876,53.94,29.144
4877,-17.147,-42.419
4878,31.711,-58.22
4879,-56.809,-75.691
4880,0.64268,-13.722
4881,30.506,-57.062
4882,49.171,50.771
4883,33.798,-63.361
4884,60.184,-1.7277
4885,-5.2373,-23.967
4886,72.607,26.343
4887,-37.093,21.697
4888,46.96,-5.9343
4889,-1.2445,59.672
4890,8.5075,87.817
4891,93.471,-17.916
4892,-80.366,36.038
4893,-45.685,45.294
4894,-22.54,49.753
4895,-22.13,42.129
4896,17.852,-43.823
4897,5.3593,35.728
4898,-48.343,65.28
4899,42.573,50.781
4900,-10.327,-10.403
4901,-10.146,-3.611
4902,-35.755,25.317
4903,-19.303,40.76
4904,-56.866,-60.868
4905,23.342,75.895
4906,54.778,49.269
4907,72.448,-2.1847
4908,-84.047,-5.7085
4909,50.603,39.098
4910,-39.015,-22.426
4911,-4.3825,-31.883
4912,24.129,74.783
4913,69.357,46.934
4914,-48.977,63.785
4915,50.929,-48.728
4916,41.816,-51.206
4917,-44.898,48.335
4918,74.535,-9.9308
4919,41.037,-45.085
4920,60.725,-10.07
4921,1.276,-43.911
4922,-69.31,50.926
4923,-63.655,21.137
4924,25.595,46.953
4925,70.968,-16.68
4926,33.212,-46.107
4927,6.5186,-115.87
4928,66.581,53.548
4929,-11.999,-4.9961
4930,-60.763,66.511
4931,50.026,36.098
4932,59.566,-23.516
4933,29.904,9.6476
4934,29.044,43.163
4935,17.887,-18.874
4936,32.087,-56.377
4937,-24.634,43.829
4938,-12.303,-69.103
4939,-105.7,-9.4455
4940,92.63,-42.677
4941,31.857,56.018
4942,-22.272,47.844
4943,-52.768,74.108
4944,-39.671,23.25
4945,3.3608,69.982
4946,-32.652,11.113
4947,-80.369,-34.454
4948,98.53,-57.819
4949,59.804,2.8438
4950,64.948,-17.25
4951,56.682,6.1644
4952,73.89,85.68
4953,76.448,23.594
4954,73.701,25.995
4955,34.918,87.502
4956,87.717,-20.765
4957,58.148,-14.781
4958,-17.792,0.051045
4959,-73.074,-25.12
4960,-41.942,55.298
4961,-64.898,21.976
4962,-20.997,21.028
4963,20.439,-48.46
4964,-22.198,39.814
4965,8.5415,-12.72
4966,38.929,14.883
4967,-75.513,17.45
4968,6.6757,-115.52
4969,66.103,87.511
4970,-76.118,15.988
4971,50.718,-15.739
4972,21.431,68.081
4973,-12.038,83.736
4974,65.377,55.756
4975,-28.668,55.209
4976,-23.592,46.516
4977,51.324,-4.9427
4978,43.591,8.8367
4979,91.302,-30.678
4980,52.741,16.927
4981,-14.594,-2.4191
4982,21.801,33.072
4983,-25.854,34.263
4984,47.296,-32.509
4985,48.399,2.1683
4986,77.057,-43.812
4987,78.675,33.315
4988,52.145,51.626
4989,70.406,-19.384
4990,-65.596,-28.019
4991,-27.89,52.539
4992,-67.219,36.485
4993,43.862,-64.976
4994,37.636,49.285
4995,87.171,-36.609
4996,43.95,-48.198
4997,37.503,13.573
4998,-0.53692,72.359
4999,-19.825,-68.593
5000,25.792,-51.019
5001,-72.803,-25.967
5002,74.867,-80.12
5003,-69.779,-10.071
5004,-1.8324,69.944
5005,-7.6871,-3.5089
5006,4.9219,77.295
5007,54.526,-57.675
5008,35.354,-65.699
5009,-64.663,9.8853
5010,77.327,34.668
5011,46.192,81.333
5012,32.09,90.891
5013,-10.168,92.49
5014,66.484,69.388
5015,48.021,57.115
5016,-4.8397,90.142
5017,-16.288,90.699
5018,59.05,-46.137
5019,83.641,-0.45922
5020,79.301,-34.916
5021,20.38,13.523
5022,6.3271,-115.69
5023,-54.401,64.413
5024,-2.2576,-58.944
5025,10.764,-58.035
5026,-5.441,-93.681
5027,-9.2956,-1.421
5028,6.6528,-115.48
5029,30.7,-56.956
5030,-19.468,33.661
5031,62.429,40.697
5032,35.732,-48.302
5033,2.5278,54.926
5034,-4.2107,80.288
5035,3.0119,-64.318
5036,47.215,4.152
5037,84.803,-14.215
5038,-26.43,27.703
5039,23.069,75.447
5040,-49.323,86.42
5041,24.362,98.348
5042,47.764,3.818
5043,84.433,42.837
5044,44.483,-64.92
5045,-9.847,83.03
5046,44.006,8.6572
5047,70.842,-14.777
5048,52.093,-49.748
5049,51.874,22.168
5050,47.687,23.018
5051,-84.005,-28.563
5052,38.429,-51.013
5053,-7.451,36.949
5054,9.5099,70.466
5055,-22.289,-69.679
5056,80.605,-52.912
5057,50.217,26.039
5058,50.218,10.878
5059,68.966,-23.129
5060,89.05,-30.604
5061,65.025,19.437
5062,28.194,54.195
5063,-5.3411,-86.725
5064,4.0726,-8.2202
5065,-48.075,53.121
5066,36.012,-29.97
5067,91.237,-17.17
5068,70.467,-6.4893
5069,4.8983,-114.07
5070,25.773,52.91
5071,87.447,-39.779
5072,-17.479,39.192
5073,44.799,-0.81672
5074,41.555,45.597
5075,-75.006,-16.761
5076,-58.67,-34.111
5077,77.966,28.298
5078,18.738,-85.668
5079,-44.164,68.429
5080,55.031,-83.982
5081,-21.875,-85.811
5082,25.717,47.163
5083,29.209,56.502
5084,-22.292,39.038
5085,-59.846,50.17
5086,16.417,-69.743
5087,11.62,15.857
5088,36.817,39.776
5089,-5.6102,-58.077
5090,-51.53,43.98
5091,44.189,81.393
5092,6.5588,-7.2534
5093,-68.643,-67.542
5094,67.039,-18.091
5095,69.967,30.059
5096,-96.482,29.697
5097,-80.346,-41.773
5098,70.707,32.098
5099,-33.62,68.132
5100,-80.217,-12.271
5101,-24.636,55.211
5102,36.649,86.668
5103,81.661,-3.9504
5104,17.065,-19.835
5105,-65.738,69.355
5106,54.171,51.943
5107,65.716,-60.222
5108,47.256,-53.674
5109,72.23,-16.811
5110,65.977,25.393
5111,-70.341,36.006
5112,-24.014,57.045
5113,-60.225,-77.737
5114,-97.528,6.5222
5115,0.727,-14.429
5116,-3.1037,80.343
5117,41.748,13.894
5118,-66.942,-63.915
5119,49.716,70.249
5120,71.364,-0.15392
5121,-8.7985,75.808
5122,24.893,44.933
5123,-19.52,-60.646
5124,-42.16,63.135
5125,-37.391,86.435
5126,18.224,-22.072
5127,49.622,-48.315
5128,39.899,2.3101
5129,-10.543,-8.6066
5130,-72.728,-28.315
5131,11.068,-58.391
5132,50.311,37.265
5133,-35.451,-27.574
5134,-4.5046,76.829
5135,28.474,-65.83
5136,-6.9547,-52.751
5137,34.539,25.176
5138,50.344,53.516
5139,49.81,-49.362
5140,79.66,41.22
5141,-12.291,-25.569
5142,5.4944,-114.62
5143,7.3161,12.353
5144,-36.478,27.138
5145,-7.7743,54.276
5146,-70.265,34.055
5147,3.9532,28.356
5148,-1.1058,72.374
5149,33.757,77.307
5150,18.596,-41.908
5151,79.468,-47.37
5152,78.793,-49.346
5153,-25.723,-40.347
5154,3.0898,-59.475
5155,84.826,-37.813
5156,59.975,12.096
5157,40.329,90.688
5158,82.403,-35.369
5159,33.787,-59.925
5160,-71.441,-77.357
5161,7.818,-55.205
5162,46.934,-69.961
5163,3.7373,-29.5
5164,98.957,41.639
5165,66.971,25.305
5166,-15.695,-43.806
5167,-22.421,-85.31
5168,34.484,-46.31
5169,7.0415,71.845
5170,63.472,-60.075
5171,-67.676,-18.021
5172,48.674,-31.958
5173,78.703,32.413
5174,-99.586,28.907
5175,5.1911,-116.3
5176,-56.106,24.426
5177,-14.873,96.678
5178,36.192,85.358
5179,68.723,37.402
5180,61.861,-53.997
5181,37.725,-60.473
5182,-86.46,8.1102
5183,38.024,-91.505
5184,-32.007,29.526
5185,108.56,10.775
5186,-25.143,9.2192
5187,-76.007,-52.685
5188,-41.843,12.941
5189,-14.342,37.05
5190,23.765,76.592
5191,-22.194,-61.622
5192,45.136,40.315
5193,99.02,50.401
5194,97.792,54.314
5195,49.098,42.563
5196,-36.962,36.795
5197,-6.8198,79.611
5198,30.289,-0.65042
5199,-65.937,9.2445
5200,-117.89,39.271
5201,33.571,-59.342
5202,57.18,-10.382
5203,19.715,72.932
5204,-107.19,28.446
5205,-62.045,49.821
5206,73.614,51.195
5207,47.965,29.582
5208,-9.0121,85.441
5209,11.736,72.421
5210,39.55,40.524
5211,47.148,-6.1044
5212,21.267,82.115
5213,-98.012,31.572
5214,69.391,-23.853
5215,62.343,-29.026
5216,6.7157,-115.72
5217,-78.214,-56.373
5218,-4.6792,43.367
5219,-18.267,-102.26
5220,-12.824,86.93
5221,19.597,81.638
5222,80.253,-48.274
5223,17.597,-20.385
5224,-117.44,39.541
5225,-18.532,6.6713
5226,73.894,85.684
5227,95.205,-42.475
5228,63.798,55.057
5229,-72.901,-76.263
5230,52.391,20.371
5231,-14.269,81.176
5232,-3.0281,32.903
5233,31.646,-66.924
5234,52.629,-3.406
5235,-35.66,-42.062
5236,-70.063,26.991
5237,-23.697,-83.157
5238,22.811,-98.229
5239,86.298,-17.958
5240,-82.062,-5.2634
5241,42.987,-45.216
5242,86.38,-1.341
5243,61.117,-4.1377
5244,-64.004,-28.959
5245,39.54,12.23
5246,-8.2025,71.288
5247,24.755,98.63
5248,-73.185,60.943
5249,-3.8926,81.521
5250,47.333,102.22
5251,-90.945,22.472
5252,87.371,-37.238
5253,90.594,-10.197
5254,30.534,53.026
5255,5.5711,59.306
5256,24.134,-87.878
5257,58.878,-25.249
5258,-36.369,-22.503
5259,28.456,-81.326
5260,-20.244,78.671
5261,20.733,-45.941
5262,-64.433,-76.511
5263,-8.743,79.407
5264,-11.359,-94.551
5265,0.69446,-13.091
5266,53.354,-40.915
5267,58.598,-22.65
5268,23.351,-49.804
5269,91.236,-31.055
5270,74.366,-9.1841
5271,-32.563,22.778
5272,-9.0087,-0.64701
5273,-9.5916,4.9181
5274,-78.491,-55.724
5275,-31.129,-77.927
5276,9.374,-10.619
5277,-3.8578,88.943
5278,66.075,-41.661
5279,40.449,16.656
5280,-90.88,13.279
5281,50.414,-47.026
5282,6.5544,-117.8
5283,-60.078,44.424
5284,60.579,19.335
5285,-40.889,-27.957
5286,38.974,-63.736
5287,-16.999,-79.918
5288,-44.076,89.445
5289,28.363,56.574
5290,44.154,-76.115
5291,-71.163,13.031
5292,55.685,22.075
5293,44.896,-43.098
5294,55.064,19.867
5295,69.973,-43.375
5296,-14.289,-2.5844
5297,-117.8,39.779
5298,94.875,-42.251
5299,-33.847,-33.323
5300,-15.209,75.648
5301,-43.156,66.351
5302,-42.003,52.53
5303,-70.937,14.462
5304,71.007,-8.0502
5305,87.851,-39.142
5306,5.3859,-116.61
5307,98.612,52.356
5308,-22.963,-70.316
5309,39.344,28.059
5310,-29.222,54.289
5311,-0.005289,-58.677
5312,-30.947,-4.4107
5313,66.664,-11.935
5314,-10.352,-5.8002
5315,-78.327,-58.579
5316,31.867,18.895
5317,-38.662,41.465
5318,28.178,13.339
5319,30.943,14.07
5320,53.583,-14.799
5321,17.97,-2.5115
5322,-34.21,47.448
5323,61.608,54.657
5324,-105.55,15.877
5325,5.0765,-115.59
5326,18.933,-47.359
5327,-19.099,54.742
5328,-18.619,84.775
5329,24.862,-43.723
5330,27.426,58.288
5331,24.963,-88.682
5332,72.266,-84.55
5333,4.5794,-116.49
5334,-4.7861,73.393
5335,-14.239,52.022
5336,92.558,-29.169
5337,49.902,-54.175
5338,-80.447,-5.7166
5339,33.799,-83.985
5340,71.079,-13.551
5341,-17.424,50.672
5342,-40.818,-91.559
5343,29.631,56.303
5344,46.345,56.284
5345,-70.565,37.028
5346,35.917,32.196
5347,5.8212,91.351
5348,-116.88,9.202
5349,6.9232,-116.99
5350,61.363,54.826
5351,27.359,12.297
5352,10.824,78.056
5353,37.336,-53.079
5354,-81.199,1.5266
5355,61.715,-60.163
5356,38.873,-71.794
5357,42.991,14.485
5358,61.651,-58.64
5359,85.24,-2.4776
5360,57.519,-48.032
5361,-15.082,50.735
5362,-81.411,-13.252
5363,21.044,82.157
5364,-10.776,41.43
5365,92.575,-20.284
5366,31.257,74.397
5367,-63.898,-29.537
5368,51.396,78.481
5369,6.9453,16.921
5370,-17.819,39.439
5371,35.123,77.35
5372,34.558,-47.941
5373,-59.443,55.856
5374,-10.276,85.925
5375,57.859,53.229
5376,81.625,-10.91
5377,-56.378,-78.751
5378,33.315,-19.475
5379,97.046,45.084
5380,29.691,-82.54
5381,83.697,-36.969
5382,-78.09,49.71
5383,-13.508,-6.1381
5384,42.045,2.1522
5385,7.972,-115.3
5386,-30.424,33.18
5387,1.3324,55.791
5388,67.488,-24.444
5389,25.725,-31.144
5390,-78.843,-60.316
5391,-52.449,24.422
5392,50.511,17.754
5393,-60.876,-8.277
5394,-12.302,84.172
5395,30.183,52.398
5396,91.573,-30.882
5397,-58.245,-34.151
5398,65.886,19.776
5399,92.976,-42.307
5400,21.28,-51.642
5401,-60.845,56.551
5402,28.039,87.202
5403,67.407,-1.9249
5404,61.606,-70.568
5405,56.065,15.607
5406,-73.907,-43.967
5407,15.658,-37.365
5408,23.019,52.264
5409,-34.512,8.7441
5410,53.718,-58.737
5411,55.52,-6.9568
5412,88.843,-25.955
5413,-68.059,10.704
5414,16.178,-98.694
5415,16.178,-98.694
5416,52.385,16.229
5417,-21.722,40.836
5418,7.3329,29.883
5419,36.106,50.136
5420,-22.594,-88.11
5421,23.47,-7.2229
5422,52.461,-62.227
5423,54.199,-64.93
5424,-36.186,-22.532
5425,76.605,-76.537
5426,76.335,23.739
5427,49.586,-61.602
5428,2.5007,-59.109
5429,-42.617,-3.4276
5430,36.02,85.173
5431,-24.296,81.972
5432,68.89,-57.727
5433,-59.339,-60.266
5434,53.641,51.601
5435,29.839,18.268
5436,-19.074,51.412
5437,52.147,-8.3347
5438,35.65,86.706
5439,-74.572,0.99257
5440,-12.652,-39.4
5441,-14.311,-2.1479
5442,10.669,85.258
5443,-26.961,-86.621
5444,-42.721,-4.414
5445,-37.974,55.307
5446,24.632,97.923
5447,57.121,-71.347
5448,83.315,29.431
5449,-14.433,-3.9589
5450,-41.535,-23.643
5451,-47.048,62.997
5452,-30.098,90.924
5453,-35.792,63.925
5454,-1.6407,-48.067
5455,78.71,-6.2044
5456,48.12,-19.495
5457,63.934,17.839
5458,68.685,41.651
5459,-19.147,-60.87
5460,6.7522,-16.199
5461,5.8951,90.416
5462,66.421,19.879
5463,71.68,-10.811
5464,18.64,-97.172
5465,47.04,81.418
5466,-66.537,-76.758
5467,-53.265,26.508
5468,63.883,-41.564
5469,47.509,-46.639
5470,-90.631,17.028
5471,34.341,35.931
5472,-45.984,70.392
5473,3.505,46.139
5474,64.626,4.2705
5475,66.096,87.546
5476,75.157,-9.8118
5477,-4.3275,-3.9253
5478,66.6,54.364
5479,88.664,45.649
5480,63.45,-15.243
5481,80.445,-37.957
5482,39.162,54.496
5483,-48.559,39.621
5484,25.269,46.644
5485,19.343,-22.548
5486,82.819,-40.904
5487,82.141,-34.817
5488,26.964,13.019
5489,-52.884,74.352
5490,25.923,60.326
5491,55.512,-82.532
5492,57.954,10.244
5493,15.724,-23.129
5494,50.538,-47.035
5495,-15.966,-6.0087
5496,30.409,48.886
5497,-14.29,97.865
5498,48.315,18.893
5499,21.894,-36.57
5500,24.696,77.728
5501,67.376,-8.5653
5502,66.293,-58.75
5503,60.753,54.653
5504,71.964,-16.741
5505,-119.51,14.779
5506,-79.325,47.401
5507,-25.977,82.555
5508,75.45,53.652
5509,94.183,-62.513
5510,-74.087,-12.475
5511,-5.7204,79.668
5512,14.866,-12.58
5513,-2.9801,77.08
5514,-3.4076,89.803
5515,1.5135,-15.666
5516,26.404,-31.223
5517,81.51,-9.2469
5518,33.044,55.44
5519,-3.5655,49.973
5520,-30.549,73.767
5521,36.328,43.01
5522,-47.987,66.075
5523,24.605,72.913
5524,65.597,-17.835
5525,12.599,83.526
5526,90.983,-16.474
5527,30.451,-0.19455
5528,-7.2724,64.384
5529,-52.467,74.235
5530,33.289,-89.61
5531,84.596,-25.795
5532,-23.071,-109.92
5533,-118.11,38.175
5534,45.258,26.836
5535,46.3,48.938
5536,-53.354,26.65
5537,-9.5405,-72.026
5538,-61.768,76.967
5539,-23.259,35.033
5540,30.768,-89.393
5541,-28.675,-21.273
5542,-48.613,19.476
5543,7.6567,-45.747
5544,-39.183,-78.11
5545,-25.466,-91.382
5546,28.324,54.164
5547,-39.878,-20.287
5548,47.335,48.283
5549,22.337,73.23
5550,33.349,-61.442
5551,-54.956,-91.675
5552,24.85,70.283
5553,56.864,-55.783
5554,22.08,-23.004
5555,47.963,21.098
5556,61.531,2.8408
5557,-30.926,-76.148
5558,-52.49,26.958
5559,30.15,55.126
5560,-50.401,47.437
5561,43.305,82.976
5562,88.648,-41.605
5563,53.401,-0.53648
5564,51.625,9.0271
5565,58.686,-9.921
5566,-61.967,21.647
5567,35.868,85.843
5568,34.067,-51.156
5569,91.786,-57.706
5570,-12.543,79.078
5571,35.183,87.13
5572,28.694,-92.669
5573,63.58,-11.36
5574,-70.215,-69.242
5575,85.875,45.472
5576,10.875,90.938
5577,14.669,-40.203
5578,-72.168,-17.131
5579,-93.556,6.3594
5580,25.611,-96.087
5581,33.531,-15.111
5582,55.345,23.754
5583,44.902,23.086
5584,-117.89,39.268
5585,62.763,-27.643
5586,78.708,32.255
5587,98.967,48.485
5588,64.526,-39.366
5589,44.469,-89.024
5590,9.8492,48.107
5591,-58.294,-82.347
5592,85.841,-23.358
5593,33.947,91.368
5594,60.541,-0.5394
5595,35.618,-83.566
5596,-68.707,-59.471
5597,85.703,8.2232
5598,-11.909,-7.5452
5599,90.472,35.771
5600,28.354,-0.4761
5601,55.552,13.818
5602,-9.8649,-6.1984
5603,-58.152,25.452
5604,-2.9978,-13.604
5605,41.241,-11.929
5606,61.653,4.1759
5607,3.8306,-48.908
5608,-64.187,19.283
5609,11.447,-38.973
5610,-48.53,56.676
5611,22.719,49.155
5612,-10.433,78.837
5613,34.249,-18.5
5614,37.663,15.737
5615,72.015,32.96
5616,50.752,10.082
5617,67.158,-19.68
5618,-9.202,0.022916
5619,-53.285,18.869
5620,7.1587,-55.37
5621,23.754,52.074
5622,-54.145,62.837
5623,-8.034,30.47
5624,-13.494,-3.4191
5625,45.832,85.185
5626,-27.139,51.771
5627,16.37,-0.19464
5628,50.342,10.453
5629,20.28,42.048
5630,74.386,-50.15
5631,64.961,6.4924
5632,66.259,8.1997
5633,47.937,50.429
5634,-22.326,39.07
5635,-0.61619,72.449
5636,35.43,50.95
5637,-53.185,-25.531
5638,86.786,-38.676
5639,56.307,-2.786
5640,-7.3131,-34.236
5641,-0.20692,-79.5
5642,21.49,80.006
5643,70.768,53.363
5644,7.8465,88.542
5645,78.182,-4.2582
5646,42.518,-79.663
5647,77.699,-48.687
5648,56.549,10.019
5649,37.371,7.842
5650,76.033,29.184
5651,-3.5875,61.096
5652,27.829,-83.176
5653,-51.92,58.857
5654,79.089,41.803
5655,-79.256,-53.783
5656,74.094,-9.4774
5657,-57.078,25.207
5658,24.317,6.4589
5659,10.997,-34.108
5660,21.54,72.326
5661,46.053,50.347
5662,-22.918,38.525
5663,96.509,56.48
5664,76.272,-49.686
5665,82.949,-13.47
5666,65.832,-48.903
5667,92.459,35.28
5668,93.477,-19.272
5669,-15.809,-24.414
5670,-33.199,27.538
5671,-79.113,-6.999
5672,-23.399,51.571
5673,66.068,-0.97438
5674,51.016,-82.438
5675,58.731,-9.8319
5676,84.191,-16.361
5677,50.761,11.088
5678,33.303,91.442
5679,-5.8252,-46.902
5680,-49.646,29.889
5681,46.448,56.072
5682,-25.489,30.781
5683,87.241,-19.833
5684,52.835,-3.243
5685,-4.8523,1.3094
5686,5.9874,-116.97
5687,-101.33,30.104
5688,32.092,54.964
5689,46.564,56.138
5690,-45.728,45.741
5691,49.025,42.805
5692,-5.3152,78.839
5693,21.212,25.231
5694,-10.945,-63.882
5695,38.137,-91.333
5696,25.191,69.475
5697,-57.02,29.889
5698,28.798,52.561
5699,-14.223,51.545
5700,-11.445,44.272
5701,60.133,53.589
5702,5.8633,91.153
5703,54.611,74.583
5704,-11.787,-9.1697
5705,-79.325,47.401
5706,37.241,3.3017
5707,-4.4308,37.648
5708,-28.233,39.834
5709,-23.719,41.887
5710,68.992,-57.4
5711,8.5879,-55.258
5712,6.3859,-114.19
5713,-75.231,17.266
5714,9.0656,98.676
5715,30.132,22.401
5716,-3.7765,78.671
5717,4.0529,-53.529
5718,-4.5011,77.567
5719,47.295,26.063
5720,66.864,49.277
5721,30.698,27.592
5722,13.751,-41.637
5723,-23.817,41.723
5724,-36.588,-15.354
5725,65.49,-2.5967
5726,90.701,-27.936
5727,0.61464,18.588
5728,25.009,69.631
5729,43.462,80.641
5730,87.237,-36.31
5731,39.027,-2.3053
5732,-8.7168,2.0599
5733,47.184,55.922
5734,46.957,54.366
5735,97.448,54.953
5736,99.031,48.881
5737,-40.199,26.632
5738,-57.979,8.2962
5739,48.085,-81.07
5740,46.931,-41.512
5741,68.401,-21.149
5742,32.72,-68.395
5743,50.646,8.2585
5744,-116.68,37.203
5745,71.569,58.517
5746,-13.563,-10.021
5747,-31.088,86.319
5748,42.603,57.92
5749,-2.6756,96.762
5750,-30.379,54.576
5751,89.109,-14.614
5752,56.048,4.6611
5753,38.778,-41.871
5754,-42.003,-43.074
5755,5.4944,-114.62
5756,-3.1347,-47.156
5757,-19.237,33.4
5758,-11.619,72.118
5759,-8.1551,-36.62
5760,79.175,30.465
5761,79.62,26.554
5762,84.851,-36.172
5763,-71.745,-18.302
5764,-13.127,-5.3209
5765,-8.659,-1.7922
5766,-39.476,-23.049
5767,-74.687,-13.459
5768,5.6647,-36.081
5769,-25.684,-88.269
5770,-71.63,67.482
5771,70.637,64.746
5772,62.428,-61.027
5773,-11.954,-3.6597
5774,95.126,-24.121
5775,29.225,81.828
5776,63.589,7.6481
5777,32.436,49.577
5778,-9.3014,63.538
5779,24.822,69.217
5780,85.592,-37.523
5781,43.439,14.484
5782,-79.353,48.486
5783,74.245,55.709
5784,-1.8613,71.854
5785,-22.053,79.339
5786,75.537,-48.357
5787,38.967,-3.5328
5788,66.674,-31.742
5789,-64.015,-58.057
5790,-72.537,-44.35
5791,51.692,52.319
5792,-69.933,-75.354
5793,-32.932,11.935
5794,21.608,-53.442
5795,-101.3,26.761
5796,35.401,53.836
5797,-23.058,-84.053
5798,2.7444,17.715
5799,67.118,46.559
5800,-69.354,-11.729
5801,-42.086,28.894
5802,-19.418,-81.022
5803,7.9657,-10.691
5804,26.607,58.313
5805,40.345,11.784
5806,47.602,52.088
5807,34.062,-82.009
5808,56.982,9.8766
5809,22.683,-89.196
5810,-119.55,14.931
5811,-8.5815,-3.2963
5812,57.942,-23.56
5813,-14.935,-7.5248
5814,50.617,10.956
5815,50.736,53.144
5816,33.839,75.403
5817,14.3,-19.889
5818,13.568,-2.9124
5819,-59.342,59.636
5820,20.108,-86.876
5821,-70.787,65.369
5822,75.212,-79.473
5823,77.091,-75.348
5824,29.982,56.06
5825,-44.087,62.101
5826,39.051,54.065
5827,93.155,-25.036
5828,43.158,-71.332
5829,83.431,-48.336
5830,-12.193,-7.8255
5831,68.821,-26.806
5832,-77.014,-58.117
5833,-58.279,-78.316
5834,28.969,31.618
5835,59.455,1.5476
5836,53.849,79.368
5837,-79.002,-55.877
5838,-60.164,34.895
5839,39.932,15.926
5840,5.2452,-25.359
5841,29.729,-59.877
5842,-3.6379,61.77
5843,93.225,-21.872
5844,79.315,-1.721
5845,60.271,-2.1365
5846,-79.96,-65.388
5847,-9.7957,-0.2407
5848,9.2474,-13.575
5849,24.16,75.551
5850,48.655,-48.322
5851,70.33,-19.681
5852,-51.445,59.297
5853,3.0652,92.096
5854,-17.67,51.185
5855,51.415,52.229
5856,-34.205,-3.3331
5857,-67.614,57.713
5858,-5.0577,-34.114
5859,95.868,-40.508
5860,6.555,-115.85
5861,-1.7465,36.929
5862,-27.162,-7.7737
5863,48.924,50.596
5864,10.845,30.417
5865,76.976,-1.8955
5866,47.76,-20.068
5867,58.746,-24.279
5868,-63.001,75.413
5869,5.9903,-7.2345
5870,-23.049,-71.495
5871,28.568,-94.886
5872,57.306,-57.621
5873,51.948,-50.425
5874,70.149,2.3044
5875,57.025,-11.002
5876,50.757,-77.44
5877,62.059,48.944
5878,-78.891,-60.552
5879,56.604,-9.5266
5880,-19.539,41.544
5881,-32.819,70.991
5882,11.178,78.954
5883,-5.5367,75.275
5884,-12.993,99.747
5885,19.691,83.854
5886,97.626,21.22
5887,51.189,32.035
5888,-3.9596,-1.5616
5889,72.005,59.083
5890,46.189,88.374
5891,-6.669,-6.9642
5892,-55.287,21.168
5893,-74.45,-47.518
5894,-51.029,25.222
5895,49.153,-74.753
5896,-13.721,-3.4099
5897,49.073,23.213
5898,-7.3651,-45.717
5899,22.888,-80.851
5900,-64.009,19.57
5901,-21.101,54.2
5902,-55.205,-92.908
5903,-8.105,74.365
5904,-42.453,-33.154
5905,108.55,10.774
5906,-117.65,39.231
5907,-79.758,-66.608
5908,-2.0842,52.281
5909,-71.361,-11.081
5910,79.397,-43.339
5911,75.738,-37.284
5912,-38.528,-74.607
5913,-5.0479,79.692
5914,50.393,53.425
5915,9.3563,-50.737
5916,-70.402,7.0865
5917,63.611,88.194
5918,-71.623,-17.417
5919,2.6817,13.694
5920,-28.646,-92.738
5921,40.549,-43.317
5922,-24.642,33.381
5923,50.19,-76.084
5924,-65.351,-83.717
5925,-21.858,79.598
5926,-52.552,61.21
5927,89.714,7.3679
5928,-104.96,25.614
5929,40.001,28.195
5930,38.571,53.985
5931,89.311,-15.141
5932,53.098,53.505
5933,82.085,-42.126
5934,-59.639,-31.224
5935,-75.84,-12.121
5936,-86.748,-41.172
5937,46.321,-92.07
5938,-59.306,8.5552
5939,-42.445,54.836
5940,49.848,51.763
5941,-6.3224,-88.342
5942,53.547,-82.134
5943,-17.601,-10.33
5944,-25.75,55.36
5945,41.073,52.894
5946,29.457,-68.62
5947,48.277,11.968
5948,56.457,-1.9723
5949,81.711,-34.25
5950,-72.623,-44.5
5951,25.79,52.857
5952,-24.475,81.842
5953,-9.9095,-3.0582
5954,17.9,-51.003
5955,-36.029,65.766
5956,-26.798,-101.81
5957,-2.6507,73.566
5958,14.506,-80.104
5959,84.522,-26.207
5960,68.02,-16.846
5961,68.074,-16.26
5962,33.123,47.441
5963,30.714,55.227
5964,51.124,-48.661
5965,48.934,-51.14
5966,37.756,24.55
5967,98.799,20.165
5968,-67.126,-15.141
5969,-21.271,33.336
5970,-60.765,6.7239
5971,-72.556,-44.407
5972,-4.538,87.101
5973,61.63,54.909
5974,-71.873,-17.167
5975,-60.177,-88.942
5976,28.36,52.669
5977,-52.325,73.083
5978,67.156,-18.71
5979,60.147,-2.0419
5980,42.929,-49.834
5981,5.6414,-117.7
5982,-80.882,-30.692
5983,67.752,24.842
5984,-52.833,72.942
5985,-9.4955,11.256
5986,25.714,61.519
5987,13,-36.994
5988,73.618,-14.527
5989,-54.451,-27.382
5990,-29.31,62.392
5991,23.489,52.283
5992,-25.46,-8.359
5993,-21.804,-68.669
5994,28.201,11.158
5995,48.68,-49.726
5996,75.448,-58.405
5997,6.5982,-115.43
5998,-54.98,-46.908
5999,51.784,35.792
6000,32.687,35.582
6001,-10.094,-64.584
6002,68.37,-56.4
6003,93.344,-18.293
6004,88.924,-26.871
6005,-12.129,-1.8141
6006,36.685,-69.348
6007,81.607,-37.97
6008,-53.692,-60.215
6009,-13.972,-7.3913
6010,40.933,89.142
6011,22.978,51.7
6012,-58.401,70.099
6013,-25.093,53.036
6014,76.828,-50.074
6015,80.225,-2.4178
6016,32.57,13.325
6017,67.583,24.735
6018,36.754,-6.2975
6019,75.443,0.54479
6020,-78.096,49.716
6021,-16.462,52.769
6022,57.42,-10.817
6023,-9.7292,-64.289
6024,41.281,40.003
6025,-71.313,-19.57
6026,-54.438,70.577
6027,59.055,-53.806
6028,-5.1221,-41.229
6029,48.261,-10.462
6030,47.695,-14.473
6031,7.9544,-11.491
6032,-5.1274,19.932
6033,2.904,58.336
6034,43.536,-1.3666
6035,79.666,41.235
6036,77.58,-6.8824
6037,47.085,-3.9061
6038,48.811,-49.886
6039,-57.028,50.389
6040,-74.932,-17.365
6041,-34.77,43.624
6042,-64.724,-31.258
6043,-92.354,13.477
6044,-24.368,32.457
6045,-35.675,31.523
6046,-4.2677,82.786
6047,12.296,-38.537
6048,25.511,-16.18
6049,-77.208,57.201
6050,47.961,79.129
6051,-21.209,82.216
6052,30.387,11.069
6053,5.2333,56.368
6054,49.735,52.634
6055,-79.247,-53.128
6056,-29.342,77.839
6057,-31.916,28.861
6058,-23.964,-92.423
6059,82.008,-35.688
6060,65.227,-22.805
6061,-89.834,33.41
6062,74.036,-45.955
6063,43.997,2.639
6064,-36.068,-24.456
6065,-59.162,-21.867
6066,-73.772,16.162
6067,91.532,32.637
6068,-8.674,-1.7919
6069,-54.908,19.787
6070,-11.579,-83.977
6071,85.75,-10.005
6072,47.857,-45.925
6073,32.154,54.045
6074,-23.838,45.224
6075,-32.771,71.001
6076,33.854,82.872
6077,21.478,74.06
6078,31.812,51.54
6079,15.851,-23.394
6080,83.127,-48.937
6081,56.69,4.8066
6082,30.075,55.647
6083,32.801,50.135
6084,86.452,44.245
6085,28.943,-83.547
6086,-59.653,-88.934
6087,-37.686,47.659
6088,-50.34,19.791
6089,48.047,49.398
6090,37.566,-31.093
6091,20.405,13.277
6092,53.671,31.239
6093,25.878,8.3289
6094,54.428,-86.184
6095,-16.634,-69.747
6096,54.303,23.673
6097,-46.575,64.83
6098,-25.961,34.785
6099,64.015,-15.17
6100,-103.26,25.268
6101,65.775,-28.976
6102,66.667,68.304
6103,49.661,52.723
6104,-67.059,6.1049
6105,52.393,-50.209
6106,-92.537,14.899
6107,-17.411,-3.9165
6108,-58.603,36.397
6109,-7.6206,78.816
6110,48.343,-74.113
6111,23.784,-36.287
6112,30.698,-56.765
6113,88.301,-21.005
6114,-42.328,-23.752
6115,-43.412,-22.362
6116,-58.612,-34.303
6117,-32.726,42.806
6118,-7.6972,-73.591
6119,-57.27,-83.233
6120,-21.204,-60.161
6121,56.346,17.464
6122,62.944,8.2971
6123,-5.3386,3.6686
6124,5.0647,-115.62
6125,-8.1928,56.746
6126,-9.6486,2.884
6127,78.182,40.275
6128,-30.452,26.344
6129,-75.138,-28.552
6130,-31.104,-81.03
6131,50.698,-85.912
6132,24.091,68.511
6133,23.56,-60.148
6134,37.433,-45.868
6135,89.313,-30.914
6136,45.026,-73.477
6137,39.362,54.944
6138,-12.609,46.223
6139,0.31802,-23.688
6140,-22.039,-24.829
6141,32.009,54.72
6142,41.298,28.528
6143,-36.963,52.473
6144,32.632,53.988
6145,84.428,-17.261
6146,88.95,-42.602
6147,-36.084,-24.09
6148,-36.307,-7.707
6149,30.989,51.322
6150,71.559,57.919
6151,35.559,-44.033
6152,-32.974,71.235
6153,69.651,2.4509
6154,-118.5,40.616
6155,-80.363,-41.762
6156,-10.71,-63.68
6157,-118.96,38.917
6158,63.246,-12.816
6159,82.812,-17.554
6160,6.6182,-115.84
6161,76.007,28.729
6162,-39.57,44.901
6163,-29.404,-30.846
6164,-41.63,20.193
6165,53.941,52.269
6166,-0.74585,100.99
6167,-1.1985,71.74
6168,26.084,-76.313
6169,-12.611,77.817
6170,58.218,6.6553
6171,-31.652,41.276
6172,-20.739,1.3196
6173,49.279,42.302
6174,33.107,-42.204
6175,20.915,70.827
6176,83.764,-15.278
6177,-88.581,23.449
6178,-79.26,-53.623
6179,79.692,28.188
6180,58.034,10.142
6181,-74.827,-64.792
6182,35.185,86.606
6183,5.5812,58.641
6184,72.82,-15.499
6185,55.643,35.333
6186,73.316,-10.211
6187,52.269,7.5896
6188,-117.67,39.229
6189,73.877,-14.574
6190,30.559,-50.343
6191,63.848,-66.91
6192,60.595,-1.5204
6193,62.11,-15.22
6194,67.801,-5.1415
6195,36.155,-21.34
6196,71.742,55.412
6197,-35.745,37.668
6198,-76.785,-23.585
6199,-55.218,-79.241
6200,-53.023,23.155
6201,70.676,-37.963
6202,6.102,-117.8
6203,-9.3871,0.69557
6204,70.542,-20.263
6205,42.586,0.92784
6206,28.601,52.933
6207,-17.464,47.199
6208,51.48,-61.961
6209,85.82,-10.414
6210,5.1811,-117.45
6211,-61.143,-21.86
6212,36.234,43.302
6213,27.981,-79.924
6214,-81.093,27.379
6215,56.894,-51.69
6216,-79.612,-39.948
6217,-12.227,-9.464
6218,4.9535,-117.19
6219,45.558,22.775
6220,-73.871,15.546
6221,-18.037,13.16
6222,81.414,34.336
6223,-65.2,-42.879
6224,63.69,7.6852
6225,25.525,-16.078
6226,44.203,-22.613
6227,84.958,-16.549
6228,-65.189,-29.917
6229,-76.197,-23.801
6230,-73.555,-17.432
6231,-42.528,55.244
6232,-54.193,20.004
6233,-34.438,-27.378
6234,91.514,-17.375
6235,-80.1,-50.899
6236,-19.962,-107.89
6237,-69.078,59.155
6238,-18.423,-8.3932
6239,-90.503,-17.814
6240,-59.095,29.458
6241,-69.817,-18.602
6242,-74.622,-30.711
6243,66.623,-25.139
6244,10.488,-79.984
6245,20.802,-91.604
6246,8.5279,-116.68
6247,46.604,48.935
6248,-40.893,-25.846
6249,-1.6073,73.235
6250,-11.478,70.129
6251,-52.373,28.15
6252,-56.969,-31.515
6253,19.799,-49.345
6254,22.705,68.596
6255,-69.93,-75.423
6256,57.149,-20.864
6257,-53.795,28.317
6258,28.762,-67.192
6259,62.688,-12.498
6260,-93.193,15.588
6261,-50.497,19.88
6262,47.967,53.077
6263,30.97,32.715
6264,7.1053,-114.22
6265,65.83,56.953
6266,75.596,25.609
6267,67.106,67.444
6268,-67.197,75.289
6269,-6.8123,13.645
6270,-69.158,-78.758
6271,48.081,21.498
6272,5.7188,90.914
6273,14.689,90.81
6274,-7.9039,77.781
6275,-51.836,27.095
6276,-67.301,-80.358
6277,-0.86525,58.474
6278,2.9042,-54.594
6279,-9.0872,80.31
6280,55.023,-87.427
6281,-64.934,9.5876
6282,60.616,-15.1
6283,80.87,-43.766
6284,27.127,11.426
6285,-20.573,-68.99
6286,-5.7761,83.28
6287,58.126,9.886
6288,72.809,-14.616
6289,-20.422,-51.319
6290,-64.014,-29.87
6291,-3.0628,-56.525
6292,-40.982,60.644
6293,-35.793,64.268
6294,-38.048,84.851
6295,31.313,-57.469
6296,18.526,-22.56
6297,50.815,11.401
6298,67.299,52.859
6299,29.81,48.731
6300,-38.725,38.511
6301,85.082,-25.825
6302,-117.8,39.778
6303,6.9897,-117.79
6304,75.08,53.517
6305,-14.638,-44.393
6306,70.658,64.049
6307,-19.406,14.806
6308,-22.046,31.532
6309,-69.959,-18.725
6310,24.627,-46.978
6311,30.567,11.371
6312,31.228,13.136
6313,-76.326,16.18
6314,-59.024,-20.695
6315,52.305,5.9766
6316,-78.091,49.71
6317,108.55,10.775
6318,40.371,-33.822
6319,-21.331,37.952
6320,26.227,-91.495
6321,47.205,75.263
6322,80.793,-24.703
6323,32.178,-68.225
6324,72.029,32.896
6325,-72.324,10.94
6326,-23.755,-82.476
6327,23.38,-45.83
6328,-21.59,31.906
6329,-12.379,-55.077
6330,20.588,83.935
6331,33.761,-33.413
6332,53.176,-57.432
6333,80.567,-37.973
6334,85.725,8.2338
6335,83.795,-48.017
6336,41.133,55.079
6337,28.117,-34.369
6338,5.0788,-115.98
6339,81.684,-43.616
6340,-78.089,49.712
6341,35.924,6.1652
6342,-52.602,-88.251
6343,-29.048,41.834
6344,-41.421,77.859
6345,-53.391,28.134
6346,87.735,-24.157
6347,8.4658,-61.54
6348,86.761,-2.8948
6349,10.534,28.738
6350,71.178,31.968
6351,-15.37,13.376
6352,5.2066,-34.2
6353,-37.987,-83.702
6354,-69.968,-77.891
6355,-88.117,25.141
6356,-5.5738,79.268
6357,49.179,50.746
6358,38.56,-70.477
6359,84.766,-36.131
6360,67.667,-17.308
6361,-88.962,-50.235
6362,-50.989,-80.914
6363,39.753,3.4469
6364,89.132,-27.906
6365,19.332,-24.07
6366,-61.845,17.945
6367,-7.9465,2.1576
6368,32.071,46.79
6369,5.0102,-29.947
6370,-13.694,-68.652
6371,9.4126,-51.326
6372,53.705,-3.4523
6373,5.1281,-117.21
6374,-51.954,62.688
6375,77.213,43.135
6376,33.745,92.526
6377,24.895,-32.684
6378,-72.928,-26.277
6379,32.864,49.539
6380,-79.872,35.806
6381,28.542,53.045
6382,42.253,46.288
6383,44.528,-89.063
6384,-24.052,-91.761
6385,-23.557,41.956
6386,24.37,76.772
6387,-59.979,-17.939
6388,-2.6342,52.93
6389,-30.031,37.606
6390,59.323,-57.32
6391,17.614,-46.686
6392,87.66,-39.83
6393,86.518,-37.731
6394,66.186,54.879
6395,46.807,55.223
6396,10.934,-35.696
6397,-32.652,51.148
6398,-43.607,19.246
6399,61.991,13.714
6400,48.047,49.958
6401,67.56,24.727
6402,-51.417,23.242
6403,-37.288,85.616
6404,-15.009,42.803
6405,70.607,-7.613
6406,79.59,-31.038
6407,32.076,-57.808
6408,74.403,30.915
6409,-14.923,4.3977
6410,51.856,35.56
6411,49.666,38.101
6412,-82.738,32.609
6413,-8.7,-56.069
6414,36.293,-21.155
6415,65.813,19.778
6416,49.908,23.554
6417,86.912,36.531
6418,13.59,-41.301
6419,76.333,-52.86
6420,51.318,35.773
6421,66.616,53.918
6422,-3.4764,76.036
6423,75.46,-7.5034
6424,55.097,8.9716
6425,-97.004,19.74
6426,89.777,-41.668
6427,71.378,-12.943
6428,108.55,10.775
6429,-3.691,-56.048
6430,30.771,-56.699
6431,-26.848,95.673
6432,-17.523,-25.551
6433,60.465,19.047
6434,73.384,-15.127
6435,66.11,69.603
6436,-69.282,50.9
6437,-70.314,59.967
6438,27.408,-68.984
6439,17.047,-14.259
6440,-11.013,81.484
6441,-1.9277,63.913
6442,-101.94,29.922
6443,56.891,-55.358
6444,49.52,-46.976
6445,75.016,-0.090686
6446,3.1406,97.026
6447,42.651,-64.167
6448,-50.639,-27.274
6449,-64.458,-82.913
6450,-11.793,88.837
6451,-31.933,36.845
6452,26.185,61.373
6453,-24.059,50.085
6454,90.053,-19.333
6455,25.111,-32.433
6456,-105.23,-3.6153
6457,25.005,-15.809
6458,36.488,7.2896
6459,-29.31,-30.667
6460,96.885,44.954
6461,-32.13,27.399
6462,-42.255,-21.004
6463,80.203,-4.8888
6464,9.7361,-56.486
6465,-13.245,4.7753
6466,-10.031,-74.682
6467,33.989,6.0349
6468,57.642,16.227
6469,47.984,12.083
6470,-79.325,47.403
6471,-48.206,-16.052
6472,21.575,-33.867
6473,-70.275,-22.072
6474,86.031,-34.845
6475,16.017,-99.159
6476,53.062,7.3828
6477,-32.82,23.795
6478,1.1464,-64.992
6479,-22.737,48.097
6480,-30.911,28.627
6481,-49.757,25.737
6482,68.533,-57.009
6483,-7.2628,55.785
6484,35.82,51.931
6485,71.668,32.349
6486,29.006,52.072
6487,50.762,11.06
6488,-5.651,-67.125
6489,-36.822,51.79
6490,56.116,26.629
6491,51.937,52.202
6492,60.918,-10.009
6493,69.594,30.709
6494,21.624,70.802
6495,-14.112,50.506
6496,48.32,-86.27
6497,-25.377,-78.481
6498,29.074,-4.3672
6499,-49.645,25.811
6500,-101.21,26.364
6501,-53.804,21.182
6502,67.042,53.483
6503,68.455,52.984
6504,-17.83,-14.488
6505,52.533,-80.555
6506,46.161,-42.59
6507,54.184,-54.352
6508,93.224,-21.477
6509,-18.123,6.1943
6510,29.209,52.88
6511,76.304,25.424
6512,82.514,-48.255
6513,16.71,-0.13341
6514,61.172,20.789
6515,85.42,-41.755
6516,69.214,-15.138
6517,9.8357,-49.807
6518,-77.948,-57.409
6519,41.708,-58.496
6520,37.63,-83.747
6521,-17.443,-59.989
6522,-4.7142,88.356
6523,-9.5258,-46.132
6524,84.687,-35.595
6525,45.535,-20.807
6526,78.099,32.46
6527,29.244,34.819
6528,-32.384,93.1
6529,54.473,32.029
6530,47.92,48.957
6531,-32.053,22.245
6532,-5.4358,-85.591
6533,-53.73,26.576
6534,70.974,26.557
6535,102.45,5.6523
6536,6.9897,-117.79
6537,62.693,-27.55
6538,8.7457,-116
6539,-34.533,-58.958
6540,33.198,9.9019
6541,-51.285,22.713
6542,68.397,-23.874
6543,69.129,-20.978
6544,78.723,-28.426
6545,-100.98,25.582
6546,58.857,76.388
6547,-78.091,49.71
6548,71.511,26.438
6549,-39.847,37.275
6550,27.555,-93.287
6551,47.212,2.1421
6552,74.863,-9.7833
6553,12.343,19.619
6554,30.4,-88.98
6555,-33.622,-6.1919
6556,23.589,65.698
6557,49.998,-7.5833
6558,29.404,-22.554
6559,-51.305,-54.35
6560,51.272,7.0306
6561,47.023,-29.61
6562,-73.732,-20.569
6563,0.71885,-55.482
6564,83.273,-35.983
6565,78.831,-29.876
6566,-67.811,-52.721
6567,55.336,-52.546
6568,71.872,38.01
6569,83.811,-36.433
6570,-11.403,5.9093
6571,29.937,48.769
6572,92.449,-39.662
6573,4.0551,-60.684
6574,55.554,-78.763
6575,66.01,-49.748
6576,8.5128,-55.242
6577,74.78,25.76
6578,33.649,46.936
6579,-39.885,41.331
6580,50.416,53.138
6581,76.33,-53.004
6582,59.744,-15.51
6583,55.162,5.9149
6584,-53.241,26.413
6585,74.714,25.716
6586,44.797,80.082
6587,27.96,30.154
6588,-68.761,-26.405
6589,-59.075,50.748
6590,21.658,-67.345
6591,43.908,2.8263
6592,83.07,-12.873
6593,38.358,-20.987
6594,50.616,-15.699
6595,-1.127,-56.158
6596,-79.177,6.6693
6597,55.989,62.194
6598,48.536,21.191
6599,66.348,28.995
6600,27.113,34.232
6601,-36.788,-60.614
6602,7.8018,47.304
6603,-1.1686,-14.955
6604,-34.942,56.88
6605,-108.35,-8.2121
6606,81.246,-0.34817
6607,88.666,-40.749
6608,88.534,-6.0402
6609,3.3929,46.372
6610,36.448,-93.17
6611,-4.6503,60.603
6612,-89.648,25.58
6613,-70.28,-22.013
6614,60.745,4.9567
6615,7.6214,18.335
6616,-51.824,-38.798
6617,28.865,4.2331
6618,56.466,-49.53
6619,-27.161,-77.849
6620,-33.121,87.494
6621,27.676,-94.494
6622,69.05,-57.907
6623,-13.773,4.0035
6624,79.195,41.783
6625,-31.774,38.881
6626,23.177,-56.027
6627,-84.233,-25.277
6628,86.604,-37.607
6629,-77.133,10.512
6630,-12.361,4.8148
6631,72.152,-39.031
6632,-9.5079,-78.51
6633,50.147,42.814
6634,27.111,30.572
6635,18.464,-91.958
6636,62.452,53.233
6637,-100.06,26.595
6638,91.141,-24.655
6639,-13.48,4.1991
6640,-88.586,33.817
6641,46.366,29.122
6642,-72.638,-15.798
6643,52.155,22.259
6644,-70.697,-25.329
6645,51.595,-87.096
6646,69.845,-19.863
6647,-49.316,-50.521
6648,-65.968,4.0891
6649,28.885,5.8719
6650,33.387,-89.325
6651,48.388,20.637
6652,-70.246,-66.225
6653,34.919,-34.13
6654,82.844,41.042
6655,-94.093,22.846
6656,72.473,21.957
6657,-69.917,18.589
6658,34.089,-20.85
6659,-14.735,-50.449
6660,-54.679,21.501
6661,70.598,-12.427
6662,47.767,23.012
6663,34.355,-9.4048
6664,59.887,4.9514
6665,57.611,-20.345
6666,5.9092,-31.362
6667,-76.589,-21.316
6668,61.22,-4.8495
6669,7.1721,-62.181
6670,71.954,-6.2423
6671,-84.843,35.618
6672,5.0892,-115.61
6673,62.379,17.222
6674,-53.381,25.02
6675,-117.96,39.691
6676,30.98,15.369
6677,30.665,-58.893
6678,48.052,-55.712
6679,66.24,-47.327
6680,39.612,1.0298
6681,68.863,-20.168
6682,-99.566,20.198
6683,-15.776,6.1409
6684,47.493,51.942
6685,69.145,26.865
6686,24.622,67.07
6687,-73.292,16.211
6688,30.253,97.308
6689,86.972,-35.714
6690,41.117,-44.984
6691,-64.579,3.1183
6692,-14.885,-63.383
6693,58.543,16.908
6694,47.269,-46.092
6695,80.181,-0.69281
6696,41.124,-39.975
6697,34.844,76.277
6698,-97.181,21.25
6699,-71.208,-23.917
6700,68.624,25.388
6701,-8.7653,76.497
6702,-102.96,16.042
6703,62.685,-64.451
6704,75.012,-58.098
6705,65.726,-11.101
6706,45.813,75.879
6707,73.334,28.368
6708,22.409,-20.995
6709,-24.668,-99.294
6710,8.6957,-53.635
6711,-85.667,-25.912
6712,-118.05,39.541
6713,66.288,89.149
6714,-67.488,-11.367
6715,9.5992,-4.8068
6716,40.662,-58.308
6717,-94.14,22.99
6718,-21.55,26.072
6719,31.112,-91.445
6720,-90.963,13.981
6721,15.955,8.4999
6722,-91.685,12.994
6723,-118.01,39.602
6724,88.414,-5.9882
6725,-22.839,-31.562
6726,77.617,-48.676
6727,-65.903,23.651
6728,17.343,71.314
6729,-104.4,17.443
6730,-20.115,9.7253
6731,-78.079,-70.397
6732,-89.823,17.488
6733,6.084,-26.384
6734,-74.197,-32.955
6735,72.865,52.715
6736,-41.162,-24.129
6737,-61.254,-18.348
6738,76.5,-76.784
6739,54.887,-69.229
6740,55.338,4.9467
6741,55.866,-3.6035
6742,-13.298,6.6486
6743,-117.43,39.496
6744,-14.102,99.337
6745,86.007,-42.173
6746,-95.061,26.403
6747,-67.663,16.774
6748,-70.29,50.776
6749,-30.469,-57.397
6750,70.456,-19.506
6751,-40.924,24.128
6752,5.8081,-59.987
6753,42.093,45.895
6754,49.315,-25.881
6755,84.491,-1.6555
6756,36.184,-5.1177
6757,58.667,22.856
6758,-67.629,-53.054
6759,-78.305,-19.455
6760,57.015,-40.27
6761,81.295,-3.5094
6762,20.946,-76.54
6763,2.2586,-15.95
6764,-21.759,37.648
6765,-74.281,-15.802
6766,93.031,-17.743
6767,72.638,-14.334
6768,8.6141,-116.41
6769,-62.632,31.623
6770,63.627,-19.994
6771,3.387,-67.903
6772,48.428,50.041
6773,49.312,-48.068
6774,79.586,-15.664
6775,29.03,-21.249
6776,-30.548,-30.798
6777,87.973,33.205
6778,69.715,-3.0491
6779,26.427,-80.013
6780,79.927,-30.292
6781,40.195,-17.451
6782,46.611,80.234
6783,-104.65,0.11804
6784,-67.224,-52.442
6785,61.773,-60.03
6786,0.25561,-22.7
6787,88.928,-26.979
6788,-107.45,28.256
6789,69.735,65.49
6790,80.188,-54.136
6791,-72.34,-6.8372
6792,-33.721,-29.161
6793,-74.361,-1.2972
6794,17.373,-1.2575
6795,26.449,-82.34
6796,30.12,-44.506
6797,59.315,-51.735
6798,87.814,-39.018
6799,75.365,-9.9715
6800,68.328,30.209
6801,-61.71,18.276
6802,-55.938,19.925
6803,41.145,-42.176
6804,24.884,-45.157
6805,-24.046,-72.004
6806,4.6229,-82.494
6807,38.577,52.186
6808,-33.65,-69.363
6809,70.375,-37.897
6810,8.3953,-114.61
6811,-72.597,-44.476
6812,-6.593,93.489
6813,46.539,2.6664
6814,83.276,-9.6443
6815,77.809,-29.08
6816,73.89,85.68
6817,-14.966,3.2621
6818,41.793,-28.271
6819,-72.508,-6.8849
6820,-30.707,-66.557
6821,-26.658,-90.067
6822,65.277,-17.573
6823,50.182,22.52
6824,69.7,-22.655
6825,47.841,52.251
6826,-6.4911,73.325
6827,2.3239,35.016
6828,-79.051,-53.406
6829,-99.583,20.185
6830,-74.767,0.87383
6831,-36.017,-33.216
6832,63.496,-10.066
6833,-79.051,-51.869
6834,78.76,42.214
6835,37.413,3.4231
6836,-69.137,-18.444
6837,-55.88,19.262
6838,31.246,-56.189
6839,-18.403,-35.384
6840,96.141,-38.708
6841,-70.928,12.799
6842,64.13,26.244
6843,63.509,26.077
6844,-52.124,-88.479
6845,-105.19,-12.277
6846,-80.156,-50.934
6847,-106.93,-8.1282
6848,70.652,-16.568
6849,67.913,-44.609
6850,-67.616,5.5337
6851,82.611,-46.656
6852,26.568,-96.553
6853,26.735,-19.691
6854,19.382,-65.595
6855,-13.65,9.3013
6856,-67.084,-52.433
6857,-105.31,-0.55033
6858,46.901,-50.785
6859,38.949,1.1542
6860,21.746,-31.914
6861,23.433,-81.405
6862,-84.506,-13.806
6863,25.641,-50.593
6864,95.301,-55.63
6865,46.674,-69.786
6866,6.9232,-116.99
6867,93.314,-28.027
6868,-11.86,4.9615
6869,-13.552,34.165
6870,-9.3681,-77.159
6871,41.627,-49.719
6872,84.694,-37.095
6873,35.301,-6.8184
6874,-104.2,29.809
6875,57.36,-19.942
6876,73.892,85.683
6877,31.519,0.31338
6878,-94.918,17.989
6879,43.686,-25.317
6880,66.261,-29.542
6881,69.734,-22.487
6882,70.609,65.989
6883,26.542,68.048
6884,-47.145,25.722
6885,70.562,-14.459
6886,-73.443,-23.481
6887,31.18,52.943
6888,-62.414,-27.789
6889,-69.863,-21.716
6890,-6.7411,55.486
6891,-5.8748,50.775
6892,-47.792,-20.926
6893,-70.779,-16.537
6894,-30.412,36.361
6895,35.698,-64.762
6896,-95.029,22.392
6897,32.283,-51.002
6898,60.01,64.022
6899,41.73,-71.019
6900,4.2035,7.3347
6901,-15.704,3.2238
6902,48.939,70.415
6903,-57.837,-34.088
6904,24.915,-45.473
6905,59.562,-52.26
6906,91.785,-27.58
6907,59.284,24.773
6908,-78.226,-64.628
6909,59.619,74.337
6910,29.294,49.089
6911,21.131,-51.394
6912,76.761,-45.415
6913,33.262,-45.367
6914,42.883,26.118
6915,78.127,-6.4938
6916,-65.762,7.6211
6917,70.033,-13.548
6918,34.555,-72.89
6919,53.449,-21.343
6920,81.231,-38.542
6921,60.383,13.756
6922,55.348,52.215
6923,-73.044,-20.306
6924,-2.0639,-59.963
6925,-32.007,64.237
6926,45.761,40.989
6927,-103.57,-2.3543
6928,-5.393,-22.476
6929,81.045,0.45923
6930,35.944,-66.302
6931,-79.087,-52.847
6932,17.36,-90.074
6933,-44.737,-41.494
6934,37.112,-69.956
6935,-66.349,-53.037
6936,-34.24,-79.67
6937,70.945,32.306
6938,-0.13332,62.904
6939,-15.109,42.687
6940,57.271,-47.952
6941,47.45,-45.812
6942,65.19,-25.479
6943,30.335,48.649
6944,56.505,31.153
6945,100.81,-57.293
6946,-80.36,-41.758
6947,-37.373,-67.212
6948,31.058,-16.798
6949,-51.218,-57.415
6950,-90.521,4.7235
6951,49.587,-47.481
6952,51.488,13.297
6953,75.88,-48.748
6954,-12.127,6.0227
6955,-52.729,26.653
6956,-23.232,-83.073
6957,-24.016,-86.21
6958,30.173,57.686
6959,-92.058,17.445
6960,-81.828,-13.684
6961,-17.027,48.599
6962,-8.1087,52.257
6963,-27.089,-78.424
6964,-67.246,-52.457
6965,2.6482,-24.732
6966,93.352,-21.691
6967,79.571,-32.442
6968,77.234,-33.563
6969,29.987,7.8547
6970,-106.71,-10.329
6971,48.96,12.613
6972,43.239,-71.183
6973,73.867,-14.604
6974,-78.831,-56.645
6975,49.345,-0.14086
6976,-37.144,31.317
6977,-8.6237,-56.132
6978,34.883,-20.067
6979,48.095,12.312
6980,77.032,-6.5927
6981,47.239,-2.1421
6982,-39.55,43.267
6983,21.735,75.54
6984,-88.356,-12.839
6985,-21.33,-43.885
6986,-9.3353,-55.909
6987,21.261,-42.89
6988,53.912,-84.083
6989,-13.737,-55.036
6990,-30.136,-4.0562
6991,29.228,10.28
6992,53.344,-63.526
6993,23.978,16.991
6994,-14.542,-94.12
6995,79.726,-32.911
6996,24.17,-36.255
6997,-14.369,4.4599
6998,76.856,29.028
6999,22.058,-51.93
7000,7.8293,-26.995
7001,-74.263,-21.735
7002,-81.314,-12.447
7003,29.96,-35.264
7004,92.993,-17.735
7005,-106.52,-11.344
7006,25.274,-42.091
7007,10.442,-3.4918
7008,-53.726,25.235
7009,-90.512,18.067
7010,84.287,-48.641
7011,67.408,-55.387
7012,68.26,-16.776
7013,-65.344,-58.489
7014,-75.075,-2.9161
7015,73.891,85.681
7016,49.709,-82.442
7017,1.9635,-84.281
7018,44.291,-31.106
7019,-57.157,-76.206
7020,-43.692,-22.528
7021,-25.292,-82.567
7022,61.334,21.067
7023,-5.4966,86.413
7024,27.568,-87.085
7025,75.068,-43.622
7026,-106.05,-8.9618
7027,-76.689,-22.929
7028,-104.87,30.353
7029,85.546,40.377
7030,37.756,-60.208
7031,-78.658,32.75
7032,35.243,-23.996
7033,78.815,-9.0223
7034,42.502,-75.853
7035,84.751,-37.511
7036,73.89,85.681
7037,-117.63,39.236
7038,-58.276,-29.078
7039,-44.352,-34.333
7040,12.808,19.358
7041,-107.36,28.604
7042,-21.836,-15.526
7043,92.956,-22.576
7044,50.655,9.9056
7045,76.827,24.916
7046,42.673,-76.057
7047,82.472,-9.6911
7048,-32.953,-79.591
7049,-7.2258,-22.276
7050,-81.942,-21.134
7051,-80.937,-52.717
7052,76.754,-6.4604
7053,-68.425,-68.531
7054,-115.2,13.291
7055,76.159,-59.356
7056,19.666,-49.297
7057,-96.811,-3.1163
7058,48.338,-57.112
7059,38.141,-63.024
7060,43.442,3.2469
7061,53.273,-49.213
7062,61.656,22.188
7063,10.087,-28.754
7064,65.258,-20.876
7065,54.174,-79.07
7066,-10.111,-70.152
7067,52.255,-47.226
7068,-53.775,20.969
7069,85.669,-5.5798
7070,39.134,-11.794
7071,59.733,-63.281
7072,-33.138,-25.522
7073,54.299,-72.865
7074,-22.131,32.777
7075,-62.185,-86.892
7076,91.17,33.267
7077,-104.26,34.739
7078,46.593,48.693
7079,-97.144,15.981
7080,-109.39,-8.2673
7081,91.151,-23.98
7082,-72.137,-45.124
7083,88.894,-41.497
7084,-13.554,-3.7793
7085,-54.901,20.822
7086,31.362,23.917
7087,68.091,-23.554
7088,20.277,-93.223
7089,48.626,-46.753
7090,57.535,-20.19
7091,53.847,-17.091
7092,6.5184,-115.87
7093,31.739,-48.54
7094,34.411,-0.029908
7095,-6.1192,80.661
7096,-30.408,-69.249
7097,-104.38,-8.2444
7098,84.136,-19.936
7099,-84.656,-22.752
7100,64.881,-41.278
7101,52.487,24.756
7102,-119.55,14.931
7103,58.363,-9.994
7104,-8.0903,2.7775
7105,11.817,10.411
7106,17.715,-51.098
7107,-2.691,-73.837
7108,13.189,18.493
7109,51.983,-86.351
7110,77.926,-48.096
7111,43.806,-23.089
7112,-4.6045,49.478
7113,-50.645,-82.473
7114,-89.945,22.667
7115,-67.115,-52.384
7116,82.428,-27.254
7117,71.415,-17.741
7118,74.045,-81.573
7119,-92.043,16.678
7120,-104.01,-1.464
7121,50.595,-54.946
7122,80.174,-36.552
7123,-15.899,9.6707
7124,-117.93,39.294
7125,-42.549,-23.628
7126,3.3431,-65.53
7127,-53.595,29.569
7128,59.137,-42.985
7129,-80.037,-51.235
7130,51.866,-57.49
7131,55.968,-59.426
7132,81.886,-49.828
7133,-19.512,41.636
7134,-20.191,-71.775
7135,-109.3,-8.4236
7136,51.441,7.1065
7137,37.505,53.114
7138,91.653,-23.07
7139,-94.662,29.91
7140,29.672,-69.777
7141,78.574,-28.328
7142,25.972,-89.377
7143,-94.142,22.834
7144,32.221,-93.331
7145,25.665,-80.745
7146,81.028,-5.7559
7147,-8.7552,-87.026
7148,57.978,20.21
7149,34.311,-52.097
7150,14.272,-24.945
7151,68.94,-59.55
7152,-7.8345,-40.247
7153,-28.807,-93.198
7154,-75.314,-31.029
7155,-80.743,-12.456
7156,82.876,-42.742
7157,55.182,-60.108
7158,76.335,-77.185
7159,77.017,27.015
7160,-62.669,-38.761
7161,23.296,-49.928
7162,31.499,23.738
7163,29.505,-85.874
7164,-16.585,53.192
7165,-2.6311,-56.165
7166,-30.045,-68.77
7167,-71.13,-15.458
7168,52.031,22.549
7169,-105.11,-2.4674
7170,51.085,51.453
7171,73.68,-2.0666
7172,-79.59,-66.893
7173,-11.018,2.7573
7174,27.81,-81.967
7175,-56.379,-26.01
7176,88.868,-26.733
7177,70.739,-8.3662
7178,67.424,-11.675
7179,73.892,85.682
7180,-22.091,-61.557
7181,-95.688,3.8526
7182,86.657,-10.289
7183,80.952,-8.9895
7184,83.627,-36.141
7185,-18.601,16.179
7186,70.899,32.765
7187,23.461,75.888
7188,2.2363,-11.674
7189,-50.65,-86.952
7190,-102.31,5.0658
7191,-102.94,31.182
7192,89.363,-27.97
7193,87.684,-39.604
7194,70.639,26.542
7195,78.445,-53.608
7196,84.972,-25.858
7197,84.205,-1.3814
7198,-74.202,-67.555
7199,-17.692,12.766
7200,-25.433,53.187
7201,-18.633,-40.663
7202,-55.376,-33.915
7203,-73.102,-10.678
7204,70.912,-15.063
7205,85.099,-16.216
7206,86.001,-36.366
7207,66.176,-48.024
7208,-14.078,-65.306
7209,-70.972,-18.464
7210,-73.996,-22.055
7211,60.848,-10.771
7212,-17.171,0.59019
7213,6.317,-115.58
7214,-67.767,55.271
7215,74.292,-5.9614
7216,80.483,-2.2956
7217,99.651,41.523
7218,-119.55,14.931
7219,75.775,-38.722
7220,-13.88,36.574
7221,29.492,-16.64
7222,93.158,-21.908
7223,-72.142,-43.931
7224,27.803,-83.212
7225,16.088,-72.718
7226,84.742,-4.087
7227,85.045,12.855
7228,65.006,-41.375
7229,49.012,78.671
7230,-3.4301,-58.667
7231,-68.743,-18.866
7232,-93.425,24.302
7233,92.473,-19.993
7234,71.096,-7.6599
7235,-0.43292,-23.372
7236,85.529,-43.456
7237,78.268,-43.355
7238,-25.08,-79.077
7239,-6.5789,50.033
7240,-18.633,-28.792
7241,-105.67,-11.92
7242,3.1818,13.073
7243,79.193,-3.9713
7244,67.684,-22.572
7245,108.55,10.774
7246,-35.968,-33.144
7247,42.478,28.101
7248,42.641,-41.682
7249,-6.7749,74.326
7250,38.88,14.234
7251,18.684,-85.897
7252,-40.659,60.967
7253,-37.054,44.897
7254,16.998,-46.936
7255,50.504,-47.156
7256,72.417,-16.531
7257,56.567,27.174
7258,93.17,-25.634
7259,-117.59,39.75
7260,-44.912,-84.873
7261,85.651,-3.9695
7262,-17.579,1.1765
7263,-79.26,-53.656
7264,-20.207,-92.542
7265,51.508,-87.108
7266,-106.68,-8.0039
7267,-52.882,-47.647
7268,-102.03,20.848
7269,-84.89,-12.128
7270,-71.243,13.06
7271,24.957,-93.266
7272,75.61,-78.708
7273,74.256,-10.097
7274,-66.837,75.406
7275,90.047,44.522
7276,3.6837,-84.722
7277,-2.3214,-52.112
7278,-46.98,-83.803
7279,57.044,-45.737
7280,5.776,-116.88
7281,51.153,-55.885
7282,-85.365,30.328
7283,82.448,-33.95
7284,36.104,3.1042
7285,4.3103,-116.34
7286,-117.6,39.755
7287,108.56,10.774
7288,19.068,-97.055
7289,-78.792,-11.174
7290,-46.509,66.722
7291,-21.997,-84.557
7292,39.241,32.178
7293,43.244,-26.298
7294,84.526,13.142
7295,90.716,-16.622
7296,76.24,-77.401
7297,-79.354,48.485
7298,-8.7373,57.881
7299,6.6112,-53.976
7300,44.132,-65.879
7301,18.453,-0.57389
7302,64.84,-6.2514
7303,4.5175,-30.578
7304,70.245,-12.65
7305,-103,31.419
7306,-64.297,-43.475
7307,76.549,25.169
7308,-80.372,27.769
7309,9.9918,47.928
7310,29.75,-85.741
7311,22.3,-97.421
7312,75.991,-77.941
7313,6.9232,-116.99
7314,86.108,-43.721
7315,8.6669,-116.26
7316,82.262,-41.126
7317,-5.7822,-37.025
7318,4.3103,-116.34
7319,45.638,3.6137
7320,19.021,-22.99
7321,65.722,-28.515
7322,63.877,-28.653
7323,-7.2862,4.2793
7324,66.771,-27.139
7325,49.938,-7.5822
7326,45.993,80.707
7327,50.95,61.707
7328,38.952,12.194
7329,56.571,-55.732
7330,52.881,12.992
7331,46.317,-74.751
7332,-74.146,-0.96401
7333,65.835,-52.213
7334,-116.46,39.119
7335,-102.38,22.662
7336,-13.425,1.5063
7337,6.9586,-30.402
7338,29.608,-67.859
7339,-84.884,-18.574
7340,-46.293,-8.7461
7341,45.191,-65.432
7342,80.428,29.486
7343,34.996,34.666
7344,4.3961,-115.68
7345,57.458,-1.153
7346,-72.525,-29.197
7347,-79.059,-52.001
7348,-53.377,28.237
7349,-5.4436,-37.129
7350,35.236,-5.4754
7351,72.214,-84.626
7352,60.799,-15.933
7353,-80.811,-52.891
7354,-7.2828,-45.632
7355,-21.05,32.337
7356,57.403,-2.5951
7357,32.883,91.11
7358,65.94,-28.418
7359,0.18199,-48.838
7360,-69.926,-75.895
7361,-55.757,-30.907
7362,-59.271,-28.819
7363,78.267,-1.6956
7364,64.893,87.994
7365,-59.707,45.566
7366,79.418,-56.132
7367,56.983,5.0948
7368,-72.792,13.847
7369,69.151,26.467
7370,-117.62,39.241
7371,-81.838,64.788
7372,44.209,-65.793
7373,26.168,-94.948
7374,87.202,-36.832
7375,-6.4053,2.8016
7376,-80.8,36.431
7377,-41.331,-42.63
7378,7.3936,85.089
7379,-89.081,-18.234
7380,79.696,-18.812
7381,-73.865,13.79
7382,-49.884,86.251
7383,-118.01,38.152
7384,69.559,-20.839
7385,-46.076,27.132
7386,35.41,-11.649
7387,-92.866,23.141
7388,-78.767,29.196
7389,8.5241,-116.69
7390,91.397,-26.509
7391,68.317,-59.366
7392,50.868,-73.011
7393,77.993,-6.5216
7394,-79.247,-53.128
7395,-8.4633,2.0885
7396,35.039,-92.749
7397,-63.028,-59.328
7398,-28.282,-57.277
7399,-92.94,23.111
7400,83.85,-49.268
7401,-43.29,-34.012
7402,5.1716,-115.08
7403,-91.048,13.277
7404,64.835,-16.725
7405,29.148,50.222
7406,7.3567,-114.45
7407,63.487,-38.775
7408,-52.16,59.735
7409,-25.734,45.426
7410,78.425,-57.234
7411,21.006,-37.459
7412,7.6114,54.44
7413,10.817,-49.112
7414,33.776,-27.07
7415,86.239,-16.752
7416,38.171,-91.005
7417,58.665,-54.198
7418,84.851,-35.613
7419,-73.225,-24.26
7420,8.7605,-115.62
7421,3.6885,-65.61
7422,22.302,-58.543
7423,27.299,-68.43
7424,34.453,-19.939
7425,85.647,-37.914
7426,-37.032,-73.888
7427,55.754,-7.3563
7428,77.147,42.614
7429,73.89,85.682
7430,46.642,-21.714
7431,-79.25,-53.173
7432,85.256,-36.882
7433,27.219,-78.284
7434,-32.501,22.602
7435,-8.8617,-41.687
7436,73.891,85.68
7437,67.224,-8.942
7438,16.316,50.534
7439,-30.94,28.414
7440,-1.1475,-22.987
7441,-101.15,27.754
7442,46.405,50.445
7443,76.977,-75.622
7444,43.219,-45.219
7445,55.939,-40.3
7446,26.307,-74.491
7447,52.667,-39.357
7448,76.15,-52.917
7449,83.985,-28.007
7450,-13.066,5.7588
7451,-77.74,-61.65
7452,65.113,19.383
7453,-44.271,-31.571
7454,5.5509,-33.973
7455,29.312,6.8717
7456,7.8022,-116.35
7457,25.185,-96.931
7458,98.719,51.981
7459,-102.82,31.821
7460,-117.72,39.227
7461,58.094,-48.289
7462,-11.494,-55.219
7463,6.1099,-78.865
7464,35.118,-19.002
7465,65.967,-44.623
7466,68.775,-25.006
7467,5.1838,-116.26
7468,89.578,-41.994
7469,-21.053,1.6024
7470,-46.964,-18.263
7471,-78.008,-70.11
7472,48.416,-21.075
7473,66.286,89.207
7474,79.041,-1.0319
7475,90.965,-16.024
7476,34.533,-85.467
7477,-33.559,-33.087
7478,108.56,10.775
7479,13.359,-35.794
7480,34.965,-22.213
7481,47.608,1.2427
7482,-79.812,-66.469
7483,59.003,4.569
7484,-21.028,6.6328
7485,73.89,85.68
7486,-17.142,-15.504
7487,29.417,-64.574
7488,-101.93,28.172
7489,52.973,-85.316
7490,5.5057,-31.233
7491,-73.345,-59.757
7492,6.0714,-114.26
7493,73.891,85.682
7494,-12.917,6.4047
7495,91.24,-20.58
7496,-2.9783,-55.723
7497,-12.126,-4.519
7498,-59.895,-88.848
7499,58.891,24.593
7500,77.636,-31.67
7501,-12.318,-3.0276
7502,46.455,21.431
7503,-20.657,41.735
7504,20.96,-51.191
7505,27.066,-88.798
7506,-0.74817,-44.982
7507,42.057,1.0985
7508,-65.443,7.118
7509,-11.783,-4.2691
7510,-74.627,16.841
7511,-78.839,-59.977
7512,63.675,11.745
7513,-62.374,78.844
7514,33.72,-23.891
7515,47.783,14.17
7516,39.418,51.701
7517,-56.519,25.142
7518,-64.979,-72.331
7519,5.4012,-114.69
7520,56.446,-22.826
7521,-79.19,-53.122
7522,31.084,-88.545
7523,-59.29,22.475
7524,-13.123,-84.569
7525,-73.063,-14.096
7526,-65.459,-42.485
7527,53.511,17.817
7528,91.221,-20.634
7529,69.186,26.776
7530,108.55,10.775
7531,-8.6385,8.9976
7532,72.257,26.331
7533,-72.355,-26.689
7534,-53.403,28.222
7535,-78.918,32.882
7536,16.438,-5.7288
7537,8.7454,-116
7538,53.236,-57.159
7539,81.913,-48.276
7540,62.671,-41.83
7541,-95.267,18.458
7542,46.977,22.834
7543,83.031,-4.6261
7544,-10.222,-1.7254
7545,35.688,6.7071
7546,-7.3237,-87.953
7547,-12.434,-1.2438
7548,73.89,85.68
7549,91.373,-17.007
7550,2.6767,51.74
7551,-53.319,-58.897
7552,-99.879,29.031
7553,86.879,-7.4977
7554,65.727,-42.092
7555,56.536,-84.384
7556,6.4318,-117.11
7557,11.804,19.527
7558,-33.983,-33.732
7559,77.47,28.574
7560,-90.509,17.934
7561,34.93,-84.257
7562,2.0587,-80.423
7563,36.009,-43.5
7564,91.366,-19.979
7565,33.245,-12.388
7566,79.937,-30.061
7567,55.543,14.339
7568,-14.995,-10.066
7569,-79.162,-54.32
7570,25.015,-40.417
7571,-66.737,-68.916
7572,-2.9074,-62.335
7573,-105.94,-11.495
7574,75.179,-79.536
7575,81.053,-5.7054
7576,-87.034,33.53
7577,-58.945,-20.62
7578,21.069,-77.94
7579,-21.529,32.973
7580,38.608,-63.527
7581,-61.497,-83.083
7582,-99.058,25.085
7583,6.6495,-115.48
7584,65.789,-15.34
7585,-119.55,14.931
7586,-82.054,-37.926
7587,67.302,58.048
7588,74.051,-58.928
7589,53.81,-58.438
7590,-6.4733,-43.875
7591,-34.293,-80.482
7592,6.4363,-115.44
7593,47.885,11.871
7594,16.726,35.054
7595,50.414,-52.305
7596,-51.921,-7.4068
7597,63.542,7.413
7598,40.463,16.421
7599,-50.748,-50.559
7600,-102.89,30.804
7601,69.578,-7.0977
7602,-68.485,-24.172
7603,7.7205,-83.729
7604,48.759,-82.324
7605,-63.594,21.252
7606,50.543,-3.5784
7607,64.851,89.505
7608,-70.516,-69.272
7609,74.734,25.772
7610,55.304,-83.168
7611,-78.066,-61.498
7612,82.231,-48.086
7613,29.792,-55.823
7614,5.7096,-116.86
7615,-69.851,-69.723
7616,-80.451,-41.643
7617,85.266,-5.4262
7618,72.729,37.999
7619,-81.838,64.789
7620,16.352,40.791
7621,69.329,-24.314
7622,59.758,6.0154
7623,-43.653,67.387
7624,76.909,33.57
7625,54.387,-53.917
7626,-86.536,-25.789
7627,-74,-23.882
7628,15.588,12.878
7629,-115.06,40.519
7630,-2.7741,-35.343
7631,54.62,-57.782
7632,-24.122,-84.444
7633,39.64,39.84
7634,55.154,1.9117
7635,-62.248,-12.978
7636,-19.307,40.655
7637,-50.009,25.552
7638,-28.281,-29.362
7639,-36.429,-22.538
7640,-12.099,-54.681
7641,6.607,-115.44
7642,45.165,-11.704
7643,92.422,-29.364
7644,-100.63,28.636
7645,45.348,3.4435
7646,76.375,-77.109
7647,40.014,-10.136
7648,78.376,-57.488
7649,-14.954,2.281
7650,37.563,3.2272
7651,-97.434,23.663
7652,75.301,-79.304
7653,63.321,-5.2626
7654,-103.39,28.894
7655,-69.677,56.691
7656,-24.497,40.759
7657,-47.344,-42.423
7658,-106.74,-0.24415
7659,-95.203,23.761
7660,57.068,-45.243
7661,10.42,-57.127
7662,-71.891,-17.01
7663,28.275,10.952
7664,-30.278,-56.448
7665,7.3567,-114.45
7666,6.6491,-115.48
7667,92.469,-19.585
7668,-70.517,-69.274
7669,40.681,-21.064
7670,-21.444,2.0486
7671,28.452,-76.45
7672,2.6708,51.422
7673,-23.89,-82.994
7674,-69.657,13.096
7675,66.82,-2.3456
7676,61.937,-67.321
7677,-104.03,34.982
7678,-78.889,-56.026
7679,23.68,-45.743
7680,-98.229,24.237
7681,73.859,-81.911
7682,2.2492,7.0766
7683,67.145,-60.555
7684,-28.64,-22.203
7685,-96.352,52.584
7686,-18.016,13.132
7687,-14.98,2.4846
7688,66.48,53.471
7689,67.731,26.045
7690,71.282,-15.801
7691,-93.647,11.973
7692,54.73,43.282
7693,30.408,-82.875
7694,62.626,-12.02
7695,61.406,-58.715
7696,-24.784,83.744
7697,-43.326,55.797
7698,26.142,-84.459
7699,38.672,-56.092
7700,78.54,-35.162
7701,61.912,7.4067
7702,-66.929,-52.711
7703,70.27,-13.383
7704,85.552,-43.451
7705,-37.444,-74.878
7706,46.886,81.206
7707,29.406,23.273
7708,-58.786,-86.924
7709,-28.66,25.815
7710,-10.597,-92.245
7711,83.551,-43.44
7712,-0.30152,-23.266
7713,22.914,73.169
7714,-5.1766,79.762
7715,-15.835,2.2812
7716,22.244,-89.01
7717,-29.022,-88.536
7718,-103.44,28.066
7719,68.543,-23.098
7720,-67.257,-67.718
7721,70.356,-12.174
7722,63.668,-9.8395
7723,20.948,-55.606
7724,66.213,-52.183
7725,-24.016,-78.81
7726,-94.944,18.697
7727,6.3143,-115.59
7728,57.641,7.9952
7729,-33.814,-34.272
7730,-101.3,23.563
7731,88.354,-40.158
7732,-66.203,-80.707
7733,-62.676,-86.549
7734,20.609,83.404
7735,55.856,-85.766
7736,57.412,-40.349
7737,-101.18,30.02
7738,23.444,90.716
7739,-27.381,-93.923
7740,-42.924,-90.354
7741,-11.927,-65.076
7742,-46.532,26.163
7743,-99.039,24.975
7744,91.588,-17.063
7745,-15.33,2.2435
7746,44.409,-89.008
7747,51.173,2.6363
7748,3.1339,-74.773
7749,-74.696,-17.516
7750,6.5551,-115.86
7751,44.426,-22.815
7752,-76.912,-66.259
7753,-17.487,12.273
7754,-21.537,2.4528
7755,-52.638,18.918
7756,38.401,54.129
7757,-68.337,13.997
7758,6.6027,-115.44
7759,-41.093,-42.505
7760,-63.725,8.6175
7761,80.331,-34.642
7762,70.975,-14.021
7763,-103.12,28.63
7764,51.103,64.342
7765,70.621,32.122
7766,80.242,-3.9333
7767,7.5458,-20.2
7768,-5.5369,-22.688
7769,-16.862,2.3293
7770,36.819,-92.896
7771,-51.802,-58.542
7772,26.911,58.101
7773,-77.282,31.956
7774,1.2748,-39.519
7775,53.438,12.713
7776,-116.27,7.8932
7777,-24.798,12.43
7778,-79.182,-52.641
7779,-27.859,89.48
7780,-71.642,49.774
7781,25.118,-42.816
7782,-117.44,39.541
7783,-73.628,-23.268
7784,61.094,-20.534
7785,72.627,-3.1453
7786,33.857,-65.113
7787,-119.09,39.264
7788,-8.4321,12.485
7789,25.555,-96.43
7790,91.131,-24.829
7791,-55.422,-60.569
7792,-1.8836,-78.203
7793,-21.948,-31.666
7794,-94.593,15.265
7795,26.215,-14.614
7796,-65.243,4.4844
7797,-104.59,-13.194
7798,20.543,-82.492
7799,-43.071,-41.846
7800,-65.415,-42.525
7801,82.316,-16.364
7802,-73.477,61.029
7803,-14.054,1.8967
7804,-68.942,57.076
7805,45.041,21.017
7806,49.776,-48.232
7807,-106.22,14.576
7808,75.378,-57.531
7809,-71.107,-42.645
7810,87.666,-39.025
7811,9.6351,-58.975
7812,-44.411,-88.578
7813,-80.434,-58.66
7814,-97.714,23.976
7815,-91.581,16.995
7816,-71.58,49.65
7817,-78.795,60.353
7818,61.004,55.057
7819,78.54,33.054
7820,23.362,65.593
7821,70.148,-12.049
7822,-1.1252,55.136
7823,-31.628,69.962
7824,-74.924,-16.796
7825,-105.33,-12.101
7826,-94.534,6.6135
7827,31.216,-42.595
7828,-63.427,-28.871
7829,-33.517,-71.603
7830,51.262,-62.037
7831,-71.958,-26.244
7832,6.3183,-115.58
7833,-104.48,-1.6089
7834,-54.557,-87.067
7835,-37.652,-42.355
7836,-13.174,2.2139
7837,59.153,-13.855
7838,0.38459,-23.02
7839,27.202,-19.485
7840,-23.876,-82.769
7841,35.571,6.6432
7842,-79.895,29.926
7843,-75.487,5.5001
7844,40.237,20.681
7845,21.897,-9.7988
7846,-104.61,-12.947
7847,-77.537,-59.714
7848,62.154,7.6053
7849,-99.741,7.9213
7850,-98.253,7.6457
7851,-5.1697,82.277
7852,68.762,-26.888
7853,45.436,49.502
7854,30.208,-81.664
7855,-101.4,26.932
7856,-106.81,-7.7522
7857,-8.1357,-39.878
7858,56.187,2.6813
7859,67.281,-18.825
7860,62.532,21.297
7861,50.397,53.341
7862,-63.874,-29.474
7863,6.3039,-115.63
7864,56.676,-40.238
7865,-5.9361,-47.12
7866,50.263,-67.441
7867,53.167,-81.918
7868,60.898,-26.148
7869,-81.325,-31.499
7870,-14.226,2.0853
7871,-14.948,24.471
7872,-35.563,-67.67
7873,-25.777,-95.543
7874,90.26,-40.907
7875,75.601,29.713
7876,58.289,-10.041
7877,55.149,16.311
7878,0.67457,-62.218
7879,-38.572,-34.119
7880,39.408,-48.084
7881,59.435,5.453
7882,43.797,22.012
7883,-72.762,-27.856
7884,72.255,-16.25
7885,15.896,-23.567
7886,33.954,-58.608
7887,-9.5725,-17.745
7888,14.653,-55.352
7889,65.054,-6.186
7890,62.678,-12.883
7891,7.0363,-111.68
7892,71.392,27.01
7893,42.118,-71.13
7894,-26.075,-99.709
7895,-71.444,-18.125
7896,-5.292,-46.315
7897,63.684,-13.141
7898,-104.85,30.623
7899,-88.507,33.655
7900,84.035,-27.045
7901,-30.797,57.435
7902,-26.597,-20.409
7903,-23.407,41.867
7904,-17.829,39.103
7905,-67.932,74.199
7906,32.054,52.716
7907,62.282,7.5915
7908,72.151,45.964
7909,-7.2026,12.695
7910,67.852,26.134
7911,1.1629,-59.427
7912,-58.749,-34.103
7913,-74.693,-15.446
7914,101.21,-58.707
7915,52.875,-86.014
7916,56.612,6.9185
7917,5.8635,-33.578
7918,83.303,-34.919
7919,42.896,-44.548
7920,75.026,-57.121
7921,37.229,10.854
7922,47.779,50.989
7923,-11.292,2.303
7924,83.03,-48.678
7925,-52.457,72.36
7926,-107.18,-8.176
7927,-75.842,-11.474
7928,-68.277,20.111
7929,-30.432,-76.109
7930,-8.3597,-76.918
7931,-66.47,-39.889
7932,-64.243,-43.461
7933,-104.59,-3.2689
7934,108.55,10.774
7935,70.269,-1.9384
7936,75.832,-78.271
7937,-38.744,-84.481
7938,-75.636,17.128
7939,-70.964,-64.7
7940,67.54,29.652
7941,37.017,-22.61
7942,-107.16,-10.181
7943,57.161,-71.334
7944,-117.7,39.786
7945,-2.6504,-45.429
7946,-27.71,-66.463
7947,70.868,-6.8509
7948,52.551,22.028
7949,61.256,-4.251
7950,-79.353,48.485
7951,37.736,53.894
7952,85.828,-12.629
7953,-36.123,-33.358
7954,52.624,8.0232
7955,58.123,-70.457
7956,-0.0971,-23.064
7957,-12.257,2.2656
7958,85.166,36.653
7959,45.84,49.825
7960,33.365,14.616
7961,39.327,54.525
7962,-12.94,-8.616
7963,-52.01,-56.983
7964,20.566,-50.868
7965,-19.197,-93.241
7966,30.745,-71.284
7967,-17.536,47.715
7968,-0.52832,-25.284
7969,6.6872,-115.55
7970,51.519,-49.009
7971,45.251,-11.844
7972,60.516,-0.79008
7973,-21.138,9.4802
7974,22.013,85.457
7975,34.27,53.493
7976,45.234,6.9003
7977,44.276,-40.91
7978,45.064,-22.305
7979,41.341,-41.873
7980,6.6896,-115.72
7981,28.249,21.906
7982,26.238,12.604
7983,45.714,-65.986
7984,-43.177,-31.528
7985,-95.96,-31.79
7986,29.994,51.051
7987,-61.141,-21.247
7988,10.249,95.43
7989,65.864,-23.301
7990,86.178,11.982
7991,-101.52,28.014
7992,-87.573,23.585
7993,-73.106,-14.791
7994,26.759,96.039
7995,33.537,76.055
7996,50.949,-15.864
7997,-93.803,23.867
7998,-79.235,-38.694
7999,84.135,-25.551
8000,69.986,-20.844
8001,42.954,25.506
8002,90.958,-27.178
8003,80.28,-7.8258
8004,68.595,-17.26
8005,29.648,-85.673
8006,-37.775,39.214
8007,82.275,-43.693
8008,-55.9,-89.302
8009,-117.69,39.228
8010,-36.091,55.197
8011,-79.96,-65.384
8012,-67.533,19.646
8013,-70.995,12.605
8014,47.087,49.548
8015,33.269,-4.1662
8016,-79.258,-7.9788
8017,-60.175,20.37
8018,-89.416,-51.265
8019,21.185,-82.518
8020,-44.849,-34.502
8021,-102.95,28.471
8022,91.21,32.287
8023,-26.687,52.056
8024,-1.4095,-42.897
8025,31.273,54.475
8026,42.086,21.867
8027,-56.938,25.011
8028,-28.394,-94.447
8029,30.999,-56.886
8030,76.263,-77.344
8031,-44.464,-34.339
8032,6.6139,-115.84
8033,-40.051,-23.919
8034,-8.4253,-26.452
8035,-83.117,-11.386
8036,45.332,-65.715
8037,-58.435,-78.543
8038,6.5518,-115.86
8039,16.613,12.924
8040,-66.987,-68.667
8041,35.794,15.105
8042,88.743,46.154
8043,16.95,-80.535
8044,-97.115,-46.792
8045,85.646,-1.0533
8046,77.743,-56.371
8047,55.231,15.98
8048,65.458,-17.231
8049,-117.71,39.786
8050,-61.263,72.748
8051,30.296,-56.444
8052,14.927,-79.933
8053,91.136,-15.318
8054,-78.27,-59.826
8055,87.219,-17.738
8056,72.097,50.866
8057,81.995,-9.7783
8058,-56.479,-82.946
8059,75.279,-79.351
8060,70.039,-53.613
8061,48.318,52.791
8062,52.285,34.4
8063,-52.782,-31.258
8064,-76.271,7.0734
8065,-38.247,-20.466
8066,6.3246,-115.68
8067,6.3146,-115.59
8068,-13.225,76.325
8069,14.229,-36.105
8070,-82.899,-11.324
8071,-96.672,-46.92
8072,60.032,14.088
8073,78.259,-5.4668
8074,46.548,-66.464
8075,-72.087,60.701
8076,58.493,54.847
8077,-14.108,84.283
8078,72.123,41.402
8079,-62.619,21.752
8080,-34.407,-31.689
8081,89.099,-29.842
8082,-78.951,-60.948
8083,108.56,10.774
8084,63.145,22.161
8085,-61.294,-10.663
8086,-69.268,36.127
8087,-34.162,47.508
8088,-74.99,-13.992
8089,-50.51,-88.559
8090,25.103,-14.887
8091,-102.88,26.754
8092,89.598,-44.256
8093,63.585,-19.75
8094,-117.54,39.716
8095,66.056,87.566
8096,26.398,-17.889
8097,6.2967,-115.62
8098,12.33,45.445
8099,84.991,-25.516
8100,51.315,-53.897
8101,-3.5868,-39.934
8102,40.26,-58.436
8103,82.164,-27.651
8104,26.854,11.957
8105,25.779,46.046
8106,73.821,31.335
8107,29.742,54.347
8108,75.72,48.298
8109,-53.732,25.214
8110,6.618,-115.45
8111,96.151,-38.962
8112,63.852,-19.725
8113,66.847,-25.212
8114,-86.913,-41.732
8115,66.866,-14.538
8116,46.688,87.993
8117,55.859,-33.397
8118,32.649,-23.254
8119,-37.648,-77.159
8120,-80.594,-34.741
8121,6.3045,-115.64
8122,32.507,-30.262
8123,53.792,-61.762
8124,88.625,-42.202
8125,66.772,68.481
8126,-3.3268,-87.877
8127,-37.497,55.061
8128,28.366,-22.311
8129,88.477,-41.31
8130,78.97,-56.112
8131,-9.8068,3.4666
8132,67.61,58.217
8133,89.714,7.3682
8134,-44.725,-41.785
8135,-32.92,-27.827
8136,84.706,-10.633
8137,60.512,14.217
8138,44.704,80.634
8139,43.723,0.93186
8140,63.133,9.6664
8141,73.915,-45.512
8142,-81.023,-41.043
8143,54.277,-72.866
8144,-71.924,-43.671
8145,51.505,-70.015
8146,-57.479,-84.927
8147,-46.629,60.424
8148,-82.115,-7.6322
8149,93.133,-17.549
8150,73.711,-9.909
8151,89.714,7.368
8152,46.001,79.781
8153,-97.129,-46.787
8154,67.967,44.881
8155,58.844,25.163
8156,-80.585,-34.363
8157,-0.20197,-23.475
8158,59.897,18.431
8159,-63.64,-41.895
8160,-71.48,-15.979
8161,71.599,-52.094
8162,-74.739,-17.888
8163,56.988,-46.379
8164,6.5933,-115.43
8165,71.683,26.509
8166,48.383,49.628
8167,69.586,-22.36
8168,37.719,-63.391
8169,-35.275,-69.732
8170,-64.351,-84.174
8171,-44.914,-41.386
8172,-80.053,-65.415
8173,80.233,-1.0943
8174,75.792,-49.289
8175,72.43,-14.544
8176,-14.995,0.6977
8177,73.89,85.681
8178,55.894,-40.041
8179,-19.961,-107.89
8180,34.056,-86.284
8181,25.31,97.175
8182,-71.331,-18.203
8183,-48.714,-32.463
8184,77.055,-57.514
8185,35.443,-74.129
8186,80.983,-9.2617
8187,93.543,-18.8
8188,-60.7,-20.072
8189,-14.485,-52.128
8190,55.439,21.486
8191,25.331,-17.245
8192,65.867,25.506
8193,-36.709,-22.59
8194,-105.12,-0.49878
8195,-80.212,-34.237
8196,47.174,-74.96
8197,80.953,-6.0804
8198,78.627,-32.236
8199,-79.329,48.615
8200,6.6956,-115.71
8201,43.93,81.451
8202,-42.02,59.724
8203,39.148,-71.543
8204,-46.542,-33.405
8205,81.831,-9.1611
8206,-89.613,25.715
8207,45.514,62.624
8208,-76.926,-67.928
8209,20.725,-90.174
8210,69.772,-17.396
8211,-3.9399,-34.324
8212,53.702,16.544
8213,-102.42,15.875
8214,6.6117,-115.44
8215,6.6644,-115.79
8216,46.562,-16.12
8217,-26.25,-64.006
8218,26.349,-74.393
8219,-51.78,-28.48
8220,28.979,12.016
8221,72.014,-84.915
8222,82.356,-1.1131
8223,25.105,-72.276
8224,69.876,-15.814
8225,67.632,24.838
8226,108.55,10.775
8227,-30.122,-3.9387
8228,29.485,54.911
8229,-87.428,-40.214
8230,6.6512,-115.48
8231,51.106,-16.064
8232,-36.091,-33.357
8233,-79.838,-67.39
8234,-7.9947,-40.317
8235,30.337,53.328
8236,-42.328,-21.443
8237,-9.2027,3.8718
8238,-65.776,-83.918
8239,-26.287,-97.963
8240,29.744,11.003
8241,-75.005,-16.77
8242,26.582,-15.848
8243,47.819,49.205
8244,-72.793,-15.299
8245,-19.702,8.2569
8246,6.3001,-115.64
8247,52.289,-8.2774
8248,26.388,-15.778
8249,55.178,4.3515
8250,-85.409,32.051
8251,-17.175,-27.732
8252,-104.16,-13.193
8253,-36.834,26.417
8254,47.307,21.399
8255,19.461,21.701
8256,20.229,23.317
8257,-68.311,-34.964
8258,84.334,-35.837
8259,63.197,7.4223
8260,93.036,-19.554
8261,-5.9171,3.3735
8262,-51.706,-55.025
8263,1.2132,-55.426
8264,35.605,-66.28
8265,76.409,-49.435
8266,-18.152,1.5542
8267,48.343,19.065
8268,-0.73441,-54.67
8269,-24.635,0.88134
8270,-6.3971,-50.041
8271,31.692,-20.003
8272,-56.244,31.561
8273,34.557,33.766
8274,-81.97,-21.948
8275,81.496,-17.991
8276,69.857,2.3633
8277,-30.234,-31.591
8278,46.668,55.723
8279,-24.54,54.019
8280,-38.648,-19.899
8281,-23,-80.323
8282,29.903,-16.171
8283,-79.175,-67.363
8284,76.306,-49.895
8285,85.956,-37.385
8286,-32.497,24.7
8287,63.436,-57.189
8288,49.192,-81.998
8289,9.2807,-89.902
8290,6.6517,-115.48
8291,-33.869,-33.888
8292,-44.097,21.174
8293,55.599,-87.326
8294,-64.296,-43.404
8295,60.077,-15.565
8296,50.956,-75.814
8297,56.673,-48.006
8298,40.995,45.58
8299,-77.024,-51.456
8300,73.98,-81.693
8301,75.418,-79.082
8302,75.244,-79.41
8303,72.06,-84.85
8304,79.351,-2.9364
8305,-53.808,18.47
8306,89.032,27.156
8307,-12.813,-3.2835
8308,13.752,-80.766
8309,-28.988,-88.44
8310,-74.867,-17.729
8311,-42.632,49.773
8312,-94.701,18.788
8313,-87.032,-41.313
8314,-25.722,53.178
8315,34.265,-84.496
8316,60.907,0.94379
8317,73.982,-6.5426
8318,-0.98723,-59.481
8319,67.006,-30.204
8320,66.674,-31.797
8321,-11.19,44.302
8322,-41.951,1.6977
8323,-79.393,-38.766
8324,-95.745,-31.808
8325,69.251,-24.658
8326,81.892,-36.627
8327,66.068,-24.348
8328,40.558,-41.327
8329,84.144,13.509
8330,81.127,-6.0051
8331,57.609,-45.497
8332,76.527,25.02
8333,-97.613,7.1639
8334,68.862,-24.898
8335,67.662,53.309
8336,79.677,35.168
8337,-22.161,-108.89
8338,41.058,52.216
8339,-79.299,-67.455
8340,55.916,17.717
8341,66.058,-12.49
8342,60.909,-5.1034
8343,-117.58,38.172
8344,75.282,25.599
8345,48.755,-32.372
8346,-25.915,54.138
8347,-38.005,-23.51
8348,-103.11,26.005
8349,-61.567,-26.854
8350,-69.246,-69.247
8351,41.178,-50.284
8352,-63.858,-43.225
8353,-87.355,23.124
8354,46,22.124
8355,-2.4992,-51.882
8356,-52.636,-57.58
8357,52.135,6.9672
8358,-63.14,-28.522
8359,-117.87,39.261
8360,27.845,-22.062
8361,-15.734,9.3804
8362,73.824,-14.455
8363,62.36,-17.24
8364,61.371,-44.853
8365,44.589,85.788
8366,20.232,-49.903
8367,-46.028,-32.528
8368,53.249,-75.849
8369,-24.854,12.44
8370,70.087,-20.433
8371,71.139,-53.057
8372,-10.58,44.21
8373,17.164,-77.817
8374,-29.995,-2.9082
8375,-19.17,-40.207
8376,70.359,-20.122
8377,64.192,27.828
8378,67.743,-22.245
8379,34.749,85.899
8380,-38.55,-76.361
8381,-11.438,-0.52365
8382,4.3961,-115.68
8383,60.064,6.0842
8384,84.378,-0.69229
8385,48.244,-19.793
8386,-54.853,-58.498
8387,-105.46,15.317
8388,-20.691,1.2825
8389,-71.486,-28.552
8390,7.1449,-26.16
8391,5.9895,-114.32
8392,-53.907,31.221
8393,59.432,5.436
8394,108.56,10.775
8395,1.7461,-47.666
8396,-52.691,-88.426
8397,-96.334,6.2245
8398,8.1417,-117.25
8399,85.977,-3.396
8400,67.98,-18.791
8401,93.255,-28.157
8402,66.891,-52.565
8403,6.5535,-115.86
8404,54.531,19.42
8405,-12.737,37.536
8406,-46.644,-88.283
8407,91.151,-22.527
8408,41.854,43.781
8409,55.742,-4.2705
8410,-101.27,24.525
8411,68.887,67.009
8412,-78.897,-6.5318
8413,-64.283,-4.2091
8414,-94.224,-47.859
8415,7.9275,-115.98
8416,5.1936,-116.31
8417,-117.43,39.496
8418,52.814,3.6161
8419,6.4199,114.68
8420,91.272,32.737
8421,-0.456,18.212
8422,-37.287,-22.645
8423,26.955,-77.69
8424,-74.251,-10.74
8425,65.482,-17.933
8426,-80.885,-41.17
8427,-88.658,28.38
8428,71.833,50.589
8429,93.027,-53.118
8430,-16.315,-51.904
8431,-35.222,63.844
8432,-43.216,-47.976
8433,-64.19,-30.182
8434,-104.21,29.892
8435,-7.4669,-34.467
8436,70.809,-13.422
8437,87.198,-36.756
8438,66.208,54.647
8439,-9.9132,-2.3062
8440,-17.405,4.6752
8441,62.526,-63.597
8442,-64.632,-43.183
8443,-75.599,-72.258
8444,40.203,16.31
8445,86.5,-6.8867
8446,80.173,-29.895
8447,7.662,-116.58
8448,-94.305,30.38
8449,60.201,-25.294
8450,71.988,-84.952
8451,88.613,-43.552
8452,86.599,-38.293
8453,74.75,0.51634
8454,57.838,-28.037
8455,-10.412,-1.4576
8456,-74.918,-13.05
8457,32.127,53.781
8458,-104.97,30.03
8459,24.708,19.553
8460,59.444,-42.933
8461,-42.158,22.9
8462,-6.2357,-39.13
8463,-79.255,-53.286
8464,28.279,12.126
8465,36.779,43.604
8466,-36.227,-33.314
8467,64.057,-41.601
8468,-93.507,23.659
8469,79.895,-2.4183
8470,70.813,-38.552
8471,-71.104,-22.337
8472,42.723,58.613
8473,2.8453,-28.116
8474,-3.9099,-38.731
8475,-31.099,-74.037
8476,84.345,-20.119
8477,-49.006,-34.427
8478,82.619,-48.869
8479,37.841,13.929
8480,17.994,-0.59463
8481,-25.335,-80.193
8482,83.956,-17.054
8483,-11.835,-9.9631
8484,9.4072,61.244
8485,56.653,-47.721
8486,58.517,-0.84743
8487,-90.188,30.671
8488,87.928,-39.296
8489,5.7549,21.834
8490,19.12,-35.805
8491,-41.667,-42.243
8492,-35.707,-78.282
8493,2.4506,12.909
8494,83.264,-1.9682
8495,92.916,-26.417
8496,61.733,-22.984
8497,83.792,-37.02
8498,-95.471,18.646
8499,8.2725,-55.5
8500,42.122,75.242
8501,-40.629,41.921
8502,27.883,21.587
8503,-51.841,-55.3
8504,-72.024,-43.798
8505,-95.809,-47.085
8506,86.675,-15.427
8507,64.483,-51.348
8508,58.709,6.4601
8509,70.782,52.995
8510,-88.988,20.85
8511,-9.4324,83.304
8512,-32.21,29.026
8513,-73.858,-65.648
8514,-79.941,-65.625
8515,65.242,7.9713
8516,65.545,26.921
8517,-76.21,5.9512
8518,-30.041,-5.9684
8519,-67.669,-37.981
8520,86.54,-15.447
8521,89.628,-42.214
8522,-19.783,-40.291
8523,-28.649,53.875
8524,-30.193,8.9309
8525,-69.633,-76.039
8526,-16.47,-40.801
8527,-71.186,-25.08
8528,4.8657,-114.14
8529,-6.33,-43.024
8530,83.735,-17.394
8531,62.035,-68.612
8532,64.567,-0.96494
8533,28.775,-80.148
8534,-88.549,20.881
8535,7.4506,-31.504
8536,-86.716,-41.156
8537,7.9471,-115.92
8538,80.682,-25.054
8539,80.323,-2.2813
8540,92.297,-28.276
8541,70.301,-15.774
8542,-28.802,25.972
8543,55.179,-59.403
8544,-10.45,5.1851
8545,-19.961,-107.89
8546,-36.25,-22.454
8547,62.148,-16.347
8548,74.769,11.328
8549,30.73,-57.179
8550,5.3113,-81.722
8551,-31.103,-76.632
8552,-79.355,48.486
8553,38.148,6.0395
8554,85.733,-1.5702
8555,-103.43,19.323
8556,-44.812,-41.006
8557,6.4318,-117.11
8558,-53.155,22.983
8559,17.671,-50.294
8560,8.1302,-117.26
8561,7.4023,19.813
8562,82.006,-11.92
8563,-13.088,0.74964
8564,108.55,10.774
8565,32.526,92.099
8566,-75.812,-65.36
8567,-36.246,-22.575
8568,19.631,-8.8872
8569,-35.486,-33.42
8570,47.449,18.545
8571,83.455,-35.284
8572,-11.074,3.4383
8573,-90.239,-18.234
8574,72.826,-83.662
8575,-64.332,-43.373
8576,84.288,-36.881
8577,59.011,-24.192
8578,60.599,10.619
8579,-33.767,-76.63
8580,-87.585,-43.147
8581,-74.54,-30.817
8582,46.396,-42.036
8583,-6.1075,2.7431
8584,6.9293,-116.99
8585,-57.681,-21.718
8586,17.646,-34.043
8587,68.108,44.867
8588,2.4925,7.4924
8589,-79.557,-64.992
8590,62.086,9.3181
8591,80.203,-1.8173
8592,78.666,-7.8135
8593,-8.6354,3.5002
8594,-27.255,-90.619
8595,-22.898,-78.868
8596,-79.41,-38.693
8597,-45.201,-34.675
8598,83.679,-37.076
8599,-16.494,10.64
8600,35.908,81.937
8601,-31.743,-75.854
8602,7.6083,-116.61
8603,5.7745,-116.87
8604,-78.883,-60.77
8605,-89.277,33.541
8606,10.598,47.872
8607,-0.22182,9.6755
8608,-35.028,-79.232
8609,69.101,-14.44
8610,-61.61,-17.943
8611,67.491,-25.494
8612,19.323,-86.484
8613,27.969,13.428
8614,-49.114,-27.399
8615,-52.358,-48.023
8616,80.523,-7.8785
8617,88.352,-41.975
8618,-118.05,39.538
8619,-21.699,35.551
8620,-11.333,-78.456
8621,6.6544,-115.48
8622,6.4641,-117.05
8623,69.004,-26.305
8624,-80.258,-41.889
8625,7.8972,-115.18
8626,-116.84,40.525
8627,-103.11,25.747
8628,48.397,-65.332
8629,-74.004,-10.868
8630,-86.009,-15.214
8631,-66.98,-79.148
8632,-50.876,46.324
8633,24.768,44.643
8634,5.3142,-113.71
8635,24.77,-10.846
8636,71.656,32.463
8637,73.891,85.681
8638,7.1243,17.87
8639,29.251,-71.62
8640,59.248,-54.448
8641,71.936,20.564
8642,64.422,28.162
8643,37.291,39.411
8644,45.627,22.81
8645,38.138,-53.139
8646,13.854,-55.578
8647,-11.221,-44.332
8648,55.558,-87.349
8649,-52.378,17.865
8650,-8.7361,-35.662
8651,-37.447,-32.082
8652,-58.736,-34.508
8653,60.744,-57.784
8654,70.23,2.2428
8655,-86.937,23.37
8656,-84.526,-27.303
8657,32.556,46.842
8658,-24.866,12.438
8659,-107.43,-11.713
8660,4.4806,-61.225
8661,45.732,-41.489
8662,-80.465,-41.625
8663,-28.644,-86.29
8664,-46.89,-17.578
8665,72.111,-84.777
8666,-87.765,-41.809
8667,57.902,-52.374
8668,51.369,74.899
8669,-26.749,-77.675
8670,-117.72,38.162
8671,75.547,-43.167
8672,27.923,-22.03
8673,42.164,-69.85
8674,47.233,-75.274
8675,48.041,11.526
8676,17.982,89.967
8677,42.661,78.966
8678,39.624,53.88
8679,-94.102,-32.715
8680,7.6083,-116.61
8681,7.1226,-116.9
8682,55.708,-7.1133
8683,44.762,-22.124
8684,-15.136,1.4037
8685,-54.87,-79.694
8686,31.606,-17.068
8687,-15.812,-15.485
8688,66.546,-1.8006
8689,-94.243,16.41
8690,28.255,-66.578
8691,28.608,-19.599
8692,-64.469,-43.28
8693,-95.008,-32.246
8694,108.56,10.774
8695,79.716,-2.3497
8696,88.664,-43.611
8697,-65.369,-42.568
8698,-51.201,-83.358
8699,5.3404,-60.948
8700,84.606,-4.352
8701,42.103,-8.5586
8702,50.498,21.457
8703,44.984,-67.82
8704,-49.054,-33.586
8705,-30.069,26.905
8706,68.648,-21.334
8707,72.018,-84.91
8708,16.819,-90.935
8709,5.7214,-114.39
8710,-71.652,36.406
8711,-33.463,-30.312
8712,-62.635,-28.157
8713,64.535,-74.127
8714,-71.006,7.0819
8715,48.537,101.45
8716,6.4587,-115.43
8717,60.389,-63.434
8718,53.091,6.9685
8719,2.9964,97.056
8720,-23.057,38.677
8721,37.353,12.856
8722,-55.155,-15.464
8723,48.34,-21.064
8724,80.977,-4.5587
8725,53.034,19.52
8726,10.079,-28.761
8727,-37.558,-23.019
8728,67.857,-2.8901
8729,-54.388,-26.097
8730,73.287,-82.897
8731,37.133,-18.036
8732,-59.622,-22.466
8733,54.085,-83.356
8734,5.1773,-115.07
8735,48.787,57.528
8736,-38.507,-74.986
8737,-60.918,-74.812
8738,77.255,-52.305
8739,87.878,-24.838
8740,86.015,-37.277
8741,-59.144,-21.72
8742,53.767,33.428
8743,47.01,49.902
8744,40.044,-40.405
8745,70.051,-58.983
8746,-78.93,-27.414
8747,35.723,-13.115
8748,92.818,-25.89
8749,39.441,-83.112
8750,56.467,1.8697
8751,-86.146,-40.702
8752,-69.261,50.85
8753,53.945,-7.4839
8754,-67.525,5.3301
8755,-66.466,-21.65
8756,-90.688,22.599
8757,-28.822,-4.0273
8758,62.201,-60.567
8759,49.122,-84.711
8760,41.215,53.871
8761,66.423,53.778
8762,-6.2395,91.329
8763,-64.353,5.9096
8764,2.6485,-85.461
8765,-83.569,-37.959
8766,-75.79,-24.341
8767,-93.388,-48.198
8768,55.423,-3.6447
8769,77.361,35.496
8770,-23.55,-82.822
8771,-58.152,-40.65
8772,56.576,9.5944
8773,86.007,-15.263
8774,-54.474,20.038
8775,-64.124,-38.969
8776,66.59,-30.146
8777,73.044,29.21
8778,15.818,40.511
8779,6.8468,-82.322
8780,-8.3926,-85.468
8781,-56.887,-60.512
8782,46.503,102.68
8783,68.049,-4.7636
8784,29.019,43
8785,0.20143,-23.282
8786,-104.9,30.293
8787,-30.493,-68.713
8788,59.454,-77.154
8789,40.58,-10.583
8790,18.363,-54.216
8791,-20.21,13.582
8792,46.639,-32.397
8793,72.183,-84.672
8794,35.844,2.3389
8795,-34.38,-27.533
8796,-53.113,-77.85
8797,-74.183,15.703
8798,-24.018,-90.089
8799,7.7328,-117.59
8800,-79.776,-66.559
8801,77.59,34.494
8802,40.637,-39.768
8803,-73.834,-26.355
8804,39.014,-92.412
8805,29.124,36.46
8806,37.273,53.748
8807,21.718,72.236
8808,-59.885,-84.852
8809,-25.405,-96.41
8810,84.826,7.7176
8811,90.844,-43.363
8812,64.888,-26.541
8813,-79.964,-65.309
8814,68.179,26.222
8815,53.467,79.357
8816,35.16,86.775
8817,48.373,21.608
8818,51.671,-53.228
8819,-75.505,-28.633
8820,45.517,103.38
8821,-3.8359,-21.119
8822,46.702,3.867
8823,91.747,-29.335
8824,59.675,-63.955
8825,65.095,88.951
8826,-52.207,26.705
8827,-41.631,-33.522
8828,87.338,-31.124
8829,77.655,-10.078
8830,63.121,-27.403
8831,-12.961,3.4558
8832,85.679,-5.6134
8833,61.415,12.416
8834,70.513,-12.191
8835,-77.98,33.568
8836,58.244,-24.938
8837,-34.274,-27.176
8838,-87.666,26.788
8839,-15.606,2.7345
8840,-65.295,9.1763
8841,68.754,62.731
8842,30.156,55.769
8843,14.128,-26.988
8844,84.983,-10.979
8845,70.364,-7.2992
8846,-24.46,-82.657
8847,-30.449,-56.685
8848,-9.0164,-55.654
8849,15.68,-73.598
8850,-59.112,-21.634
8851,6.0214,-113.47
8852,-12.317,4.4328
8853,12.818,-54.962
8854,91.918,-29.181
8855,-93.431,13.306
8856,58.883,4.3257
8857,73.645,-47.96
8858,-11.344,4.3644
8859,46.175,25.283
8860,-75.614,6.6822
8861,-22.943,-84.132
8862,-54.063,-58.776
8863,-12.346,3.9339
8864,48.147,49.489
8865,57.361,-50.795
8866,84.261,-29.697
8867,-46.111,-86.683
8868,71.705,-1.3215
8869,-119.56,14.931
8870,-85.307,35.634
8871,66.118,26.919
8872,-32.935,43.941
8873,46.588,13.442
8874,-42.363,21.496
8875,-67.461,-55.82
8876,86.424,-35.094
8877,80.476,-35.37
8878,41.157,-49.462
8879,-21.637,-84.337
8880,28.825,-19.075
8881,-97.25,-31.197
8882,56.077,-3.8892
8883,108.55,10.775
8884,-11.27,4.9498
8885,23.878,52.992
8886,85.862,-6.4698
8887,77.011,53.515
8888,-81.795,-41.536
8889,-15.026,-33.904
8890,41.036,70.42
8891,7.871,-55.828
8892,-13.198,3.7268
8893,73.771,-14.544
8894,-78.702,-59.892
8895,43.971,12.036
8896,-84.827,35.748
8897,26.126,99.776
8898,57.132,17.759
8899,-19.665,35.474
8900,-54.322,-44.782
8901,-7.5724,-41.593
8902,-81.753,1.9305
8903,53.772,-6.7546
8904,-70.38,-16.215
8905,70.792,-55.585
8906,-3.1203,-35.298
8907,86.202,-1.6355
8908,81.348,-8.1602
8909,84.892,-37.941
8910,-82.825,34.488
8911,-64.902,-31.439
8912,10.697,47.654
8913,5.1229,-116.11
8914,-36.822,-46.531
8915,24.928,76.231
8916,51.545,-5.6841
8917,5.3363,-34.273
8918,-74.258,-25.504
8919,-97.3,20.42
8920,69.54,-12.958
8921,21.178,-56.805
8922,28.548,49.097
8923,68.827,-25.205
8924,23.786,-88.599
8925,52.945,17.231
8926,30.199,-22.944
8927,-10.619,-53.265
8928,-62.465,72.925
8929,78.678,-54.799
8930,37.191,25.913
8931,-96.309,9.91
8932,-79.325,47.401
8933,-75.567,17.572
8934,-7.591,84.218
8935,-29.152,-91.165
8936,5.2558,-116.02
8937,6.1078,-25.775
8938,-79.255,-54.594
8939,27.652,28.364
8940,37.792,52.921
8941,73.441,-82.637
8942,-45.571,-41.431
8943,50.094,9.2546
8944,82.252,-23.801
8945,5.1773,-115.07
8946,-55.109,-57.894
8947,75.568,43.876
8948,63.62,-42.968
8949,29.139,-21.071
8950,-27.944,-90.941
8951,-59.85,-84.232
8952,6.5308,-117.8
8953,5.4939,-116.7
8954,48.698,21.032
8955,-97.207,25.287
8956,-6.0216,82.87
8957,-65.355,-42.384
8958,-101.14,26.113
8959,67.248,-9.3287
8960,-78.673,-68.295
8961,-28.75,35.312
8962,37.256,53.947
8963,-11.535,7.4506
8964,33.71,25.88
8965,-67.314,-17.327
8966,-67.367,-4.0155
8967,87.466,-43.98
8968,73.763,-8.9336
8969,104.65,13.697
8970,32.73,-77.649
8971,5.3501,-113.69
8972,60.496,5.4412
8973,12.794,18.599
8974,7.6962,60.574
8975,-11.455,-17.896
8976,-103.68,18.615
8977,7.0541,-113.65
8978,-74.215,-30.299
8979,-75.793,-12.847
8980,-102.83,26.263
8981,65.188,-21.841
8982,-92.711,-48.489
8983,-88.815,10.069
8984,63.425,8.7845
8985,81.624,-4.4698
8986,19.534,83.198
8987,-0.17168,59.353
8988,70.318,-12.725
8989,8.7605,-115.62
8990,81.73,-49.774
8991,30.883,-56.339
8992,12.38,-48.232
8993,-70.648,-25.107
8994,-55.447,24.513
8995,-64.261,33.427
8996,7.7156,114.64
8997,-19.962,-107.89
8998,-16.473,10.353
8999,-13.046,-86.893
9000,-34.107,-72.176
9001,-115.2,40.468
9002,72.24,-84.588
9003,-80.441,-38.179
9004,-96.423,-46.996
9005,7.8661,-115.16
9006,81.318,-9.6623
9007,82.878,-33.492
9008,-117.1,40.696
9009,-9.1594,73.363
9010,89.292,-41.479
9011,62.147,-12.442
9012,77.453,-1.8485
9013,-75.955,-11.416
9014,-105.34,15.491
9015,19.044,-97.156
9016,42.391,3.5159
9017,-67.318,-39.452
9018,-6.8862,-34.052
9019,70.001,-21.325
9020,33.931,82.483
9021,-14.985,-0.19503
9022,-66.703,-52.698
9023,5.9955,-113.48
9024,-38.087,-20.304
9025,63.768,66.075
9026,29.028,55.518
9027,-11.648,7.9689
9028,-12.171,-16.932
9029,42.603,-64.095
9030,86.085,-3.4913
9031,84.424,-16.825
9032,57.485,-20.07
9033,5.3439,-116.29
9034,73.89,85.681
9035,39.46,25.672
9036,-79.849,30.384
9037,-18.393,13.621
9038,-95.036,-32.23
9039,7.1064,-114.22
9040,83.869,-0.64084
9041,61.522,4.2047
9042,-99.491,20.151
9043,-59.751,50.226
9044,18.851,-36.699
9045,-5.2167,-44.235
9046,6.9585,-116.98
9047,62.366,-14.559
9048,75.579,-78.769
9049,-71.458,-19.289
9050,83.869,-48.883
9051,69.586,-18.438
9052,57.86,-56.047
9053,-1.7824,-52.687
9054,-53.084,23.184
9055,-61.369,-35.364
9056,5.965,-26.527
9057,-46.034,-24.533
9058,65.638,-42.741
9059,25.636,68.958
9060,-4.3634,78.901
9061,-78.85,32.685
9062,-29.865,-72.147
9063,-35.251,-8.1867
9064,-16.002,1.4204
9065,-56.628,-87.935
9066,-51.125,-48.911
9067,6.625,18.159
9068,-58.149,-32.383
9069,-14.152,18.744
9070,-42.932,-87.742
9071,5.0597,-115.58
9072,4.9535,-117.19
9073,-10.199,1.7616
9074,45.541,-35.73
9075,-76.977,-65.271
9076,-119.55,14.931
9077,-54.621,17.747
9078,-83.095,-26.471
9079,-35.163,-27.674
9080,-12.09,-86.707
9081,-36.145,-22.532
9082,75.42,-2.1532
9083,-79.197,-52.699
9084,-16.143,1.3161
9085,-76.694,29.509
9086,-30.794,91.157
9087,31.526,53.388
9088,87.036,-17.804
9089,-96.723,30.273
9090,89.304,-27.495
9091,-117.5,39.324
9092,6.5725,97.157
9093,-54.244,-19.996
9094,-94.231,-47.856
9095,-24.99,-31.353
9096,72.699,-13.071
9097,19.805,-79.518
9098,6.3055,-115.64
9099,-82.89,-39.435
9100,-14.613,1.0921
9101,-85.399,30.497
9102,-17.836,12.152
9103,1.8384,97.917
9104,-79.212,-9.0496
9105,-45.221,-75.678
9106,-67.185,-37.063
9107,-97.921,19.536
9108,90.921,-31.037
9109,-62.235,-13.004
9110,-55.789,-57.831
9111,-101.3,30.092
9112,-79.177,-38.664
9113,-95.846,-47.196
9114,6.3141,-115.67
9115,83.881,-37.382
9116,-71.01,12.641
9117,-53.753,-59.768
9118,-100.18,28.586
9119,-17.601,-25.85
9120,-41.008,-28.136
9121,57.436,-19.995
9122,-9.7967,-17.517
9123,-94.591,-47.695
9124,34.435,-0.065692
9125,60.634,-10.783
9126,-16.813,1.5462
9127,-66.847,-81.151
9128,-104.18,30.983
9129,-21.891,20.855
9130,14.931,-39.066
9131,-67.849,-38.057
9132,5.0768,-115.58
9133,87.449,-38.844
9134,-66.425,-37.549
9135,30.219,57.569
9136,26.815,48.946
9137,45.157,-8.8453
9138,5.3984,-116.62
9139,-21.458,-31.249
9140,-97.119,-46.788
9141,5.8052,-55.492
9142,66.668,19.909
9143,62.061,-25.629
9144,-13.33,9.6772
9145,39.941,-63.908
9146,-71,6.716
9147,-43.259,-34.003
9148,17.714,75.883
9149,-4.3879,56.229
9150,-74.939,-16.069
9151,64.565,-18.529
9152,60.609,-54.576
9153,-75.016,-16.668
9154,71.782,32.826
9155,-44.891,-23.667
9156,-25.106,-89.572
9157,38.054,80.603
9158,70.824,-15.021
9159,-45.876,15.261
9160,-74.824,-17.936
9161,-14.221,4.7691
9162,-119.55,14.93
9163,-80.078,35.875
9164,-34.355,-33.522
9165,48.693,22.004
9166,57.748,-80.408
9167,-42.707,-90.747
9168,7.6531,-114.71
9169,5.1738,-115.25
9170,-42.992,37.924
9171,32.624,78.594
9172,-27.015,-101.89
9173,-34.446,-8.6234
9174,-92.579,-48.6
9175,68.236,-5.0563
9176,-32.012,42.026
9177,52.7,76.688
9178,30.64,40.219
9179,67.837,53.285
9180,52.483,54.82
9181,3.4665,46.189
9182,-16.313,0.93196
9183,-9.6151,-36.653
9184,-35.68,-70.026
9185,40.899,39.11
9186,-90.897,-49.974
9187,82.396,-47.552
9188,35.15,-18.329
9189,69.376,32.113
9190,-34.785,13.703
9191,-94.598,-32.461
9192,-72.575,64.391
9193,-60.09,20.606
9194,1.2965,-59.637
9195,36.118,2.5839
9196,-86.244,24.295
9197,-69.444,40.191
9198,-19.968,87.428
9199,-46.873,-32.663
9200,66.082,-43.34
9201,87.682,-21.059
9202,54.788,-4.9505
9203,-82.979,-40.812
9204,-103.28,20.307
9205,-13.962,-55.344
9206,-94.615,-47.685
9207,30.722,56.237
9208,19.295,71.57
9209,-70.313,-16.372
9210,-74.117,-22.175
9211,6.4653,-115.43
9212,-44.795,-40.592
9213,25.942,-15.442
9214,80.267,-53.075
9215,81.802,-49.17
9216,-24.444,56.317
9217,19.417,-1.1976
9218,-19.963,-107.89
9219,68.001,-60.044
9220,84.604,-48.558
9221,55.257,4.671
9222,-48.239,-30.188
9223,36.395,-69.117
9224,-22.192,41.832
9225,-56.32,8.0333
9226,-35.76,-70.656
9227,-4.4658,-44.458
9228,-8.1908,12.697
9229,-22.957,38.97
9230,32.699,-24.052
9231,5.6442,-117.7
9232,32.425,53.639
9233,22.956,-10.314
9234,38.896,-41.834
9235,-101.96,20.006
9236,-74.255,-47.187
9237,66.951,-59.113
9238,58.183,3.7604
9239,24.544,68.46
9240,53.227,-86.03
9241,50.464,52.853
9242,21.751,-50.729
9243,19.942,46.832
9244,-12.566,-24.914
9245,-117.43,39.496
9246,-99.827,-30.407
9247,6.6198,-113.6
9248,37.671,12.427
9249,-91.86,30.517
9250,88.025,-20.376
9251,5.695,-116.86
9252,-40.066,-24.162
9253,33.508,50.72
9254,55.383,5.9571
9255,-82.559,-8.6861
9256,-1.3996,61.557
9257,-27.801,-61.592
9258,5.9832,-113.48
9259,41.952,4.4153
9260,54.977,9.3926
9261,-11.781,-8.3142
9262,27.539,-48.427
9263,56.163,-21.676
9264,-29.461,91.602
9265,56.27,-3.0372
9266,-13.671,2.8744
9267,-14.435,2.6919
9268,28.527,51.783
9269,7.1076,13.072
9270,91.698,-27.371
9271,-69.261,50.849
9272,72.359,33.492
9273,74.665,-80.476
9274,-95.638,-31.91
9275,-14.016,3.1221
9276,-12.49,3.5402
9277,45.083,23.732
9278,65.51,68.376
9279,-56.653,-89.076
9280,-24.511,54.942
9281,11.394,-84.841
9282,-94.785,-47.611
9283,-12.198,4.0355
9284,98.433,-57.941
9285,39.784,27.928
9286,-54.375,-46.905
9287,89.268,-30.908
9288,26.023,3.8578
9289,23.47,68.709
9290,-43.244,84.667
9291,63.54,26.646
9292,-54.477,20.42
9293,72.647,-54.685
9294,0.47688,29.25
9295,69.795,-14.687
9296,74.711,51.109
9297,-39,82.538
9298,55.408,-15.008
9299,-24.214,-81.443
9300,-22.701,-66.885
9301,68.646,-24.97
9302,61.942,-12.398
9303,-11.795,0.5874
9304,-40.61,36.894
9305,92.576,43.637
9306,46.107,22.338
9307,4.0332,64.15
9308,45.633,-81.517
9309,4.1549,-85.032
9310,-74.959,-10.958
9311,25.692,46.984
9312,-56.205,0.13184
9313,-93.15,23.176
9314,-96.695,-31.424
9315,7.3622,13.345
9316,-3.527,58.384
9317,54.947,22.778
9318,-71.818,-77.108
9319,-24.905,-101.52
9320,-93.988,-32.769
9321,6.6284,-115.83
9322,76.455,28.002
9323,5.9262,-116.94
9324,57.483,-26.602
9325,45.102,-3.3538
9326,68.763,30.181
9327,-28.645,-94.155
9328,89.18,-22.572
9329,61.337,-4.6087
9330,-10.839,4.7853
9331,32.609,92.99
9332,27.536,22.826
9333,77.928,-3.0544
9334,27.77,12.229
9335,-3.9617,78.136
9336,-49.759,23.698
9337,-14.011,-55.232
9338,80.249,-29.53
9339,43.491,25.662
9340,-24.259,-33.581
9341,-58.587,1.8466
9342,-24.465,-103.8
9343,-81.198,-38.966
9344,-12.192,2.5896
9345,70.307,-19.511
9346,40.009,-5.2676
9347,7.9802,-115.54
9348,61.297,-14.984
9349,69.052,54.662
9350,-34.389,-33.615
9351,-2.7656,-13.64
9352,38.804,14.412
9353,61.691,2.8999
9354,73.845,-9.9866
9355,82.187,-34.184
9356,6.7917,55.096
9357,27.172,54.837
9358,-74.832,-25.039
9359,56.104,8.4702
9360,-6.9328,13.527
9361,-118.75,38.589
9362,-74.06,-11.067
9363,78.589,-51.673
9364,81.201,-25.153
9365,-95.36,30.305
9366,-58.889,-20.084
9367,33.987,60.107
9368,64.69,-18.852
9369,31.069,-88.689
9370,-80.23,-10.802
9371,-11.603,2.6691
9372,59.321,-23.539
9373,-15.227,1.6084
9374,81.065,-35.128
9375,21.883,19.922
9376,31.035,11.824
9377,39.66,-5.5295
9378,54.05,3.0614
9379,81.983,-17.357
9380,32.203,46.855
9381,-24.465,-104.66
9382,-106.78,-11.015
9383,-106.55,-7.5931
9384,72.545,-84.114
9385,4.7532,-116.93
9386,-29.495,93.901
9387,58.109,33.112
9388,24.545,22.078
9389,-34.571,-27.452
9390,31.487,52.928
9391,-54.183,-59.391
9392,-12.117,-18.374
9393,-7.5555,3.0189
9394,23.65,65.681
9395,-72.318,-29.716
9396,-58.268,-34.049
9397,-44.702,37.321
9398,4.42,-66.373
9399,-53.144,18.326
9400,-35.037,-82.257
9401,-96.203,-31.638
9402,-99.762,-30.412
9403,52.876,-56.311
9404,-60.127,-33.755
9405,43.124,86.418
9406,66.807,54.199
9407,47.763,30.164
9408,50.933,2.0072
9409,-26.687,-77.923
9410,5.0765,-115.59
9411,7.3567,-114.45
9412,-61.959,-35.39
9413,79.597,-28.138
9414,41.561,5.3638
9415,70.653,30.893
9416,-53.717,-46.073
9417,-21.821,-15.387
9418,37.213,14.444
9419,-96.159,-31.548
9420,-17.771,1.7987
9421,63.059,10.848
9422,47.61,78.45
9423,76.772,33.721
9424,-0.66655,-55.715
9425,-29.505,-57.868
9426,-55.956,-81.976
9427,7.4643,-117.72
9428,-98.215,-30.808
9429,62.446,14.91
9430,82.036,-48
9431,76.671,-52.833
9432,-13.412,-55.052
9433,36.517,40.848
9434,31.98,23.826
9435,47.626,16.434
9436,-23.806,-90.312
9437,7.8453,-117.51
9438,58.247,-59.408
9439,43.911,18.407
9440,71.236,-7.4604
9441,35.816,-76.913
9442,6.3188,-115.58
9443,51.312,-16.074
9444,62.009,-25.316
9445,7.6893,-116.57
9446,7.1226,-116.9
9447,43.352,-45.076
9448,-14.761,1.4956
9449,-52.148,-55.498
9450,66.901,54.263
9451,26.192,58.192
9452,11.498,-57.523
9453,47.905,-32.318
9454,-101.99,4.2582
9455,-105.86,0.75719
9456,-6.562,-38.622
9457,6.7059,-114.19
9458,-12.577,1.7551
9459,-13.1,-53.015
9460,48.523,2.8331
9461,69.289,28.022
9462,29.71,56.262
9463,5.9952,-11.777
9464,48.983,13.118
9465,82.866,-28.187
9466,61.057,-45.282
9467,-74.906,-22.45
9468,-28.479,24.284
9469,64.491,-27.661
9470,-80.332,-36.813
9471,7.402,-114.48
9472,-60.153,-60.05
9473,-80.9,34.1
9474,83.541,-36.926
9475,25.804,46.689
9476,28.798,19.988
9477,46.619,-42.243
9478,66.27,-52.109
9479,86.988,36.097
9480,45.144,23.027
9481,66.604,58.184
9482,32.331,49.549
9483,-57.431,-88.526
9484,-92.962,-48.232
9485,-12.524,0.97444
9486,-77.758,-71.149
9487,24.03,-87.528
9488,63.964,-54.389
9489,74.639,25.802
9490,-7.7393,64.091
9491,18.226,-25.905
9492,-68.087,-50.995
9493,5.3877,-116.62
9494,-9.4472,11.382
9495,60.999,-10.382
9496,63.584,-4.8261
9497,89.987,-18.851
9498,84.489,42.519
9499,-43.421,67.707
9500,-59.924,-22.757
9501,8.2462,-114.39
9502,-75.514,-24.17
9503,-96.272,-31.607
9504,61.619,-23.557
9505,82.642,-8.8205
9506,73.648,28.214
9507,-52.735,1.6691
9508,37.112,11.322
9509,18.507,-96.283
9510,-38.34,-72.529
9511,-29.596,-3.7932
9512,27.592,12.301
9513,-59.549,-85.809
9514,-16.688,1.0828
9515,20.899,-31.497
9516,-17.09,1.5484
9517,-79.325,47.401
9518,51.985,51.638
9519,-31.553,-56.963
9520,88.038,-39.13
9521,89.577,36.329
9522,-79.931,-58.085
9523,41.25,-41.544
9524,59.634,-1.9445
9525,72.176,-16.296
9526,82.8,-17.695
9527,7.6858,-114.76
9528,50.485,53.035
9529,39.35,-92.077
9530,49.18,14.029
9531,89.528,-42.432
9532,94.046,-62.523
9533,-14.618,115.36
9534,21.453,-33.085
9535,75.281,-38.347
9536,-20.288,9.692
9537,-18.218,-106.17
9538,-8.163,-37.225
9539,-92.767,-48.43
9540,-62.482,-28.006
9541,-76.213,-24.295
9542,85.736,-37.344
9543,-1.829,57.31
9544,-14.786,9.4506
9545,-28.259,-29.051
9546,-77.891,-68.31
9547,7.1064,-114.22
9548,68.491,-21.531
9549,72.339,21.948
9550,87.179,42.857
9551,-87.87,-17.995
9552,-72.254,52.555
9553,-71.252,13.038
9554,47.797,78.67
9555,-28.551,-77.363
9556,-36.335,87.041
9557,1.4912,6.8311
9558,-13.176,19.266
9559,-58.282,-67.519
9560,5.9955,-113.48
9561,-100.55,20.035
9562,-21.082,-68.247
9563,-83.856,-13.05
9564,-11.818,3.9122
9565,74.222,-61.494
9566,18.204,-80.178
9567,49.122,-49.032
9568,7.3695,-117.75
9569,-72.47,-44.285
9570,77.27,-55.824
9571,40.943,53.516
9572,58.226,62.869
9573,-60.704,75.449
9574,76.422,-49.537
9575,-5.2165,-39.213
9576,4.4107,-115.08
9577,9.7492,13.527
9578,50.449,7.9324
9579,-67.953,-21.964
9580,3.3389,19.145
9581,-51.655,19.607
9582,92.943,-25.883
9583,-18.252,-106.09
9584,51.878,-79.87
9585,-92.791,-48.389
9586,-95.482,-31.969
9587,76.572,-52.694
9588,82.936,32.655
9589,-42.621,-23.212
9590,-72.077,-30.218
9591,-94.043,-32.742
9592,85.342,-3.9555
9593,6.9111,-114.25
9594,-52.906,-57.913
9595,-23.5,81.087
9596,77.221,42.532
9597,-49.621,63.721
9598,-55.964,21.207
9599,-48.245,-26.05
9600,-24.682,8.8519
9601,-36.346,-84.28
9602,-13.675,-40.423
9603,-98.391,-30.744
9604,54.198,4.329
9605,-6.4165,13.685
9606,-79.814,-66.148
9607,23.058,42.887
9608,35.759,-46.512
9609,46.312,-2.5392
9610,-78.622,-60.345
9611,16.85,-52.361
9612,-41.843,65.091
9613,-52.424,26.497
9614,3.8149,17.121
9615,-62.444,-27.968
9616,-96.813,-31.374
9617,25.109,-35.513
9618,66.993,70.808
9619,68.806,38.607
9620,45.519,103.38
9621,60.763,-45.572
9622,-1.3257,53.523
9623,29.912,16.429
9624,6.4576,-115.43
9625,45.178,-11.809
9626,-92.308,13.674
9627,63.23,-4.4707
9628,88.084,28.002
9629,-17.987,61.319
9630,41.864,14.552
9631,-52.906,24.874
9632,-50.954,-88.676
9633,56.733,-47.776
9634,-60.502,14.322
9635,30.684,-16.053
9636,37.567,-45.872
9637,81.012,-5.5453
9638,24.798,69.137
9639,-79.677,-66.939
9640,-27.49,-64.546
9641,-49.439,-51.605
9642,-37.89,-75.265
9643,39.227,-90.877
9644,-11.075,3.4381
9645,6.6208,-115.81
9646,73.426,-82.662
9647,37.125,86.613
9648,-78.868,-59.902
9649,-25.98,-90.423
9650,-15.598,1.2024
9651,-0.99286,31.148
9652,-50.931,-89
9653,-74.784,-14.854
9654,-44.516,-42.759
9655,-60.092,-22.896
9656,-100.72,-30.468
9657,104.61,12.576
9658,-21.49,36.384
9659,25.021,73.045
9660,-14.243,37.248
9661,25.595,-17.046
9662,-12.654,-80.816
9663,30.563,-21.001
9664,-54.004,-1.1319
9665,91.169,-17.599
9666,-79.964,-65.21
9667,-15.353,50.714
9668,51.335,51.552
9669,-81.883,-39.098
9670,85.166,-47.271
9671,-7.1061,3.5326
9672,-57.865,-33.05
9673,-7.0717,-34.496
9674,-56.433,-2.151
9675,73.89,85.68
9676,22.798,49.293
9677,16.07,-0.71353
9678,83.013,-27.764
9679,83.864,-11.73
9680,60.874,-4.8614
9681,-92.432,23.9
9682,36.793,84.846
9683,-13.05,99.381
9684,-18.992,-105.52
9685,-82.405,-27.972
9686,-20.935,9.2946
9687,29.13,76.713
9688,-2.6422,-14.941
9689,-100.49,-30.439
9690,78.121,-47.896
9691,-9.6648,10.667
9692,7.3432,-113.44
9693,14.653,-69.604
9694,45.932,40.796
9695,-56.54,-89.938
9696,-97.252,-31.164
9697,56.384,-2.9583
9698,-117.62,39.761
9699,61.609,-14.699
9700,83.151,-27.2
9701,40.318,-56.164
9702,30.236,46.902
9703,-27.031,58.338
9704,-88.153,-14.6
9705,-12.434,0.59382
9706,-12.724,1.9177
9707,26.844,-30.722
9708,-10.498,-36.56
9709,52.095,24.16
9710,-22.607,38.544
9711,-12.165,-93.156
9712,-86.868,-41.73
9713,38.421,-45.853
9714,74.815,-45.442
9715,-76.925,56.67
9716,-53.629,-77.468
9717,-10.048,84.355
9718,19.361,23.881
9719,32.431,53.441
9720,34.899,-48.281
9721,-60.992,-85.045
9722,-61.942,-79.245
9723,74.105,-81.463
9724,-13.372,6.5348
9725,52.168,-52.301
9726,-36.344,-22.495
9727,-50.378,19.718
9728,1.1163,62.376
9729,-59.707,70.19
9730,-17.958,-97.854
9731,85.789,-37.212
9732,-69.536,66.759
9733,-8.3965,74.212
9734,33.029,89.717
9735,-23.891,49.394
9736,45.755,22.894
9737,-11.037,-17.37
9738,-87.152,-41.89
9739,17.893,39.127
9740,-68.686,55.263
9741,-66.511,14.386
9742,-61.673,21.824
9743,-86.943,-22.822
9744,72.302,-84.501
9745,-80.97,-38.771
9746,6.4883,-115.87
9747,6.6316,-115.46
9748,57.297,9.0678
9749,53.28,-3.5771
9750,58.027,16.529
9751,22.625,73.078
9752,-72.626,-16.748
9753,30.447,-82.219
9754,-10.112,-17.151
9755,-38.438,-27.994
9756,6.6535,-115.48
9757,65.753,-4.0638
9758,42.073,1.123
9759,-35.386,-68.755
9760,-18.35,28.795
9761,-35.723,-69.905
9762,40.282,-40.171
9763,-19.961,-107.89
9764,28.343,30.722
9765,26.036,34.102
9766,27.447,-5.2131
9767,-11.608,-16.662
9768,-7.0978,-38.775
9769,-80.383,-38.087
9770,87.713,-41.919
9771,55.012,75.809
9772,69.167,-41.761
9773,46.83,80.969
9774,56.189,16.83
9775,26.009,-96.136
9776,-18.494,17.576
9777,23.155,-77.194
9778,81.031,-5.8727
9779,74.302,25.894
9780,-32.495,23.708
9781,-59.475,-22.309
9782,6.9815,-117.78
9783,-115.43,13.292
9784,2.8908,50.908
9785,40.887,16.288
9786,34.722,23.299
9787,5.2816,63.695
9788,96.18,-59.982
9789,83.332,-13.911
9790,51.616,22.209
9791,7.4432,-116.94
9792,-11.783,4.2587
9793,47.008,81.347
9794,-12.322,43.856
9795,-17.973,-29.385
9796,31.616,11.294
9797,-54.714,40.175
9798,7.9576,-115.92
9799,63.139,7.4527
9800,43.349,82.645
9801,15.965,40.096
9802,-75.446,-12.103
9803,46.98,4.197
9804,63.247,56.797
9805,-30.56,93.574
9806,-1.957,84.083
9807,28.766,-86.999
9808,-52.376,-56.456
9809,-19.773,-85.238
9810,-35.01,-78.235
9811,-35.596,-33.407
9812,-13.196,2.1798
9813,65.68,-17.945
9814,46.618,81.152
9815,4.2056,63.525
9816,-13.682,-38.248
9817,81.562,-8.2343
9818,-88.94,-17.282
9819,70.459,-12.594
9820,24.62,67.993
9821,37.464,12.256
9822,88.478,-41.687
9823,75.519,-49.811
9824,52.466,-68.409
9825,19.224,-1.3938
9826,25.738,45.967
9827,55.118,-49.775
9828,48.511,-21.109
9829,-5.7609,75.701
9830,-73.856,-15.767
9831,-105.4,15.593
9832,-2.9768,-13.652
9833,76.086,-78.276
9834,82.26,-0.19862
9835,65.087,-41.133
9836,-81.839,64.789
9837,5.1441,-50.158
9838,-62.163,-33.968
9839,28.492,53.937
9840,72.953,-83.451
9841,6.3211,-117.06
9842,-16.537,-4.6099
9843,76.383,-53.218
9844,58.52,7.7778
9845,25.2,-72.889
9846,27.631,51.791
9847,27.804,-56.68
9848,11.582,45.933
9849,71.832,-40.304
9850,-31.729,-9.3767
9851,48.844,-21.275
9852,59.573,6.6453
9853,42.315,46.384
9854,-30.814,-77.019
9855,-49.7,-85.852
9856,-15.138,-0.15593
9857,75.619,48.441
9858,-19.921,40.873
9859,-21.172,21.399
9860,85.109,-5.7449
9861,83.265,-27.322
9862,-56.937,-59.663
9863,98.085,46.188
9864,-18.624,-105.36
9865,-19.962,-107.89
9866,56.337,31.854
9867,12.546,15.798
9868,-81.047,-39.231
9869,-64.354,-43.358
9870,4.5763,-114.74
9871,-107.24,28.647
9872,-16.637,0.63326
9873,108.55,10.775
9874,65.034,21.01
9875,83.826,42.476
9876,-82.704,-10.904
9877,-1.7187,60.943
9878,74.971,-6.6593
9879,-12.681,18.65
9880,43.307,-23.053
9881,3.4621,-41.103
9882,-13.672,-37.853
9883,-96.971,-46.832
9884,-117.51,39.693
9885,26.591,-82.68
9886,52.502,19.816
9887,-26.116,-64.041
9888,25.942,46.029
9889,52.841,7.2015
9890,72.634,-13.056
9891,65.828,-23.009
9892,82.139,-33.22
9893,56.451,73.763
9894,26.595,-30.865
9895,-15.453,-39.033
9896,-117.8,39.778
9897,79.467,-31.259
9898,86.264,-5.5656
9899,42.12,44.193
9900,28.539,37.299
9901,-9.9768,-64.778
9902,50.326,-26.449
9903,-0.84896,-15.086
9904,-78.733,-60.371
9905,78.328,24.084
9906,-85.955,33.824
9907,-14.806,-74.522
9908,3.9872,64.124
9909,-62.806,-89.749
9910,32.475,38.634
9911,-39.902,-68.218
9912,7.3421,-116.77
9913,34.344,33.032
9914,-46.201,-24.539
9915,-14.987,11.92
9916,-33.781,-76.131
9917,-99.922,19.983
9918,-94.345,-47.806
9919,8.1604,-114.27
9920,-13.237,-0.090038
9921,-104.01,19.128
9922,-69.466,-32.006
9923,-6.1013,-44.377
9924,80.079,-15.118
9925,81.111,-32.561
9926,-60.493,47.652
9927,12.015,48.75
9928,-11.462,0.89828
9929,69.136,-14.311
9930,99.07,49.551
9931,-19.787,-57.467
9932,-2.5339,-44.042
9933,-64.325,-43.381
9934,86.3,-15.261
9935,-20.29,-1.3207
9936,61.911,57.094
9937,-42.492,-23.161
9938,36.629,62.814
9939,70.924,53.861
9940,108.55,10.775
9941,16.036,-23.351
9942,47.061,102.07
9943,-34.648,25.285
9944,-15.422,9.5195
9945,-24.24,-92.726
9946,38.589,8.4753
9947,38.767,4.8158
9948,68.625,53.278
9949,-13.44,16.253
9950,-40.519,-23.611
9951,-41.516,-33.465
9952,9.7966,-35.035
9953,22.445,41.871
9954,-23.541,-82.007
9955,-66.416,-39.868
9956,-53.551,-46.683
9957,-92.832,-48.396
9958,-96.965,-31.311
9959,68.719,-5.3808
9960,-14.354,-0.30569
9961,55.361,50.387
9962,51.452,54.048
9963,-24.635,44.86
9964,-1.2091,-55.116
9965,-28.921,-4.1382
9966,84.163,-16.332
9967,60.139,11.173
9968,-62.006,-28.554
9969,-27.492,-105.1
9970,-15.421,-91.125
9971,-51.777,-55.003
9972,76.609,-76.525
9973,63.429,-43.002
9974,7.005,-116.96
9975,-12.404,-25.103
9976,59.155,46.017
9977,-95.76,30.096
9978,-67.499,-14.618
9979,-55.518,-89.341
9980,7.3012,15.517
9981,-100.72,-30.47
9982,-12.05,-9.7156
9983,47.912,27.622
9984,87.465,-38.69
9985,-9.8874,4.2207
9986,2.3848,61.504
9987,39.098,56.522
9988,-34.78,31.538
9989,-65.833,-43.625
9990,-12.725,6.1827
9991,59.346,51.143
9992,-53.825,17.803
9993,-41.252,-21.413
9994,10.355,34.598
9995,50.464,-66.616
9996,-19.962,-107.88
9997,48.69,28.931
9998,-63.167,-58.256
9999,55.801,36.067
10000,5.2331,-114.97
10001,48.469,-60.192
10002,60.866,-9.8059
10003,-23.538,46.425
10004,-101.58,28.132
10005,41.296,-45.397
10006,-38.672,-93
10007,-6.874,3.0326
10008,48.727,3.0505
10009,-117.43,39.494
10010,-79.33,48.615
10011,-31.122,-4.523
10012,54.405,4.5795
10013,73.89,85.681
10014,-44.481,-88.468
10015,-106.7,16.811
10016,5.1773,-115.07
10017,54.842,23.706
10018,-50.783,-50.26
10019,-26.817,-87.818
10020,73.634,-10.086
10021,87.275,-20.937
10022,-14.822,0.8057
10023,108.55,10.775
10024,2.8482,-65.776
10025,-9.4458,-30.377
10026,-10.147,86.113
10027,2.3517,7.3441
10028,-98.394,-30.742
10029,7.8682,-116.25
10030,54.962,23.519
10031,-10.364,2.7525
10032,90.037,34.701
10033,4.7122,1.2581
10034,-12.155,9.2203
10035,7.5283,-114.55
10036,6.6205,-115.84
10037,-23.086,-78.645
10038,63.11,-4.1666
10039,-39.163,-73.903
10040,29.208,-17.559
10041,71.076,33.861
10042,-17.129,7.4655
10043,-21.645,-79.591
10044,6.5546,-115.85
10045,72.769,-83.75
10046,-92.749,-48.46
10047,-96.169,-47.081
10048,39.896,7.1759
10049,-72.641,-28.805
10050,-87.312,-41.502
10051,51.557,21.883
10052,-69.562,15.1
10053,29.231,38.384
10054,58.08,33.055
10055,-96.945,-30.972
10056,28.132,-66.507
10057,36.677,-60.696
10058,38.546,-45.87
10059,6.0275,-36.025
10060,-54.279,-80.854
10061,41.392,-49.545
10062,-9.8035,80.874
10063,-7.6283,3.5117
10064,-53.805,-86.795
10065,-4.0003,-103.72
10066,-12.18,9.8751
10067,-75.681,-24.043
10068,38.483,-88.767
10069,31.327,-56.477
10070,-75.46,-23.056
10071,70.791,-16.322
10072,-18.029,0.73581
10073,7.5302,-117.69
10074,-72.328,69.265
10075,78.728,-54.435
10076,33.966,-84.646
10077,-21.095,-89.06
10078,44.051,-64.995
10079,6.2941,-117.79
10080,37.371,-4.6395
10081,-68.03,-69.801
10082,-93.275,13.266
10083,94.834,-55.436
10084,-56.706,-61.14
10085,-118,39.605
10086,-10.544,-1.5352
10087,79.687,-32.282
10088,13.489,33.793
10089,-32.715,-82.694
10090,-50.109,-89.026
10091,-27.777,37.279
10092,7.9718,-114.08
10093,-9.7348,-4.7523
10094,56.491,23.714
10095,-66.592,36.051
10096,-64.023,-29.873
10097,64.8,-26.24
10098,74.68,51.012
10099,-40.042,-23.888
10100,-83.227,-26.826
10101,-67.712,-38
10102,-13.865,-5.0792
10103,81.024,-5.7794
10104,57.981,74.035
10105,62.612,21.993
10106,60.564,-12.484
10107,-117.8,39.776
10108,75.961,-78.005
10109,65.539,87.288
10110,-54.858,-91.998
10111,66.283,-4.1776
10112,89.199,-30.49
10113,48.254,11.912
10114,-104.21,18.824
10115,-3.0565,61.326
10116,-7.6263,29.353
10117,64.062,8.77
10118,-46.839,-86.839
10119,-29.44,-57.238
10120,-29.456,-5.6803
10121,103.31,-54.572
10122,-92.834,-48.395
10123,6.4321,-115.8
10124,-79.354,48.485
10125,-38.965,19.237
10126,83.554,-8.6757
10127,15.102,-12.685
10128,-37.854,-28.479
10129,95.899,-56.603
10130,-100.33,29.041
10131,-53.333,19.388
10132,76.656,-52.994
10133,34.407,33.227
10134,-80.05,-9.3784
10135,-92.976,-48.297
10136,54.776,9.6095
10137,29.905,-40.521
10138,-7.4819,102.64
10139,-79.354,48.485
10140,-70.224,-74.75
10141,-97.251,20.654
10142,73.766,-14.628
10143,-12.406,-6.9233
10144,-76.37,-23.681
10145,61.742,3.5736
10146,68.999,27.273
10147,28.343,54.01
10148,-10.7,0.82294
10149,46.533,-8.6298
10150,-14.761,-54.539
10151,-11.369,-65.876
10152,-72.752,-58.726
10153,-95.888,-47.179
10154,42.193,-41.717
10155,-5.5093,75.427
10156,28.119,53.961
10157,16.306,14.042
10158,64.142,16.018
10159,-102.91,28.405
10160,-65.35,4.9437
10161,-54.958,59.983
10162,-42.557,-23.348
10163,38.737,13.37
10164,-27.08,47.795
10165,3.3292,-66.334
10166,-66.953,-68.938
10167,-64.03,-43.212
10168,69.382,-19.663
10169,-70.409,-15.605
10170,36.241,-68.622
10171,-27.405,-9.3276
10172,5.407,11.327
10173,68.614,26.354
10174,42.554,85.127
10175,-54.75,-46.928
10176,72.197,-84.652
10177,51.658,-62.268
10178,84.691,-10.632
10179,-19.137,87.566
10180,68.678,26.378
10181,-117.44,39.549
10182,4.4604,-114.69
10183,-98.664,-30.641
10184,-13.233,-0.092191
10185,54.013,-85.357
10186,65.907,-49.902
10187,21.786,-55.621
10188,94.971,-60.683
10189,60.388,13.295
10190,-72.281,-37.496
10191,63.927,-65.054
10192,67.256,-58.931
10193,-21.548,37.273
10194,-3.4019,-104.5
10195,-96.122,-47.069
10196,7.5042,-114.53
10197,-5.516,-0.72771
10198,85.819,-11.04
10199,-39.129,-74.153
10200,67.454,26.259
10201,-72.557,-59.472
10202,-2.6504,-105.45
10203,-13.801,2.4175
10204,6.2137,-114.21
10205,-13.654,2.03
10206,49.3,38.179
10207,-74.377,-74.217
10208,-37.538,-83.731
10209,-64.437,-43.298
10210,88.605,-23.503
10211,62.999,21.017
10212,46.521,39.709
10213,66.483,86.952
10214,66.979,-20.909
10215,-38.082,47.732
10216,-84.111,35.067
10217,-70.67,60.001
10218,24.066,-16.603
10219,-69.617,-67.212
10220,-72.747,-25.052
10221,36.78,90.599
10222,44.342,21.973
10223,79.843,-43.53
10224,41.335,58.621
10225,-60.215,-82.011
10226,-10.471,-41.584
10227,-29.071,-21.654
10228,-117.14,38.312
10229,51.244,2.4926
10230,-63.09,-77.789
10231,-29.086,-3.6986
10232,-7.9894,-37.091
10233,-99.907,-31.146
10234,62.886,-27.579
10235,-69.739,-76.327
10236,4.4269,-114.88
10237,58.275,33.55
10238,46.975,74.645
10239,44.627,12.224
10240,89.499,22.995
10241,23.906,-80.252
10242,103.28,-54.537
10243,-92.329,-47.932
10244,-42.983,5.5365
10245,-44.485,84.419
10246,99.407,-64.27
10247,99.946,-65.572
10248,63.935,-28.694
10249,-14.774,1.9005
10250,-13.483,2.1662
10251,-8.4242,-39.951
10252,-60.455,-81.973
10253,-73.196,-58.457
10254,99.872,-65.936
10255,-53.059,73.907
10256,97.44,20.787
10257,29.548,0.68655
10258,96.427,-56.941
10259,-61.476,-81.43
10260,-3.0447,-91.694
10261,73.443,-82.633
10262,7.1043,-114.22
10263,58.672,-0.63258
10264,63.841,88.163
10265,-17.39,2.0817
10266,29.492,54.754
10267,-42.913,-18.509
10268,-23.981,11.787
10269,-14.31,1.8167
10270,-12.664,-55.128
10271,-15.043,2.8093
10272,94.934,-60.964
10273,-38.53,-74.37
10274,-81.837,64.79
10275,-45.056,-21.818
10276,36.664,53.202
10277,18.408,-46.859
10278,-60.571,-19.562
10279,-58.05,-78.201
10280,55.387,6.2796
10281,6.6181,-115.45
10282,35.006,-6.1097
10283,-52.32,18.905
10284,85.167,-35.227
10285,-76.356,-56.686
10286,93.539,-55.604
10287,-17.051,3.0057
10288,7.5189,-113.75
10289,-16.466,1.9476
10290,60.784,-1.0387
10291,48.645,-21.173
10292,96.555,-56.901
10293,-102.18,27.264
10294,-102.49,15.938
10295,-40.912,-27.445
10296,-2.3207,-28.697
10297,72.087,-84.813
10298,-69.288,-74.384
10299,65.017,88.582
10300,-75.474,-11.241
10301,31.631,-89.511
10302,21.243,76.321
10303,-0.53225,-56.497
10304,-63.935,12.629
10305,-25.894,-90.389
10306,7.766,-114.84
10307,6.643,-115.47
10308,6.3205,-117.06
10309,35.58,52.075
10310,7.8335,-62.315
10311,-7.2017,-22.159
10312,108.56,10.774
10313,69.358,26.479
10314,-80.531,-41.549
10315,66.085,29.602
10316,-4.6108,60.193
10317,-38.632,-34.755
10318,74.136,-81.406
10319,-17.85,13.616
10320,60.463,54.707
10321,92.412,-52.771
10322,94.975,-58.692
10323,92.253,-51.942
10324,74.198,-81.299
10325,58.035,-45.66
10326,21.723,54.506
10327,18.847,-2.3067
10328,92.563,-52.662
10329,-23.008,-70.18
10330,-12.738,2.9954
10331,58.797,5.188
10332,-13.889,-55.025
10333,-73.9,53.062
10334,27.526,46.011
10335,-97.709,-30.988
10336,37.195,-18.479
10337,23.505,-60.062
10338,-17.372,12.082
10339,73.013,26.1
10340,26.858,68.474
10341,-24.968,-81.985
10342,-55.151,-92.797
10343,-24.24,-52.278
10344,7.9331,-115.97
10345,-13.391,2.6249
10346,-19.109,-40.957
10347,-25.465,-51.656
10348,-55.576,-39.291
10349,-95.045,-32.224
10350,-11.319,3.7731
10351,69.815,-22.114
10352,9.6094,-11.233
10353,66.397,25.622
10354,-1.8414,-91.678
10355,74.227,-81.245
10356,11.986,17.944
10357,75.634,-78.661
10358,-21.674,-59.895
10359,-94.898,-47.565
10360,106.62,-54.082
10361,56.309,5.0413
10362,65.001,28.094
10363,-52.996,-47.641
10364,-44.268,-88.382
10365,6.4546,73.36
10366,71.557,-52.149
10367,76.452,-76.912
10368,-13.096,2.884
10369,-35.867,-23.882
10370,-74.67,-31.792
10371,94.345,-62.417
10372,15.938,31.233
10373,-66.913,-37.726
10374,-11.612,3.4611
10375,29.979,48.238
10376,42.093,3.4398
10377,6.5004,-117.05
10378,68.652,-18.346
10379,69.822,29.606
10380,99.55,-63.626
10381,-80.346,-41.782
10382,-13.943,6.9937
10383,-102.8,21.298
10384,-32.064,22.235
10385,-21.091,16.876
10386,49.609,42.52
10387,-25.102,-95.185
10388,-15.149,45.137
10389,-57.242,-38.696
10390,-14.341,5.4633
10391,51.511,77.577
10392,16.917,48.805
10393,-45.124,19.437
10394,-79.368,-53.121
10395,19.461,11.901
10396,-54.397,-82.537
10397,-101.92,12.321
10398,-15.865,13.613
10399,-29.636,44.847
10400,-11.339,41.098
10401,7.2913,20.249
10402,32.494,52.945
10403,14.834,-36.664
10404,99.42,-61.068
10405,4.4599,-116.15
10406,23.394,43.268
10407,94.611,-62.273
10408,7.5988,-116.62
10409,-87.146,-41.894
10410,13.914,-54.661
10411,44.497,-23.162
10412,-75.14,-13.059
10413,-80.35,-41.771
10414,49.668,42.506
10415,-5.8511,-44.81
10416,49.362,40.798
10417,21.398,-10.414
10418,6.6234,-113.6
10419,64.297,18.671
10420,-78.881,-60.784
10421,-13.444,0.31762
10422,-73.281,-24.007
10423,-27.189,-102.52
10424,-95.527,-31.786
10425,-100.15,-30.411
10426,54.471,-24.141
10427,79.798,-2.4294
10428,-72.26,-29.831
10429,-89.625,-50.964
10430,63.937,-44.132
10431,-46.954,-89.196
10432,-18.689,-60.472
10433,-53.715,-56.656
10434,52.898,33.93
10435,-69.18,58.963
10436,-70.279,-75.425
10437,5.6627,-117.7
10438,-15.667,-3.7122
10439,-16.839,-8.5437
10440,-106.47,0.047275
10441,-100.72,-30.47
10442,-7.2352,5.2155
10443,-13.895,-4.2421
10444,46.53,40.672
10445,-9.493,-93.699
10446,-23.737,-107.74
10447,-12.023,13.938
10448,-65.456,-32.717
10449,-62.435,-27.959
10450,6.6253,-115.45
10451,-52.41,-39.008
10452,5.618,-114.58
10453,-103.03,21.083
10454,60.853,-10.53
10455,-94.002,22.046
10456,-72.391,-24.876
10457,-10.031,2.2014
10458,-9.0738,-7.8157
10459,-13.562,-4.5855
10460,79.804,-30.793
10461,-73.247,-65.13
10462,-2.4583,-58.595
10463,44.506,22.103
10464,11.224,-57.071
10465,6.3205,-117.06
10466,89.753,-41.816
10467,-104.61,30.124
10468,-72.531,8.9436
10469,34.943,2.7546
10470,32.572,49.815
10471,-21.808,-68.548
10472,6.7375,-114.19
10473,-100.72,-30.471
10474,56.258,7.158
10475,-15.896,4.4241
10476,-15.027,7.2141
10477,-103.89,34.907
10478,-80.906,29.052
10479,-77.792,-19.683
10480,-69.473,3.2779
10481,2.4673,-53.587
10482,-82.945,-54.289
10483,6.7248,-114.19
10484,88.845,-21.619
10485,-15.696,4.7329
10486,6.2136,-114.21
10487,-15.224,4.6918
10488,-103.27,25.211
10489,-69.751,-19.811
10490,-93.022,-48.23
10491,65.62,87.408
10492,-20.692,-44.602
10493,-70.969,60.126
10494,-72.356,-29.805
10495,-36.932,-32.568
10496,-74.515,-18.579
10497,-9.9754,-3.287
10498,-16.126,-2.3787
10499,-39.144,-22.661
10500,-13.594,2.9261
10501,98.607,52.369
10502,-70.579,-15.018
10503,-16.136,3.0409
10504,-4.8647,-40.531
10505,-80.225,-53.277
10506,-76.052,-65.315
10507,-33.996,26.464
10508,22.395,22.267
10509,108.77,-15.654
10510,64.236,8.4418
10511,46.148,64.049
10512,-71.396,-18.412
10513,5.0808,-116
10514,-60.018,-40.959
10515,73.205,-83.034
10516,-27.949,-102.05
10517,-75.125,31.738
10518,41.75,37.848
10519,-42.615,-20.821
10520,-75.271,-48.204
10521,-22.263,39.908
10522,-93.048,23.159
10523,-8.0831,3.6219
10524,71.226,-39.443
10525,5.6505,-117.7
10526,-94.757,23.432
10527,-17.474,47.331
10528,-98.353,-30.756
10529,-98.834,-30.465
10530,-78.35,-55.104
10531,-72.813,-18.1
10532,17.295,-12.019
10533,33.571,-13.763
10534,-83.484,-13.608
10535,-22.512,41.627
10536,-15.212,6.8552
10537,-63.941,-27.697
10538,-53.147,23.336
10539,-11.686,-39.997
10540,-98.903,-30.463
10541,-99.5,-30.444
10542,51.026,-47.635
10543,-38.937,30.08
10544,-59.429,-34.47
10545,47.233,50.772
10546,-24.047,-31.657
10547,-70.708,9.0068
10548,23.143,-35.556
10549,60.24,-27.478
10550,76.939,-75.72
10551,-10.329,2.3048
10552,-59.762,-22.612
10553,-118.07,39.554
10554,-7.7562,7.8968
10555,-22.21,-77.917
10556,-59.787,70.012
10557,73.229,-82.994
10558,52.706,16.626
10559,5.1446,-113.92
10560,67.534,57.959
10561,57.378,73.423
10562,56.733,73.63
10563,-23.422,8.6156
10564,-4.3877,78.754
10565,-52.016,-12.987
10566,-82.007,-27.036
10567,-79.354,48.486
10568,5.1871,-116.28
10569,-79.316,-38.754
10570,-15.466,0.65201
10571,-118.05,39.555
10572,-118.02,39.61
10573,70.453,33.206
10574,-94.149,-47.893
10575,108.55,10.775
10576,35.777,-86.977
10577,-69.891,-10.978
10578,56.881,-21.422
10579,-60.033,-68.039
10580,26.857,-17.877
10581,41.237,40.548
10582,-17.502,1.7737
10583,-7.1144,2.3033
10584,-37.797,-76.996
10585,-13.726,-41.873
10586,6.5183,-115.87
10587,-8.6615,2.0808
10588,-79.13,-55.115
10589,-8.2072,1.7097
10590,4.4773,-57.276
10591,-36.097,26.672
10592,-38.507,-73.127
10593,-27.129,-96.9
10594,-100.23,-30.417
10595,-75.657,5.1683
10596,-15.187,0.93634
10597,-49.931,86.758
10598,-105.02,18.104
10599,70.946,31.837
10600,-119.55,14.931
10601,-19.827,-40.52
10602,58.044,74.083
10603,17.882,31.951
10604,-94.31,-32.61
10605,-5.6552,2.9053
10606,-19.417,40.65
10607,-62.457,-27.981
10608,4.6723,-114.37
10609,-46.217,-8.6441
10610,82.286,-33.392
10611,-71.579,49.65
10612,-13.835,-87.21
10613,68.442,63.092
10614,79.952,-34.162
10615,-62.232,-13.014
10616,-41.923,-43.277
10617,-11.755,1.7247
10618,39.05,53.556
10619,43.422,21.873
10620,-56.065,19.403
10621,-4.2685,-39.288
10622,-81.277,-37.342
10623,-34.498,-27.108
10624,-74.795,-63.752
10625,-71.57,-16.481
10626,-81.864,-39.458
10627,29.18,-6.3313
10628,-92.242,22.827
10629,66.77,25.634
10630,-15.597,-0.38598
10631,18.983,-13.939
10632,-43.853,-22.688
10633,73.28,-82.907
10634,-95.419,-32.028
10635,7.6363,-116.6
10636,64.723,-17.01
10637,-53.909,-10.159
10638,-38.547,-76.433
10639,-83.621,-38.06
10640,-15.735,0.72136
10641,-65.568,4.7417
10642,6.5466,-114.17
10643,-1.3224,-42.705
10644,77.599,-9.5414
10645,-73.054,-21.578
10646,-79.138,-55.068
10647,-90.054,22.664
10648,-88.81,20.317
10649,-99.16,23.656
10650,-41.438,-28.76
10651,-72.563,-29.149
10652,-96.758,-31.397
10653,-72.427,51.643
10654,-14.818,-0.30857
10655,67.125,68.044
10656,-23.48,82.488
10657,91.262,-59.469
10658,-54.916,-58.171
10659,-24.851,-32.649
10660,-24.888,-101.35
10661,-117.72,39.786
10662,-34.052,-81.138
10663,74.453,14.006
10664,-89.751,22.325
10665,-52.694,18.804
10666,-33.796,-80.45
10667,36.536,-52.637
10668,0.7656,0.65675
10669,85.514,-46.851
10670,1.2676,-65.45
10671,-99.999,-30.405
10672,4.6229,-114.5
10673,6.5564,-115.85
10674,46.554,56.217
10675,-5.702,-92.195
10676,-38.478,-74.869
10677,-6.7113,-0.079009
10678,-6.3997,75.604
10679,-11.874,8.6362
10680,6.5642,-115.85
10681,6.5549,-115.86
10682,-85.029,-18.649
10683,53.67,-6.8985
10684,-77.745,-57.311
10685,6.6878,-115.74
10686,-99.998,-30.405
10687,43.67,-50.346
10688,10.835,-2.6378
10689,52.682,80.202
10690,6.6675,-115.51
10691,-9.9187,-2.3656
10692,41.09,-58.443
10693,63.989,88.156
10694,-15.88,9.6361
10695,44.974,7.0958
10696,-51.011,23.854
10697,47.981,17.388
10698,-40.172,83.163
10699,72.446,-5.9478
10700,45.517,103.38
10701,64.568,-13.431
10702,37.401,11.572
10703,-42.859,-20.337
10704,-7.497,1.1639
10705,71.994,47.785
10706,-12.751,9.952
10707,-81.953,-7.9125
10708,43.305,-56.477
10709,-16.217,2.2552
10710,-12.135,-40.66
10711,74.088,-81.494
10712,-79.354,48.485
10713,30.609,94.358
10714,-19.589,49.873
10715,9.0678,-113.64
10716,6.5949,-115.43
10717,66.385,68.266
10718,-33.713,-80.436
10719,72.332,-84.449
10720,-27.534,-102.04
10721,-95.267,18.805
10722,-18.12,13.271
10723,-11.504,73.949
10724,-71.132,12.855
10725,92.042,-58.623
10726,-53.477,-39.168
10727,56.166,31.822
10728,73.85,-81.926
10729,6.3265,-115.57
10730,42.143,46.66
10731,25.061,-15.951
10732,14.821,-29.827
10733,-62.707,-81.753
10734,-71.374,13.171
10735,-19.962,-107.89
10736,21.014,21.148
10737,-31.971,83.636
10738,50.948,-75.729
10739,-64.989,-43.317
10740,63.837,88.158
10741,-14.483,3.8627
10742,-106.23,16.755
10743,26.992,-15.735
10744,-18.567,6.7177
10745,31.703,14.39
10746,-81.065,-36.105
10747,40.088,-65.7
10748,-12.093,9.7944
10749,-1.1105,-38.93
10750,33.662,-3.7456
10751,27.368,13.433
10752,77.14,-36.305
10753,7.7329,-113.86
10754,-72.822,-27.353
10755,23.607,31.64
10756,45.518,103.38
10757,-15.153,4.1191
10758,5.6891,-114.53
10759,-7.6132,-34.928
10760,27.432,35.709
10761,-69.579,-18.674
10762,9.1399,48.68
10763,-54.374,-1.1283
10764,6.6693,-115.76
10765,-53.754,26.313
10766,82.096,33.625
10767,-14.823,3.6074
10768,-100.72,-30.469
10769,-46.317,-33.139
10770,-77.91,-70.935
10771,-36.042,-34.571
10772,6.7362,-115.75
10773,-79.953,-65.746
10774,-63.83,-29.55
10775,-104.47,35.352
10776,-11.85,5.9993
10777,56.657,49.128
10778,3.7497,72.83
10779,-9.3168,-74.523
10780,-71.865,-37.365
10781,6.3039,-115.63
10782,-13.331,5.0897
10783,6.6255,-115.45
10784,-95.099,27.509
10785,76.437,43.669
10786,-82.137,-39.473
10787,-74.889,-16.192
10788,-98.979,-30.547
10789,-14.301,4.0576
10790,29.186,38.353
10791,-51.841,-55.393
10792,69.778,53.616
10793,-119.55,14.931
10794,1.3491,-65.064
10795,-25.399,-96.858
10796,-67.367,-37.818
10797,97.704,45.686
10798,-11.362,5.5109
10799,-16.957,3.1374
10800,34.78,-19.957
10801,-9.1518,-36.055
10802,-70.176,-6.8856
10803,-1.1728,-56.51
10804,-68.139,57.664
10805,77.798,-38.275
10806,6.4383,-115.44
10807,51.147,-5.4073
10808,-63.552,31.361
10809,-57.107,-59.694
10810,17.517,-97.594
10811,67.353,-8.7602
10812,-55.299,21.129
10813,6.628,-115.46
10814,-83.537,-37.997
10815,-100.72,-30.47
10816,-11.938,4.9322
10817,-25.484,-32.608
10818,53.05,-30.715
10819,-80.715,-41.33
10820,25.53,-20.854
10821,-91.041,-49.858
10822,-21.417,1.9998
10823,-79.222,6.2951
10824,-75.809,-12.545
10825,-86.646,-41.118
10826,23.335,41.037
10827,6.7321,-115.71
10828,-69.002,-37.332
10829,-44.146,-34.272
10830,34.727,51.849
10831,-95.224,-32.132
10832,-94.054,-32.738
10833,58.566,-54.083
10834,36.912,-48.966
10835,-75.031,-73.864
10836,-37.588,-23.347
10837,-47.942,-35.108
10838,66.366,29.351
10839,37.822,32.865
10840,-87.455,31.249
10841,-100,-30.405
10842,3.1223,-57.757
10843,-16.77,11.193
10844,-2.1291,-59.113
10845,-95.56,-47.104
10846,-94.11,-32.711
10847,-13.695,3.4683
10848,-107.69,-9.3135
10849,-42.858,-45.948
10850,6.3199,-115.58
10851,-103.18,26.144
10852,-34.428,-3.1589
10853,-19.138,52.866
10854,-69.949,-75.925
10855,53.716,-75.375
10856,-36.719,-22.653
10857,65.721,87.349
10858,45.516,103.38
10859,45.52,103.38
10860,-38.547,-42.971
10861,53.308,-83.646
10862,-52.044,-87.502
10863,52.18,-17.115
10864,-14.272,42.641
10865,-93.094,23.186
10866,-31.878,-81.452
10867,-14.574,24.331
10868,-51.029,-88.903
10869,-97.372,-31.144
10870,-2.9997,-56.238
10871,77.091,41.71
10872,42.737,61.235
10873,-32.989,34.871
10874,-86.901,23.247
10875,-68.88,14.164
10876,-25.148,-79.219
10877,-25.195,-80.054
10878,-98.325,-30.79
10879,-15.552,5.5543
10880,81.806,-35.105
10881,6.6307,-115.46
10882,71.81,-12.756
10883,-48.56,-89.469
10884,-37.569,-76.356
10885,-74.718,-17.967
10886,-27.331,-11.337
10887,67.042,-38.941
10888,73.337,-82.814
10889,-15.822,6.2619
10890,46.672,18.552
10891,-16.347,17.914
10892,-12.3,9.7763
10893,-8.1028,14.835
10894,-117.62,39.239
10895,-117.88,40.835
10896,-15.758,-35.298
10897,-10.208,-73.113
10898,63.009,11.013
10899,-117.22,40.749
10900,-79.961,-65.336
10901,-107.13,-8.2799
10902,76.161,-59.93
10903,-11.491,-17.196
10904,6.3277,-115.69
10905,-100.08,-30.049
10906,-10.052,11.507
10907,6.7248,-115.72
10908,-96.419,29.956
10909,68.333,67.42
10910,-11.145,-16.233
10911,-22.38,-74.673
10912,-71.515,-18.258
10913,-19.962,-107.89
10914,6.6572,-115.48
10915,73.652,85.62
10916,-72.228,-76.711
10917,6.329,-115.55
10918,-15.478,6.7081
10919,30.608,-32.16
10920,-4.4881,77.323
10921,-23.126,-109.97
10922,-89.758,-50.634
10923,-60.199,-34.104
10924,-10.138,-36.622
10925,-69.117,59.006
10926,56.087,34.95
10927,-53.763,-59.8
10928,31.925,-5.5257
10929,-53.77,-56.2
10930,-15.068,6.3702
10931,-46.197,-8.6763
10932,77.575,39.531
10933,88.024,-15.695
10934,-1.5069,72.157
10935,-99.962,-30.403
10936,-75.624,5.379
10937,-62.243,-13.133
10938,-75.247,-15.812
10939,6.6527,-115.48
10940,-100.72,-30.47
10941,1.4042,18.327
10942,-11.838,5.4509
10943,-79.325,47.401
10944,-35.999,-24.061
10945,71.201,-9.5031
10946,2.8748,55.783
10947,-13.831,10.28
10948,-71.798,-18.54
10949,6.7333,-115.7
10950,-80.316,-8.4753
10951,-75.77,18.27
10952,-38.763,-26.691
10953,31.645,31.259
10954,-56.951,-87.711
10955,69.084,26.448
10956,76.738,28.24
10957,-45.099,-15.249
10958,-19.487,-104.81
10959,-86.437,-41.754
10960,-96.223,-31.628
10961,-12.82,4.3628
10962,-14.221,7.2162
10963,-14.571,5.2563
10964,62.308,7.713
10965,-81.959,-10.997
10966,-62.675,-35.314
10967,47.109,56.365
10968,34.103,-9.8042
10969,-106.16,17.682
10970,21.688,-11.009
10971,-16.483,5.0167
10972,-70.34,59.979
10973,74.997,29.594
10974,25.85,-31.427
10975,6.5841,-115.43
10976,-41.73,-43.156
10977,6.6196,-115.45
10978,-79.145,-55.025
10979,4.7527,-75.922
10980,-21.084,-78.717
10981,-13.464,-69.209
10982,-102.95,26.305
10983,-115.04,40.524
10984,-51.063,-78.317
10985,-74.701,-14.699
10986,-29.162,-90.368
10987,29.858,-83.149
10988,75.729,-78.481
10989,-119.09,39.694
10990,-93.781,22.899
10991,67.701,53.299
10992,-49.541,-17.117
10993,59.102,47.826
10994,-77.764,33.621
10995,-74.377,-13.816
10996,-38.511,-82.211
10997,-30.789,28.898
10998,-81.299,-26.82
10999,6.3043,-115.63
11000,83.381,43.482
11001,-39.483,-41.929
11002,72.392,-84.355
11003,-105.1,15.658
11004,-78.653,60.111
11005,66.83,62.497
11006,-51.969,19.857
11007,-16.036,3.6639
11008,-24.836,52.442
11009,-84.981,31.984
11010,-1.6236,-60.11
11011,-67.212,-37.801
11012,-106.27,17.415
11013,6.6132,-115.44
11014,-64.617,-85.351
11015,51.557,13.671
11016,70.825,26.55
11017,88.846,36.097
11018,57.63,32.172
11019,-4.2593,-36.173
11020,39.556,54.294
11021,-92.491,-48.679
11022,-12.507,-54.278
11023,-105.9,17.701
11024,76.026,-77.865
11025,-14.77,3.6467
11026,92.925,26.938
11027,-51.94,23.112
11028,30.858,-56.666
11029,-6.4031,-44.489
11030,-19.961,-107.89
11031,47.745,57.916
11032,-0.81244,-79.831
11033,-58.926,-60.553
11034,-12.604,5.3997
11035,-117.8,39.777
11036,43.164,46.212
11037,46.674,28.122
11038,27.82,53.585
11039,-19.554,-36.454
11040,-78.768,27.552
11041,3.2934,70.462
11042,-62.494,31.704
11043,-87.821,-13.007
11044,-23.326,-83.781
11045,-15.356,3.6074
11046,-100.54,20.001
11047,-106.94,-10.124
11048,72.17,26.383
11049,-9.8617,-76.965
11050,30.223,40.638
11051,30.19,-16.547
11052,-13.003,4.2246
11053,-2.5895,-58.64
11054,-24.534,-102.77
11055,-79.704,-5.744
11056,-86.869,-41.727
11057,-47.219,-42.707
11058,66.248,54.238
11059,-55.214,-0.76478
11060,6.5553,-115.85
11061,-16.648,3.9161
11062,-89.044,31.127
11063,-22.943,36.783
11064,28.432,-34.137
11065,55.995,41.953
11066,-52.955,18.448
11067,-82.653,36.394
11068,-95.648,30.269
11069,-63.199,19.643
11070,-50.328,25.3
11071,-30.514,-4.202
11072,-88.874,26.567
11073,-85.615,-22.147
11074,-32.514,-86.883
11075,-102.77,19.542
11076,-46.827,-41.739
11077,-100.11,-30.408
11078,-14.487,6.5692
11079,73.904,85.695
11080,96.433,56.582
11081,9.9775,47.788
11082,31.374,11.2
11083,-99.84,-30.407
11084,-85.099,-22.643
11085,76.473,-51.45
11086,-37.164,-32.343
11087,-19.962,-107.89
11088,47.009,49.359
11089,-55.447,-59.827
11090,-52.793,19.537
11091,73.893,85.684
11092,-1.3148,-54.932
11093,-36.792,24.168
11094,31.438,51.844
11095,-28.448,94.098
11096,-72.449,15.45
11097,-118,39.632
11098,8.4327,-54.592
11099,-37.001,-22.898
11100,-80.179,-33.766
11101,-13.874,4.565
11102,61.631,-22.077
11103,25.021,69.849
11104,65.484,8.1728
11105,-84.709,-14.044
11106,-13.628,5.2645
11107,-16.488,4.5147
11108,73.89,85.68
11109,73.892,85.682
11110,45.5,52.583
11111,-26.735,-92.17
11112,-27.979,-64.865
11113,-39.682,-90.54
11114,6.6187,-115.84
11115,-45.75,-83.409
11116,-82.956,-29.052
11117,-15.723,3.7315
11118,-116.38,39.343
11119,-79.006,-60.574
11120,36.861,-86.859
11121,57.058,49.908
11122,6.3568,-115.48
11123,-80.851,-34.142
11124,-87.81,26.06
11125,64.081,88.145
11126,-79.242,-53.035
11127,-34.205,25.967
11128,59.363,39.716
11129,-79.328,48.615
11130,73.89,85.68
11131,-106.68,29.281
11132,-113.85,13.565
11133,99.071,49.416
11134,-11.321,-63.674
11135,33.422,-14.054
11136,-87.723,-42.87
11137,73.892,85.682
11138,64.404,88.062
11139,-15.528,-27.974
11140,-26.431,-77.102
11141,-13.658,4.6125
11142,-107.46,-8.7039
11143,71.953,-84.997
11144,23.591,20.287
11145,-21.217,-78.872
11146,-79.325,47.401
11147,-12.563,-25.22
11148,-79.453,-66.952
11149,-8.1719,-72.614
11150,-53.184,-56.346
11151,-79.036,-55.106
11152,-12.118,14.59
11153,63.808,88.162
11154,-31.845,29.835
11155,91.025,43.717
11156,-71.438,-18.898
11157,-18.022,61.588
11158,-22.626,39.415
11159,49.124,42.082
11160,-57.806,-40.312
11161,-55.369,20.038
11162,-15.578,29.544
11163,-22.381,-109.25
11164,27.841,49.239
11165,61.061,13.064
11166,61.144,14.926
11167,-100.68,-30.463
11168,-118.94,40.134
11169,-59.138,-21.831
11170,64.089,88.143
11171,-72.39,-26.642
11172,-104.68,-0.18641
11173,-72.705,-28.393
11174,-99.39,-30.46
11175,-73.745,-65.803
11176,-18.065,-34.931
11177,-92.113,22.757
11178,37.171,53.647
11179,21.164,54.902
11180,59.664,47.822
11181,-3.0038,-50.047
11182,-26.041,-102.86
11183,-81.642,27.996
11184,33.563,55.744
11185,-100.32,20.027
11186,-79.3,-53.909
11187,-95.027,-32.481
11188,64.116,88.139
11189,68.63,-37.453
11190,-51.376,-50.658
11191,-101.2,20.802
11192,54.479,71.865
11193,-72.177,-37.279
11194,-0.29739,-60.132
11195,80.382,48.214
11196,35.824,31.736
11197,6.5974,-115.43
11198,-22.506,37.599
11199,24.759,73.277
11200,-56.327,-1.9979
11201,-53.273,-39.078
11202,-100.42,8.9012
11203,20.437,43.382
11204,6.7209,-115.74
11205,6.3234,-115.68
11206,64.207,88.416
11207,-105.04,-2.6602
11208,22.189,-55.572
11209,-73.614,-29.868
11210,10.555,49.676
11211,-89.929,24.908
11212,35.584,8.6617
11213,-9.0129,-38.772
11214,-96.392,-31.549
11215,-11.616,-9.0398
11216,-100.04,-31.016
11217,-16.193,3.0559
11218,-22.965,38.739
11219,23.433,74.961
11220,40.594,31.931
11221,-46.736,-11.863
11222,65.269,87.645
11223,-21.808,-24.913
11224,-78.213,-29.47
11225,-37.925,-83.556
11226,66.059,25.724
11227,65.553,-4.0351
11228,61.764,-15.835
11229,-18.824,35.135
11230,-20.666,-92.751
11231,-66.606,-18.829
11232,-6.6723,-53.036
11233,-68.743,-78.392
11234,6.3035,-115.64
11235,-71.852,13.752
11236,-67.079,-68.61
11237,46.483,85.078
11238,-8.7238,82.936
11239,48.124,53.59
11240,-46.729,86.717
11241,-38.215,-76.662
11242,-62.778,19.152
11243,-53.633,-60.17
11244,-96.658,-31.435
11245,-53.087,-59.411
11246,-6.364,79.879
11247,-2.5512,-44.038
11248,11.536,30.349
11249,96.146,-59.363
11250,-73.782,-21.312
11251,-17.849,-4.2408
11252,26.865,54.697
11253,31.665,52.077
11254,47.848,1.2077
11255,-29.124,56.887
11256,-19.52,-81.116
11257,-23.328,-110.12
11258,-33.779,-80.19
11259,72.298,-84.502
11260,6.6459,-115.47
11261,-99.869,-30.405
11262,65.716,28.566
11263,-18.475,-39.868
11264,93.221,-28.297
11265,-13.107,97.783
11266,-88.56,-21.05
11267,66.11,54.298
11268,-58.564,-40.73
11269,-79.325,47.401
11270,6.3147,-115.59
11271,6.3042,-115.62
11272,-17.543,-6.4432
11273,45.518,103.38
11274,65.255,8.0799
11275,-24.152,-93.28
11276,-80.792,-35.751
11277,96.24,-55.012
11278,-2.0744,69.781
11279,-28.664,-94.481
11280,-5.4261,-1.0304
11281,-79.723,-66.712
11282,-30.157,91.013
11283,-102.85,23.323
11284,-74.163,-31.336
11285,-81.292,-54.723
11286,-8.0885,-2.1657
11287,50.438,42.675
11288,-8.0244,82.312
11289,-37.673,-83.53
11290,-98.292,-30.78
11291,97.76,-57.111
11292,58.367,50.14
11293,-2.3087,-58.807
11294,-50.535,-50.268
11295,-15.046,-0.88525
11296,64.719,67.354
11297,12.643,49.93
11298,46.604,83.525
11299,38.602,35.739
11300,56.921,-21.956
11301,38.555,33.501
11302,-104.22,-0.64649
11303,-94.405,29.44
11304,42.418,45.127
11305,32.883,50.987
11306,27.169,24.347
11307,-23.513,-68.786
11308,-11.234,-95.071
11309,-6.7417,-2.7666
11310,62.885,9.2071
11311,-81.839,64.79
11312,-117.6,39.752
11313,-62.358,21.352
11314,-55.172,63.79
11315,-49.784,21.973
11316,3.2976,9.3419
11317,-50.777,-52.996
11318,-60.19,-59.981
11319,6.3047,-115.64
11320,25.799,92.644
11321,12.2,-22.563
11322,38.247,7.7691
11323,69.738,29.033
11324,-40.022,-14.216
11325,-43.82,-34.992
11326,-90.048,27.856
11327,-30.687,-4.3332
11328,6.3048,-115.63
11329,77.105,-75.314
11330,66.184,48.805
11331,4.1468,64.221
11332,25.333,47.635
11333,-55.206,-44.618
11334,-74.982,-15.705
11335,6.3044,-115.64
11336,-10.523,-12.361
11337,-30.002,91.067
11338,18.022,-0.71864
11339,7.8872,23.393
11340,-0.26748,100.56
11341,5.4182,-77.96
11342,98.037,46.116
11343,-82.08,-29.562
11344,-33.888,-4.8128
11345,4.4719,13.855
11346,42.042,45.897
11347,2.2045,12.739
11348,-69.068,59.088
11349,-2.534,-58.134
11350,-23.252,-73.928
11351,-4.7161,-41.342
11352,-99.078,-30.525
11353,-79.963,-65.458
11354,-15.351,-3.5352
11355,-109.12,-8.5097
11356,71.297,19.001
11357,-105,-1.7795
11358,40.79,16.676
11359,74.765,50.939
11360,-117.05,13.918
11361,-64.144,17.453
11362,24.689,21.773
11363,-80.254,35.216
11364,-100.64,-30.456
11365,-97.888,-30.938
11366,-104.25,18.499
11367,-74.125,53.286
11368,-20.423,-107.12
11369,-28.747,54.422
11370,33.621,86.458
11371,-18.179,-60.187
11372,-29.594,-63.167
11373,6.3196,-115.67
11374,6.6553,-115.48
11375,20.172,83.885
11376,46.354,80.266
11377,-73.32,-19.518
11378,56.264,31.859
11379,-69.914,-74.984
11380,-4.7387,3.577
11381,-64.008,-36.968
11382,-16.78,-23.947
11383,77.888,-5.7278
11384,-12.063,-65.919
11385,51.269,53.652
11386,61.975,54.135
11387,-11.695,-43.097
11388,-55.547,-13.252
11389,-51.824,-49.385
11390,-106.95,28.99
11391,-100.01,-30.405
11392,26.452,52.3
11393,43.209,3.3848
11394,29.779,-83.739
11395,-27.602,-64.578
11396,6.3055,-115.64
11397,-95.627,-47.151
11398,21.516,-7.9819
11399,-71.667,-18.783
11400,-3.1901,-39.895
11401,-67.765,57.901
11402,-12.141,-84.154
11403,44.251,55.051
11404,58.736,42.791
11405,-80.639,-56.931
11406,-11.112,-4.8499
11407,-6.4225,-2.3848
11408,-10.207,-7.0648
11409,-79.726,38.495
11410,-74.245,-13.2
11411,-102.27,30.344
11412,28.269,37.015
11413,9.1284,-10.995
11414,-23.359,-86.164
11415,-32.137,-91.423
11416,31.575,54.636
11417,-73.772,-15.758
11418,-35.637,-31.353
11419,-83.573,-37.955
11420,79.554,41.484
11421,5.6814,92.017
11422,55.244,22.42
11423,6.4577,-115.43
11424,-8.8929,-79.865
11425,-6.3703,101.2
11426,62.992,36.171
11427,-19.897,-107.93
11428,-79.354,48.485
11429,-72.744,-25.794
11430,-24.416,-108.52
11431,53.824,81.086
11432,-92.089,22.771
11433,-19.96,-107.89
11434,64.831,-42.521
11435,49.199,39.583
11436,6.704,-115.7
11437,-9.0746,3.2851
11438,-3.2222,-2.752
11439,91.556,-23.343
11440,82.816,-14.434
11441,51.908,-7.3451
11442,60.546,46.139
11443,-26.495,-102.46
11444,11.581,71.866
11445,-19.281,34.614
11446,-18.813,-2.3333
11447,42.947,3.0237
11448,57.408,73.973
11449,47.297,-83.058
11450,-24.396,23.237
11451,-22.35,-78.043
11452,-78.051,-70.477
11453,57.999,-17.872
11454,-57.715,-15.222
11455,-73.591,52.768
11456,2.767,-50.342
11457,-62.857,-84.752
11458,-96.759,-31.399
11459,-75.631,-71.987
11460,-49.672,-50.314
11461,59.714,37.91
11462,-81.143,-38.841
11463,-95.403,-32.037
11464,-95.695,30.04
11465,-56.426,-57.265
11466,-80.289,2.9425
11467,-62.236,-13.243
11468,-89.189,29.695
11469,29.458,86.12
11470,3.1653,52.826
11471,75.705,-37.067
11472,17.498,-90.978
11473,-51.355,-83.258
11474,-100.92,-30.516
11475,-100.72,-30.469
11476,67.148,68.188
11477,-65.96,-81.293
11478,-11.494,-66.625
11479,6.6124,-115.84
11480,-15.402,-7.5113
11481,-73.428,-23.579
11482,-65.39,-83.887
11483,6.6657,-115.5
11484,-102.98,30.939
11485,39.637,28.049
11486,-16.092,-34.526
11487,-40.676,50.932
11488,31.784,93.1
11489,-18.083,-59.027
11490,6.5505,-115.83
11491,-100.04,-30.399
11492,-10.324,-0.79538
11493,88.71,29.45
11494,-60.595,47.539
11495,-66.264,15.351
11496,-42.683,-45.965
11497,6.3559,-115.49
11498,-117.52,39.701
11499,-52.309,-7.1174
11500,-117.57,39.736
11501,44.952,38.296
11502,-22.387,-31.868
11503,-74.497,-32.428
11504,-59.473,-77.786
11505,-27.603,-65.052
11506,-96.011,5.2068
11507,-54.488,-57.95
11508,-53.948,24.926
11509,60.221,11.608
11510,-53.546,18.327
11511,-27.317,-102.36
11512,-9.9083,-4.2654
11513,6.3246,-115.69
11514,78.999,42.093
11515,-73.808,-21.586
11516,7.6975,-79.876
11517,45.517,103.38
11518,44.408,29.023
11519,37.786,58.251
11520,-70.746,10.991
11521,-20.654,-93.23
11522,-7.7475,-6.4167
11523,19.034,-86.826
11524,-26.642,52.146
11525,-64.633,21.931
11526,-53.982,-3.1625
11527,6.3069,-115.64
11528,89.998,29.942
11529,-33.034,27.073
11530,-70.051,-24.07
11531,104.51,12.65
11532,-39.12,-24.456
11533,6.7241,-115.53
11534,18.587,-84.914
11535,-3.4789,-7.4422
11536,-1.3238,-56.281
11537,64.257,-52.231
11538,30.182,-80.505
11539,-73.844,-16.105
11540,-29.789,27.697
11541,44.842,80.188
11542,-70.116,-78.473
11543,61.229,45.703
11544,108.55,10.774
11545,-78.086,49.714
11546,5.02,-27.24
11547,73.893,85.684
11548,-10.34,-3.7458
11549,-20.959,-35.961
11550,61.158,15.215
11551,-12.599,-65.93
11552,-94.204,-32.664
11553,-84.908,-7.2861
11554,-34.504,-90.594
11555,-64.706,-43.113
11556,-44.324,-34.355
11557,65.971,28.655
11558,-30.305,-76.641
11559,7.5062,63.662
11560,-37.157,51.864
11561,72.669,-83.912
11562,-103.55,-2.6021
11563,-79.899,-66.018
11564,-57.951,-34.088
11565,-40.669,-91.584
11566,-51.716,19.7
11567,-69.017,-32.675
11568,-93.905,-32.809
11569,20.314,-33.775
11570,-16.519,-32.52
11571,83.454,-15.904
11572,-58.785,-78.445
11573,-96.985,-31.302
11574,-81.244,36.266
11575,32.084,48.312
11576,48.229,53.195
11577,10.058,-41.292
11578,-32.816,-85.87
11579,-101.56,19.586
11580,-74.64,-14.383
11581,-106.03,0.68528
11582,6.3063,-115.64
11583,64.471,88.034
11584,38.249,20.214
11585,-37.774,34.054
11586,67.253,-19.889
11587,85.849,29.685
11588,74.669,56.681
11589,14.022,-19.813
11590,3.331,-63.371
11591,-51.038,47.175
11592,-96.084,-31.664
11593,-5.9471,-2.119
11594,-117.73,39.227
11595,-13.139,-0.88995
11596,-74.578,35.763
11597,76.247,-57.691
11598,-71.496,-18.579
11599,-73.23,-17.664
11600,-26.64,-102.39
11601,-74.206,-18.272
11602,-52.991,18.59
11603,7.4298,-117.12
11604,-14.125,-5.9882
11605,-13.416,-0.77352
11606,-83.276,36.739
11607,-102.18,20.648
11608,-61.545,-9.9573
11609,-59.77,-85.378
11610,-59.949,-80.852
11611,100.91,-57.22
11612,-67.033,-37.382
11613,62.285,7.741
11614,-59.463,21.195
11615,64.516,65.478
11616,-19.317,-84.136
11617,-45.386,-82.561
11618,-104.09,16.645
11619,-18.567,-9.3407
11620,89.715,7.3681
11621,70.579,29.65
11622,39.932,20.013
11623,20.744,83.684
11624,26.908,56.705
11625,-67.42,31.6
11626,-32.173,-6.8553
11627,51.206,-16.46
11628,-47.29,-24.583
11629,76.16,-10.384
11630,-3.0942,-56.612
11631,-17.15,52.201
11632,-17.247,-1.951
11633,24.012,-88.025
11634,-62.09,-82.405
11635,-79.47,28.522
11636,-0.77441,-14.686
11637,-61.88,-82.371
11638,-95.948,-31.726
11639,38.655,52.129
11640,-19.414,-4.8204
11641,-74.367,16.664
11642,97.616,21.405
11643,-53.449,74.415
11644,-70.326,-69.375
11645,-79.941,-52.311
11646,-2.9344,-55.723
11647,53.576,7.1926
11648,6.5669,-115.42
11649,-16.705,-42.883
11650,-64.695,-31.197
11651,5.6386,91.688
11652,-25.531,-96.814
11653,-20.478,-41.644
11654,-48.967,-32.961
11655,-54.328,26.467
11656,-65.106,-29.158
11657,-15.042,-10.672
11658,-72.009,-54.161
11659,-33.581,-33.195
11660,-97.904,-30.827
11661,-9.4145,2.5238
11662,-56.414,-80.005
11663,28.258,57.871
11664,-40.536,-63.306
11665,-67.67,-37.956
11666,91.355,-26.125
11667,-19.906,-43.501
11668,-16.349,-27.445
11669,1.1219,-64.867
11670,-27.052,-74.368
11671,-100.41,-30.432
11672,-12.652,-3.6472
11673,6.3245,-115.68
11674,-23.873,45.505
11675,-67.366,71.046
11676,-4.308,-61.907
11677,-5.4856,-39.432
11678,-40.924,50.715
11679,84.178,-4.241
11680,78.584,51.144
11681,-61.519,4.2871
11682,-50.843,-27.32
11683,-33.683,-80.052
11684,-100.72,-30.468
11685,68.857,62.712
11686,46.338,48.625
11687,43.391,-22.019
11688,45.063,-36.084
11689,-61.28,30.557
11690,-72.645,-24.489
11691,72.067,-84.841
11692,-10.895,-42.566
11693,-90.106,-50.59
11694,24.139,71.416
11695,-74.234,-18.255
11696,-11.991,-90.605
11697,-8.5706,-1.3014
11698,83.758,44.96
11699,-61.618,74.736
11700,-17.631,-16.899
11701,90.637,-10.228
11702,47.071,10.19
11703,69.452,54.008
11704,34.505,0.092307
11705,-73.518,-23.261
11706,-77.844,-60.759
11707,-69.957,27.088
11708,-52.321,-47.778
11709,76.494,-76.81
11710,24.063,75.122
11711,-62.642,78.321
11712,47.364,49.729
11713,73.818,-81.996
11714,98.669,52.147
11715,-64.611,-43.193
11716,-72.078,-29.152
11717,90.912,35.674
11718,66.566,53.761
11719,1.7285,8.1587
11720,58.292,-25.993
11721,87.767,-5.3005
11722,-17.255,-41.418
11723,-28.442,-28.989
11724,73.647,-82.288
11725,-92.615,-48.57
11726,-11.931,-3.6765
11727,39.671,53.514
11728,-24.153,83.483
11729,2.6517,-54.338
11730,29.243,56.459
11731,61.37,12.072
11732,70.115,-12.474
11733,-84.935,-12.296
11734,75.553,-78.821
11735,-100.67,-30.457
11736,-119.55,14.931
11737,-40.457,-23.813
11738,37.935,53.137
11739,1.8005,-65.011
11740,34.932,-7.2342
11741,64.733,9.0839
11742,16.202,79.96
11743,-15.692,-5.7636
11744,-6.9726,-2.9493
11745,-26.354,48.441
11746,-32.157,42.059
11747,-77.853,33.527
11748,72.903,-9.1468
11749,-34.259,-69.284
11750,-43.92,-89.526
11751,-97.351,20.401
11752,-27.681,-66.124
11753,-0.39377,-57.385
11754,-15.152,-38.712
11755,71.476,84.819
11756,-64.998,-31.701
11757,38.774,14.124
11758,-62.215,-33.456
11759,-74.502,-18.801
11760,-87.515,-41.605
11761,-98.463,-30.711
11762,48.277,53.297
11763,74.055,-81.556
11764,63.263,-28.19
11765,78.971,50.864
11766,45.711,27.953
11767,-30.559,43.627
11768,-12.559,-9.5994
11769,64.208,88.121
11770,-31.223,-31.719
11771,53.165,-79.991
11772,-21.65,33.279
11773,45.632,42.059
11774,-79.298,-52.701
11775,-55.785,-83.898
11776,-32.409,72.832
11777,-69.541,-19.511
11778,-34.105,-85.546
11779,8.5986,-114.89
11780,72.483,-84.213
11781,23.797,-16.317
11782,29.193,-18.997
11783,-71.82,-74.591
11784,-12.916,-1.9933
11785,73.716,31.708
11786,30.129,96.952
11787,-26.011,-57.248
11788,-79.354,48.485
11789,-46.582,14.791
11790,-89.944,24.999
11791,22.096,-88.01
11792,6.1337,64.309
11793,47.809,-52.877
11794,44.949,-83.559
11795,-6.1571,1.0859
11796,83.596,44.614
11797,43.849,21.982
11798,-67.851,55.135
11799,-69.055,-14.237
11800,-38.893,-82.869
11801,43.304,-22.826
11802,-73.097,-30.603
11803,-25.518,-18.862
11804,-3.7517,-42.345
11805,-53.708,-46.348
11806,-52.231,-87.884
11807,-7.5777,5.1662
11808,64.558,-41.355
11809,-52.452,19.46
11810,1.5288,-84.778
11811,-25.866,-52.212
11812,-67.453,-13.772
11813,28.289,-27.908
11814,-19.946,-6.3529
11815,-43.035,-18.871
11816,-81.963,-41.453
11817,7.2576,-116.85
11818,-91.196,-49.744
11819,42.964,46.228
11820,40.982,-45.214
11821,70.32,31.948
11822,-7.6053,-41.563
11823,-12.219,-41.352
11824,5.3984,-116.62
11825,-45.42,83.88
11826,-79.207,-38.598
11827,-79.441,-39.985
11828,-87.67,-42.083
11829,-10.097,-9.226
11830,76.207,-77.477
11831,-30.766,11.895
11832,54.205,30.126
11833,-11.386,-0.67954
11834,3.4183,-65.26
11835,-25.482,-102.95
11836,-87.84,-41.81
11837,-72.149,-43.938
11838,56.821,-86.637
11839,5.4981,-81.654
11840,-79.357,-53.259
11841,70.044,-43.269
11842,-87.532,-42.156
11843,58.69,-34.563
11844,-78.09,49.71
11845,45.34,-86.468
11846,-42.866,-46.002
11847,-2.4869,-57.781
11848,-28.967,-93.089
11849,-100.72,-30.47
11850,-79.259,-53.412
11851,-21.617,-59.772
11852,-21.819,41.755
11853,50.782,-75.624
11854,-28.677,-94.432
11855,-6.9719,-2.0079
11856,64.398,27.568
11857,28.255,-34.172
11858,-76.961,56.739
11859,-62.194,76.417
11860,66.115,-29.498
11861,14.669,-4.1873
11862,-21.87,-82.159
11863,3.9895,-86.309
11864,68.224,26.143
11865,73.735,-82.134
11866,-80.656,-41.396
11867,-11.945,-3.6436
11868,-3.1371,-90.421
11869,6.4583,-77.516
11870,-22.945,-14.307
11871,-65.53,-83.87
11872,6.4854,-115.87
11873,47.743,-31.674
11874,-9.3428,-37.332
11875,-50.644,23.005
11876,-85.015,-25.621
11877,-96.914,-31.303
11878,-31.554,-75.245
11879,2.041,-65.034
11880,-5.5778,-57.812
11881,-82.032,-38.106
11882,71.881,32.268
11883,26.123,28.522
11884,-74.981,-16.106
11885,37.909,-4.4577
11886,36.668,-9.8272
11887,68.087,-16.936
11888,-73.262,-23.943
11889,-105.71,0.82338
11890,-34.733,-7.5597
11891,-39.909,-33.363
11892,98.315,46.598
11893,-4.716,-34.714
11894,18.615,-2.1077
11895,-100.72,-30.47
11896,-38.336,-22.723
11897,55.827,17.464
11898,33.622,55.713
11899,30.043,18
11900,79.518,-56.215
11901,-50.564,47.141
11902,55.366,-87.51
11903,-24.632,-103.21
11904,-34.381,-33.641
11905,-87.054,-41.791
11906,-64.779,-41.656
11907,80.04,-52.784
11908,58.532,51.009
11909,-64.998,-31.869
11910,48.6,18.229
11911,-46.15,27.6
11912,59.334,-7.0621
11913,-74.881,-14.893
11914,6.0502,-114.28
11915,47.632,-31.431
11916,-25.169,-103.76
11917,-79.207,-38.676
11918,9.0231,-113.67
11919,69.361,29.08
11920,-14.63,-39.239
11921,-21.83,-77.863
11922,-32.019,-56.543
11923,72.365,-84.397
11924,-8.6444,-1.7263
11925,-10.778,86.536
11926,77.487,-57.923
11927,-26.82,-101.78
11928,-1.0084,-55.52
11929,11.678,-1.8357
11930,-70.96,12.661
11931,24.363,20.801
11932,82.005,-43.689
11933,-8.9032,-94.826
11934,-94.635,-32.444
11935,4.4107,-115.08
11936,7.3567,-114.45
11937,24.626,-9.0312
11938,-74.735,-14.767
11939,-11.109,-12.308
11940,-21.699,38.033
11941,21.444,-31.83
11942,38.629,-85.077
11943,-69.125,59.231
11944,-118.68,40.474
11945,-21.374,-29.657
11946,-87.791,-43.5
11947,-95.523,-31.981
11948,-10.535,-0.71925
11949,25.519,93.148
11950,55.787,32.261
11951,4.7364,63.325
11952,-1.4616,-60.239
11953,55.754,-64.125
11954,-18.753,-80.064
11955,-105.8,0.84933
11956,-116.66,38.713
11957,25.938,37.611
11958,-20.468,-28.264
11959,-6.0979,-95.702
11960,-65.935,-34.978
11961,7.9802,-115.54
11962,-59.234,-22.005
11963,76.028,29.515
11964,-27.096,-86.42
11965,-75.053,-16.579
11966,108.55,10.775
11967,49.752,70.329
11968,-27.306,-55.882
11969,-21.164,-60.02
11970,-52.573,20.685
11971,-117.63,39.764
11972,47.73,21.527
11973,37.998,54.529
11974,-60.466,43.586
11975,66.724,-2.1078
11976,70.591,-60.644
11977,-117.71,39.786
11978,52.675,-53.959
11979,27.465,46.081
11980,72.093,-84.803
11981,-53.791,-1.1218
11982,69.373,-14.283
11983,-13.591,43.1
11984,-9.1091,-35.77
11985,-77.771,58.376
11986,0.20566,-56.172
11987,48.92,-71.678
11988,-57.222,-89.024
11989,-79.034,-38.375
11990,-119.09,39.326
11991,-82.116,29.986
11992,5.5737,-34.227
11993,-58.459,-80.639
11994,-84.468,21.005
11995,-60.077,-22.884
11996,70.282,32.718
11997,66.628,-32.03
11998,-42.264,-35.172
11999,46.912,-84.78
12000,-6.5552,-37.15
12001,-14.585,-53.556
12002,45.518,103.38
12003,-118.6,38.473
12004,-63.845,-29.608
12005,-39.247,-24.5
12006,98.742,47.585
12007,-4.2873,-75.07
12008,-63.195,19.153
12009,-50.218,23.585
12010,-45.008,-49.677
12011,33.549,49.908
12012,57.327,-19.988
12013,-82.072,-7.7236
12014,27.894,12.923
12015,-53.677,-0.34271
12016,28.732,40.549
12017,-27.708,-101.74
12018,66.716,25.737
12019,-68.729,-38.346
12020,-51.311,-1.7775
12021,73.793,-81.392
12022,-93.368,-48.206
12023,48.776,38.061
12024,42.447,-38.541
12025,64.536,55.31
12026,-1.6365,-65.31
12027,31.727,49.993
12028,-9.0592,69.627
12029,37.646,-6.7959
12030,71.482,-52.116
12031,91.245,-41.061
12032,50.543,-15.537
12033,108.55,10.775
12034,-64.934,-83.312
12035,75.062,-79.753
12036,-95.578,-31.938
12037,-69.384,-27.099
12038,64.9,5.7279
12039,-32.531,-33.941
12040,13.766,-54.82
12041,-8.9747,-1.1877
12042,-39.823,-20.66
12043,74.867,25.738
12044,-65.395,-28.951
12045,71.117,32.166
12046,-12.573,74.318
12047,-68.171,-55.415
12048,-25.297,-54.756
12049,6.6555,-115.49
12050,77.569,34.191
12051,-0.16137,-23.039
12052,-22.142,-15.524
12053,-6.2754,-35.344
12054,71.678,-15.767
12055,-96.026,-31.714
12056,-21.86,-17.033
12057,-0.22338,-60.644
12058,-93.87,-47.979
12059,69.288,26.473
12060,59.264,24.741
12061,-40.6,-41.394
12062,-27.103,-81.823
12063,-33.42,-77.062
12064,-63.837,-29.56
12065,-72.422,-29.488
12066,5.1974,-115.06
12067,39.679,4.0912
12068,97.892,45.916
12069,25.238,98.228
12070,16.988,-0.77317
12071,-8.3057,-41.926
12072,-28.999,-92.844
12073,-10.755,-43.849
12074,31.978,48.762
12075,34.009,90.867
12076,51.453,-17.626
12077,15.889,72.297
12078,-27.123,-95.438
12079,27.361,55.085
12080,-3.8353,-38.503
12081,2.7338,-81.405
12082,62.706,-27.661
12083,8.0336,11.551
12084,-28.651,-54.437
12085,-43.1,-41.175
12086,-66.1,-37.486
12087,68.331,-16.857
12088,36.033,32.467
12089,-102.83,18.789
12090,24.218,80.812
12091,-69.571,-32.047
12092,18.227,-1.7918
12093,-54.512,-91.147
12094,8.2177,-117.16
12095,-24.388,-33.254
12096,-77.866,58.581
12097,-39.067,-74.126
12098,9.6512,-10.554
12099,34.824,-76.73
12100,29.163,-3.2215
12101,-24.128,-73.205
12102,-13.001,-38.496
12103,-97.539,-31.075
12104,-81.103,-37.579
12105,58.054,33.504
12106,-65.7,-42.476
12107,-28.653,-86.128
12108,45.117,-66.199
12109,-96.333,-31.572
12110,49.617,42.413
12111,50.868,-15.839
12112,-4.4571,-35.13
12113,-2.6757,-56.673
12114,-22.61,-41.119
12115,-27.261,-90.592
12116,-83.459,-38.09
12117,-8.8832,-4.6682
12118,29.94,97.26
12119,19.05,74.91
12120,-118,39.605
12121,73.133,-83.153
12122,63.788,-38.559
12123,-6.8242,-38.502
12124,8.9514,-11.344
12125,53.139,41.78
12126,-8.0343,-41.876
12127,-64.089,-29.942
12128,72.716,-83.837
12129,-117.93,39.294
12130,54.934,64.185
12131,73.692,54.96
12132,9.9811,46.155
12133,-20.72,-79.059
12134,75.533,48.384
12135,-42.337,-20.004
12136,31.952,15.259
12137,66.757,-46.595
12138,-56.296,-80.217
12139,-48.726,-89.517
12140,79.401,-56.608
12141,-6.6944,-10.824
12142,-14.133,-6.5615
12143,-36.195,21.403
12144,31.611,54.464
12145,-28.288,-56.06
12146,-42.572,-65.34
12147,-95.135,-47.444
12148,-64.388,78.128
12149,18.186,53.738
12150,-50.262,87.312
12151,34.157,83.52
12152,8.6642,-63.193
12153,85.375,-3.6821
12154,-55.615,-57.825
12155,-18.782,-8.9008
12156,69.218,-25.422
12157,-42.124,-22.939
12158,-33.837,-76.02
12159,13.727,-6.1712
12160,7.4479,-76.534
12161,58.122,-65.901
12162,-64.842,-31.546
12163,-97.024,-31.286
12164,47.629,-84.611
12165,-117.01,38.387
12166,86.095,32.863
12167,40.623,88.192
12168,-34.907,29.113
12169,19.635,-56.245
12170,5.4387,-113.74
12171,25.668,20.013
12172,8.3444,-28.617
12173,56.411,58.904
12174,25.917,-17.572
12175,-30.856,-53.485
12176,51.469,22.569
12177,-15.136,-44.451
12178,-49.286,-50.541
12179,7.9776,-115.51
12180,8.3953,-114.61
12181,-12.54,-7.4444
12182,-61.402,-21.068
12183,48.988,40.603
12184,1.5639,-59.493
12185,-25.898,-54.522
12186,-5.5484,-88.363
12187,-92.118,-48.955
12188,-73.545,-65.859
12189,99.619,18.447
12190,-15.188,-34.729
12191,-65.033,-76.09
12192,-39.867,-90.538
12193,73.567,-82.423
12194,-63.919,-29.693
12195,-54.869,-58.715
12196,17.931,60.285
12197,-92.758,15.226
12198,-27.864,-39.669
12199,-94.366,-47.796
12200,-36.37,-22.544
12201,42.908,14.37
12202,-66.736,-52.682
12203,33.893,52.098
12204,28.044,52.562
12205,32.248,54.866
12206,-76.963,-46.544
12207,-69.442,-18.822
12208,85.802,12.293
12209,-3.2171,-0.61542
12210,74.163,30.467
12211,86.955,-14.447
12212,-40.397,-19.593
12213,-11.343,-34.003
12214,7.8231,-80.001
12215,-22.972,-72.17
12216,-20.402,-79.626
12217,7.0455,-111.69
12218,-117.44,39.552
12219,-44.904,-19.925
12220,62.564,17.06
12221,-31.175,-56.45
12222,31.58,54.623
12223,-6.4911,-35.729
12224,57.274,-55.425
12225,45.945,86.104
12226,33.731,55.727
12227,32.423,-16.588
12228,7.6858,-114.76
12229,77.856,-41.222
12230,-30.097,-56.285
12231,31.266,-24.218
12232,6.6679,-53.983
12233,61.886,7.9255
12234,-41.814,-22.844
12235,-68.272,15.952
12236,2.4228,69.849
12237,-69.811,-79.131
12238,50.924,-15.904
12239,46.425,79.639
12240,-35.306,24.762
12241,75.741,1.7353
12242,15.07,-54.957
12243,74.26,-81.189
12244,-64.192,-43.4
12245,-96.277,-31.701
12246,-100.72,-30.471
12247,-41.046,51.013
12248,-93.603,-48.047
12249,62.636,-16.287
12250,-2.4913,-59.888
12251,-74.381,-32.932
12252,-69.992,12.287
12253,-53.799,-1.1159
12254,76.427,55.546
12255,69.921,28.947
12256,60.99,-1.3898
12257,-98.095,-30.398
12258,-95.641,54.347
12259,-105.61,29.373
12260,99.05,50.096
12261,-46.887,-21.243
12262,36.312,-9.4801
12263,-73.321,-23.923
12264,-11.808,-7.3583
12265,-75.638,-13.929
12266,-105.15,-13.372
12267,39.574,-6.7575
12268,58.192,-10.024
12269,-7.1486,-46.393
12270,40.118,-56.848
12271,52.633,8.0105
12272,32.429,-20.243
12273,-28.731,-7.6034
12274,-96.412,-47
12275,-35.764,-33.409
12276,49.362,-84.055
12277,25.26,69.616
12278,51.652,51.654
12279,-19.126,21.946
12280,-25.356,-91.497
12281,-99.488,28.857
12282,68.711,-37.302
12283,30.631,32.018
12284,-6.5837,-37.22
12285,-83.418,35.333
12286,-66.374,10.038
12287,-31.002,5.298
12288,-51.538,-79.763
12289,-36.254,25.246
12290,-16.09,-40.519
12291,-58.052,-88.861
12292,13.526,-9.5059
12293,54.952,21.452
12294,78.778,-29.045
12295,-0.7138,88.334
12296,-79.004,-38.65
12297,66.251,69.622
12298,38.839,87.522
12299,4.4487,-30.366
12300,-52.933,-89.094
12301,-32.534,-81.557
12302,-13.475,-8.4514
12303,77.053,32.822
12304,29.599,55.228
12305,-16.246,-40.801
12306,36.095,60.572
12307,75.413,44.073
12308,67.769,67.906
12309,-28.397,-63.046
12310,-16.029,-90.843
12311,48.032,-77.751
12312,0.31022,-88.73
12313,0.80154,21.13
12314,-46.567,-24.714
12315,-98.752,-30.616
12316,-99.929,-30.402
12317,-33.83,-27.567
12318,-59.175,-21.786
12319,30.658,-58.951
12320,87.808,-23.762
12321,-8.8423,-36.79
12322,-27.292,-95.173
12323,-70.819,-26.804
12324,-9.4878,-37.481
12325,-40.198,-91.525
12326,-99.791,-30.366
12327,75.595,-78.739
12328,60.091,-16.76
12329,5.8164,-58.738
12330,70.388,-50.528
12331,1.759,-65.565
12332,58.642,-45.69
12333,-117.65,39.232
12334,91.206,34.945
12335,83.085,41.158
12336,40.82,5.0824
12337,-25.749,-53.048
12338,-15.137,-93.194
12339,8.8797,114.56
12340,29.238,33.611
12341,-22.94,-71.333
12342,-29.362,-57.22
12343,-12.204,-78.819
12344,-24.334,-102.58
12345,-20.336,14.2
12346,-36.874,-73.151
12347,44.392,86.919
12348,-65.829,-43.337
12349,-66.137,15.21
12350,-12.405,43.337
12351,-8.2785,-89.529
12352,-3.2616,-61.672
12353,-74.508,-18.398
12354,-69.083,-37.685
12355,8.4091,-80.17
12356,68.664,-38.32
12357,31.984,54.405
12358,-19.309,14.8
12359,86.109,44.888
12360,-8.0788,74.465
12361,-28.154,-6.7387
12362,-81.064,-37.556
12363,-73.202,-24.447
12364,-5.4395,-7.3389
12365,-18.896,112.78
12366,-104.19,30.929
12367,70.332,66.179
12368,-53.117,74.474
12369,-10.627,85.185
12370,22.772,1.1716
12371,-24.999,-53.553
12372,-43.507,-90.363
12373,-73.103,-23.83
12374,-68.955,73.211
12375,-101.32,20.649
12376,-34.083,-6.6174
12377,-97.073,-31.272
12378,-20.592,-93.078
12379,-58.203,43.047
12380,-50.319,-59.055
12381,-7.2157,79.371
12382,6.592,-115.43
12383,99.064,49.194
12384,-101.16,22.157
12385,73.595,78.634
12386,7.9192,-115.17
12387,73.847,-50.684
12388,-55.463,-27.673
12389,-29.975,-57.605
12390,-26.981,-90.844
12391,3.0223,-74.824
12392,-36.902,-72.731
12393,6.6495,-115.48
12394,78.337,23.522
12395,35.287,54.125
12396,-2.0077,-13.506
12397,-70.232,-10.481
12398,-47.473,-17.53
12399,-98.772,-30.607
12400,-32.183,93.25
12401,58.255,33.532
12402,-74.935,-15.221
12403,14.28,78.78
12404,45.13,38.235
12405,69.289,31.088
12406,-41.791,-23.061
12407,18.851,74.98
12408,-69.398,-18.705
12409,50.379,-67.094
12410,-10.141,-42.65
12411,-8.8686,-40.492
12412,-95.946,-31.626
12413,-5.9389,-4.2278
12414,-15.337,-35.101
12415,-117.84,39.249
12416,-28.83,-3.1058
12417,31.272,54.434
12418,-15.879,9.683
12419,-19.961,-107.89
12420,-1.3668,-56.731
12421,-53.295,-77.882
12422,-72.611,-13.703
12423,-42.462,-19.771
12424,-6.4212,-44.705
12425,-26.698,-87.942
12426,-17.846,-48.524
12427,-94.462,-47.754
12428,-99.758,-30.395
12429,78.426,-38.267
12430,87.037,34.016
12431,8.1442,-59.459
12432,-20.576,-91.198
12433,-80.639,-30.659
12434,30.66,-21.737
12435,67.179,58.04
12436,-54.797,-58.116
12437,-100.4,-30.43
12438,80.167,34.979
12439,-8.6362,-56.116
12440,12.765,-15.365
12441,-33.119,-80.812
12442,-88.682,-9.9145
12443,73.451,85.563
12444,-77.216,-68.122
12445,-72.075,-24.651
12446,74.633,-5.1208
12447,-45.137,-89.16
12448,-98.167,-30.828
12449,-79.354,48.485
12450,-83.67,36.841
12451,-84.636,-23.107
12452,27.228,-19.758
12453,-39.545,-23.09
12454,108.55,10.775
12455,-72.634,-37.506
12456,86.78,36.388
12457,7.6023,-75.594
12458,-60.059,-74.162
12459,4.5196,-57.388
12460,21.404,-33.014
12461,72.05,-84.865
12462,-72.712,-28.342
12463,64.429,88.055
12464,74.837,-80.171
12465,-53.944,-59.521
12466,43.937,3.2019
12467,-46.003,-43.833
12468,-105.23,-2.7069
12469,-87.99,-43.669
12470,39.198,36.926
12471,-46.931,27.35
12472,-6.7613,-36.127
12473,-73.934,-13.794
12474,-63.89,-41.936
12475,-58.113,-40.458
12476,59.945,-19.365
12477,-21.048,70.438
12478,-61.653,-12.125
12479,5.9884,-116.97
12480,98.598,52.399
12481,-99.253,19.678
12482,-31.143,-33.551
12483,-18.127,52.29
12484,-89.42,-51.381
12485,-117.43,39.495
12486,43.721,-22.98
12487,-25.462,-96.337
12488,4.5946,-116.45
12489,-22.978,51.105
12490,-75.082,-16.093
12491,-35.148,-32.831
12492,0.063499,-51.209
12493,39.514,-10.113
12494,-37.834,-28.44
12495,-67.917,-38.85
12496,28.048,-20.471
12497,-93.705,-48.059
12498,-42.55,-45.965
12499,-2.8652,-86.961
12500,10.442,-82.431
12501,-73.421,-23.611
12502,-38.696,-34.649
12503,-85.812,-25.795
12504,-93.261,29.219
12505,49.721,38.162
12506,2.8936,-54.033
12507,-57.359,-60.085
12508,-10.221,-1.7266
12509,-5.6732,0.28326
12510,-14.809,-92.027
12511,-36.424,-59.582
12512,-44.426,-43.089
12513,5.9874,-116.97
12514,-6.8495,-4.2738
12515,-103.22,19.703
12516,-74.713,-14.135
12517,9.5561,47.759
12518,-9.062,-36.051
12519,-35.883,-70.153
12520,69.345,-41.516
12521,-38.997,31.492
12522,-39.908,-33.421
12523,-43.764,-20.627
12524,-63.194,50.519
12525,96.663,44.796
12526,53.252,80.231
12527,-68.489,13.005
12528,-12.118,-86.305
12529,-74.109,-25.973
12530,70.75,32.599
12531,-53.258,17.795
12532,75.598,-36.39
12533,-84.53,-22.504
12534,33.807,1.5033
12535,8.3459,70.403
12536,-64.787,-33.166
12537,-10.573,-11.909
12538,-74.288,53.449
12539,-22.026,-17.284
12540,-13.642,-93.564
12541,8.2747,-117.09
12542,-42.632,-39.713
12543,-87.725,-43.286
12544,47.635,49.436
12545,-102.88,20.94
12546,-0.3134,-51.447
12547,-53.132,-46.064
12548,-74.373,-23.274
12549,48.041,50.046
12550,-73.269,-24.151
12551,-18.62,-59.451
12552,-2.3401,63.019
12553,73.658,-5.5792
12554,-53.758,-59.775
12555,52.339,24.32
12556,-78.125,-60.534
12557,-27.587,-101.96
12558,-92.547,-47.529
12559,32.898,51.923
12560,-1.9557,52.412
12561,-103.77,18.341
12562,-12.034,83.234
12563,-22.499,-64.864
12564,23.542,-93.556
12565,-51.506,-54.379
12566,57.8,-0.81656
12567,99.061,49.929
12568,-38.447,55.314
12569,-63.385,20.139
12570,-60.607,-34.345
12571,0.58702,-57.762
12572,-76.558,56.069
12573,58.864,48.41
12574,-81.395,-55.254
12575,-17.857,-43.99
12576,36.84,2.8418
12577,-36.644,28.151
12578,-6.3784,-37.738
12579,-15.963,-5.1774
12580,-96.322,52.717
12581,-73.194,-13.982
12582,-35.657,57.265
12583,-26.191,-31.632
12584,-65.613,-42.421
12585,-60.885,48.23
12586,-66.768,-37.707
12587,-75.855,-11.974
12588,-74.525,-73.925
12589,0.29985,-54.881
12590,-4.6864,-55.516
12591,-14.809,-93.83
12592,-3.1506,-28.262
12593,3.8329,7.0922
12594,-69.246,-19.497
12595,-95.868,-31.869
12596,-58.038,-34.08
12597,22.665,73.107
12598,1.3393,-15.161
12599,-46.056,-33.854
12600,74.332,30.685
12601,55.911,-38.141
12602,-38.068,-93.143
12603,-13.801,84.139
12604,-27.857,-91.818
12605,32.638,36.409
12606,54.74,74.152
12607,9.7211,-11.125
12608,42.425,-29.158
12609,-34.095,-72.884
12610,83.872,43.514
12611,-40.889,-23.062
12612,-9.8647,-46.518
12613,-75.309,-3.3131
12614,-61.908,-34.453
12615,-14.748,-39.099
12616,-28.283,0.59697
12617,-118,39.604
12618,80.752,41.231
12619,-45.992,70.306
12620,-86.134,-13.765
12621,-53.541,-56.544
12622,39.76,-3.3299
12623,44.747,-85.638
12624,1.4634,10.143
12625,-59.003,-20.729
12626,-56.839,-75.812
12627,-28.873,-90.116
12628,24.763,23.01
12629,-67.553,-13.934
12630,32.022,46.656
12631,-95.453,-32.197
12632,-72.36,-26.426
12633,7.972,-115.3
12634,-51.398,-87.98
12635,-106.09,16.325
12636,-78.866,-6.3051
12637,-25.428,-32.755
12638,82.065,-49.339
12639,-7.8582,-2.017
12640,-34.057,26.801
12641,50.205,42.952
12642,65.084,-38.977
12643,29.188,-11.635
12644,2.7919,-57.894
12645,-8.0783,82.284
12646,54.048,14.014
12647,-33.35,-31.831
12648,-77.816,-55.003
12649,3.4793,8.4261
12650,49.886,-86.136
12651,-34.927,-10.576
12652,45.713,80.356
12653,-88.477,28.699
12654,-73.992,-12.553
12655,-43.517,38.102
12656,97.577,45.549
12657,27.529,81.762
12658,-74.895,-73.927
12659,-23.952,-37.086
12660,3.8966,13.674
12661,-99.403,25.023
12662,74.584,56.598
12663,46.972,75.476
12664,-33.91,-80.405
12665,-17.891,61.751
12666,62.968,55.846
12667,-52.438,74.074
12668,73.388,-82.726
12669,-61.043,-28.713
12670,88.528,-5.6827
12671,7.4997,73.88
12672,51.511,-6.6018
12673,-15.344,-91.208
12674,21.224,-49.378
12675,74.275,-81.162
12676,10.827,17.156
12677,4.4465,13.845
12678,-24.051,-104.88
12679,-19.933,-81.905
12680,-14.458,-2.1002
12681,-112.82,14.556
12682,-53.309,25.39
12683,88.751,-43.332
12684,2.6862,7.6477
12685,31.267,-25.987
12686,83.405,-9.9745
12687,75.52,53.407
12688,97.61,54.656
12689,-118.65,38.491
12690,45.862,75.601
12691,55.699,39.253
12692,-51.507,27.382
12693,-86.671,-24.585
12694,-72.374,-30.654
12695,-58.727,50.227
12696,63.522,11.779
12697,39.263,27.742
12698,-49.382,-86.92
12699,-32.547,-85.942
12700,50.707,-26.103
12701,-81.109,-40.9
12702,52.055,34.372
12703,62.576,54.485
12704,55.203,-24.889
12705,-10.963,-40.586
12706,-117.55,38.199
12707,-46.378,26.338
12708,-54.887,26.961
12709,-25.101,-54.466
12710,78.793,-45.904
12711,9.5867,-19.319
12712,19.96,-65.354
12713,-42.311,65.412
12714,-65.573,-53.893
12715,-87.528,-13.499
12716,30.272,-36.039
12717,-9.0449,-93.814
12718,-22.158,-15.231
12719,29.296,-17.93
12720,-0.27024,-80.004
12721,2.4268,-58.15
12722,-60.192,-15.05
12723,-44.093,-31.498
12724,9.6121,13.421
12725,23.085,94.001
12726,0.23799,-22.746
12727,70.16,-21.786
12728,-102.11,19.553
12729,-10.236,73.835
12730,79.347,-14.576
12731,-11.212,-79.251
12732,8.2865,-56.366
12733,-43.844,-31.952
12734,-42.609,25.622
12735,-21.982,-15.509
12736,34.042,84.033
12737,-60.2,-34.552
12738,-64.706,-28.217
12739,-71.592,49.698
12740,-117.63,39.238
12741,-32.518,-85.896
12742,27.963,-20.524
12743,-44.257,-34.211
12744,-65.447,56.38
12745,77.113,-75.297
12746,-119.55,14.931
12747,-96.479,-31.697
12748,80.936,-34.706
12749,-96.125,-31.651
12750,-117.71,39.786
12751,-30.259,-56.508
12752,-1.8331,-43.955
12753,-36.366,-67.55
12754,-19.329,33.163
12755,0.54362,-56.064
12756,-30.336,-65.993
12757,-117.43,39.495
12758,-3.5865,100.99
12759,-26.033,-99.524
12760,-51.57,-53.701
12761,-57.278,-7.2787
12762,66.107,7.7142
12763,-31.028,-9.0046
12764,-28.85,-22.314
12765,-15.896,-40.568
12766,3.5161,-76.7
12767,0.30431,-53.071
12768,-9.7736,-10.996
12769,-25.824,-90.86
12770,-44.386,41.363
12771,45.557,-66.317
12772,-79.325,47.401
12773,75.777,24.711
12774,-104.92,30.377
12775,23.588,-25.435
12776,78.229,-18.999
12777,66.106,-29.951
12778,-87.237,-41.737
12779,-16.392,-10.81
12780,58.679,5.7079
12781,-54.77,-84.515
12782,-45.857,26.485
12783,16.584,-24.349
12784,39.91,-86.522
12785,66.643,58.535
12786,-49.644,-88.857
12787,-31.422,-76.155
12788,-54.721,-38.589
12789,-38.584,-24.445
12790,-49.877,66.059
12791,79.648,50.431
12792,-28.737,-22.098
12793,37.072,27.22
12794,-2.7974,-49.106
12795,55.541,-87.17
12796,-28.706,91.875
12797,-6.5974,-91.54
12798,-5.3261,-32.292
12799,65.079,-22.066
12800,-7.8062,-40.686
12801,25.002,-81.834
12802,-102.72,28.774
12803,-62.019,49.764
12804,-13.764,-1.006
12805,32.092,-15.637
12806,-41.461,-25.228
12807,90.963,26.017
12808,-43.143,-33.245
12809,-87.232,23.368
12810,16.606,62.382
12811,88.275,-23.456
12812,-97.993,-11.972
12813,5.6748,-116.86
12814,88.089,-24.946
12815,21.689,-55.613
12816,69.064,26.449
12817,-24.005,-82.192
12818,-7.7951,-85.388
12819,-1.2432,-55.926
12820,-117.43,39.497
12821,-28.864,94.422
12822,69.976,28.999
12823,-56.936,-79.924
12824,-20.633,-92.468
12825,-25.997,-86.686
12826,-13.093,-29.298
12827,-66.773,-36.198
12828,-3.8006,2.0134
12829,32.889,50.102
12830,-18.099,-59.065
12831,-23.444,-110.2
12832,47.853,16.007
12833,-3.0653,-56.371
12834,21.695,-52.484
12835,-9.2263,-78.518
12836,56.187,-47.78
12837,-35.628,-78.532
12838,74.787,-80.26
12839,-67.098,-22.176
12840,-61.186,48.636
12841,-73.051,60.365
12842,-81.98,36.769
12843,95.446,44.155
12844,44.875,1.0425
12845,46.746,42.884
12846,-3.9751,-45.855
12847,-15.099,-94.196
12848,47.556,18.527
12849,-43.737,-40.989
12850,-117.65,39.232
12851,-83.637,-37.881
12852,52.961,79.819
12853,69.652,29.104
12854,-4.4943,-42.337
12855,26.916,-17.737
12856,-95.585,-30.883
12857,-41.465,-42.328
12858,-6.5267,-34.542
12859,36.087,61.44
12860,-74.644,-74.112
12861,-4.6123,-36.089
12862,53.34,53.781
12863,-87.251,31.458
12864,37.856,28.832
12865,-16.938,-41.303
12866,-12.2,-90.68
12867,-19.671,80.204
12868,37.961,-83.707
12869,-74.834,-17.629
12870,76.044,-77.824
12871,-55.08,19.291
12872,-44.813,-35.065
12873,29.129,43.524
12874,-8.9952,-41.923
12875,63.653,-14.26
12876,-74.582,-18.764
12877,-47.03,-31.007
12878,16.021,-4.5621
12879,-28.126,-100.67
12880,-53.939,-16.305
12881,-94.158,-47.865
12882,-10.566,-4.5609
12883,-7.7544,-7.8274
12884,75.495,43.872
12885,36.068,31.751
12886,-102.94,20.955
12887,65.037,-11.725
12888,-73.001,-25.826
12889,51.788,-80.105
12890,10.313,-83.197
12891,-10.115,-0.40355
12892,-103.96,18.932
12893,50.851,26.395
12894,-4.4481,-36.486
12895,64.65,26.01
12896,-46.455,-21.614
12897,-5.8841,-34.9
12898,-1.5887,-13.014
12899,-43.17,-89.222
12900,-1.5766,-2.5406
12901,-24.611,-94.507
12902,-70.353,14.378
12903,-23.421,-61.422
12904,39.448,-9.7277
12905,-71.006,-27.963
12906,-45.087,-15.571
12907,15.008,-2.9206
12908,-22.425,-65.176
12909,-0.72627,71.958
12910,-34.024,-69.303
12911,-52.539,23.76
12912,74.182,-81.328
12913,-38.128,-42.344
12914,-39.682,-22.76
12915,-96.092,-16.372
12916,0.86343,-57.494
12917,31.331,8.334
12918,-43.883,-21.613
12919,-8.5164,12.687
12920,-26.848,-104.84
12921,-72.179,-29.936
12922,-41.798,-10.042
12923,22.886,96.007
12924,42.722,84.58
12925,-4.7027,76.676
12926,-39.985,-33.395
12927,-55.322,13.716
12928,60.467,-68.756
12929,-2.9443,-63.334
12930,-103.85,18.472
12931,-58.385,-60.585
12932,-7.9341,93.242
12933,-83.615,19.438
12934,47.638,51.988
12935,99.64,46.617
12936,-104.04,18.581
12937,-70.34,-15.023
12938,-72.681,-30.856
12939,-36.863,-33.305
12940,-18.924,-5.9888
12941,-53.782,25.065
12942,76.823,24.874
12943,8.4499,-55.199
12944,-75.011,-16.715
12945,74.609,-80.576
12946,-81.467,-40.065
12947,-64.104,24.132
12948,7.5189,-113.75
12949,-103.89,33.638
12950,-117.44,39.544
12951,38.736,70.636
12952,-32.102,91.079
12953,39.043,13.523
12954,28.276,78.986
12955,89.838,-13.797
12956,-75.076,-21.264
12957,-45.966,-31.439
12958,-7.6449,-41.665
12959,47.466,-64.342
12960,-37.805,-28.584
12961,-46.229,-59.144
12962,64.368,18.694
12963,61.199,42.567
12964,83.829,46.435
12965,11.007,46.494
12966,-59.514,-85.646
12967,46.535,-69.033
12968,-8.9517,-35.771
12969,-77.442,-57.322
12970,57.401,18.115
12971,-75.823,36.064
12972,33.454,56.073
12973,4.1496,9.5425
12974,-35.589,-66.715
12975,4.5756,-116.35
12976,-59.647,54.827
12977,-74.381,-18.685
12978,-117.74,40.838
12979,-79.325,47.401
12980,54.925,23.058
12981,7.4137,-55.508
12982,-56.152,16.134
12983,-32.151,-68.15
12984,-72.723,-28.161
12985,-15.505,-5.5717
12986,-8.2936,-5.4774
12987,68.595,53.05
12988,3.8706,-60.809
12989,-2.3649,-56.142
12990,0.39125,-59.902
12991,-20.815,-92.816
12992,3.799,-66.485
12993,-59.788,-25.91
12994,-84.475,-23.126
12995,-92.566,12.561
12996,43.21,84.506
12997,-40.218,24.659
12998,-8.3684,-37.034
12999,-20.661,-67.832
13000,-50.214,-69.957
13001,-72.765,-27.946
13002,-9.4059,-4.9197
13003,-73.359,-23.829
13004,-73.823,-13.685
13005,-76.661,34.018
13006,35.325,-88.586
13007,-27.741,-76.779
13008,91.45,-24.459
13009,-72.056,-27.941
13010,70.932,27.65
13011,-74.327,-47.463
13012,65.752,-16.475
13013,-7.9807,-92.814
13014,-2.1829,-58.641
13015,-52.615,-47.658
13016,-61.123,-21.161
13017,92.93,23.369
13018,-79.386,38.213
13019,88.669,-15.49
13020,8.7882,-11.778
13021,68.883,26.42
13022,90.358,31.224
13023,59.28,75.668
13024,-10.786,-37.197
13025,-7.4118,-38.025
13026,-101.28,22.822
13027,72.422,-41.197
13028,-26.735,-95.199
13029,-45.847,-91.256
13030,-65.823,63.194
13031,26.763,99.727
13032,69.469,53.222
13033,-77.198,60.32
13034,-26.58,-53.233
13035,-26.276,-52.356
13036,25.842,-84.539
13037,-70.597,-14.848
13038,-63.878,-29.625
13039,-117.86,39.255
13040,21.607,91.436
13041,17.416,-89.694
13042,-4.2739,101.64
13043,-48.61,70.263
13044,-90.897,-17.45
13045,-32.07,-95.63
13046,-25.211,-52.675
13047,74.834,-2.5025
13048,-43.382,-22.92
13049,-42.287,-32.636
13050,-81.316,-24.125
13051,-80.877,-12.712
13052,-117.93,39.294
13053,-69.078,59.163
13054,7.2803,-54.901
13055,1.4395,-57.288
13056,74.131,-81.422
13057,26.107,11.072
13058,-32.641,22.684
13059,-63.718,-76.849
13060,-53.177,-47.658
13061,-79.325,47.401
13062,-118,39.633
13063,69.178,53.139
13064,-49.664,-7.4788
13065,41.27,-27.336
13066,-11.494,49.755
13067,-118,39.603
13068,-60.453,-34.306
13069,-45.114,87.51
13070,-13.464,-68.552
13071,-70.292,-78.552
13072,-70.352,-78.331
13073,23.165,-9.7472
13074,59.407,-1.0348
13075,-34.019,-69.434
13076,-25.571,-93.49
13077,54.61,-86.474
13078,38.032,-60.866
13079,-78.842,-56.236
13080,60.036,3.2852
13081,67.834,57.72
13082,33.583,50.556
13083,-11.415,-70.869
13084,-0.49117,-57.508
13085,-72.879,-58.757
13086,72.622,-83.989
13087,-102.1,23.2
13088,54.944,76.433
13089,79.084,-14.578
13090,-69.794,-57.256
13091,12.372,6.3288
13092,33.165,46.924
13093,-71.505,-17.236
13094,-64.397,-38.844
13095,34.632,51.787
13096,-31.017,93.318
13097,57.79,-32.58
13098,-67.35,-15.995
13099,5.4969,-76.855
13100,45.147,-41.537
13101,27.138,-93.122
13102,-31.175,-95.4
13103,-46.299,26.918
13104,-2.1535,-2.8703
13105,82.502,43.084
13106,-66.834,36.484
13107,1.2454,-56.806
13108,11.308,45.058
13109,-10.183,-93.759
13110,19.089,10.909
13111,-48.46,-20.653
13112,22.99,75.804
13113,71.848,40.093
13114,2.2301,7.7262
13115,-32.998,9.501
13116,-72.927,-25.221
13117,-52.893,-39.068
13118,-38.271,-22.738
13119,-21.881,80.875
13120,26.068,45.59
13121,-79.453,-39.986
13122,44.293,12.133
13123,-66.998,69.312
13124,-30.937,83.569
13125,-7.3087,-46.665
13126,-23.077,-82.132
13127,-20.598,-88.417
13128,-40.035,38.09
13129,-41.913,55.831
13130,19.002,-64.802
13131,-74.868,-17.735
13132,64.447,66.781
13133,-75.567,-12.669
13134,-63.018,22.758
13135,-80.094,-6.9874
13136,26.959,10.543
13137,-25.647,-88.967
13138,37.99,-11.042
13139,-27.48,-100.52
13140,-5.8725,79.337
13141,-27.524,-65.855
13142,58.356,-25.471
13143,-67.172,36.326
13144,-84.701,38.042
13145,-59.202,-21.836
13146,-18.377,-35.266
13147,70.805,31.339
13148,58.682,54.864
13149,28.791,48.781
13150,1.0564,-41.521
13151,30.856,-23.288
13152,-60.798,-13.222
13153,-92.127,-48.419
13154,-16.509,-3.7001
13155,-51.857,59.613
13156,25.027,76.56
13157,30.908,-21.379
13158,-7.263,-33.373
13159,-21.865,32.258
13160,9.6413,-11.621
13161,55.662,-87.354
13162,-74.835,-21.596
13163,6.6198,-113.6
13164,-68.039,-67.937
13165,26.275,71.424
13166,49.409,39.07
13167,47.145,52.407
13168,-1.0614,12.528
13169,-105.14,-0.36281
13170,-74.401,-17.889
13171,74.59,-49.481
13172,-104.26,18.031
13173,-74.714,-18.281
13174,-25.552,-102.57
13175,-105.79,17.931
13176,66.541,48.812
13177,-42.086,-28.725
13178,6.7557,-55.517
13179,60.433,-16.639
13180,41.246,-86.335
13181,-2.6638,1.3191
13182,35.541,22.114
13183,-5.5041,75.153
13184,-3.7958,-61.804
13185,-26.101,-91.652
13186,-18.548,-59.426
13187,4.2816,-115.36
13188,-33.45,-5.0229
13189,-103.85,29.647
13190,-59.256,-21.925
13191,-21.997,46.858
13192,-64.662,6.2195
13193,1.3446,-26.788
13194,0.20027,12.457
13195,-46.381,-32.697
13196,42.12,-42.694
13197,-117.56,39.729
13198,-106.24,-11.078
13199,-5.6876,-42.878
13200,-35.679,-78.594
13201,6.3326,114.68
13202,76.905,24.289
13203,66.415,54.096
13204,66.2,54.274
13205,16.059,71.802
13206,7.98,-56.183
13207,-12.269,-46.887
13208,-26.028,-70.275
13209,-5.7974,-43.178
13210,2.4654,-53.973
13211,15.405,-50.244
13212,-25.992,-8.9911
13213,-18.485,-90.499
13214,-1.3481,-14.655
13215,-40.622,-22.734
13216,47.634,-75.771
13217,55.686,31.869
13218,78.583,-54.096
13219,52.077,-5.5397
13220,-30.877,-76.943
13221,-4.7876,-15.395
13222,-6.6044,-52.83
13223,-52.551,23.252
13224,-63.608,-29.235
13225,-53.185,-56.533
13226,-62.515,-11.991
13227,46.803,52.069
13228,54.319,71.675
13229,-8.8409,85.086
13230,-48.014,59.144
13231,11.545,45.903
13232,-3.6434,-39.513
13233,19.395,-8.8117
13234,-34.141,4.7508
13235,-9.4397,76.408
13236,-26.431,54.84
13237,22.012,27.663
13238,64.026,-46.478
13239,-57.353,49.962
13240,-78.089,49.711
13241,54.086,-86.075
13242,-47.52,68.807
13243,-20.453,-69.96
13244,18.779,-12.897
13245,-1.9233,53.679
13246,-65.82,75.852
13247,56.874,31.799
13248,85.556,-43.569
13249,71.961,-16.882
13250,37.81,13.151
13251,23.094,76.368
13252,-33.059,-89.852
13253,-66.808,-18.511
13254,0.54442,-14.529
13255,-35.291,64.434
13256,43.701,-47.839
13257,-54.175,-46.537
13258,30.474,48.359
13259,-8.4806,-92.807
13260,-55.812,9.8752
13261,-54.9,64.892
13262,-46.267,-33.012
13263,-51.907,2.8346
13264,6.1932,64.331
13265,59.772,2.7538
13266,23.439,47.423
13267,5.9461,-56.543
13268,-22.366,-67.921
13269,-60.121,-10.59
13270,-42.301,32.877
13271,26.378,-83.569
13272,-67.883,-37.838
13273,73.89,85.681
13274,-79.182,-54.76
13275,-69.742,50.867
13276,58.078,-70.705
13277,-56.901,26.897
13278,-9.1361,-92.723
13279,19.869,-46.351
13280,42.656,13.51
13281,-69.304,14.459
13282,36.629,7.2938
13283,-58.565,36.932
13284,-79.273,46.792
13285,28.364,-22.174
13286,-54.176,-59.317
13287,77.113,-75.297
13288,56.7,49.568
13289,-24.765,-71.506
13290,-15.256,-80.665
13291,7.8452,114.63
13292,42.453,13.248
13293,37.578,-83.666
13294,-23.256,-80.122
13295,22.127,54.083
13296,-5.2806,86.417
13297,52.998,24.964
13298,-31.847,-94.803
13299,-7.769,-37.757
13300,-52.566,19.128
13301,47.357,11.603
13302,41.7,50.842
13303,19.383,-86.707
13304,-5.7262,-77.011
13305,-21.934,-79.497
13306,-52.006,19.507
13307,-73.081,-18.413
13308,56.361,50.314
13309,-46.127,-30.332
13310,-101.21,30.035
13311,-64.803,-27.779
13312,93.113,-17.964
13313,-24.164,52.105
13314,-39.72,86.73
13315,28.608,10.943
13316,-10.643,-94.676
13317,-14.728,37.216
13318,-16.565,-4.883
13319,108.56,10.775
13320,-97.46,20.764
13321,-24.089,-40.944
13322,-31.09,57.653
13323,48.035,53.402
13324,-26.598,49.368
13325,45.423,-36
13326,19.506,-69.245
13327,-0.74022,-59.577
13328,-45.457,-88.873
13329,-13.251,-29.114
13330,-35.326,-33.726
13331,-50.113,-19.927
13332,75.85,27.988
13333,49.254,53.098
13334,43.131,14.664
13335,21.287,-54.658
13336,42.514,-38.678
13337,41.504,-9.6367
13338,-0.39415,-58.75
13339,-36.704,-18.461
13340,73.889,85.681
13341,78.527,-32.26
13342,57.007,-2.619
13343,48.676,-21.188
13344,-21.853,-15.476
13345,-87.394,-15.755
13346,-102.49,-43.503
13347,66.053,54.948
13348,38.61,27.883
13349,26.805,68.843
13350,-75.69,-48.587
13351,28.515,53.128
13352,-31.165,-91.494
13353,-20.993,30.001
13354,40.91,16.169
13355,-103.53,16.712
13356,-26.753,54.772
13357,57.21,-23.532
13358,-36.628,-21.946
13359,33.031,51.843
13360,73.091,30.268
13361,29.453,-0.83423
13362,-48.17,-32.288
13363,48.119,-44.297
13364,108.55,10.774
13365,33.874,91.372
13366,-40.19,61.077
13367,76.908,28.915
13368,-41.878,59.091
13369,-57.991,-34.095
13370,-32.491,-85.951
13371,72.503,26.339
13372,-65.201,-58.55
13373,-13.523,-40.948
13374,90.671,-11.935
13375,47.063,-15.542
13376,2.6219,-14.889
13377,-5.7969,-92.21
13378,28.504,-79.839
13379,-62.545,-38.718
13380,-16.262,-44.442
13381,55.57,-82.346
13382,39.577,27.231
13383,10.232,-2.2972
13384,-30.654,28.973
13385,-72.304,-25.521
13386,-28.549,4.3386
13387,-92.587,-46.712
13388,-103.64,18.674
13389,86.724,-11.842
13390,48.994,39.198
13391,44.054,54.66
13392,-0.26871,-51.012
13393,0.8656,-55.215
13394,7.4457,-80.126
13395,-73.839,-15.709
13396,-19.258,-69.182
13397,-38.603,-28.081
13398,67.898,53.127
13399,-107.74,-9.4371
13400,-80.312,30.115
13401,0.26449,-62.57
13402,29.397,29.774
13403,-18.091,-13.913
13404,-3.5159,-38.753
13405,-103.42,30.262
13406,30.548,47.404
13407,-25.726,40.228
13408,-15.541,86.818
13409,-3.5419,49.943
13410,50.095,-66.653
13411,-3.8645,79.042
13412,-118.33,40.723
13413,-69.861,37.487
13414,-56.934,25.205
13415,-68.976,-24.117
13416,-58.868,-33.96
13417,73.893,85.684
13418,19.403,82.808
13419,23.512,65.663
13420,12.76,-3.3238
13421,26.775,-73.646
13422,-4.6156,-35.466
13423,-23.552,48.038
13424,-32.733,72.958
13425,-23.029,-88.597
13426,32.393,51.715
13427,82.418,-27.764
13428,11.832,-7.4687
13429,-51.349,25.427
13430,-46.834,-21.469
13431,46.887,53.295
13432,91.435,33.744
13433,81.469,34.362
13434,-58.56,-33.959
13435,-11.191,-67.947
13436,22.994,-17.742
13437,-1.278,71.654
13438,-53.42,18.325
13439,-45.928,61.779
13440,32.011,51.871
13441,57.113,31.801
13442,3.999,87.674
13443,64.258,27.961
13444,-75.687,-48.597
13445,26.99,-43.053
13446,-8.6031,-94.047
13447,-25.596,-91.287
13448,-0.84681,71.829
13449,24.669,47.002
13450,-9.6731,10.334
13451,97.323,55.172
13452,-105.91,17.806
13453,77.734,33.405
13454,63.646,9.8229
13455,79.311,34.771
13456,4.7651,58.225
13457,-58.489,36.541
13458,78.285,-57.681
13459,-66.265,-40.25
13460,-39.241,-22.355
13461,79.106,50.195
13462,47.984,50.37
13463,-26.844,46.632
13464,40.74,-50.327
13465,-36.92,69.039
13466,-71.359,-18.518
13467,-101.65,28.543
13468,62.152,7.5912
13469,39.295,38.865
13470,-23.411,-90.187
13471,-6.0209,-42.543
13472,28.714,55.527
13473,-83.555,-37.977
13474,-81.458,-12.747
13475,68.239,-5.1955
13476,-26.812,-95.918
13477,75.434,-2.4976
13478,-7.6462,24.958
13479,78.264,-11.723
13480,-1.5333,72.091
13481,-10.168,-3.6027
13482,63.28,-19.757
13483,-4.1882,30.893
13484,-64.151,-33.779
13485,-5.5714,100.72
13486,-71.849,-17.9
13487,-117.67,39.229
13488,-119.55,14.93
13489,77.904,50.662
13490,53.642,-9.751
13491,-32.792,-80.803
13492,13.03,72.129
13493,61.343,35.001
13494,-18.92,-91.478
13495,-17.37,-43.428
13496,12.156,72.762
13497,7.2132,66.594
13498,-18.29,-60.362
13499,35.293,86.43
13500,-117.7,39.786
13501,-54.458,-56.673
13502,-17.436,-34.601
13503,77.616,-31.208
13504,11.869,75.979
13505,20.21,23.273
13506,-8.775,-74.262
13507,-9.1259,27.966
13508,-19.759,-58.095
13509,-46.121,26.911
13510,-3.5557,0.59912
13511,-92.43,22.9
13512,-117.44,39.555
13513,-52.857,-58.47
13514,-36.987,80.02
13515,-5.3952,-42.123
13516,-35.82,57.842
13517,-94.243,23.167
13518,49.595,69.246
13519,-2.4012,73.51
13520,2.5705,23.728
13521,7.7638,56.572
13522,-75.926,30.446
13523,-53.98,-58.384
13524,99.749,18.753
13525,-21.469,-72.177
13526,37.495,32.771
13527,-27.316,-77.749
13528,-27.233,-89.036
13529,16.004,-0.63877
13530,6.466,-32.786
13531,-92.06,-0.87293
13532,25.623,83.997
13533,77.922,42.322
13534,24.074,66.003
13535,-92.715,28.625
13536,-32.024,29.998
13537,5.9842,90.898
13538,-23.742,23.8
13539,52.733,-62.631
13540,-33.948,-33.81
13541,64.323,18.662
13542,-20.376,-83.908
13543,7.9863,-29.045
13544,-8.5344,-37.517
13545,-69.616,-27.786
13546,-118,39.607
13547,-9.7969,-36.236
13548,64.435,18.666
13549,44.814,87.971
13550,42.371,-57.164
13551,22.037,-1.0194
13552,-66.525,-10.617
13553,-25.62,31.241
13554,34.314,55.086
13555,8.5129,-54.718
13556,-18.546,49.706
13557,81.327,-32.693
13558,-8.5656,-35.708
13559,-12.01,-39.225
13560,43.081,-22.143
13561,-24.907,-87.264
13562,-6.9768,81.668
13563,7.4759,66.301
13564,-23.139,-9.4639
13565,-43.025,-33.933
13566,77.743,24.4
13567,60.388,-10.627
13568,57.008,35.231
13569,39.442,56.257
13570,39.65,54.808
13571,-31.87,36.592
13572,69.087,-60.084
13573,52.43,-32.656
13574,35.256,15.253
13575,11.736,75.378
13576,34.807,53.754
13577,-7.0068,-37.089
13578,9.6161,0.43765
13579,-56.156,-79.089
13580,25.695,61.83
13581,-45.595,27.295
13582,-58.637,-60.507
13583,-51.847,-12.96
13584,-65.032,-32.079
13585,-99.086,31.87
13586,-49.084,-51.519
13587,17.287,-1.3021
13588,-118.01,39.6
13589,43.184,83.58
13590,57.332,-9.5978
13591,31.676,52.82
13592,28.744,56.017
13593,18.489,-48.646
13594,-21.348,81.607
13595,-97.651,-2.6276
13596,-39.264,-93.267
13597,-12.62,-7.5562
13598,-79.59,38.561
13599,-79.326,48.615
13600,32.379,38.736
13601,48.194,-55.632
13602,-0.091641,-60.241
13603,-19.187,-60.845
13604,-17.961,-60.996
13605,40.074,39.215
13606,-43.087,-46.019
13607,45.899,85.5
13608,47.729,51.519
13609,22.007,69.18
13610,-60.773,64.433
13611,6.4488,73.96
13612,33.772,51.202
13613,63.11,14.393
13614,31.703,54.999
13615,-29.74,49.777
13616,-52.288,-7.0921
13617,3.5313,55.187
13618,-7.3243,-89.209
13619,9.6394,71.938
13620,-62.919,57.138
13621,34.854,33.97
13622,-119.09,39.694
13623,-51.703,1.6226
13624,-89.12,-18.209
13625,-6.7443,82.292
13626,-119.55,14.931
13627,47.836,48.458
13628,30.389,54.437
13629,15.815,1.8066
13630,-46.179,28.935
13631,-31.92,-62.035
13632,16.075,-6.4404
13633,-46.916,-23.204
13634,-41.776,-15.26
13635,-37.298,-73.409
13636,-15.193,-9.3028
13637,44.925,80.065
13638,55.495,46.815
13639,-49.592,25.752
13640,-49.957,28.811
13641,75.744,12.552
13642,-109.16,-8.6899
13643,-50.243,-30.886
13644,74.346,-57.994
13645,-23.541,-40.763
13646,16.233,71.692
13647,-53.688,-80.362
13648,-31.716,35.672
13649,6.6832,-82.359
13650,-33.655,-80.291
13651,-117.43,39.496
13652,22.069,94.011
13653,97.039,44.468
13654,66.579,-31.996
13655,42.345,88.243
13656,66.286,69.536
13657,46.438,72.39
13658,-10.96,-74.917
13659,3.6642,-13.543
13660,3.7886,-85.318
13661,-2.3486,71.922
13662,4.3292,63.866
13663,6.3412,77.63
13664,-5.0502,-39.189
13665,23.651,75.929
13666,-66.986,-14.705
13667,-16.142,74.179
13668,49.484,47.182
13669,23.558,52.003
13670,-25.551,38.23
13671,-74.879,-13.737
13672,76.85,25.011
13673,-102.98,21.27
13674,-68.877,15.986
13675,-33.061,42.776
13676,-55.056,-86.867
13677,-43.912,40.547
13678,9.3978,76.932
13679,-49.139,-12.595
13680,6.6697,-115.51
13681,-15.251,-1.6225
13682,66.268,27.275
13683,-50.676,84.844
13684,-64.062,23.046
13685,33.84,-10.216
13686,13.881,0.11932
13687,49.533,-58.436
13688,-26.816,-40.167
13689,-71.421,59.952
13690,-79.656,-67.161
13691,-60.2,-18.453
13692,-72.264,69.072
13693,-17.302,-29.536
13694,-37.527,-77.43
13695,-99.541,20.089
13696,57.537,-24.609
13697,4.2579,63.717
13698,75.3,13.497
13699,45.052,-18.863
13700,39.361,54.037
13701,-30.587,73.985
13702,21.813,74.863
13703,-33.48,-80.546
13704,-38.62,-28.32
13705,-33.026,-28.617
13706,-59.287,-22.069
13707,-38.816,-73.264
13708,55.378,33.792
13709,-12.122,-81.994
13710,22.335,-21.918
13711,2.0532,49.78
13712,-55.008,-91.251
13713,-3.0773,-28.594
13714,11.695,-41.078
13715,-71.438,49.538
13716,-19.962,-107.89
13717,2.6479,63.03
13718,-48.095,23.591
13719,-41.746,-31.647
13720,-117.96,39.332
13721,41.92,76.931
13722,17.359,-83.979
13723,-56.954,29.618
13724,91.229,-59.489
13725,-49.454,-26.99
13726,-25.121,45.869
13727,17.555,-7.895
13728,-48.566,30.645
13729,-13.452,36.576
13730,-73.244,-24.256
13731,9.7194,-39.14
13732,-37.9,-75.141
13733,86.239,-21.71
13734,48.27,41.85
13735,-16.695,-64.69
13736,1.9724,-84.204
13737,73.845,25.975
13738,38.492,39.226
13739,17.683,-1.3808
13740,46.532,9.7867
13741,36.516,43.548
13742,44.449,-13.238
13743,-34.68,23.33
13744,-26.061,-101.84
13745,-34.148,-69.198
13746,30.559,56.233
13747,54.706,61.998
13748,14.452,-35.945
13749,-56.666,-83.46
13750,1.6087,-15.35
13751,-47.652,74.528
13752,-12.355,-2.8635
13753,-19.961,-107.89
13754,67.134,25.131
13755,64.596,25.33
13756,31.142,49.932
13757,69.313,47.619
13758,-58.964,31.104
13759,41.319,-49.248
13760,-18.534,-68.949
13761,-20.481,-93.303
13762,12.758,-5.8731
13763,10.53,-4.5328
13764,-25.461,54.818
13765,-26.563,-91.973
13766,-104.51,18.367
13767,49.124,43.052
13768,-34.938,-30.03
13769,-59.084,-14.734
13770,-49.983,50.082
13771,-49.068,59.622
13772,-15.478,44.405
13773,-23.434,-84.056
13774,-1.247,71.998
13775,17.145,80.102
13776,-34.202,-27.592
13777,99.055,49.078
13778,53.659,-17.474
13779,-53.218,23.343
13780,59.266,-83.613
13781,33.74,17.78
13782,11.675,45.457
13783,-23.33,-78.883
13784,-71.651,-17.303
13785,-12.997,-75.951
13786,6.7341,-115.69
13787,6.3149,-115.59
13788,-5.7762,-43.639
13789,4.0073,78.116
13790,-52.022,-12.898
13791,-13.186,-29.175
13792,-22.354,83.18
13793,-9.2087,-71.585
13794,-55.253,-92.487
13795,-22.461,39.233
13796,-49.458,46.846
13797,28.934,79.552
13798,89.717,7.3684
13799,77.137,28.742
13800,46.973,83.683
13801,2.8349,-14.303
13802,54.384,51.062
13803,-50.704,23.788
13804,9.8925,-13.819
13805,6.4567,-115.43
13806,40.295,-7.6491
13807,-7.3918,83.343
13808,-42.116,-42.317
13809,-13.35,-68.367
13810,61.236,45.663
13811,60.312,-25.339
13812,10.677,46.488
13813,20.221,74.195
13814,-53.499,27.886
13815,-37.063,-72.693
13816,-5.4254,-102.65
13817,52.39,6.9495
13818,89.562,30.919
13819,62.083,51.406
13820,3.2152,-65.447
13821,19.908,36.321
13822,-8.1743,77.497
13823,-49.638,72.357
13824,-10.818,-0.16204
13825,21.926,-48.059
13826,54.367,12.883
13827,-51.071,46.717
13828,-10.722,-72.435
13829,-27.515,43.883
13830,96.176,-56.399
13831,16.013,-99.174
13832,75.341,48.681
13833,-61.315,-10.44
13834,48.61,42.135
13835,50.238,47.164
13836,-24.681,-19.634
13837,39.871,-59.782
13838,-46.966,-30.348
13839,-26.726,-92.261
13840,87.614,-42.822
13841,-21.372,-86.286
13842,-68.506,55.065
13843,-52.353,23.487
13844,-3.3595,80.113
13845,-119.56,14.932
13846,86.356,44.136
13847,28.99,-20.55
13848,-16.987,84.656
13849,50.967,52.847
13850,29.061,-19.924
13851,-31.482,35.329
13852,-50.353,26.545
13853,-34.61,-22.15
13854,-64.25,-30.305
13855,29.121,-3.4646
13856,-11.539,50.095
13857,32.115,-85.827
13858,25.431,-17.472
13859,-90.209,27.801
13860,-31.285,42.593
13861,-6.129,-3.7324
13862,97.749,54.398
13863,49.009,50.694
13864,-31.32,47.804
13865,94.728,-56.358
13866,9.4875,-10.423
13867,0.055156,80.381
13868,-51.307,28.131
13869,-52.422,-56.322
13870,17.817,-0.84711
13871,-53.001,-57.114
13872,-63.983,-27.32
13873,-49.769,25.775
13874,79.167,-31.921
13875,-2.5178,-15.048
13876,20.581,73.121
13877,27.199,13.472
13878,-7.5416,70.157
13879,6.6061,74.086
13880,93.296,-24.958
13881,91.193,33.558
13882,32.226,67.894
13883,47.362,52.006
13884,19.624,22.511
13885,19.042,75.34
13886,9.4166,-11.365
13887,-84.78,-30.717
13888,-27.453,-64.254
13889,45.872,-70.234
13890,42.525,76.068
13891,28.276,33.42
13892,-45.362,54.22
13893,-31.535,80.582
13894,86.476,-15.12
13895,37.192,37.821
13896,91.773,-59.94
13897,29.461,-44.07
13898,-38.84,31.275
13899,-10.074,-1.9651
13900,-50.822,-9.8739
13901,35.36,84.841
13902,-63.193,-77.813
13903,11.809,-23.953
13904,33.935,82.221
13905,16.178,-98.694
13906,82.776,33.018
13907,-31.2,-75.234
13908,66.488,31.205
13909,-34.162,65.182
13910,-13.937,-21.538
13911,15.706,1.2395
13912,9.9311,-46.193
13913,5.7275,-116.86
13914,-6.5116,-7.4674
13915,29.79,-83.902
13916,23.516,65.383
13917,-20.466,38.708
13918,-4.1879,82.089
13919,-70.435,-15.25
13920,-115.77,38.55
13921,67.45,53.401
13922,-18.293,-29.33
13923,17.211,-28.294
13924,27.143,13.433
13925,9.2094,59.005
13926,48.235,50.068
13927,-9.0013,97.822
13928,60.077,39.446
13929,-12.68,-1.4924
13930,-4.7017,100.98
13931,59.79,61.922
13932,44.603,12.396
13933,46.896,73.743
13934,23.358,97.882
13935,-24.718,-53.675
13936,93.502,-60.076
13937,-7.5303,80.278
13938,21.347,75.203
13939,-10.141,-94.253
13940,22.894,42.242
13941,-6.7179,74.736
13942,-36.644,56.449
13943,-9.0512,-74.471
13944,-36.544,-75.364
13945,21.21,75.064
13946,-118,39.63
13947,55.041,21.804
13948,42.017,47.199
13949,-36.809,54.017
13950,13.641,32.391
13951,9.104,61.124
13952,84.515,-37.409
13953,42.373,33.319
13954,-2.7594,68.163
13955,-70.365,8.3848
13956,-5.4913,38.159
13957,-55.254,53.782
13958,-73.557,52.74
13959,-57.18,29.39
13960,-50.201,-88.492
13961,-2.8156,88.945
13962,73.974,-40.976
13963,33.127,51.569
13964,60.973,-67.071
13965,69.119,54.556
13966,98.5,46.984
13967,-77.602,34.635
13968,84.621,42.981
13969,27.561,-53.258
13970,5.1703,76.769
13971,-41.423,-15.767
13972,-25.532,43.798
13973,-30.866,27.731
13974,-49.367,19.698
13975,-63.801,-29.506
13976,-12.984,-0.52886
13977,-55.313,-57.996
13978,51.919,-6.662
13979,-48.747,71.615
13980,2.5741,69.692
13981,5.2743,-12.001
13982,-39.775,-90.263
13983,48.63,-90.778
13984,-85.992,-25.761
13985,44.009,19.922
13986,-6.5886,-92.48
13987,6.0333,64.109
13988,-9.4429,-76.367
13989,24.39,-84.337
13990,-68.423,-79.503
13991,-31.015,54.702
13992,11.385,-25.181
13993,98.645,47.325
13994,6.3256,-115.69
13995,48.624,41.821
13996,-87.867,30.492
13997,23.873,76.082
13998,5.0012,63.596
13999,8.5171,-46.572
14000,-3.2469,-73.614
14001,17.039,72.318
14002,20.459,71.933
14003,-10.132,82.157
14004,-75.79,-11.666
14005,45.344,38.912
14006,-14.295,81.162
14007,-46.351,26.502
14008,9.5114,-11.41
14009,-26.163,53.971
14010,-53.103,-50.519
14011,-17.096,48.622
14012,-9.4847,-2.6448
14013,-34.258,47.329
14014,-8.8176,52.636
14015,3.599,-81.331
14016,-56.172,-79.103
14017,-13.57,-69.178
14018,-50.793,-51.13
14019,-70.162,33.89
14020,-117.64,39.767
14021,68.569,27.28
14022,-5.2596,-22.386
14023,-15.656,87.091
14024,-36.644,56.998
14025,-20.182,-25.203
14026,0.28583,-15.036
14027,-22.847,-78.414
14028,6.4716,61.738
14029,43.388,82.182
14030,-50.052,-28.564
14031,-1.6183,65.686
14032,-53.791,29.355
14033,74.194,1.6267
14034,48.263,-50.521
14035,-95.799,30.534
14036,-53.002,79.726
14037,75.729,-38.032
14038,-24.256,23.735
14039,-33.264,-59.767
14040,46.537,-16.018
14041,-23.457,-82.579
14042,30.116,57.738
14043,19.426,72.892
14044,5.1215,-29.599
14045,-5.5193,-1.0692
14046,41.824,79.186
14047,76.543,27.915
14048,40.366,81.662
14049,-33.234,87.389
14050,-7.5776,85.94
14051,15.101,68.18
14052,5.1128,-82.297
14053,6.7166,-81.012
14054,-12.611,-3.835
14055,-62.012,-85.798
14056,31.008,56.376
14057,-65.843,69.187
14058,-21.607,32.334
14059,37.844,40.852
14060,-34.525,-48.631
14061,-4.5285,79.992
14062,-34.28,-71.342
14063,7.628,-55.586
14064,76.861,43.34
14065,-8.9065,-9.4762
14066,64.279,-65.06
14067,52.319,12.346
14068,-70.095,70.561
14069,-11.3,49.864
14070,-13.441,-69.199
14071,49.218,52.735
14072,29.719,49.465
14073,33.079,47.038
14074,36.396,-51.854
14075,49.753,-90.147
14076,-38.106,-77.189
14077,-22.789,47.548
14078,-70.42,48.934
14079,-42.316,56.41
14080,23.655,65.615
14081,-0.10271,-14.788
14082,-23.672,81.172
14083,-36.621,-71.524
14084,-10.263,-93.677
14085,27.607,33.69
14086,-48.407,56.944
14087,53.171,51.297
14088,26.78,-31.473
14089,34.773,-6.2961
14090,-20.372,61.982
14091,-51.77,-15.464
14092,34.26,83.684
14093,-5.8315,80
14094,-117.62,39.24
14095,-22.824,-107.47
14096,37.327,72.614
14097,-32.324,-85.565
14098,9.36,-10.615
14099,5.8163,77.693
14100,-45.024,22.703
14101,3.1688,52.656
14102,-117.89,39.272
14103,-9.1762,-5.5325
14104,33.579,64.282
14105,49.76,43.793
14106,-4.1376,90.348
14107,38.881,-58.286
14108,32.096,41.29
14109,-58.041,67.571
14110,-62.587,31.15
14111,-27.55,-64.193
14112,5.0795,-115.63
14113,-74.34,-31.543
14114,41.104,75.915
14115,-1.5176,32.437
14116,5.4111,59.27
14117,30.273,22.384
14118,-56.388,-61.091
14119,-73.924,-74.61
14120,-7.3246,79.554
14121,-1.897,72.173
14122,-27.022,-78.249
14123,22.664,54.271
14124,-58.44,46.917
14125,-117.71,39.227
14126,-88.916,33.702
14127,54.275,33.523
14128,78.013,24.203
14129,55.809,42.489
14130,-3.9147,63.429
14131,23.812,81.016
14132,-39.112,-91.765
14133,-30.899,19.738
14134,-21.251,-60.117
14135,-9.7934,85.628
14136,-66.5,-18.818
14137,-71.587,-16.254
14138,-9.2437,-0.91446
14139,-78.822,-56.394
14140,77.659,28.708
14141,-24.78,12.077
14142,-1.6603,-59.314
14143,79.286,-11.253
14144,-46.279,-43.832
14145,-41.759,44.106
14146,13.94,-10.42
14147,-3.4273,80.187
14148,74.215,-50.47
14149,56.546,41.732
14150,82.719,33.162
14151,99.049,49.017
14152,10.404,74.318
14153,53.776,28.603
14154,-18.531,52.723
14155,-14.271,36.336
14156,81.3,-38.387
14157,-104.05,17.243
14158,66.114,53.124
14159,49.171,49.307
14160,44.289,81.091
14161,-52.529,28.388
14162,48.291,58.735
14163,-70.133,-18.358
14164,46.593,53
14165,2.5511,65.042
14166,-3.6467,82.223
14167,-7.5565,80.886
14168,-27.558,-64.553
14169,22.308,-25.676
14170,83.912,44.647
14171,75.956,28.526
14172,-29.996,49.449
14173,-13.479,69.479
14174,-22.719,79.697
14175,-36.77,33.413
14176,26.46,5.9201
14177,5.867,90.5
14178,68.99,-37.994
14179,33.036,46.425
14180,29.452,36.481
14181,61.367,54.647
14182,34.791,-50.026
14183,31.242,93.535
14184,-6.5542,25.731
14185,-8.9438,53.114
14186,-45.468,-75.99
14187,-31.032,68.152
14188,71.317,-15.745
14189,6.9538,72.069
14190,-70.41,-16.603
14191,7.3814,-76.052
14192,-40.836,73.233
14193,52.456,-89.19
14194,19.652,49.036
14195,-31.548,13.942
14196,2.9824,58.295
14197,54.577,31.745
14198,28.834,-53.309
14199,32.807,7.9608
14200,-22.969,38.451
14201,13.488,-39.319
14202,-52.64,24.002
14203,-31.879,-74.809
14204,45.686,7.467
14205,58.2,-23.129
14206,-39.078,-82.68
14207,-53.594,25.214
14208,23.915,74.217
14209,18.496,-34.89
14210,63.789,88.152
14211,-41.102,20.678
14212,1.9204,-31.158
14213,-1.4049,-48.969
14214,28.35,23.483
14215,28.964,-3.2656
14216,2.4242,61.023
14217,-9.4245,-0.5522
14218,-42.958,85.374
14219,43.287,-26.555
14220,-40.587,-40.997
14221,-12.469,76.897
14222,23.476,75.863
14223,-1.6817,73.192
14224,46.447,79.868
14225,-29.836,73.843
14226,-18.709,12.276
14227,-30.313,38.02
14228,37.576,-89.094
14229,18.792,-95.439
14230,6.9261,59.144
14231,37.715,1.2004
14232,11.448,46.089
14233,-46.373,-88.386
14234,20.83,-43.058
14235,24.299,47.116
14236,-35.803,-70.195
14237,-117.9,39.274
14238,-118,39.607
14239,-15.338,-6.6935
14240,96.828,55.989
14241,-32.486,-85.805
14242,-83.42,34.315
14243,-78.263,37.249
14244,33.27,12.113
14245,-13.931,86.039
14246,-11.739,-25.608
14247,100.69,-66.692
14248,26.091,37.775
14249,17.79,-51.058
14250,-73.773,52.936
14251,-85.203,30.321
14252,-29.551,95.287
14253,38.794,27.922
14254,-70.52,-27.173
14255,-70.293,59.01
14256,40.484,-44.578
14257,-51.684,-78.383
14258,-2.5431,-52.053
14259,74.214,52.047
14260,-19.962,-107.89
14261,-58.847,67.608
14262,12.385,-3.5146
14263,38.912,20.039
14264,14.742,-6.9738
14265,3.6997,-59.123
14266,-10.279,85.888
14267,9.4271,87.903
14268,21.539,72.085
14269,-88.42,20.603
14270,-116.42,39.624
14271,-73.96,-14.985
14272,51.326,26.426
14273,29.44,-22.161
14274,39.949,39.229
14275,-11.735,77.919
14276,4.3248,-13.499
14277,102.87,-56.326
14278,-16.443,87.041
14279,-118,39.63
14280,-82.479,36.82
14281,108.55,10.775
14282,-19.307,-0.72221
14283,44.929,23.289
14284,46.176,55.079
14285,20.9,-81.891
14286,33.003,-15.825
14287,21.295,-48.349
14288,10.74,78.055
14289,16.033,-11.19
14290,-20.426,88.525
14291,-28.067,45.748
14292,-21.934,-16.61
14293,22.68,-7.019
14294,-36.863,-76.553
14295,18.534,-2.0879
14296,-28.877,94.259
14297,-18.006,62.588
14298,35.19,85.152
14299,-25.629,36.975
14300,-52.814,18.798
14301,-23.739,77.8
14302,4.1349,-8.7419
14303,24.817,48.615
14304,14.077,-0.2831
14305,-117.43,39.496
14306,68.649,52.745
14307,-45.34,87.516
14308,59.746,55.052
14309,50.611,26.561
14310,-37.47,85.636
14311,-61.502,26.47
14312,15.165,51.777
14313,31.481,40.69
14314,-10.395,-73.358
14315,19.566,83.578
14316,65.641,-46.247
14317,-37.99,47.709
14318,32.771,35.693
14319,7.8215,-116.33
14320,-18.885,112.79
14321,53.802,33.565
14322,43.856,89.118
14323,78.985,28.192
14324,-52.471,23.705
14325,-55.823,-45.18
14326,45.659,-2.8251
14327,-52.028,-46.778
14328,-54.001,-59.549
14329,-11.154,-38.51
14330,-14.07,-93.916
14331,-20.112,-59.872
14332,-37.013,44.715
14333,-13.783,36.793
14334,-10.043,42.896
14335,-8.3076,-2.1377
14336,-7.4439,84.351
14337,-52.997,27.697
14338,50.315,53.71
14339,10.441,78.086
14340,33.949,43.435
14341,80.25,-12.912
14342,-30.722,28.806
14343,-53.377,-16.719
14344,-17.736,27.241
14345,-17.623,-61.069
14346,-4.2314,-72.819
14347,-5.0595,-45.325
14348,-23.196,-83.797
14349,-54.972,-10.695
14350,12.731,-0.79129
14351,-0.26343,100.76
14352,26.476,-16.204
14353,-3.8034,90.219
14354,59.887,28.005
14355,11.274,79.326
14356,50.369,47.125
14357,-27.689,-65.129
14358,41.016,-50.266
14359,-9.0504,79.216
14360,-117.62,39.238
14361,98.946,50.909
14362,-10.741,-37.006
14363,54.983,55.644
14364,-14.034,-65.527
14365,39.836,14.87
14366,28.627,-76.847
14367,19.811,73.148
14368,-118,39.602
14369,-102.92,32.149
14370,38.171,13.829
14371,-61.406,56.498
14372,34.023,91.208
14373,45.242,19.885
14374,31.881,-86.003
14375,-59.65,-11.425
14376,-4.7036,76.194
14377,-21.01,-60.054
14378,-43.604,59.097
14379,48.151,-90.802
14380,20.582,73.108
14381,-31.689,40.814
14382,68.859,62.659
14383,-117.52,41.332
14384,56.188,76.643
14385,9.086,-5.257
14386,44.213,54.54
14387,0.38522,73.079
14388,31.244,14.022
14389,13.452,-0.74059
14390,27.551,58.352
14391,-3.6596,-38.619
14392,-4.9247,82.005
14393,24.26,-16.565
14394,46.516,36.58
14395,-4.8276,102.08
14396,20.606,23.414
14397,43.523,45.269
14398,-35.197,-68.825
14399,34.806,86.236
14400,65.258,31.776
14401,-10.011,-63.858
14402,-28.409,-18.979
14403,-11.808,-87.183
14404,25.516,-93.25
14405,-36.957,45.685
14406,-55.694,52.111
14407,-1.8539,77.216
14408,-0.1482,-58.425
14409,-79.354,48.486
14410,-117.83,39.755
14411,-13.688,-32.773
14412,76.485,11.102
14413,-4.1869,19.961
14414,-71.184,36.74
14415,9.7416,40.288
14416,8.526,-116.69
14417,-37.541,-83.412
14418,98.549,52.564
14419,-31.852,-27.645
14420,55.261,49.25
14421,-21.544,31.686
14422,-12.702,34.985
14423,-1.95,75.975
14424,17.187,-0.81932
14425,58.777,-74.792
14426,-79.259,-53.476
14427,62.359,21.029
14428,38.861,54.369
14429,4.3499,-27.593
14430,-5.8592,-91.991
14431,-51.337,31.785
14432,41.089,-18.147
14433,-3.3817,50.893
14434,-74.831,-13.15
14435,-105.18,15.795
14436,20.763,84.912
14437,47.051,48.858
14438,-22.653,-90.037
14439,-4.6614,90.867
14440,-7.4839,70.085
14441,-46.441,28.955
14442,-19.361,-84.127
14443,10.989,77.815
14444,-4.6939,30.183
14445,-64.313,-3.7337
14446,-116.38,8.1095
14447,-31.049,57.374
14448,-28.625,-86.15
14449,-46.575,67.031
14450,20.768,69.205
14451,-13.94,36.637
14452,-22.239,42.763
14453,38.259,53.861
14454,-4.5316,-40.293
14455,-40.203,48.456
14456,-22.006,-14.66
14457,-26.356,-89.766
14458,-29.468,36.376
14459,29.578,-84.154
14460,-9.5452,58.003
14461,-16.631,29.066
14462,-56.848,26.958
14463,-13.402,-69.045
14464,-4.7867,101.54
14465,-27.278,-93.947
14466,-12.923,1.2375
14467,-65.863,15.82
14468,46.067,80.995
14469,3.0879,-59.804
14470,-23.021,-79.137
14471,-47.403,61.252
14472,-34.942,6.2019
14473,-34.88,6.4963
14474,-31.952,-62.02
14475,72.441,32.779
14476,83.056,-5.0906
14477,-63.506,-86.374
14478,26.442,-77.918
14479,-1.3673,69.974
14480,-0.54295,-15.392
14481,-19.979,85.5
14482,-0.74063,-14.949
14483,-24.457,46.134
14484,-4.4496,83.117
14485,-78.828,-60.416
14486,75.421,-79.077
14487,-5.4981,94.418
14488,25.203,68.91
14489,-41.937,41.989
14490,55.864,-7.4171
14491,-117.43,39.503
14492,15.327,2.2084
14493,35.414,-8.119
14494,31.967,42.124
14495,16.904,55.981
14496,51.501,-7.1785
14497,-13.391,-67.347
14498,-20.023,44.316
14499,-54.83,68.383
14500,91.584,-59.287
14501,-23.89,-84.936
14502,-21.626,-86.513
14503,-117.58,38.197
14504,99.059,49.122
14505,-116.42,39.664
14506,54.475,31.938
14507,48.244,53.259
14508,33.495,52.425
14509,25.955,61.778
14510,66.719,-46.356
14511,-51.56,46.173
14512,-3.6667,17.619
14513,-18.316,62.688
14514,54.421,71.707
14515,50.358,10.504
14516,-3.5894,-34.492
14517,-27.155,90.902
14518,42.738,14.529
14519,-28.359,-87.606
14520,-19.961,-107.89
14521,23.401,74.044
14522,37.573,35.482
14523,11.713,-48.826
14524,-21.829,-59.654
14525,-117.97,39.69
14526,-72.213,-54.147
14527,75.237,12.081
14528,11.054,47.663
14529,-59.339,-30.123
14530,21.561,-51.692
14531,-32.937,11.417
14532,-24.516,40.727
14533,94.927,-56.667
14534,36.747,53.775
14535,-41.212,84.337
14536,-5.837,-47.054
14537,-68.66,-79.168
14538,74.373,11.107
14539,-36.758,-75.982
14540,-28.183,43.104
14541,-3.5075,74.604
14542,13.608,34.574
14543,39.559,54.12
14544,-24.164,41.427
14545,-72.297,-6.6078
14546,-117.62,39.239
14547,98.214,21.281
14548,91.937,61.822
14549,-14.334,44.251
14550,74.609,54.548
14551,6.9548,-27.21
14552,21.379,-42.706
14553,-21.607,-25.101
14554,60.759,40.408
14555,-32.947,-64.685
14556,4.7234,97.518
14557,60.883,0.41552
14558,7.8129,-10.525
14559,29.052,48.485
14560,-17.559,77.116
14561,21.625,72.25
14562,6.0714,-114.26
14563,-72.708,15.82
14564,13.25,31.018
14565,28.258,42.632
14566,-60.505,-78.88
14567,-10.667,-77.602
14568,43.305,4.2276
14569,-34.836,39.486
14570,16.252,-1.1304
14571,58.555,45.763
14572,53.324,-70.089
14573,-20.671,-106.79
14574,8.3457,-12.982
14575,-1.2092,70.176
14576,34.716,79.474
14577,-36.76,38.313
14578,-54.52,-46.366
14579,66.955,58.049
14580,17.628,48.028
14581,40.85,35.83
14582,41.702,46.142
14583,-11.515,1.0185
14584,-82.955,-40.723
14585,-22.389,87.104
14586,12.491,72.29
14587,15.797,0.10426
14588,-117.77,40.843
14589,67.269,53.902
14590,-25.94,-52.437
14591,58.63,-32.006
14592,32.396,19.048
14593,25.526,53.176
14594,1.1856,62.03
14595,-40.935,63.998
14596,56.141,-47.845
14597,90.288,35.093
14598,30.986,89.604
14599,29.055,49.067
14600,-48.901,74.445
14601,-35.052,59.421
14602,-53.951,65.049
14603,-33.821,-80.367
14604,66.05,29.241
14605,24.198,87.983
14606,-32.247,29.716
14607,52.93,-9.4933
14608,-32.019,69.633
14609,-61.092,-79.268
14610,-6.0142,79.882
14611,-27.127,53.33
14612,-31.897,47.251
14613,80.57,-0.60307
14614,-103.08,25.926
14615,-38.69,-73.638
14616,-69.208,39.06
14617,-58.995,-33.732
14618,15.472,-98.881
14619,-31.848,13.665
14620,-29.729,30.602
14621,-19.798,63.797
14622,100.35,-65.709
14623,-32.336,-81.722
14624,-45.637,83.387
14625,6.78,25.13
14626,69.594,52.878
14627,-32.099,22.292
14628,49.846,23.988
14629,72.767,-13.014
14630,10.578,77.989
14631,33.232,6.4835
14632,-31.986,69.927
14633,38.778,49.067
14634,17.124,-29.338
14635,68.397,-45.911
14636,-24.753,-99.81
14637,-42.145,13.01
14638,36.011,43.944
14639,28.323,53.71
14640,9.6328,-3.3526
14641,-2.8814,-13.725
14642,33.438,-64.693
14643,-65.592,-83.059
14644,31.705,0.96541
14645,5.8743,-46.525
14646,-27.053,-78.181
14647,-59.038,56.038
14648,-24.386,38.311
14649,35.374,44.623
14650,-118.02,39.61
14651,35.354,44.721
14652,-61.008,29.535
14653,-13.804,36.758
14654,-12.955,57.457
14655,-61.335,72.263
14656,-49.708,48.017
14657,79.101,50.105
14658,50.965,-3.2217
14659,29.407,40.458
14660,-55.804,-11.872
14661,-89.308,18.806
14662,77.166,10.767
14663,15.347,-63.716
14664,-77.892,-70.963
14665,93.02,-59.413
14666,50.355,4.0398
14667,47.315,21.8
14668,29.176,15.612
14669,-71.694,-17.425
14670,-117.57,39.74
14671,-14.29,44.255
14672,42.121,87.379
14673,-104.78,-14.538
14674,-25.883,82.482
14675,54.766,5.6363
14676,41.818,20.611
14677,35.814,14.783
14678,-70.665,-16.641
14679,-29.162,36.155
14680,6.0039,90.829
14681,-61.43,-10.24
14682,25.481,62.023
14683,16.143,50.338
14684,78.541,42.178
14685,3.9306,60.064
14686,-36.13,32.68
14687,-45.49,45.817
14688,-117.57,39.738
14689,96.703,44.822
14690,43.25,-5.6001
14691,36.815,-93.302
14692,27.933,29.056
14693,-67.59,-14.401
14694,-55.186,64.594
14695,-52.857,-79.353
14696,35.203,-81.718
14697,-8.2498,-69.201
14698,71.408,-35.873
14699,-31.233,93.198
14700,59.304,-24.902
14701,-2.3761,72.583
14702,95.491,57.834
14703,27.336,58.548
14704,-57.327,-72.74
14705,-7.7517,34.982
14706,-6.5139,-49.911
14707,57.295,-55.47
14708,-11.008,1.801
14709,-27.691,-61.525
14710,-54.114,72.181
14711,-31.047,41.797
14712,-12.857,0.6886
14713,-117.43,39.497
14714,-1.8718,-46.589
14715,44.991,31.469
14716,-12.395,33.998
14717,-58.782,47.54
14718,31.409,50.429
14719,-35.773,-70.757
14720,35.765,27.931
14721,-19.115,48.829
14722,-54.365,-57.755
14723,-2.2484,72.355
14724,-32.665,73.202
14725,-37.151,-71.396
14726,33.896,23.264
14727,34.28,-86.643
14728,66.467,53.555
14729,53.26,77.39
14730,44.43,82.155
14731,34.073,55.86
14732,-7.2022,-41.805
14733,5.5952,-39.96
14734,-27.485,43.97
14735,-55.542,-11.417
14736,47.684,49.206
14737,-117.59,39.745
14738,-117.58,39.745
14739,-117.62,39.76
14740,-71.524,-77.549
14741,31.81,54.671
14742,49.1,47.218
14743,12.477,-46.727
14744,-25.796,56.316
14745,6.7182,-114.19
14746,38.943,54.409
14747,5.3227,90.078
14748,17.063,37.706
14749,0.11176,62.101
14750,43.252,37.516
14751,6.124,98.056
14752,-19.183,34.74
14753,53.122,51.166
14754,-19.058,17.817
14755,-32.084,93.187
14756,-35.121,34.013
14757,45.367,-33.498
14758,-8.6141,-85.09
14759,-105.45,18.097
14760,-13.306,94.725
14761,23.491,76.448
14762,-3.4423,61.314
14763,-62.914,21.679
14764,-21.451,-78.536
14765,76.232,-30.768
14766,25.542,61.969
14767,-12.048,83.119
14768,18.991,74.777
14769,-55.209,17.56
14770,-29.889,49.429
14771,97.465,45.439
14772,-26.856,48.358
14773,-2.6135,42.849
14774,13.852,-3.8107
14775,40.607,-58.4
14776,-4.8392,-43.589
14777,-34.077,56.581
14778,-46.963,40.936
14779,-1.5313,72.044
14780,-9.3165,84.878
14781,99.855,-66.914
14782,-53.858,25.347
14783,56.585,-49.317
14784,-10.583,-41.417
14785,-60.835,74.704
14786,-7.9361,74.71
14787,-39.677,43.354
14788,101.46,-56.968
14789,-65.903,15.223
14790,18.35,47.305
14791,29.11,-30.643
14792,33.537,76.123
14793,-2.0262,-55.599
14794,-33.211,33.622
14795,-47.036,64.634
14796,51.027,-29.382
14797,7.9274,-115.98
14798,33.784,-80.695
14799,-53.874,23.608
14800,6.8701,91.662
14801,16.344,-0.45009
14802,24.217,-46.754
14803,-26.661,-8.821
14804,-66.069,69.342
14805,-13.02,86.622
14806,48.668,-61.669
14807,5.4361,-114.65
14808,-11.103,-2.7433
14809,65.223,65.154
14810,-0.27771,-58.837
14811,29.293,56.656
14812,-47.937,39.563
14813,91.364,-57.326
14814,-34.435,39.811
14815,25.062,47.29
14816,-13.023,-45.506
14817,-28.858,4.7645
14818,-17.976,-86.788
14819,-62.94,22.19
14820,54.919,-16.983
14821,22.37,69.052
14822,50.729,-74.221
14823,32.889,52.352
14824,-31.536,47.26
14825,49.914,-65.543
14826,-5.4074,-38.461
14827,38.066,41.233
14828,-40.01,-63.013
14829,-60.199,51.542
14830,-45.781,27.263
14831,-34.583,-68.938
14832,-69.482,50.93
14833,30.683,53.977
14834,-9.7775,-36.433
14835,-51.88,2.7208
14836,-51.366,26.082
14837,22.714,66.717
14838,-39.551,55.821
14839,-45.245,-58.876
14840,91.023,34.262
14841,46.657,48.959
14842,8.785,-48.601
14843,46.457,-65.983
14844,47.535,51.745
14845,59.332,-18.486
14846,-64.945,18.882
14847,7.2365,73.674
14848,-19.962,-107.89
14849,8.0275,-80.736
14850,30.809,42.902
14851,42.348,-4.7031
14852,84.812,-4.4302
14853,-23.263,-78.8
14854,-31.453,41.585
14855,46.427,51.469
14856,13.728,-59.371
14857,43.185,84.842
14858,11.626,-55.819
14859,86.045,-13.758
14860,-3.4136,49.107
14861,43.292,3.5986
14862,11.825,-7.9354
14863,-32.466,22.344
14864,30.147,-33.711
14865,29.654,55.909
14866,-42.842,12.685
14867,27.456,-67.46
14868,-11.115,-2.6675
14869,39.096,1.6243
14870,8.2564,52.852
14871,-40.954,67.35
14872,40.619,53.585
14873,-29.02,-92.26
14874,-66.954,60.109
14875,-25.152,53.094
14876,-2.182,-26.033
14877,-79.219,38.916
14878,-119.55,14.931
14879,49.355,-53.162
14880,-5.1377,17.291
14881,-21.839,-83.338
14882,-34.102,92.741
14883,-15.687,-65.624
14884,12.377,-59.1
14885,-104.28,18.27
14886,-86.99,31.181
14887,34.596,50.073
14888,-66.124,15.033
14889,-53.082,27.044
14890,30.769,42.247
14891,-19.644,33.522
14892,-4.164,51.957
14893,-58.755,-8.7352
14894,6.0328,90.509
14895,39.329,55.045
14896,-73.387,-23.742
14897,-118.79,38.674
14898,-50.404,23.575
14899,36.095,-10.257
14900,-46.897,-30.435
14901,-50.799,31.352
14902,-43.533,-6.0085
14903,-28.51,3.6593
14904,-59.46,53.922
14905,-37.021,70.017
14906,66.633,-61.787
14907,19.302,70.954
14908,100.1,-65.954
14909,92.392,26.07
14910,42.128,-6.523
14911,74.839,50.661
14912,-54.49,63.031
14913,93.926,22.389
14914,24.075,71.057
14915,17.623,-1.5579
14916,-33.902,16.418
14917,-78.788,-60.225
14918,-73.343,-23.879
14919,47.459,52.571
14920,31.401,12.406
14921,16.85,-46.312
14922,-8.6509,43.682
14923,73.893,85.683
14924,90.647,35.361
14925,22.589,42.028
14926,46.683,53.598
14927,-12.222,38.499
14928,-19.778,80.025
14929,-1.0712,-59.841
14930,-11.687,77.145
14931,63.733,7.546
14932,47.866,39.81
14933,-25.336,40.465
14934,-9.569,86.166
14935,-1.1172,72.078
14936,-22.7,-80.875
14937,16.285,-24.161
14938,-12.035,-52.75
14939,58.552,7.2017
14940,92.179,25.88
14941,-49.921,28.641
14942,-42.97,-89.939
14943,33.145,-42.054
14944,-13.47,42.871
14945,62.498,41.785
14946,15.323,-61.925
14947,6.6078,-117.05
14948,35.534,84.568
14949,43.17,-26.514
14950,-31.645,-74.607
14951,-2.787,52.982
14952,22.474,-41.564
14953,-54.898,-91.566
14954,25.271,-44.964
14955,-23.545,46.247
14956,76.122,10.095
14957,44.254,-85.779
14958,6.5551,-115.85
14959,76.108,48.081
14960,37.476,39.382
14961,-74.228,-10.801
14962,-53.823,-0.97571
14963,52.023,-8.4112
14964,-13.018,-53.173
14965,-29.176,46.148
14966,-15.342,50.664
14967,43.007,84.417
14968,40.127,-64.146
14969,38.705,-5.9893
14970,-19.113,53.772
14971,-67.535,39.738
14972,16.641,-62.024
14973,-11.09,-2.7635
14974,-103.09,25.91
14975,-104.58,29.917
14976,3.3096,57.149
14977,-8.1571,48.17
14978,29.009,-83.309
14979,-117.92,39.299
14980,-64.135,-30.08
14981,16.285,-13.45
14982,43.135,75.988
14983,-71.189,-24.358
14984,-18.652,-60.608
14985,-37.415,38.011
14986,24.075,-53.915
14987,-47.105,86.692
14988,16.86,72.032
14989,-49.477,45.369
14990,71.157,18.901
14991,6.244,84.609
14992,10.229,-13.075
14993,-8.5697,-26.893
14994,-24.891,41.701
14995,-52.903,26.334
14996,-24.754,53.078
14997,-45.234,43.197
14998,-39.71,83.508
14999,32.824,-70.706
15000,-54.764,-91.406
15001,-36.935,27.387
15002,28.133,57.697
15003,-49.875,70.699
15004,32.395,13.153
15005,5.2032,-116.29
15006,82.898,43.816
15007,64.424,66.23
15008,-52.707,29.46
15009,31.79,12.518
15010,7.6182,-11.39
15011,-3.9541,82.527
15012,42.185,-0.77203
15013,28.011,-0.72091
15014,21.926,-65.166
15015,57.367,31.775
15016,58.051,54.148
15017,-42.908,57.034
15018,-54.49,-21.642
15019,-79.328,48.615
15020,-90.378,22.79
15021,54.738,41.87
15022,-12.864,38.799
15023,40.605,4.8279
15024,74.236,-9.4167
15025,21.836,-36.745
15026,24.978,28.821
15027,51.904,-19.935
15028,-25.747,52.989
15029,-48.329,-16.09
15030,29.405,-0.83548
15031,-35.386,38.776
15032,-18.711,-61.636
15033,-5.7522,102.95
15034,37.207,-79.459
15035,44.744,24.067
15036,-35.278,-69.925
15037,-117.5,39.321
15038,79.277,50.646
15039,41.027,53.5
15040,-53.844,25.633
15041,-25.802,-18.41
15042,-12.662,-54.617
15043,65.629,28.592
15044,23.878,76.783
15045,-53.369,-79.536
15046,49.607,-62.702
15047,35.967,-34.05
15048,15.639,56.752
15049,-53.373,18.021
15050,100.69,-67.465
15051,36.224,-5.0548
15052,11.244,-35.785
15053,43.581,-58.064
15054,8.7257,87.986
15055,0.27602,-56.978
15056,68.582,27.338
15057,-11.067,-2.8092
15058,81.979,-35.75
15059,51.851,38.799
15060,-105.57,18.02
15061,58.491,40.631
15062,42.502,37.781
15063,-19.971,-60.071
15064,-83.202,18.195
15065,29.616,-60.953
15066,43.389,-47.575
15067,-57.896,45.228
15068,6.3017,-115.64
15069,64.731,66.921
15070,62.73,63.954
15071,-70.121,-23.151
15072,37.119,58.333
15073,-15.741,-28.124
15074,-53.633,28.125
15075,-59.802,27.66
15076,22.119,74.267
15077,-21.759,83.918
15078,5.6215,43.661
15079,-117.92,39.294
15080,-88.108,27.794
15081,-45.157,-82.556
15082,66.618,-31.897
15083,-51.199,69.848
15084,27.501,55.15
15085,-3.6944,-94.384
15086,-12.16,-1.9731
15087,46.142,48.546
15088,25.848,37.532
15089,-22.526,-88.922
15090,24.332,46.613
15091,-54.65,-33.82
15092,-41.445,84.423
15093,-23.252,56.744
15094,-31.258,42.037
15095,48.104,-66.87
15096,41.568,-70.64
15097,-78.091,49.711
15098,-7.7946,0.42662
15099,29.022,50.272
15100,-0.58077,98.844
15101,-1.8699,58.297
15102,-23.86,-78.834
15103,-21.03,16.77
15104,-53.121,-59.532
15105,-77.42,60.87
15106,33.355,14.636
15107,36.339,38.203
15108,11.981,74.779
15109,-22.946,89.697
15110,-18.392,88.147
15111,-46.09,44.97
15112,10.758,-35.754
15113,11.388,-35.589
15114,-28.142,42.679
15115,-53.389,-88.876
15116,91.683,-57.588
15117,21.496,-64.452
15118,-117.65,39.233
15119,-26.491,-99.17
15120,45.344,23.875
15121,-28.416,90.01
15122,-53.376,27.713
15123,48.51,-61.424
15124,54.214,32.606
15125,58.007,74.594
15126,-70.547,34.213
15127,4.649,-59.048
15128,-57.61,-6.8903
15129,-26.985,44.679
15130,43.878,87.674
15131,74.992,-34.985
15132,26.771,55.897
15133,-18.242,-105.78
15134,41.146,-65.124
15135,-59.214,-6.0345
15136,-39.016,32.008
15137,15.64,72.986
15138,-117.2,40.739
15139,-106.3,17.048
15140,-83.495,36.787
15141,51.094,24.34
15142,34.164,-18.968
15143,11.38,-10.28
15144,6.9549,91.404
15145,-52.258,73.865
15146,10.639,-0.9724
15147,-25.953,45.529
15148,18.259,-10.552
15149,-7.6759,80.148
15150,-118.51,40.613
15151,-119.58,14.941
15152,68.034,45.355
15153,27.097,-93.125
15154,22.691,74.997
15155,9.1059,-11.674
15156,-21.741,35.117
15157,-56.469,-16.041
15158,-37.776,49.263
15159,65.686,-44.818
15160,22.482,72.041
15161,-4.381,-88.961
15162,54.358,-72.628
15163,-7.5971,-0.37998
15164,-11.179,-7.3114
15165,78.032,48.414
15166,-3.3446,61.053
15167,-40.877,68.595
15168,-38.484,44.701
15169,43.703,28.593
15170,-7.9156,-3.5753
15171,77.236,42.602
15172,10.48,-12.99
15173,-5.4098,-35.232
15174,-58.482,-17.424
15175,-11.731,77.316
15176,29.656,-64.559
15177,67.374,24.587
15178,-6.7864,90.721
15179,51.628,51.604
15180,-80.333,-41.776
15181,46.945,-67.852
15182,6.6397,-115.46
15183,-54.077,-59.316
15184,0.88351,0.85997
15185,10.738,-35.502
15186,-13.189,78.126
15187,-30.337,40.573
15188,-58.666,56.386
15189,-55.076,-58.221
15190,-69.191,51.521
15191,83.238,-5.3647
15192,28.829,-51.45
15193,55.749,-47.76
15194,-79.325,47.401
15195,-2.667,73.242
15196,48.197,-67.464
15197,-17.257,-0.046831
15198,-19.59,-7.1943
15199,-103.03,21.149
15200,69.466,26.491
15201,41.502,87.005
15202,66.246,62.026
15203,3.8626,-49.049
15204,-55.307,20.894
15205,25.355,46.188
15206,-55.278,-92.388
15207,47.14,83.709
15208,-80.436,-9.2511
15209,-33.37,44.111
15210,2.8204,-20.029
15211,-118.33,40.723
15212,23.844,-44.784
15213,-53.815,-59.767
15214,-23.758,87.296
15215,28.51,-23.872
15216,-105.46,15.577
15217,-21.965,84.156
15218,23.824,-44.863
15219,93.309,-59.34
15220,-25.572,34.275
15221,15.594,-60.462
15222,-10.061,-1.9847
15223,-97.788,24.331
15224,19.943,82.066
15225,70.547,31.149
15226,32.714,47.482
15227,32.78,75.462
15228,16.623,50.382
15229,35.508,8.9997
15230,11.078,-19.485
15231,12.098,-1.0685
15232,-9.6373,83.143
15233,-6.6496,81.639
15234,-15.421,44.35
15235,-117.43,39.496
15236,84.822,38.909
15237,32.492,14.051
15238,-71.726,62.505
15239,52.639,52.276
15240,-13.218,10.639
15241,-6.4355,-85.356
15242,-24.343,-93.097
15243,-43.389,16.165
15244,77.218,10.984
15245,-34.923,29.048
15246,57.375,-48.056
15247,-79.354,48.485
15248,-56.775,-59.961
15249,56.989,-11.46
15250,-18.782,50.485
15251,-11.414,50.653
15252,-11.008,-63.604
15253,-37.034,44.284
15254,-3.6956,31.971
15255,-117.72,39.227
15256,41.374,38.597
15257,42.89,84.779
15258,13.231,-5.6569
15259,0.91335,39.253
15260,47.706,80.547
15261,11.045,7.5546
15262,6.7149,-115.67
15263,-87.001,-41.307
15264,-42.561,42.519
15265,-105.46,17.898
15266,-10.601,-79.929
15267,-54.825,72.377
15268,30.54,13.744
15269,-15.548,51.079
15270,35.738,-11.431
15271,50.056,3.7012
15272,72.536,-5.0371
15273,-32.862,33.292
15274,-7.6814,85.75
15275,76.211,11.624
15276,-117.59,39.748
15277,-117.44,39.542
15278,6.6115,-115.44
15279,-0.65884,-54.75
15280,74.49,-80.787
15281,10.081,64.444
15282,-72.987,60.344
15283,31.849,92.334
15284,-2.9894,-13.58
15285,21.399,-62.204
15286,-117.59,39.749
15287,-55.121,-58.822
15288,12.618,-18.33
15289,-86.418,23.202
15290,-28.157,-66.568
15291,20.334,53.106
15292,51.354,13.107
15293,-39.09,86.306
15294,1.0615,60.444
15295,-39.3,14.065
15296,-56.897,45.07
15297,-46.316,-86.976
15298,-26.868,-77.442
15299,24.766,-63.23
15300,-9.4682,4.3441
15301,40.563,89.37
15302,21.379,88.532
15303,-11.767,83.982
15304,25.848,79.496
15305,9.7177,-3.2614
15306,-55.744,52.009
15307,75.216,87.73
15308,37.599,-63.504
15309,-28.108,-82.346
15310,2.7771,62.189
15311,7.1868,89.055
15312,-5.4701,-71.998
15313,35.483,-8.6505
15314,-45.217,36.685
15315,9.8544,-3.037
15316,-7.9153,30.258
15317,-7.0169,0.7953
15318,6.3034,-115.63
15319,28.108,96.66
15320,-6.7559,60.627
15321,-30.868,41.183
15322,-20.595,84.943
15323,6.5513,-115.86
15324,-79.068,35.733
15325,37.326,16.487
15326,11.262,84.608
15327,-21.015,82.487
15328,78.641,-53.474
15329,20.034,84.734
15330,-116.45,39.172
15331,76.839,29.264
15332,-36.934,24.065
15333,40.149,12.813
15334,28.039,18.799
15335,-1.6797,73.295
15336,24.275,-65.692
15337,-68.031,51.854
15338,72.276,33.226
15339,-84.905,-5.8439
15340,64.464,66.797
15341,28.544,-3.4476
15342,-63.438,21.98
15343,-49.666,-12.922
15344,-36.39,-18.191
15345,70.129,51.407
15346,-41.319,84.398
15347,43.381,28.408
15348,-33.278,-72.073
15349,27.442,-47.734
15350,-115.18,40.474
15351,79.227,42.347
15352,21.9,73.235
15353,-23.719,56.605
15354,-102.83,-5.3394
15355,15.254,-61.889
15356,97.99,46.048
15357,96.221,19.285
15358,-25.373,-79.526
15359,-57.64,75.316
15360,39.436,54.114
15361,-29.14,30.303
15362,10.652,-37.252
15363,-10.043,77.287
15364,-117.44,39.551
15365,-7.6266,91.556
15366,55.796,-2.4431
15367,99.527,-64.622
15368,-9.5891,-8.5422
15369,50.741,73.664
15370,-25.327,67.494
15371,59.204,-17.453
15372,6.1557,90.349
15373,-119.1,39.511
15374,-8.3177,-11.637
15375,33.159,54.971
15376,-61.155,-13.752
15377,0.44723,63.36
15378,26.453,20.335
15379,-66.943,59.068
15380,-47.142,59.833
15381,-40.254,34.47
15382,-118,39.605
15383,-19.961,-107.89
15384,-52.795,-57.323
15385,-33.449,-80.33
15386,34.065,-5.2538
15387,74.854,-31.669
15388,10.582,90.457
15389,33.575,75.617
15390,-11.803,101.81
15391,36.584,-52.819
15392,36.503,43.437
15393,-56.715,-80.137
15394,-34.037,15.24
15395,21.15,-51.391
15396,-48.196,59.228
15397,-4.2272,23.277
15398,47.344,-64.118
15399,-80.196,62.197
15400,-61.769,49.968
15401,-55.329,13.719
15402,35.651,13.571
15403,19.072,74.722
15404,-13.456,68.015
15405,-44.922,44.196
15406,-51.861,19.62
15407,69.471,26.488
15408,62.655,55.574
15409,11.58,-10.874
15410,-27.029,-77.419
15411,57.056,15.78
15412,28.441,4.236
15413,-59.128,-15.268
15414,21.441,72.248
15415,9.9035,-10.152
15416,-10.483,-1.5191
15417,-6.5749,4.2154
15418,-47.271,66.782
15419,-22.959,82.139
15420,-3.0068,-13.562
15421,7.9788,-115.54
15422,88.046,-15.069
15423,67.449,-63.803
15424,28.077,46.714
15425,-28.854,26.215
15426,10.747,-37.504
15427,-16.899,84.729
15428,-8.6179,-6.0422
15429,-13.14,-5.4815
15430,-6.815,76.148
15431,-117.98,39.646
15432,42.444,44.927
15433,45.66,86.068
15434,-6.3266,-85.336
15435,-29.91,95.737
15436,56.328,76.048
15437,15.636,-52.568
15438,-31.856,-75.349
15439,-12.129,-1.8141
15440,-32.986,89.128
15441,-58.113,66.64
15442,44.499,-0.072335
15443,-24.026,40.496
15444,4.7774,-57.075
15445,-6.9747,-37.403
15446,5.5894,-113.79
15447,41.438,73.575
15448,20.335,53.166
15449,28.248,-0.57052
15450,-45.215,36.173
15451,-7.1452,81.964
15452,-8.5831,-3.2974
15453,-78.085,49.714
15454,-5.0003,0.016448
15455,-20.734,9.2483
15456,-105.47,14.167
15457,-8.1384,48.298
15458,-25.291,22.03
15459,28.537,6.4131
15460,-34.045,43.857
15461,-39.01,29.235
15462,-23.183,35.244
15463,-23.615,36.048
15464,21.651,72.96
15465,-8.4788,0.77829
15466,74.651,13.983
15467,9.6567,72.264
15468,-5.0675,89.972
15469,-18.784,7.0076
15470,-23.201,40.593
15471,-46.716,38.324
15472,99.007,-59.725
15473,-14.445,-6.372
15474,-12.339,43.161
15475,-13.189,-2.2668
15476,88.849,46.116
15477,0.56674,58.677
15478,-58.88,29.275
15479,-11.272,-5.892
15480,-78.087,49.708
15481,77.781,-31.407
15482,55.487,-87.236
15483,-47.957,63.095
15484,29.422,56.26
15485,-24.714,-99.35
15486,-41.944,-91.757
15487,86.807,36.153
15488,33.589,55.187
15489,-25.433,-99.81
15490,16.626,82.789
15491,-2.5245,73.123
15492,-59.255,28.086
15493,33.906,-11.558
15494,-0.9859,84.075
15495,-36.178,32.828
15496,-14.874,38.187
15497,-18.822,-61.377
15498,-49.268,25.651
15499,-18.467,32.842
15500,46.758,71.771
15501,-94.485,-8.7896
15502,-88.034,25.485
15503,91.547,27.173
15504,-25.481,46.898
15505,65.922,69.021
15506,40.474,54.454
15507,-87.53,-12.99
15508,-78.091,49.709
15509,-53.8,-1.1162
15510,-5.1433,89.984
15511,-46.488,25.97
15512,-2.8125,83.403
15513,-11.387,44.782
15514,36.867,-79.844
15515,45.428,-67
15516,9.3099,59.192
15517,41.115,70.385
15518,40.426,8.0995
15519,9.4968,-11.665
15520,-2.8911,35.497
15521,-57.53,-7.7048
15522,-21.218,-60.003
15523,0.28564,74.287
15524,-87.517,-42.089
15525,-58.584,36.594
15526,-37.758,31.915
15527,5.3884,-114.66
15528,44.975,50.534
15529,-33.921,-80.41
15530,-21.736,-86.363
15531,48.819,-81.294
15532,-6.6821,-52.815
15533,-48.513,48.273
15534,-33.613,-69.272
15535,-14.025,-2.0426
15536,-117.43,39.498
15537,-103.63,29.524
15538,53.124,32.117
15539,-49.842,-87.343
15540,-7.4154,70.352
15541,-15.927,15.287
15542,46.714,36.574
15543,-23.655,41.921
15544,56.62,-55.744
15545,96.879,-57.98
15546,-117.64,39.235
15547,-20.084,-0.92832
15548,-7.9914,-3.8812
15549,-32.008,-86.856
15550,25.461,62.051
15551,-31.876,40.447
15552,26.759,9.4088
15553,-117.93,39.294
15554,-57.318,15.385
15555,31.223,19.548
15556,28.6,48.286
15557,-56.294,-9.6955
15558,-67.784,-77.345
15559,-44.368,-30.112
15560,-54.119,26.199
15561,20.803,83.024
15562,39.161,18.707
15563,-45.878,39.665
15564,-74.996,31.629
15565,71.558,-10.949
15566,5.1974,-115.06
15567,-11.547,-80.292
15568,-62.326,50.221
15569,-74.366,-18.638
15570,10.461,-41.427
15571,-7.2427,74.75
15572,-9.8983,-3.0551
15573,-118.31,38.265
15574,44.383,82.738
15575,56.324,35.215
15576,12.936,74.935
15577,-56.065,27.8
15578,13.91,-20.081
15579,2.289,-10.888
15580,40.43,36.936
15581,75.908,28.234
15582,71.219,31.231
15583,58.796,62.568
15584,46.048,7.511
15585,56.566,43.725
15586,-42.906,22.255
15587,-117.62,39.761
15588,-55.099,-57.977
15589,-48.103,40.559
15590,-46.541,-89.249
15591,-51.746,27.35
15592,-31.155,55.447
15593,68.134,-13.04
15594,-117.84,39.249
15595,55.746,63.721
15596,52.841,12.072
15597,-39.386,38.367
15598,11.856,-35.603
15599,27.011,-83.54
15600,-10.371,-4.5817
15601,-99.598,28.911
15602,42.869,83.84
15603,27.028,96.316
15604,-30.71,42.963
15605,-81.235,-40.951
15606,-67.018,59.917
15607,-104.59,-12.689
15608,-101.57,19.916
15609,4.1095,63.41
15610,10.157,-39.353
15611,-25.79,29.133
15612,-32.588,-85.89
15613,-49.177,63.564
15614,33.756,91.144
15615,7.1609,92.097
15616,-34.334,-71.611
15617,12.942,-35.539
15618,-28.887,-57.921
15619,-9.0087,-0.64634
15620,77.006,10.982
15621,-1.7441,71.761
15622,3.1662,-77.119
15623,-24.622,8.6653
15624,-77.999,33.444
15625,1.4474,-85.736
15626,64.706,-42.748
15627,29.698,-86.774
15628,-27.509,43.299
15629,81.873,-8.1045
15630,99.065,49.852
15631,49.058,41.796
15632,39.326,38.137
15633,91.388,-67.073
15634,-10.35,100.78
15635,-38.441,-62.501
15636,-7.8611,-1.1471
15637,-17.473,-8.6001
15638,-117.62,39.761
15639,-73.05,-14.187
15640,-71.902,10.062
15641,24.483,21.767
15642,-15.464,-32.397
15643,24.466,24.555
15644,-45.246,18.867
15645,2.0453,-79.315
15646,6.3142,-115.59
15647,98.452,52.792
15648,-12.894,-28.347
15649,9.5365,97.989
15650,30.77,14.681
15651,-27.361,-64.245
15652,-27.852,-63.302
15653,11.898,46.401
15654,-33.034,51.591
15655,7.2313,-59.187
15656,-11.541,45.139
15657,16.671,79.962
15658,-7.1624,34.907
15659,-79.352,48.486
15660,-108.3,-8.5037
15661,-13.341,-79.597
15662,60.174,37.56
15663,-51.853,23.108
15664,93.576,-59.28
15665,-33.961,-72.766
15666,-32.573,44.082
15667,6.3054,-115.64
15668,-60.479,19.877
15669,-63.529,20.229
15670,53.86,-70.014
15671,55.064,31.869
15672,49.06,79.519
15673,-67.744,20.745
15674,43.251,2.9285
15675,19.816,73.712
15676,-3.9632,82.311
15677,-10.055,-3.4347
15678,-13.176,-12.27
15679,-87.338,33.736
15680,44.852,34.625
15681,67.924,53.282
15682,-54.787,68.407
15683,-10.323,79.089
15684,26.481,-0.703
15685,-52.589,22.656
15686,-71.005,6.7503
15687,42.63,86.893
15688,96.243,-59.347
15689,-57.776,16.04
15690,24.134,70.4
15691,-30.897,-70.602
15692,-5.3509,34.959
15693,-10.218,0.2727
15694,-78.092,49.71
15695,24.447,93.106
15696,-62.723,59.306
15697,93.133,-57.592
15698,-38.652,36.754
15699,22.429,1.3082
15700,-116.83,40.504
15701,-5.8213,97.278
15702,83.605,-4.5334
15703,-70.604,14.635
15704,-12.974,-53.159
15705,-44.729,50.191
15706,-8.1258,0.44145
15707,-2.2047,-26.032
15708,-29.211,36.008
15709,-79.353,48.485
15710,34.385,-42.247
15711,23.794,20.483
15712,-65.506,16.657
15713,-12.313,65.292
15714,-45.766,38.677
15715,25.4,80.49
15716,25.596,27.702
15717,-58.098,-31.896
15718,-117.44,39.549
15719,24.705,-16.578
15720,-10.51,100.52
15721,33.358,47.118
15722,13.111,50.316
15723,41.177,45.606
15724,28.664,-23.01
15725,-39.033,54.815
15726,-0.38288,31.099
15727,-1.0272,71.633
15728,42.446,27.068
15729,37.836,6.0608
15730,-35.716,66.39
15731,-117.62,39.762
15732,-54.799,68.454
15733,-24.352,39.667
15734,-57.184,15.879
15735,-6.6586,76.143
15736,-74.465,-74.284
15737,65.769,66.94
15738,74.009,55.668
15739,52.25,-9.9209
15740,-43.871,30.981
15741,56.806,62.664
15742,25.137,69.25
15743,-54.235,20.156
15744,-27.97,-81.885
15745,-17.464,12.235
15746,8.2524,-59.074
15747,-118.07,39.534
15748,11.102,-49.298
15749,-105.82,16.057
15750,23.826,-16.168
15751,26.26,-55.211
15752,11.042,-36.76
15753,46.512,-89.799
15754,-13.451,-4.431
15755,4.491,71.409
15756,-32.146,32.534
15757,-56.978,24.333
15758,-45.676,70.85
15759,21.961,72.433
15760,-23.719,45.128
15761,-56.918,31.824
15762,-79.327,48.615
15763,-68.657,55.815
15764,-19.437,88.392
15765,9.6143,41.037
15766,67.322,-57.838
15767,52.109,-32.19
15768,-83.324,36.942
15769,96.671,44.801
15770,23.072,75.073
15771,72.522,-5.2475
15772,41.405,20.295
15773,-2.6517,-40.544
15774,0.84289,70.224
15775,2.0121,-15.869
15776,-24.941,33.735
15777,-48.189,27.332
15778,76.336,-77.367
15779,-6.3445,1.7247
15780,52.46,80.608
15781,-28.564,93.146
15782,-14.507,37.212
15783,-55.037,21.528
15784,53.6,-29.114
15785,-14.864,-6.8474
15786,72.653,26.325
15787,35.934,5.3095
15788,35.047,87.224
15789,-33.475,41.535
15790,-29.045,31.525
15791,23.264,-97.807
15792,11.367,-24.156
15793,-4.3274,-1.9958
15794,35.182,13.201
15795,59.682,-70.708
15796,-18.697,63.391
15797,-55.802,-8.2165
15798,-6.1837,38.477
15799,-52.653,18.614
15800,-37.721,84.799
15801,15.682,48.149
15802,-38.276,44.134
15803,-30.463,34.171
15804,-28.477,-93.027
15805,44.577,-60.898
15806,49.041,43.099
15807,-24.175,57.115
15808,-18.126,51.818
15809,-13.35,-87.044
15810,83.024,-49.844
15811,47.966,50.228
15812,24.727,71.813
15813,-21.674,32.834
15814,-68.314,29.378
15815,58.337,-4.7654
15816,-34.732,30.127
15817,-59.456,49.633
15818,23.805,-44.829
15819,-37.395,43.416
15820,62.512,48.348
15821,-4.1191,86.46
15822,24.858,97.381
15823,40.047,16.522
15824,-8.3412,-36.69
15825,7.346,74.306
15826,-81.007,-38.785
15827,-53.167,80.552
15828,1.858,-65.139
15829,-21.6,84.097
15830,-2.4251,-28.976
15831,-0.088562,58.733
15832,-32.797,41.669
15833,38.388,-32.256
15834,-49.649,19.373
15835,-55.428,-58.333
15836,-1.2821,-42.531
15837,-23.055,-80.682
15838,-9.0851,81.577
15839,26.003,61.91
15840,-17.52,-61.691
15841,20.853,85.234
15842,-34.293,42.309
15843,14.814,-33.096
15844,-11.801,-5.1881
15845,-69.955,36.707
15846,-32.027,84.121
15847,37.479,54.589
15848,16.49,51.949
15849,48.658,50.135
15850,-117.44,39.547
15851,7.4432,-116.94
15852,-69.712,66.611
15853,6.7488,-53.586
15854,-19.6,-24.99
15855,10.991,-9.0729
15856,19.786,-10.432
15857,93.514,23.004
15858,-19.43,33.366
15859,-1.6491,73.16
15860,-37.337,33.553
15861,-21.941,-79.082
15862,-22.481,-78.26
15863,83.909,-4.2154
15864,-117.57,39.738
15865,96.908,55.863
15866,49.009,41.322
15867,-39.711,38.384
15868,-52.752,62.907
15869,10.588,60.715
15870,-49.435,22.043
15871,98.783,-63.881
15872,6.3242,-115.57
15873,31.621,92.975
15874,33.93,16.12
15875,-32.56,-27.934
15876,-62.207,59.008
15877,63.164,-19.644
15878,28.68,5.9967
15879,-23.496,22.06
15880,-53.094,73.346
15881,-58.698,50.853
15882,9.4782,77.887
15883,-13.508,-1.9624
15884,-61.868,-21.469
15885,-42.069,-19.813
15886,-52.268,27.503
15887,7.0746,-53.529
15888,-12.795,-4.1484
15889,-104.39,18.129
15890,-42.635,55.943
15891,1.2978,67.948
15892,44.647,-72.598
15893,-11.509,49.929
15894,-47.669,23.672
15895,-117.66,39.23
15896,-78.091,49.71
15897,-13.03,-1.8295
15898,-2.263,83.85
15899,22.429,-97.514
15900,65.414,57.768
15901,-38.927,39.738
15902,-7.5182,64.137
15903,3.7609,-24.715
15904,10.817,-31.733
15905,-38.777,86.448
15906,-43.852,85.569
15907,-4.6263,56.287
15908,-57.957,23.67
15909,73.89,85.681
15910,75.646,48.229
15911,-23.16,-14.5
15912,-62.043,26.232
15913,-45.218,-69.439
15914,-32.187,47.475
15915,62.63,65.523
15916,46.895,76.808
15917,-72.976,-24.839
15918,46.595,49.838
15919,41.376,54.032
15920,-30.972,55.474
15921,-33.461,13.103
15922,-38.611,68.533
15923,-14.169,-7.3144
15924,-117.43,39.497
15925,-12.789,-12.274
15926,-79.325,47.401
15927,40.799,7.5139
15928,-38.672,46.64
15929,-35.959,4.1549
15930,-31.681,47.15
15931,31.506,12.433
15932,-20.67,-60.046
15933,-28.577,28.848
15934,-71.672,-10.698
15935,41.33,-52.352
15936,-14.723,-5.582
15937,68.421,35.667
15938,36.374,-10.686
15939,66.96,-14.633
15940,-30.315,29.079
15941,-46.398,-30.659
15942,-23.013,-80.737
15943,3.5837,72.723
15944,-117.34,41.76
15945,61.259,38.162
15946,-49.304,78.853
15947,108.56,10.774
15948,29.576,37.553
15949,-11.685,-63.324
15950,44.741,-0.44692
15951,-8.4224,-2.091
15952,34.57,86.865
15953,62.828,55.446
15954,86.806,-14.947
15955,49.565,-33.654
15956,-52.614,-87.725
15957,46.012,-66.796
15958,-42.159,50.208
15959,-4.217,-15.597
15960,45.835,88.287
15961,66.843,58.221
15962,-38.29,57.426
15963,-21.71,-86.703
15964,-1.685,51.268
15965,-27.32,-95.243
15966,-41.923,41.979
15967,29.414,56.309
15968,-69.562,14.657
15969,-67.816,20.725
15970,-27.645,88.284
15971,-25.307,29.289
15972,77.253,12.198
15973,22.121,6.1316
15974,-117.89,39.273
15975,25.346,70.065
15976,-9.752,-46.444
15977,35.371,9.3222
15978,-33.151,71.234
15979,-19.961,-107.89
15980,66.2,38.172
15981,24.28,5.6551
15982,41.361,83.239
15983,-26.529,55.186
15984,-6.6407,-3.8651
15985,59.099,75.505
15986,46.902,10.201
15987,11.074,-37.171
15988,-117.63,39.238
15989,21.744,73.857
15990,-74.878,-47.85
15991,11.36,-55.962
15992,5.9879,-25.897
15993,9.5167,-4.8066
15994,-118.99,40.03
15995,75.506,12.606
15996,4.0238,-15.972
15997,-77.309,5.8242
15998,-39.573,34.312
15999,-5.7866,-95.566
16000,-74.724,-13.498
16001,36.373,62.8
16002,26.973,96.004
16003,22.822,19.961
16004,8.6679,-1.4968
16005,-13.218,-44.957
16006,-36.974,8.5157
16007,-38.519,42.326
16008,1.0011,-86.21
16009,21.601,75.843
16010,91.382,33.817
16011,-76.141,33.291
16012,37.826,53.457
16013,-24.158,92.292
16014,-5.61,60.61
16015,-36.65,54.001
16016,5.9864,-10.991
16017,38.624,38.951
16018,-10.358,-1.6289
16019,34.403,90.489
16020,8.084,99.383
16021,88.368,-7.6832
16022,0.86809,53.499
16023,25.877,-96.103
16024,-36.382,38.168
16025,-27.732,-65.155
16026,-71.586,50.023
16027,38.006,-84.557
16028,-13.258,44.532
16029,-19.332,-2.9253
16030,-27.047,53.615
16031,-25.815,45.139
16032,7.9297,-10.933
16033,36.237,-53.504
16034,-118.5,40.615
16035,-31.233,90.663
16036,-37.162,84.709
16037,-12.38,63.186
16038,-51.441,-15.457
16039,-10.048,-64.4
16040,-115.18,40.477
