Label,optsne_1,optsne_2
1,62.655,-27.521
2,-7.7203,-37.577
3,30.147,89.235
4,-11.485,-17.546
5,-44.977,-69.554
6,64.106,-31.117
7,-10.221,-64.884
8,-50.029,-7.4116
9,-38.305,30.137
10,50.992,-53.869
11,32.701,63.614
12,-71.685,-43.371
13,-9.4874,-33.937
14,-93.025,3.0823
15,-33.994,29.287
16,-41.219,-21.359
17,19.748,91.689
18,48.885,69.259
19,9.4707,98.079
20,58.035,-9.4071
21,18.753,10.52
22,7.99,11.138
23,-53.541,-83.149
24,-34.371,-92.98
25,53.552,-32.796
26,-27.61,-46.571
27,91.36,34.33
28,-44.506,85.734
29,17.501,47.355
30,-37.545,-82.683
31,-88.211,1.1063
32,-96.262,1.6449
33,-55.36,-20.679
34,-76.957,-51.754
35,26.248,91.22
36,3.2227,-59.066
37,64.638,-30.545
38,-40.722,-57.718
39,-12.672,-37.964
40,78.682,-17.719
41,26.55,-81.439
42,10.304,61.386
43,72.261,50.728
44,59.117,61.227
45,-50.69,55.615
46,-90.275,-8.0915
47,16.032,10.846
48,-55.212,47.953
49,90.765,35.606
50,-56.017,76.157
51,-44.842,87.97
52,-14.026,-42.809
53,-49.431,-86.461
54,32.632,90.028
55,-63.932,-29.569
56,-58.795,54.562
57,30.024,87.77
58,-25.802,-44.096
59,-44.976,-88.06
60,27.525,-81.807
61,-42.439,-90.572
62,-2.117,-46.442
63,64.994,-25.448
64,29.575,-23.921
65,-38.295,-92.8
66,100.95,-61.105
67,23.916,-15.89
68,19.864,-86.57
69,-60.917,49.052
70,73.464,51.785
71,-33.706,-94.515
72,-28.744,-47.574
73,1.0074,-26.367
74,-60.29,-9.0139
75,-12.21,74.933
76,-58.399,-82.098
77,81.972,-44.039
78,89.089,6.4979
79,-74.583,1.007
80,38.791,68.836
81,48.855,70.535
82,-76.247,15.738
83,-42.143,-61.331
84,-55.27,-85.765
85,-25.272,46.526
86,46.304,84.847
87,46.146,22.578
88,13.543,18.306
89,-71.476,-0.35557
90,24.263,-81.622
91,24.692,-95.302
92,40.147,75.988
93,-3.256,-87.316
94,-70.883,3.2428
95,70.061,-18.457
96,-31.405,-76.464
97,-44.624,85.652
98,18.816,89.969
99,-6.6414,-87.455
100,-42.377,66.19
101,-24.108,44.574
102,37.856,71.249
103,13.286,98.519
104,0.61682,-62.502
105,-92.957,1.102
106,-59.466,57.364
107,42.074,76.368
108,10.14,97.727
109,-57.435,-69.483
110,37.989,-69.811
111,-28.439,-71.768
112,-86.862,-0.1895
113,58.811,-34.956
114,-82.673,1.1418
115,-5.6748,-90.435
116,23.18,88.336
117,-17.377,-44.085
118,-4.6501,-30.332
119,18.936,-95.665
120,13.59,91.275
121,11.609,99.389
122,-5.1574,94.406
123,-66.203,-40.608
124,74.225,-81.248
125,-10.786,86.281
126,66.258,49.656
127,40.818,-17.529
128,60.635,-30.37
129,-26.315,48.286
130,8.4297,99.622
131,64.552,-29.739
132,4.3684,-30.908
133,0.35996,96.685
134,-87.134,1.6365
135,-104.61,27.562
136,-87.439,1.8123
137,-57.698,52.849
138,-31.005,-96.087
139,101.22,-60.915
140,18.527,-91.578
141,54.335,-17.664
142,24.918,-36.043
143,46.221,70.826
144,-40.871,-56.876
145,-47.115,-86.695
146,24.606,97.671
147,-14.959,95.995
148,33.813,1.0301
149,-74.875,-57.164
150,-31.696,84.674
151,57.337,-28.536
152,-86.7,3.3043
153,7.3048,13.202
154,55.66,-40.102
155,-84.517,0.58931
156,91.103,35.215
157,66.661,-27.234
158,-70.482,-2.9366
159,50.731,54.968
160,-80.321,64.45
161,-33.485,-10.878
162,3.3536,-24.953
163,-3.0398,-90.188
164,37.847,73.917
165,-83.198,0.48118
166,63.389,-29.8
167,20.627,-21.374
168,-62.759,73.341
169,-49.038,-68.823
170,-94.711,0.4854
171,49.635,-72.026
172,51.15,-12.539
173,-46.472,-66.553
174,0.92887,-54.733
175,5.9285,91.68
176,54.08,-20.997
177,-31.546,-87.508
178,-57.861,-64.845
179,-97.56,-3.3416
180,-25.695,-48.989
181,34.507,9.1716
182,-60.287,44.04
183,-68.067,-50.609
184,-20.082,-92.239
185,-60.186,44.157
186,-31.118,86.291
187,-6.3499,95.595
188,-70.363,51.367
189,-34.922,28.241
190,-45.019,-88.985
191,23.816,-94.673
192,26.435,-80.089
193,48.406,56.908
194,29.023,76.729
195,-1.1747,76.701
196,-36.256,-56.833
197,23.188,-23.742
198,-38.631,-73.983
199,-48.751,-84.678
200,-52.394,-31.393
201,52.193,61.589
202,42.782,14.491
203,-95.735,1.6083
204,-52.014,61.215
205,-33.181,-94.709
206,78.548,-17.515
207,54.63,-16.607
208,-46.5,-72.418
209,-92.792,23.633
210,-3.5338,-102.16
211,65.254,-25.699
212,56.015,-28.517
213,23.269,-21.27
214,27.55,88.273
215,-35.199,-52.662
216,-24.572,-41.199
217,-59.496,-16.5
218,50.902,71.031
219,13.416,-39.626
220,-30.802,-70.266
221,-15.117,-3.0495
222,38.088,64.846
223,57.771,61.772
224,-23.3,69.903
225,-90.262,-1.5771
226,3.1275,97.749
227,-49.999,-69.942
228,-44.051,-63.913
229,98.578,47.155
230,7.4803,10.816
231,30.999,-56.609
232,-50.436,-9.9932
233,-3.6664,-20.492
234,-37.624,-50.606
235,89.219,6.5269
236,65.077,-44.318
237,21.81,82.101
238,-19.006,-44.021
239,-55.221,8.1335
240,-22.974,-41.257
241,-66.941,23.131
242,-91.709,0.60285
243,-47.805,58.398
244,38.436,-70.189
245,-42.438,-61.675
246,68.552,-27.23
247,58.419,60.307
248,36.538,68.27
249,-6.0544,55.644
250,-65.882,-69.843
251,56.76,-28.639
252,-3.4264,-20.063
253,-92.898,-0.17507
254,-43.333,-62.694
255,31.356,-23.915
256,-7.8731,-4.5349
257,73.82,88.165
258,-31.974,-53.519
259,36.014,74.342
260,35.638,-47.07
261,-15.795,-27.962
262,-89.803,-1.6894
263,-17.075,-9.9082
264,-29.496,-43.213
265,-59.757,-9.9256
266,-32.417,24.665
267,-48.236,53.223
268,-73.331,-30.997
269,100.89,-61.136
270,-10.921,-58.042
271,58.347,-33.206
272,-28.563,-42.202
273,88.794,6.9944
274,22.905,-1.4823
275,-97.764,3.9089
276,-60.935,-66.654
277,-40.778,42.184
278,-60.675,43.202
279,15.329,49.872
280,16.69,62.765
281,-32.23,-45.286
282,-55.415,-20.78
283,-5.9934,89.61
284,27.507,-22.239
285,-28.563,-48.032
286,19.831,-95.887
287,41.731,24.305
288,-31.301,3.4252
289,-60.728,-66.977
290,-34.881,-54.888
291,-91.213,0.69909
292,63.286,-28.164
293,-37.74,-57.766
294,10.075,-28.756
295,15.421,-68.493
296,50.599,77.675
297,-12.756,43.097
298,39.988,69.07
299,3.6734,48.479
300,35.571,73.645
301,-6.5899,93.528
302,-82.328,61.22
303,-1.8109,-20.648
304,-9.0026,-35.829
305,46.09,49.646
306,-48.16,72.273
307,42.434,-29.089
308,53.492,-33.188
309,-45.549,35.427
310,-75.652,-0.87147
311,-22.854,-31.409
312,-90.165,-1.5982
313,-58.72,-12.005
314,14.808,-54.908
315,-39.667,85.351
316,62.701,-30.605
317,20.001,-67.26
318,29.983,87.836
319,-34.08,-53.995
320,31.58,-82.025
321,45.194,-73.968
322,36.881,74.366
323,-42.736,82.105
324,-11.072,-92.399
325,-93.597,0.033612
326,-68.528,-74.766
327,10.341,-35.071
328,36.586,28.99
329,66.707,-29.126
330,-40.069,-65.209
331,-10.775,-37.072
332,50.235,-66.464
333,42.089,75.683
334,29.771,88.095
335,-40.494,-58.063
336,-58.711,-66.911
337,-30.364,95.743
338,56.291,73.271
339,33.56,84.702
340,-4.0822,-21.315
341,31.334,24.234
342,-31.863,95.404
343,-44.202,-43.119
344,-24.221,-51.925
345,29.833,-86.153
346,91.071,44.217
347,58.334,62.663
348,31.56,15.831
349,-20.239,17.817
350,-74.088,12.146
351,-31.747,-69.391
352,0.61518,-46.293
353,20.517,-52.704
354,-33.094,0.20086
355,21.522,90.86
356,52.675,-31.783
357,-4.8528,1.3096
358,72.503,20.331
359,62.252,56.676
360,-9.0367,-42.946
361,56.166,-28.524
362,-12.963,-46.719
363,-65.039,-2.1106
364,-28.702,-44.386
365,44.099,-43.648
366,58.587,47.59
367,-90.464,-3.8349
368,-29.599,-97.822
369,-48.126,-72.108
370,-4.9075,-33.76
371,-53.028,73.988
372,46.559,72.231
373,-56.35,8.823
374,50.185,-74.299
375,-20.868,77.209
376,56.6,-84.212
377,43.063,76.232
378,46.941,102.47
379,-30.564,-48.519
380,69.085,40.331
381,-98.957,4.6391
382,12.242,99.355
383,91.05,34.583
384,27.139,-80.005
385,58.15,-70.749
386,25.136,90.877
387,-37.899,-57.584
388,-91.695,10.746
389,90.855,34.84
390,51.932,-18.094
391,39.725,69.696
392,3.2931,7.0934
393,-91.696,9.9236
394,-64.576,-2.9341
395,-40.376,-42.651
396,-28.719,-48.42
397,-48.662,-34.271
398,37.234,-85.66
399,40.295,-41.418
400,2.7389,41.905
401,98.314,46.589
402,-10.019,10.126
403,-3.8208,-21.124
404,-16.006,11.672
405,42.972,-71.633
406,34.463,-80.525
407,30.496,84.19
408,25.978,79.343
409,-46.527,-66.507
410,-74.09,12.114
411,21.689,-81.333
412,-27.136,-47.114
413,-21.154,-40.831
414,-33.726,-53.58
415,33.15,86.775
416,61.594,-56.924
417,-93.907,0.38184
418,99.472,-63.872
419,51.552,-50.397
420,27.454,-92.163
421,13.045,98.998
422,53.06,-31.578
423,40.082,72.309
424,41.182,74.979
425,-75.222,-74.155
426,-9.4514,92.146
427,13.633,91.133
428,-88.092,-4.8086
429,3.9671,-32.718
430,-31.194,43.238
431,49.348,61.661
432,-1.8369,-52.587
433,-20.474,-93.406
434,69.643,-21.932
435,-17.695,-44.132
436,37.11,-62.043
437,-33.196,-53.54
438,29.352,67.603
439,-1.802,27.712
440,-22.959,-44.593
441,30.785,-88.434
442,11.135,-56.813
443,-59.587,-6.1542
444,-28.803,56.377
445,6.2875,23.997
446,-0.67513,92.406
447,20.494,-21.311
448,-24.053,-40.963
449,0.35895,-88.678
450,-57.621,-66.977
451,-25.134,-41.645
452,46.808,102.63
453,65.384,57.456
454,13.512,19.485
455,-92.24,11.098
456,-31.224,90.403
457,-69.295,51.695
458,-65.578,69.952
459,11.909,90.428
460,48.774,101.76
461,-67.434,-81.492
462,-38.351,-76.584
463,-21.186,71.844
464,-99.54,-13.717
465,-25.705,-42.198
466,-26.788,-47.905
467,-44.244,-73.985
468,-32.565,50.049
469,59.556,63.403
470,71.409,19.146
471,-74.168,13.141
472,51.139,-49.657
473,24.721,-81.212
474,-3.1536,-87.305
475,-35.003,-55.222
476,-9.5635,-8.1529
477,20.473,-26.047
478,-13.303,-53.556
479,14.745,19.375
480,29.673,-22.592
481,-40.959,-56.949
482,79.181,-12.915
483,-20.005,-93.912
484,-61.716,33.745
485,76.188,0.18511
486,20.896,84.866
487,-69.818,72.043
488,-62.963,-89.53
489,-12.361,93.486
490,3.1002,96.971
491,-0.20972,56.19
492,-11.23,-0.6184
493,-72.106,8.1332
494,-12.522,-55.093
495,16.065,14.349
496,37.94,-91.444
497,-34.567,-33.559
498,24.586,-19.951
499,4.4392,50.971
500,-57.82,-86.195
501,29.506,-83.04
502,-39.987,87.652
503,0.50293,29.519
504,-43.968,83.948
505,-23.393,6.7796
506,-80.796,-38.931
507,58.745,-26.771
508,-17.202,-15.189
509,18.071,66.848
510,38.321,-66.787
511,26.782,-45.53
512,-42.333,-61.532
513,-96.431,51.913
514,-96.003,-16.455
515,-16.695,-15.641
516,-30.969,80.885
517,-34.978,-42.536
518,-11.692,-44.371
519,-16.097,11.145
520,-85.063,-3.5372
521,-25.148,67.583
522,-13.06,-38.13
523,96.546,-61.33
524,-49.665,54.823
525,-46.441,-66.217
526,45.263,-35.21
527,-45.046,-64.524
528,-12.347,-54.315
529,-12.59,94.034
530,17.982,-82.846
531,-43.742,7.284
532,-33.989,-53.788
533,62.195,-42.256
534,65.169,-44.725
535,27.641,88.525
536,24.538,-38.693
537,43.859,-46.418
538,20.449,-82.397
539,31.015,43.304
540,40.443,-77.982
541,-33.042,-45.894
542,-34.022,-63.56
543,30.366,-57.731
544,-21.879,67.904
545,-81.224,-12.092
546,-66.675,0.17059
547,21.114,-26.044
548,0.7572,90.42
549,3.3451,-60.014
550,13.999,19.123
551,83.929,-48.963
552,32.944,-23.875
553,-56.892,-38.649
554,29.776,-82.314
555,2.7899,7.8375
556,-53.648,7.9298
557,40.075,87.491
558,-3.8287,50.306
559,32.231,88.773
560,-33.193,-66.084
561,-52.523,-1.4525
562,-43.678,-72.328
563,22.05,-52.13
564,31.602,-69.892
565,1.206,26.448
566,-19.924,15.593
567,31.108,-16.085
568,-6.2323,93.417
569,30.832,15.285
570,24.056,-36.27
571,48.704,-58.751
572,56.558,-46.495
573,-67.523,75.039
574,-50.252,-79.527
575,-88.029,-5.2164
576,-58.87,-66.904
577,3.2085,59.243
578,36.327,89.307
579,-73.51,1.3971
580,-19.789,-42.509
581,-2.3999,-20.34
582,38.57,16.231
583,99.057,-61.376
584,14.667,11.28
585,-28.68,-54.296
586,106.14,-47.718
587,-9.8542,-46.49
588,34.862,1.5031
589,-28.859,-22.844
590,-0.79997,28.375
591,5.9374,58.31
592,-43.93,68.931
593,-60.993,-86.204
594,24.398,94.438
595,57.696,61.061
596,-18.477,-35.357
597,-46.675,-88.148
598,-37.486,-57.728
599,-87.83,-4.688
600,-31.643,-9.3159
601,-86.132,0.52708
602,-27.657,-47.395
603,-9.1699,-2.979
604,-77.744,9.3197
605,105.3,-54.933
606,-5.2258,-26.598
607,100.58,-59.503
608,65.575,-44.686
609,10.989,92.976
610,-23.193,72.537
611,-12.814,12.713
612,-96.611,10.261
613,52.819,-57.636
614,-9.6484,94.833
615,-2.3495,34.061
616,52.055,69.674
617,75.137,52.86
618,-25.462,-42.851
619,64.816,-26.429
620,41.117,-51.007
621,40.716,-40.709
622,12.452,99.725
623,37.911,5.5742
624,92.901,-28.672
625,-56.104,8.1512
626,35.953,64.939
627,88.986,45.393
628,-69.731,-5.275
629,-30.624,-57.361
630,89.033,6.6009
631,108.22,-44.455
632,-88.55,8.3374
633,-94.462,55.383
634,28.38,-75.332
635,-3.6686,-20.026
636,-2.9346,-62.846
637,-40.889,-57.011
638,-5.4715,-87.388
639,-73.445,-73.993
640,62.051,53.999
641,89.088,6.5051
642,43.876,-78.402
643,3.0127,95.436
644,66.219,-30.036
645,-19.946,-93.738
646,-39.701,-1.6711
647,-51.964,70.546
648,92.418,43.747
649,31.869,54.704
650,39.727,3.5372
651,6.0912,91.693
652,-80.911,-9.374
653,3.633,21.185
654,-28.602,91.037
655,58.106,-29.839
656,60.366,-27.778
657,-73.47,0.44836
658,-4.4306,-20.619
659,32.276,-80.388
660,-48.898,59.296
661,46.07,73.974
662,4.456,95.818
663,44.85,27.228
664,96.257,-61.313
665,92.258,-52.083
666,-3.715,54.857
667,-63.007,78.045
668,3.4909,37.788
669,7.9813,11.288
670,-9.6666,-37.664
671,-31.694,-94.726
672,-4.8489,-33.015
673,90.639,44.147
674,-44.11,-66.225
675,-74.511,-31.245
676,63.195,-19.807
677,-68.502,73.584
678,-23.879,73.513
679,-59.811,21.229
680,35.82,-70.231
681,-65.942,72.401
682,-37.858,-56.472
683,-22.278,7.2395
684,62.177,-30.499
685,77.779,-56.634
686,54.444,80.304
687,75.123,50.766
688,-18.182,-43.352
689,26.671,-39.782
690,38.884,-71.778
691,52.894,71.31
692,-90.999,42.503
693,59.966,-24.462
694,81.327,-8.3505
695,-7.403,93.158
696,-47.273,68.662
697,-45.877,-65.703
698,-7.7373,82.545
699,35.902,67.948
700,23.753,-38.37
701,-20.398,-82.58
702,66.08,-29.604
703,-79.975,5.0956
704,33.307,22.433
705,-17.634,79.459
706,-82.951,1.8183
707,51.005,-26.228
708,-39.354,-90.223
709,-24.978,-41.389
710,-34.271,46.96
711,21.882,90.448
712,-13.777,96.447
713,64.261,-30.961
714,-26.221,-44.494
715,32.548,1.0022
716,8.8467,97.473
717,-87.825,-1.8277
718,-90.172,45.018
719,53.297,54.156
720,-41.195,85.304
721,-44.322,69.381
722,4.6167,-23.139
723,64.018,-30.528
724,-87.928,2.5241
725,83.692,-0.42955
726,-35.118,-27.016
727,-84.232,0.81063
728,-8.8277,-37.085
729,19.21,-62.023
730,17.843,-64.804
731,32.871,-92.189
732,46.723,-2.7553
733,-0.47034,42.032
734,-78.448,-60.596
735,103.36,-56.987
736,-68.16,-1.5365
737,-41.519,65.814
738,-10.714,-93.895
739,-49.935,-68.487
740,54.973,-29.672
741,-43.714,86.507
742,-6.6172,80.823
743,28.233,-35.186
744,25.117,98.042
745,-30.32,80.11
746,3.2495,18.237
747,-90.714,1.028
748,43.911,86.061
749,18.085,-80.241
750,25.991,90.612
751,-46.781,85.789
752,34.449,-0.023675
753,69.155,-25.247
754,14.038,93.968
755,73.991,-56.627
756,65.963,55.977
757,21.403,-25.854
758,73.823,88.174
759,-47.127,-70.465
760,-44.916,-64.865
761,33.006,24.842
762,33.181,78.232
763,13.594,91.175
764,66.177,49.441
765,-9.6333,-68.294
766,18.638,-97.052
767,-18.71,-37.763
768,-25.423,-42.898
769,-65.254,63.767
770,35.424,69.918
771,56.747,-31.449
772,-50.297,-69.626
773,64.511,57.501
774,26.874,89.708
775,-14.232,-50.959
776,-39.616,86.095
777,30.453,-22.784
778,24.701,89.187
779,-33.778,-33.805
780,-37.668,-50.807
781,-72.255,-2.8775
782,-20.877,77.205
783,-48.414,53.298
784,94.183,-58.293
785,50.239,-16.409
786,-31.835,-95.797
787,49.557,-86.39
788,-65.888,75.578
789,-17.426,77.456
790,-48.995,77.021
791,-48.022,86.259
792,-18.115,-92.416
793,-9.907,-2.4101
794,2.7152,94.993
795,-34.41,-94.195
796,-8.2095,102.2
797,-97.166,8.8987
798,-61.001,72.682
799,56.385,73.487
800,7.7854,16.044
801,47.391,74.982
802,-71.49,-44.034
803,65.977,-29.594
804,-15.416,96.327
805,-17.316,87.325
806,17.88,-41.22
807,-4.5907,-27.575
808,-79.145,-55.056
809,-31.128,90.435
810,13.677,-36.679
811,19.356,90.482
812,9.4954,97.151
813,58.449,-34.444
814,89.008,6.578
815,-13.94,97.806
816,-48,68.99
817,66.819,-11.642
818,91.4,-40.979
819,-100.82,7.7551
820,26.061,88.63
821,-14.196,96.579
822,-55.629,76.893
823,-41.751,-92.318
824,-13.129,-40.404
825,44.439,-43.653
826,11.058,93.33
827,76.418,49.014
828,-66.604,74.093
829,-43.74,-63.401
830,-31.709,-69.434
831,37.93,-19.438
832,-51.097,-49.148
833,-28.271,-48.433
834,66.295,49.599
835,41.877,74.707
836,-90.114,0.26443
837,107.66,-15.898
838,-10.719,-52.539
839,33.923,65.622
840,-1.1876,-46.209
841,-40.848,-91.502
842,37.858,87.721
843,-35.094,-54.83
844,-28.184,-47.794
845,7.0479,55.959
846,-13.304,92.242
847,68.502,30.541
848,-73.852,1.6948
849,-29.937,-42.475
850,-37.673,84.311
851,-69.496,-4.936
852,32.051,89.97
853,36.286,93.148
854,85.382,-21.746
855,57.812,-25.93
856,-43.448,-63.343
857,-26.336,49.065
858,0.85552,90.312
859,95.24,44.058
860,-4.5191,23.23
861,73.821,88.165
862,-8.1412,-35.105
863,-52.525,74.577
864,22.093,88.179
865,64.82,57.078
866,-63.966,75.175
867,-32.074,-69.374
868,58.576,-34.851
869,79.321,-56.642
870,-24.447,-104.8
871,-83.956,0.90917
872,46.926,-40.96
873,-19.072,-42.58
874,-6.8233,-37.353
875,-52.624,79.918
876,-28.741,55.958
877,6.7198,96.34
878,1.3565,-44.471
879,40.026,72.115
880,5.8749,97.44
881,11.935,91.577
882,-52.386,0.5611
883,-23.929,36.22
884,-13.935,95.086
885,56.538,-29.982
886,18.918,-94.906
887,47.267,75.583
888,32.519,20.494
889,-60.986,-74.366
890,-91.056,1.6068
891,107.67,-15.898
892,20.926,-26.431
893,-75.914,11.765
894,-35.39,-51.098
895,-38.441,84.295
896,99.872,-59.572
897,-73.18,-75.126
898,-50.506,-59.835
899,33.697,54.944
900,-22.082,-41.676
901,-33.038,-38.817
902,8.8771,63.792
903,4.0526,96.132
904,87.732,45.796
905,30.685,94.353
906,38.399,-21.282
907,-55.166,-27.308
908,-16.344,86.944
909,12.882,91.761
910,52.809,-17.348
911,64.285,-30.316
912,-72.377,-75.52
913,-33.438,-38.869
914,-12.098,-37.53
915,69.821,27.806
916,27.307,91.725
917,64.931,-20.727
918,-70.251,-6.3251
919,-58.787,-67.899
920,10.548,15.042
921,76.776,53.053
922,49.301,102.07
923,-10.149,-6.1196
924,24.477,68.155
925,-12.156,9.8602
926,-65.774,-84.014
927,-27.191,44.03
928,-40.717,50.737
929,-34.953,38.609
930,-14.46,97.208
931,22.408,-39.92
932,-31.718,-87.641
933,6.5362,96.684
934,-28.626,89.422
935,-32.112,90.343
936,13.396,-26.447
937,70.498,-39.679
938,92.202,-52.159
939,-35.624,-49.625
940,89.94,44.949
941,-33.992,-73.729
942,-29.84,-42.494
943,-25.913,82.628
944,64.149,65.431
945,51.323,-16.036
946,-30.602,-57.783
947,89.237,-43.117
948,43.08,75.989
949,32.675,9.2378
950,-88.304,9.2737
951,-63.7,78.633
952,60.488,-27.858
953,-37.883,53.008
954,73.82,88.164
955,73.667,51.804
956,-34.085,-54.108
957,42.043,86.317
958,25.008,-90.456
959,-65.525,-3.4945
960,-26.518,-42.279
961,49.632,69.279
962,-45.229,-58.781
963,-71.18,5.3669
964,-44.079,-89.74
965,69.884,-61.099
966,63.017,-30.137
967,-87.365,1.7406
968,-25.01,83.98
969,18.586,10.482
970,-38.495,-78.123
971,-1.7051,-45.968
972,-77.378,10.062
973,73.823,88.164
974,-4.7266,101.13
975,-95.735,2.8176
976,-3.7309,-87.777
977,-93.841,-0.41706
978,-54.513,-68.36
979,-69.461,1.5734
980,-62.181,76.179
981,13.434,-39.014
982,-24.509,70.594
983,-49.264,-71.005
984,-31.429,-73.565
985,-13.956,-40.146
986,7.6348,12.999
987,25.133,98.137
988,48.767,58.789
989,-94.645,0.95907
990,-3.5458,-20.043
991,66.299,88.863
992,-35.453,-51.431
993,-21.472,-40.967
994,-7.604,92.066
995,-4.9436,94.296
996,65.666,-28.724
997,25.256,-60.605
998,90.787,35.073
999,93.336,-53.408
1000,62.014,-63.783
1001,-70.899,-77.548
1002,-2.0629,40.22
1003,32.553,0.67697
1004,4.4523,-62.105
1005,-44.255,83.849
1006,15.906,-43.882
1007,58.471,-29.319
1008,19.226,90.188
1009,-5.4722,-102.51
1010,7.4738,13.133
1011,23.756,97.466
1012,5.8312,-46.472
1013,38.266,15.979
1014,98.541,45.95
1015,23.692,89.791
1016,-59.749,-74.111
1017,-33.946,-91.758
1018,-33.573,-92.272
1019,-28.706,-48.072
1020,-47.307,3.9491
1021,-88.047,-4.724
1022,-0.33985,100.82
1023,-34.007,-63.329
1024,-50.035,-9.9948
1025,-52.871,75.52
1026,60.72,-27.989
1027,-76.062,-22.174
1028,16.255,14.233
1029,62.357,64.71
1030,62.668,-16.145
1031,-44.477,-88.51
1032,-56.784,-68.669
1033,66.441,58.118
1034,22.048,96.379
1035,-76.829,17.362
1036,8.2293,5.9607
1037,53.732,-47.851
1038,-67.717,-2.0037
1039,-91.705,1.0293
1040,-51.308,-69.447
1041,55.554,55.554
1042,10.727,100.2
1043,-79.999,-2.1441
1044,-40.839,-87.668
1045,89.709,7.4537
1046,-90.328,-9.1383
1047,-83.615,0.62163
1048,-43.108,-87.589
1049,6.3615,39.981
1050,-50.457,80.768
1051,-12.697,-93.251
1052,92.502,-65.209
1053,5.5841,51.159
1054,-67.856,-38.132
1055,-34.174,-53.928
1056,12.983,92.676
1057,7.8421,58.519
1058,2.3093,-49.799
1059,103.14,-57.205
1060,99.742,-60.906
1061,49.785,-35.094
1062,-69.653,-20.196
1063,6.1768,97.069
1064,-31.101,95.258
1065,-93.524,14.912
1066,63.104,-19.707
1067,23.271,-95.326
1068,-20.249,12.562
1069,-90.266,-1.5995
1070,46.177,-83.283
1071,-27.504,86.535
1072,21.757,-39.564
1073,57.765,47.746
1074,-30.257,-56.473
1075,-67.196,-72.521
1076,-17.515,-27.589
1077,59.859,-30.199
1078,-96.803,19.029
1079,65.761,-29.326
1080,-66.97,8.6856
1081,-3.1269,-20.107
1082,29.662,88.421
1083,54.766,-17.839
1084,0.68121,96.709
1085,36.071,68.086
1086,-73.215,-3.7641
1087,85.512,-16.507
1088,-88.975,1.6998
1089,-24.058,-74.105
1090,85.443,-41.775
1091,63.929,-61.224
1092,41.223,6.8192
1093,-57.728,-66.672
1094,92.145,-51.95
1095,-23.193,-41.137
1096,-33.31,-94.56
1097,53.908,-29.835
1098,-0.85739,100.78
1099,-75.335,-21.318
1100,-44.411,-68.821
1101,-87.146,3.2148
1102,-12.652,18.768
1103,-78.094,8.0291
1104,35.306,-81.706
1105,15.374,11.012
1106,82.675,-43.585
1107,-101.13,-1.1345
1108,26.003,80.44
1109,25.5,92.517
1110,-49.657,85.495
1111,-16.355,86.887
1112,38.572,16.215
1113,62.269,57.833
1114,-32.958,87.561
1115,-93.945,4.6449
1116,67.021,-30.471
1117,-9.4155,11.377
1118,-58.918,31.735
1119,-76.66,13.243
1120,9.2381,99.369
1121,63.264,12.582
1122,-46.124,-82.603
1123,-38.797,72.542
1124,65.516,-28.7
1125,-1.6366,49.562
1126,-7.7264,95.881
1127,-3.3971,36.553
1128,-99.597,5.0969
1129,-34.469,-93.993
1130,-55.972,-1.9225
1131,-69.976,-6.8783
1132,-74.499,-0.38391
1133,-65.535,-75.771
1134,64.144,-31.162
1135,-74.227,1.4222
1136,-27.037,-95.461
1137,26.592,96.025
1138,54.658,-16.104
1139,78.632,-53.182
1140,-1.6921,-59.487
1141,-67.028,-37.774
1142,-58.181,-82.396
1143,-85.344,-0.19643
1144,26.925,92.467
1145,46.931,-41.098
1146,-5.1785,-30.321
1147,21.222,-81.805
1148,-6.4489,95.613
1149,33.955,-21.795
1150,-67.424,-78.122
1151,38.02,-45.994
1152,-76.219,11.48
1153,8.5077,6.6485
1154,26.213,-17.316
1155,79.12,34.658
1156,66.614,-29.808
1157,9.8253,16.702
1158,20.49,-25.989
1159,-90.451,-1.6453
1160,-5.3098,94.178
1161,-31.887,-27.778
1162,-44.466,85.795
1163,103.78,-55.231
1164,-68.633,-2.9109
1165,-57.962,-86.652
1166,-17.72,-47.146
1167,77.73,-58.027
1168,35.057,66.525
1169,8.573,35.213
1170,-42.906,81.232
1171,99.078,-64.862
1172,-49.213,-50.361
1173,-46.521,-60.038
1174,102.03,-59.312
1175,-13.201,96.462
1176,62.744,65.342
1177,-35.675,-57.953
1178,-29.559,-42.409
1179,59.136,-23.939
1180,-21.781,-41.27
1181,22.884,91.282
1182,41.29,-52.365
1183,-61.887,-87.636
1184,22.978,94.554
1185,41.412,-6.5726
1186,-29.338,77.783
1187,-29.14,77.319
1188,-33.07,-38.846
1189,-97.269,1.8715
1190,-70.988,0.17595
1191,22.598,-97.479
1192,-35.309,-55.019
1193,-11.834,97.854
1194,-90.857,1.9061
1195,10.013,15.169
1196,5.3085,61.847
1197,29.234,-34.266
1198,47.1,101.94
1199,-0.028698,-23.355
1200,-28.168,-46.542
1201,22.664,94.784
1202,61.807,56.569
1203,41.135,-50.931
1204,-0.85609,39.082
1205,-46.488,-72.277
1206,58.791,-29.451
1207,-36.135,-55.554
1208,-58.844,-88.035
1209,83.069,-50.656
1210,-21.737,-67.721
1211,-0.79985,41.762
1212,-17.792,-107.75
1213,57.959,-24.372
1214,32.951,-23.692
1215,-18.3,78.11
1216,53.991,54.017
1217,75.869,-2.2092
1218,68.226,-25.899
1219,19.594,-21.651
1220,-68.079,-38.697
1221,-29.951,-3.7772
1222,41.293,88.085
1223,-16.769,-27.26
1224,56.481,-28.714
1225,-9.0976,-2.2128
1226,-43.469,-70.331
1227,34.001,60.818
1228,-61.686,58.19
1229,-28.588,-48.257
1230,-52.39,59.909
1231,35.051,-34.133
1232,-28.47,24.312
1233,-88.226,1.6532
1234,-42.043,-54.964
1235,-88.625,7.9269
1236,-75.623,14.621
1237,-12.06,-90.698
1238,30.724,89.449
1239,-10.698,93.808
1240,-21.694,67.401
1241,46.156,73.6
1242,-2.184,-29.264
1243,71.16,-57.129
1244,-7.0482,93.835
1245,1.4978,-64.672
1246,-26.972,-82.977
1247,-53.304,-1.2075
1248,-5.5486,55.625
1249,12.152,9.6794
1250,11.368,90.3
1251,-82.794,0.85201
1252,-18.091,-46.615
1253,77.577,-57.506
1254,-33.805,-54.969
1255,38.265,7.7184
1256,37.126,73.849
1257,-57.26,-67.295
1258,-101.62,11.607
1259,-1.9273,93.156
1260,44.174,-46.071
1261,9.1928,40.538
1262,-22.089,-15.607
1263,-5.1098,-102.29
1264,-38.21,-55.274
1265,59.731,61.841
1266,19.541,-25.1
1267,54.596,-86.35
1268,31.043,-21.038
1269,27.245,96.403
1270,62.258,11.391
1271,-64.351,-43.358
1272,-96.064,9.9462
1273,-50.594,-60.048
1274,-13.907,-38.9
1275,-88.739,0.59444
1276,-38.572,-61.139
1277,-65.694,-80.619
1278,-8.3109,91.892
1279,-29.767,88.586
1280,-1.1178,-60.353
1281,32.04,12.868
1282,-57.93,-64.825
1283,-56.442,6.8827
1284,-0.38249,41.364
1285,-12.076,43.152
1286,-33.675,-26.401
1287,42.585,19.714
1288,40.723,23.934
1289,107.33,-46.614
1290,34.537,63.309
1291,33.862,77.532
1292,36.01,67.853
1293,-54.053,-12.442
1294,-85.41,-5.9988
1295,58.832,-26.637
1296,105.18,-47.326
1297,-31.872,-72.242
1298,-2.5346,-29.436
1299,6.9923,97.272
1300,53.578,72.95
1301,-26.069,-57.489
1302,105.5,-50.366
1303,48.989,-25.948
1304,10.308,90.439
1305,-6.6505,-88.072
1306,-45.816,-72.951
1307,92.722,-66.308
1308,-95.685,2.3542
1309,-29.179,-90.371
1310,-48.041,-86.554
1311,-43.33,-70.341
1312,43.348,76.93
1313,-77.781,9.3908
1314,58.639,62.677
1315,27.152,93.009
1316,-19.239,-40.267
1317,-73.109,62.956
1318,-2.4105,-24.351
1319,-81.149,-12.189
1320,4.8229,-54.42
1321,-37.734,-57.86
1322,59.056,62.202
1323,-54.187,-46.811
1324,20.707,92.572
1325,21.811,88.698
1326,25.708,91.883
1327,-29.182,-96.234
1328,-30.738,-58.621
1329,-2.0655,-50.046
1330,-28.192,79.847
1331,82.857,41.183
1332,58.701,62.718
1333,-46.217,-41.84
1334,-43.385,-62.81
1335,35.819,67.526
1336,-45.902,86.817
1337,70,-3.3479
1338,-32.368,-73.534
1339,-32.355,-69.516
1340,26.699,-80.641
1341,-42.934,-70.337
1342,-1.5911,-29.504
1343,36.12,-5.3367
1344,86.574,44.878
1345,-5.8907,101.17
1346,-70.884,63.021
1347,32.44,-20.314
1348,-13.598,-93.356
1349,-34.537,-94.116
1350,50.325,77.79
1351,-29.48,79.724
1352,-93.901,4.6247
1353,-68.699,-4.906
1354,-88.571,-0.26305
1355,-0.4169,100.24
1356,26.96,76.033
1357,-14.894,-37.962
1358,-17.719,-44.072
1359,-91.741,10.946
1360,49.582,78.014
1361,42.098,78.933
1362,-21.81,-106.67
1363,-63.789,-42.703
1364,-13.625,-42.454
1365,-22.463,-41.324
1366,-84.773,0.05878
1367,57.797,-19.016
1368,92.769,-67.278
1369,-23.597,73.722
1370,-23.13,68.491
1371,37.102,68.181
1372,-55.336,-77.956
1373,95.61,-65.135
1374,51.184,70.399
1375,88.708,8.543
1376,-74.086,-32.118
1377,48.904,-26.202
1378,-12.727,-0.085755
1379,-47.187,-71.537
1380,-93.22,-7.534
1381,12.704,13.121
1382,2.8557,-79.795
1383,2.36,97.196
1384,-24.818,-53.923
1385,-22.817,72.049
1386,13.36,51.904
1387,65.765,-28.595
1388,62.498,57.444
1389,-1.654,60.885
1390,5.7605,62.242
1391,-32.512,-93.081
1392,96.975,-62.361
1393,63.056,55.888
1394,67.362,-24.24
1395,25.658,92.575
1396,1.7387,88.155
1397,-53.568,7.8791
1398,-91.991,11.499
1399,-73.509,0.90678
1400,-13.688,-42.209
1401,-71.161,5.4222
1402,-71.144,69.75
1403,-49.66,86.009
1404,32.919,64.011
1405,22.565,-25.411
1406,5.492,16.542
1407,-85.307,-7.8949
1408,-77.808,9.1183
1409,70.25,-17.945
1410,-88.229,1.2963
1411,105.87,-51.181
1412,-69.965,-2.2811
1413,-53.105,-1.2789
1414,-101.6,12.089
1415,25.686,86.78
1416,-23.085,81.971
1417,-30.647,-86.124
1418,-94.713,1.6335
1419,-4.8892,92.76
1420,49.436,-31.659
1421,60.198,-30.225
1422,78.279,-56.968
1423,43.089,-70.39
1424,50.074,-26.486
1425,83.74,46.508
1426,-51.056,80.188
1427,26.601,87.883
1428,-17.466,8.4935
1429,106.86,-51.563
1430,-88.711,7.7679
1431,-97.406,-27.916
1432,47.613,76.186
1433,-21.05,-17.588
1434,4.8526,-27.107
1435,70.537,66.136
1436,-21.39,-43.733
1437,-99.654,9.1505
1438,13.297,18.526
1439,-4.5004,-42.246
1440,-30.495,-48.527
1441,-79.199,-38.645
1442,99.071,-61.018
1443,12.918,51.408
1444,-31.924,-95.677
1445,-95.64,54.351
1446,-82.29,-27.832
1447,-54.712,-89.402
1448,-23.693,-48.235
1449,56.949,-72.41
1450,52.222,-16.984
1451,12.853,98.227
1452,15.456,-85.985
1453,-87.968,-22.656
1454,-2.8663,-21.42
1455,51.358,57.783
1456,-63.348,78.474
1457,36.865,6.6238
1458,-11.924,19.568
1459,-42.831,-50.288
1460,-81.186,-56.988
1461,-50.984,79.914
1462,49.487,59.03
1463,-1.9839,59.523
1464,90.846,7.9871
1465,-65.456,-37.542
1466,24.916,85.061
1467,57.202,-35.361
1468,-22.287,-65.395
1469,48.602,29.808
1470,23.271,93.019
1471,102.05,-59.217
1472,65.351,68.19
1473,-87.899,1.173
1474,-97.381,-29.993
1475,-67.913,6.2598
1476,-30.884,-50.75
1477,-96.988,3.9454
1478,54.271,-31.585
1479,-52.003,60.694
1480,-17.171,8.7213
1481,7.3484,99.415
1482,90.599,43.978
1483,36.39,72.112
1484,-35.047,-10.472
1485,-50.691,59.616
1486,-41.538,-66.024
1487,-92.18,0.2406
1488,44.116,29.51
1489,-47.961,8.392
1490,109.15,-45.205
1491,-67.642,73.636
1492,106.97,-50.249
1493,-8.1049,-37.58
1494,-15.274,-44.635
1495,-89.748,0.10573
1496,-72.806,1.6751
1497,-74.969,11.457
1498,-23.71,-74.408
1499,-29.003,-54.324
1500,-15.547,-40.73
1501,29.551,88.324
1502,-26.006,-57.589
1503,90.57,25.605
1504,-5.2709,-26.589
1505,-33.101,-94.418
1506,-43.423,-34.199
1507,87.864,45.928
1508,-10.338,-35.415
1509,-44.728,-69.749
1510,25.56,97.299
1511,2.4169,18.447
1512,-85.37,0.12794
1513,-6.6861,12.733
1514,-44.353,-64.243
1515,-44.377,-69.681
1516,-70.009,29.633
1517,24.333,-88.141
1518,37.864,47.066
1519,-66.804,72.536
1520,5.2845,23.601
1521,-72.372,1.9955
1522,-66.693,-37.704
1523,-85.83,14.685
1524,-16.937,10.961
1525,39.981,80.017
1526,65.749,-28.933
1527,-71.088,1.6038
1528,6.3283,16.271
1529,53.297,48.429
1530,-41.378,-52.04
1531,70.761,-9.7174
1532,-35.092,-42.517
1533,105.29,-51.475
1534,101.29,-55.601
1535,39.186,-64.151
1536,66.511,57.981
1537,-7.9419,26.629
1538,-45.917,-70.789
1539,18.885,10.673
1540,45.327,73.442
1541,10.413,-41.285
1542,77.269,10.146
1543,-12.843,88.853
1544,-46.209,-68.855
1545,-21.322,-42.305
1546,55.318,49.403
1547,64.833,-29.211
1548,11.494,-46.364
1549,6.4463,20.363
1550,-46.582,-51.402
1551,-83.737,-12.053
1552,-22.417,-43.403
1553,-54.011,-38.896
1554,-80.581,9.0297
1555,105.59,-50.64
1556,-40.807,-52.91
1557,-45.552,-42.172
1558,64.919,8.3756
1559,102.99,-57.352
1560,28.299,32.759
1561,-90.193,0.27373
1562,-67.88,58.196
1563,105.28,-48.445
1564,-96.128,10.688
1565,-60.542,-39.631
1566,58.711,-29.588
1567,-51.539,78.489
1568,-24.188,71.301
1569,5.3127,-32.798
1570,-75.449,9.4059
1571,47.471,102.21
1572,65.227,-29.078
1573,32.769,-64.27
1574,92.308,43.754
1575,1.4882,8.4062
1576,5.5726,30.436
1577,93.168,-53.342
1578,-45.196,-69.187
1579,60.974,-20.461
1580,27.467,-16.051
1581,74.021,-63.101
1582,11.142,98.073
1583,-46.217,85.605
1584,72.263,1.6573
1585,-5.137,-30.162
1586,-22.524,-46.43
1587,59.281,60.652
1588,-1.1606,78.009
1589,54.566,-88.522
1590,-21.827,-15.294
1591,-44.319,85.135
1592,-34.398,-94.179
1593,92.859,-66.304
1594,91.211,44.599
1595,-6.5208,-43.391
1596,89.409,45.488
1597,61.082,-30.665
1598,58.91,-23.889
1599,-19.497,-42.953
1600,-105.67,17.808
1601,10.982,-57.417
1602,50.319,-2.7115
1603,-28.637,-20.02
1604,82.377,-44.193
1605,-30.835,-48.679
1606,27.485,-18.81
1607,30.361,1.0418
1608,53.292,-78.326
1609,42.959,19.832
1610,-43.693,-70.12
1611,-74.635,-47.714
1612,-18.774,13.119
1613,-30.971,-69.603
1614,-104.64,27.529
1615,59.596,-67.374
1616,8.5849,15.393
1617,-5.1787,-41.231
1618,-92.354,13.943
1619,-87.242,1.8539
1620,56.452,-23.113
1621,-34.37,-33.143
1622,102.94,-54.769
1623,3.4625,20.43
1624,17.654,-97.997
1625,-29.293,77.688
1626,28.825,-19.355
1627,-27.556,-40.027
1628,15.33,9.9605
1629,-19.01,18.57
1630,-27.412,-17.086
1631,-27.087,-97.101
1632,-87.648,3.8834
1633,101.1,-61.073
1634,8.1162,-56.018
1635,-2.8195,17.307
1636,-37.586,-82.944
1637,-72.908,-25.342
1638,-12.716,10.004
1639,-60.476,47.666
1640,37.021,78.036
1641,-83.562,9.4721
1642,66.202,51.272
1643,24.979,98.061
1644,-79.351,48.395
1645,-26.524,-103.28
1646,-33.57,-39.184
1647,-32.024,-95.865
1648,-2.3926,-24.238
1649,24.916,-85.092
1650,92.552,-65.982
1651,28.787,86.285
1652,65.063,68.078
1653,-4.1452,-88.003
1654,-40.374,-59.121
1655,-1.1964,91.647
1656,12.964,91.629
1657,-53.778,-59.54
1658,-97.346,20.942
1659,56.784,-26.621
1660,0.51147,-19.156
1661,33.261,-25.669
1662,-91.987,-5.4034
1663,-82.436,1.4093
1664,-87.546,-5.1543
1665,-88.539,-0.30356
1666,20.493,-21.486
1667,-4.6051,-46.653
1668,22.424,89.105
1669,22.227,91.098
1670,8.1689,18.797
1671,-38.235,-46.098
1672,99.921,-60.352
1673,2.9257,22.341
1674,-59.358,-40.336
1675,67.676,-29.717
1676,-94.041,12.795
1677,48.21,-20.937
1678,-70.276,57.77
1679,-71.46,4.0743
1680,-79.475,-12.342
1681,-90.521,-1.5739
1682,-30.123,-94.011
1683,-45.644,-65.37
1684,-32.08,89.778
1685,37.063,49.83
1686,-90.763,-3.1469
1687,-4.7129,-42.852
1688,57.258,-29.882
1689,-73.842,-32.893
1690,25.944,-91.996
1691,15.571,59.14
1692,-29.866,-96.781
1693,105.36,-51.542
1694,-82.238,-27.912
1695,56.678,-25.962
1696,31.27,23.807
1697,-0.61125,77.839
1698,58.057,-18.656
1699,-38.603,-76.808
1700,-26.848,-45.253
1701,15.004,-70.509
1702,58.477,-33.124
1703,-7.7012,27.481
1704,-32.19,-95.911
1705,-67.4,9.2545
1706,42.295,19.949
1707,-31.239,80.558
1708,29.495,-69.859
1709,-56.827,-79.69
1710,-30.468,-58.635
1711,33.541,39.638
1712,10.771,76.018
1713,2.6558,18.987
1714,-35.088,-1.6571
1715,-55.773,8.1629
1716,-30.384,-43.039
1717,-50.907,-69.868
1718,-79.722,-52.403
1719,59.561,-23.629
1720,-81.03,-38.826
1721,6.1823,16.354
1722,59.178,-31.441
1723,-27,-6.7986
1724,100.8,-59.153
1725,-56.547,6.8325
1726,-32.902,-53.415
1727,-36.484,-53.523
1728,-84.606,0.10746
1729,-87.05,2.6552
1730,-71.079,-11.295
1731,-16.012,63.542
1732,-79.958,-40.258
1733,42.242,55.412
1734,-45.728,-87.085
1735,108.54,-43.914
1736,107.13,-49.064
1737,-2.8644,-46.563
1738,54.961,57.686
1739,-27.044,-96.836
1740,-30.724,-95.289
1741,64.224,-10.845
1742,7.6445,10.794
1743,8.0262,-55.849
1744,-100.82,12.108
1745,-54.319,-2.1144
1746,-13.725,-39.242
1747,-52.53,-45.427
1748,108.31,-44.37
1749,28.266,-2.2974
1750,-21.75,-79.535
1751,-42.652,85.11
1752,-16.042,-38.968
1753,38.805,-22.062
1754,62.219,-18.088
1755,-52.214,52.303
1756,12.609,15.889
1757,-72.413,0.23104
1758,-73.862,7.6481
1759,61.681,57.12
1760,6.0383,40.216
1761,4.3038,33.603
1762,-0.042063,27.245
1763,73.82,88.165
1764,101.89,-60.091
1765,-37.794,-77.508
1766,58.624,-34.822
1767,23.827,-16.06
1768,-97.249,15.203
1769,16.055,-15.533
1770,-71.427,-1.5579
1771,-59.988,-87.202
1772,-27.25,-89.617
1773,-30.737,-68.403
1774,-37.816,-58.062
1775,4.687,97.704
1776,-69.16,-62.693
1777,-18.237,-93.462
1778,28.506,-68.575
1779,46.453,52.629
1780,-4.0527,-56.508
1781,-29.84,-97.552
1782,-91.541,0.75312
1783,-66.887,8.534
1784,-42.681,-88.86
1785,-32.22,-70.221
1786,82.05,-17.094
1787,91.411,-16.079
1788,-23.368,-74.575
1789,92.406,-39.658
1790,25.5,-73.28
1791,-91.551,-5.1864
1792,14.097,12.03
1793,22.069,91.685
1794,-65.456,-38.308
1795,-49.799,-70.83
1796,92.652,-66.449
1797,-43.884,-71.901
1798,-67.364,-80.509
1799,-76.495,-23.045
1800,-87.059,1.7911
1801,-31.727,-93.098
1802,46.615,-16.364
1803,-2.1499,50.057
1804,-59.956,69.919
1805,-12.427,-43.527
1806,-64.9,7.7758
1807,-21.317,-86.627
1808,0.61768,-19.067
1809,-24.365,-104.84
1810,4.4138,-42.252
1811,58.552,-32.956
1812,34.526,-18.039
1813,-49.046,-68.822
1814,-30.761,-95.978
1815,92.424,-50.832
1816,24.406,97.368
1817,108.36,-15.659
1818,-55.815,-68.214
1819,-45.999,-84.902
1820,-34.333,-54.452
1821,-6.0067,-87.778
1822,-91.462,9.5918
1823,71.727,-15.94
1824,-4.4975,-96.1
1825,9.6621,13.786
1826,-14.234,-94.583
1827,-100.4,7.7752
1828,47.982,101.39
1829,-98.476,-29.173
1830,48.108,-31.659
1831,-49.036,-69.179
1832,-70.648,26.258
1833,-45.312,-69.226
1834,-84.164,9.8905
1835,-38.928,-92.373
1836,-18.812,-93.659
1837,57.744,-30.723
1838,-3.8006,-86.365
1839,-91.526,9.6501
1840,-103.53,29.032
1841,66.064,89.008
1842,84.993,-41.111
1843,-67.245,70.572
1844,27.138,41.715
1845,-65.561,-42.206
1846,4.0115,-85.314
1847,42.716,-32.456
1848,10.254,14.039
1849,-95.669,1.5303
1850,-26.4,-100.1
1851,-40.914,-91.016
1852,-100.89,17.699
1853,-74.722,-56.554
1854,-11.894,92.138
1855,-31.419,-87.786
1856,-87.646,-40.607
1857,-20.236,-92.539
1858,-30.487,-65.504
1859,-24.106,-104.87
1860,-79.7,-66.909
1861,60.063,-30.844
1862,-42.305,-61.412
1863,-7.3885,-42.341
1864,-23.947,-32.966
1865,-27.769,92.579
1866,-75.18,11.273
1867,-5.3265,-22.427
1868,-3.4889,-87.626
1869,-66.522,-37.513
1870,55.625,-27.334
1871,-60.261,-74.267
1872,-80.195,-36.661
1873,-74.798,18.652
1874,61.359,54.229
1875,57.292,-30.075
1876,59.266,-23.16
1877,-43.576,-63.129
1878,0.90073,9.7024
1879,-7.1361,-34.177
1880,-74.86,-31.259
1881,-17.906,8.2464
1882,101.2,-51.415
1883,-11.268,-1.3868
1884,-20.557,-41.723
1885,54.869,-25.966
1886,-51.426,-69.521
1887,-35.306,-43.852
1888,10.115,13.583
1889,-95.909,10.28
1890,107.2,-46.615
1891,-103.15,29.778
1892,-106.64,17.433
1893,106.1,-49.134
1894,-34.784,-69.46
1895,-54.546,62.957
1896,-60.993,-74.303
1897,5.4953,9.2634
1898,-6.2907,-88.506
1899,104.22,-52.727
1900,66.668,-29.814
1901,-92.525,-0.6779
1902,100.11,-59.814
1903,64.709,-26.044
1904,-44.835,-69.462
1905,-25.286,-42.103
1906,64.171,-30.695
1907,28.844,-19.426
1908,-17.778,-44.055
1909,55.076,-40.634
1910,-14.045,-94.432
1911,-8.0397,-48.076
1912,-39.605,-65.374
1913,49.196,102.1
1914,63.991,-30.646
1915,-87.82,-0.42245
1916,-66.229,-80.883
1917,-86.381,-1.7815
1918,-36.968,-59.1
1919,107.85,-45.42
1920,-43.477,-70.383
1921,108.33,-43.757
1922,-30.981,-76.714
1923,55.656,20.141
1924,92.343,-58.434
1925,30.241,-33.689
1926,57.1,-19.456
1927,-68.192,27.76
1928,0.36952,-60.502
1929,53.367,-32.535
1930,-71.506,6.3192
1931,-45.601,-70.77
1932,75.374,13.265
1933,98.436,-57.946
1934,96.425,-63.643
1935,-25.659,-50.361
1936,0.61637,-88.802
1937,96.414,-64.12
1938,60.593,-24.021
1939,-98.804,7.9168
1940,-12.625,9.6151
1941,-34.41,-94.872
1942,-58.356,66.897
1943,-82.208,1.5781
1944,20,-94.893
1945,107.16,-46.872
1946,101.88,-48.757
1947,8.0218,13.986
1948,-58.297,-82.467
1949,-12.491,-37.824
1950,-41.652,-60.85
1951,-38.193,-92.773
1952,-32.495,-78.011
1953,104.59,-47.686
1954,-91.643,10.762
1955,-38.873,-92.618
1956,-81.52,-54.735
1957,-26.532,-103.39
1958,-35.458,-51.052
1959,-85.516,0.75863
1960,52.288,-88.948
1961,-22.752,-66.846
1962,-72.22,7.8986
1963,-25.232,-42.043
1964,-95.762,1.5229
1965,-80.566,2.6789
1966,-9.575,-92.691
1967,-67.574,-68.318
1968,-48.271,-69.259
1969,-32.211,-53.815
1970,-91.565,-5.4625
1971,32.302,-24.103
1972,-48.05,-71.697
1973,0.66307,-56.052
1974,-43.253,-90.621
1975,-20.538,-93.485
1976,-66.688,-2.5211
1977,-29.459,-57.699
1978,-67.561,-37.845
1979,4.4291,-76.115
1980,-4.1511,-103.32
1981,-86.16,-1.2156
1982,97.853,-58.056
1983,-38.356,-92.833
1984,-54.922,-46.101
1985,-34.133,-77.165
1986,-14.264,-39.174
1987,-45.595,8.9298
1988,5.4132,16.57
1989,-39.927,-91.793
1990,-52.933,-1.3775
1991,-92.382,-7.1816
1992,-40.041,-31.692
1993,-82.435,9.1476
1994,-80.385,-36.002
1995,92.075,-52.841
1996,-53.338,-46.629
1997,57.129,-28.65
1998,-4.1746,-103.21
1999,26.331,-17.562
2000,-99.168,5.7187
2001,-11.599,-94.657
2002,-45.557,-89.412
2003,-13.879,-39.917
2004,-100.52,7.0012
2005,48.797,101.64
2006,-26.372,-104.7
2007,92.902,-66.774
2008,-79.276,-53.541
2009,2.7216,7.7425
2010,-55.576,-56.455
2011,-8.3689,-36.572
2012,-70.155,-10.211
2013,99.997,-58.018
2014,50.391,-33.264
2015,-72.754,-58.946
2016,-42.438,-65.949
2017,6.135,12.807
2018,60.348,-27.757
2019,-73.013,-30.003
2020,-70.697,-42.21
2021,-38.464,-92.907
2022,-34.13,-53.83
2023,-45.574,-68.788
2024,-9.4511,-34.171
2025,-46.199,-70.31
2026,-13.27,-42.332
2027,99.138,-57.626
2028,-42.157,-56.245
2029,97.65,-61.144
2030,-26.759,-49.687
2031,-74.45,-32.187
2032,107.64,-45.681
2033,-45.936,-91.344
2034,-44.859,-69.557
2035,107.51,-45.938
2036,-90.712,-8.8523
2037,92.634,-66.226
2038,84.215,-42.36
2039,-5.6794,-45.787
2040,-54.68,-80.557
2041,-9.6007,-5.0412
2042,-85.709,1.7286
2043,-73.69,-0.57069
2044,-77.717,9.5874
2045,32.962,-23.703
2046,106.78,-47.037
2047,47.144,102.36
2048,89.708,7.4539
2049,-73.026,-1.9101
2050,-22.515,-52.876
2051,-27.087,-104.93
2052,-32.723,-84.113
2053,-18.77,-42.755
2054,-59.8,-81.654
2055,39.896,-86.665
2056,-42.329,-61.492
2057,-77.025,13.256
2058,-52.158,-87.924
2059,105.44,-49.879
2060,-17.797,-44.103
2061,58.497,-30.748
2062,30.24,-82.77
2063,75.731,-4.1983
2064,-118.91,13.662
2065,-67.954,-38.099
2066,106.63,-47.48
2067,-79.643,5.8382
2068,-26.798,-97.925
2069,-41.318,-54.457
2070,-8.0307,-40.617
2071,19.994,-22.002
2072,-67.826,-39.982
2073,60.612,-30.48
2074,-69.007,-4.4258
2075,10.089,-28.755
2076,104.23,-52.577
2077,56.618,-28.589
2078,92.406,-41.943
2079,60.844,-30.597
2080,-34.152,-91.752
2081,107.67,-15.898
2082,-76.334,-22.713
2083,-95.444,9.9969
2084,-40.334,-42.437
2085,-32.912,-94.706
2086,-60.897,-67.196
2087,-72.847,-58.929
2088,-39.401,-78.672
2089,59.539,-31.193
2090,-71.161,2.4747
2091,-3.6242,-20.084
2092,-43.328,-90.609
2093,-67.726,-38.484
2094,98.57,-62.229
2095,-40.904,-90.616
2096,-72.647,6.0708
2097,-91.315,2.0636
2098,-84.57,0.32719
2099,19.818,-26.583
2100,105.98,-51.404
2101,58.406,-31.169
2102,-12.722,-39.871
2103,79.91,-24.747
2104,57.433,-28.263
2105,108.52,-43.556
2106,-84.137,9.0095
2107,66.177,-29.608
2108,52.117,-33.111
2109,-52.97,-86.552
2110,-26.735,-92.025
2111,55.534,-29.092
2112,-80.871,-38.709
2113,-4.7362,-102.66
2114,-45.52,-86.588
2115,28.358,34.294
2116,84.91,-43.384
2117,-95.221,3.0595
2118,-71.115,-1.1733
2119,-72.95,0.53211
2120,104.22,-54.277
2121,-73.768,-32.049
2122,-80.572,-36.792
2123,-22.085,-39.507
2124,-20.755,6.8603
2125,104.51,-51.764
2126,104.77,-50.525
2127,100.6,-59.395
2128,-70.617,-42.035
2129,-3.333,-87.432
2130,-32.244,-95.364
2131,-46.108,-66.698
2132,-61.364,-74.88
2133,-64.129,-82.635
2134,60.391,-27.391
2135,-92.807,-5.5643
2136,-55.764,8.1788
2137,53.28,-89.97
2138,-97.222,15.639
2139,-35.226,-42.24
2140,102.36,-58.31
2141,-46.851,-71.356
2142,-94.073,0.27569
2143,93.328,-64.317
2144,109.69,-44.758
2145,101.97,-59.76
2146,-4.2739,-47.32
2147,-65.466,1.9302
2148,-12.877,-38.126
2149,-70.901,2.9372
2150,-2.9357,-90.117
2151,-42.126,-58.222
2152,-14.757,-44.405
2153,25.166,-90.869
2154,-30.341,-96.733
2155,-90.117,-1.6037
2156,-33.649,-48.579
2157,-3.8595,-103.42
2158,-59.432,-74.324
2159,100.75,-61.125
2160,-26.482,-57.187
2161,51.67,-24.911
2162,-66.332,-37.483
2163,-28.313,-71.752
2164,4.0159,-23.924
2165,-76.476,12.335
2166,-4.738,-88.225
2167,-75.105,-47.868
2168,-65.426,-42.515
2169,-11.215,45.348
2170,-35.027,-68.841
2171,-21.81,-106.67
2172,-4.7716,-102.17
2173,63.707,-30.184
2174,-31.347,-72.463
2175,-30.748,-56.909
2176,58.044,-22.318
2177,-74.324,1.0668
2178,-18.033,-77.173
2179,-78.221,7.7253
2180,104.05,-53.339
2181,-66.117,-81.394
2182,-66.467,18.082
2183,-66.936,-0.017335
2184,-46.4,-66.765
2185,-74.641,1.0124
2186,-32.127,-38.423
2187,3.8172,-32.862
2188,107.95,-48.799
2189,-21.918,-94.539
2190,-68.906,-5.6903
2191,-37.897,-55.105
2192,-88.048,-5.0786
2193,-52.061,-87.868
2194,3.8325,-24.243
2195,107.68,-45.776
2196,-66.066,-2.4715
2197,-66.06,-0.89486
2198,107.04,-50.89
2199,64.127,8.7257
2200,38.459,-30.779
2201,-94.414,15.932
2202,-44.292,-89.817
2203,59.985,-30.68
2204,23.618,-95.862
2205,63.019,-29.818
2206,-80.142,5.3218
2207,-44.175,-74.221
2208,-7.9365,-33.123
2209,-93.001,3.0083
2210,-83.411,21.579
2211,-44.758,-64.462
2212,-74.884,10.617
2213,-79.243,-53.072
2214,-29.577,-41.669
2215,64.289,-30.639
2216,47.822,-32.635
2217,20.12,-68.625
2218,-49.146,-68.954
2219,-27.139,-104.9
2220,-48.396,-71.82
2221,-67.263,23.092
2222,-70.304,-9.702
2223,107.96,-45.058
2224,-84.732,-0.50419
2225,7.3696,15.982
2226,-34.043,-55.076
2227,-81.801,-3.8817
2228,-19.935,-93.792
2229,56.898,-26.591
2230,-8.8482,-44.18
2231,62.227,15.195
2232,-46.884,-71.993
2233,58.156,-29.512
2234,-12.934,-26.71
2235,50.48,-26.686
2236,-17.939,-4.8175
2237,-46.955,-71.243
2238,-88.252,0.96196
2239,-10.886,-8.2388
2240,-50.81,-69.919
2241,-59.299,-67.107
2242,-46.903,-65.612
2243,57.524,-20.193
2244,-45.583,-65.246
2245,12.237,50.571
2246,-72.534,-44.347
2247,-30.99,-70.212
2248,85.47,-40.799
2249,-5.0299,-22.083
2250,-12.331,-37.695
2251,25.12,-84.767
2252,-73.963,53.129
2253,57.583,-25.781
2254,-20.598,-40.837
2255,-7.256,-34.824
2256,-7.5202,-36.676
2257,-10.553,-7.0711
2258,-12.169,-3.2476
2259,-82.825,-12.204
2260,87.01,-45.063
2261,-81.769,21.231
2262,-51.57,-69.461
2263,-1.8043,-46.538
2264,-38.281,-92.821
2265,15.944,19.827
2266,-57.399,-69.446
2267,81.283,0.32012
2268,-47.073,-59.752
2269,-59.26,-60.926
2270,-41.672,-51.716
2271,62.865,-29.948
2272,-86.098,-1.3323
2273,-26.784,-40.303
2274,-34.051,-94.825
2275,59.092,-31.444
2276,60.352,-27.525
2277,-72.919,5.5681
2278,111.49,3.1158
2279,-9.1703,-55.356
2280,12.709,19.721
2281,-32.264,-92.536
2282,-40.691,-43.102
2283,-90.1,-1.4841
2284,-93.956,3.1415
2285,-20.198,-93.515
2286,-2.4613,19.768
2287,-14.749,-74.545
2288,-11.044,-34.436
2289,-9.538,-0.43865
2290,-33.365,-94.441
2291,60.618,-62.661
2292,51.89,-32.903
2293,71.305,-15.662
2294,-38.081,-92.872
2295,-32.753,-7.9425
2296,107.42,-47.183
2297,-81.995,1.7298
2298,-3.7644,-44.246
2299,-68.963,-63.799
2300,-11.073,-65.71
2301,29.153,-69.169
2302,-92.209,22.823
2303,-44.165,-42.18
2304,-25.8,-102.79
2305,-74.165,-1.3836
2306,-3.444,-87.614
2307,-32.949,-75.481
2308,66.745,-26.781
2309,-37.391,-57.623
2310,-35.093,-52.224
2311,66.087,-29.74
2312,-31.689,-87.375
2313,-32.606,-95.037
2314,23.901,-16.364
2315,68.744,-37.556
2316,-32.23,-57.267
2317,55.331,-33.171
2318,31.099,-26.985
2319,-14.981,16.277
2320,-74.938,13.932
2321,19.706,-24.271
2322,39.165,-91.925
2323,60.823,-24.174
2324,61.37,-29.44
2325,32.032,-29.034
2326,-81.308,-39.164
2327,-46.924,-70.435
2328,3.3061,8.3046
2329,-59.872,-66.788
2330,-45.888,-68.945
2331,89.709,7.4539
2332,-10.21,-17.19
2333,8.7656,16.349
2334,-21.811,-106.67
2335,-93.334,-0.13116
2336,-33.915,-73.872
2337,-22.197,10.148
2338,-74.711,-31.047
2339,-56.07,-89.233
2340,-38.231,-83.553
2341,-48.252,-71.755
2342,-52.982,-80.772
2343,-32.129,-53.941
2344,-24.573,-33.864
2345,15.484,12.403
2346,-77.829,1.2447
2347,-16.621,11.121
2348,-75.778,-53.192
2349,-31.355,-69.468
2350,-69.578,-2.7487
2351,-83.701,-0.58631
2352,-3.0181,-19.981
2353,26.182,27.948
2354,47.633,-31.59
2355,100.76,-61.033
2356,-76.632,11.778
2357,-33.714,-94.92
2358,-72.549,-44.363
2359,-6.5632,-43.061
2360,-9.7625,-37.176
2361,-83.893,1.4997
2362,-18.274,-46.799
2363,-72.479,0.14446
2364,-59.315,-66.879
2365,-54.916,-81.637
2366,-75.62,12.593
2367,-49.675,-69.577
2368,80.875,-24.444
2369,70.632,-18.305
2370,-93.79,0.3006
2371,-4.3052,-103.23
2372,7.1688,-77.353
2373,-32.999,-85.94
2374,107.76,-48.806
2375,101.19,-66.742
2376,-0.59262,-89.898
2377,-73.271,15.107
2378,96.377,-61.32
2379,-83.865,0.46204
2380,66.048,-29.705
2381,-4.6956,-95.939
2382,-29.431,-97.453
2383,-65.668,-37.784
2384,-76.511,17.185
2385,-40.47,-89.75
2386,-13.61,15.431
2387,1.654,-47.07
2388,19.315,-20.937
2389,108.45,-44.605
2390,-33.414,-66.147
2391,-68.979,1.1335
2392,-70.954,5.1359
2393,-4.7247,-29.814
2394,-14.333,-93.689
2395,-75.436,-20.829
2396,99.482,-63.448
2397,47.096,102.34
2398,-3.5095,-46.61
2399,-43.251,-49.961
2400,-70.549,-38.3
2401,-89.135,-1.3755
2402,-0.92979,-45.26
2403,-93.918,0.35918
2404,-70.48,2.3444
2405,12.913,11.223
2406,-36.429,-61.978
2407,65.131,-30.508
2408,65.247,-29.144
2409,-80.194,3.2572
2410,-12.585,-43.859
2411,57.748,-33.062
2412,-7.9354,-42.993
2413,-26.868,-8.8108
2414,58.633,-33.846
2415,23.393,-21.539
2416,99.109,-57.565
2417,47.815,102.76
2418,-16.367,-44.503
2419,103.15,-54.516
2420,-57.135,8.2757
2421,-28.507,-42.072
2422,-68.683,-2.155
2423,-72.833,-30.465
2424,22.464,-21.239
2425,-83.516,2.0551
2426,-83.847,1.4551
2427,-34.528,-54.136
2428,-63.008,-78.292
2429,-72.691,-31.356
2430,-4.215,-96.373
2431,7.8194,-31.416
2432,58.59,-34.758
2433,-73.76,-31.843
2434,31.851,-68.499
2435,6.2366,-30.835
2436,108.98,-44.838
2437,-6.5518,-31.476
2438,-86.037,14.714
2439,-31.91,-75.62
2440,75.593,9.9486
2441,-93.901,4.7158
2442,-13.993,52.407
2443,-34.968,-63.047
2444,-6.4971,-92.218
2445,-72.948,-9.9928
2446,23.864,-16.32
2447,-0.38529,13.071
2448,81.453,-51.232
2449,47.724,102.34
2450,-22.188,35.835
2451,-68.142,4.1435
2452,-3.6821,-34.202
2453,43.236,102.8
2454,-49.874,-86.785
2455,-86.718,0.59595
2456,-30.563,-58.569
2457,27.438,-14.84
2458,-68.187,-67.82
2459,-87.485,7.404
2460,77.514,-39.342
2461,-67.596,-2.5779
2462,-71.14,1.8675
2463,6.5019,30.739
2464,20.823,-25.352
2465,9.9569,16.011
2466,46.829,-41.269
2467,-94.916,2.5929
2468,-4.1718,-86.648
2469,-39.625,-65.856
2470,58.377,-41.058
2471,-33.041,-73.893
2472,-18.666,-42.29
2473,55.4,-32.869
2474,65.084,-30.196
2475,-85.148,0.038468
2476,-41.593,-22.494
2477,-85.232,-20.085
2478,22.157,-22.261
2479,-86.439,0.93703
2480,-68.637,-37.413
2481,-2.8825,-46.374
2482,93.411,-66.702
2483,-69.348,-1.0963
2484,-66.395,-38.54
2485,6.8035,-55.444
2486,34.732,-73.209
2487,-67.057,-1.8823
2488,104.88,-48.479
2489,-43.316,-69.997
2490,-44.213,-66.124
2491,-28.103,-48.331
2492,-63.615,15.501
2493,40.432,-48.559
2494,-101.94,12.183
2495,-67.406,-81.239
2496,98.934,-60.837
2497,19.414,-22.314
2498,-32.637,-92.679
2499,57.959,-34.072
2500,3.7428,58.764
2501,-94.267,17.201
2502,107.58,-45.285
2503,-10.93,29.658
2504,-6.8244,-38.415
2505,-90.188,16.796
2506,-4.2879,-40.517
2507,20.769,-90.175
2508,-102.87,7.434
2509,2.4952,-59.031
2510,7.8036,-77.563
2511,64.773,-29.783
2512,-27.957,-99.183
2513,-31.147,-64.656
2514,-39.694,-91.079
2515,108.14,-44.85
2516,13.181,17.717
2517,-47.59,-71.593
2518,76.155,-39.004
2519,-91.578,10.406
2520,-14.168,-44.034
2521,-82.415,1.0992
2522,45.511,-77.407
2523,54.165,-18.068
2524,-51.363,-1.3485
2525,-59.643,-0.17415
2526,53.031,-32.023
2527,0.55223,-44.804
2528,-96.664,19.648
2529,-81.296,-54.544
2530,-23.395,6.7952
2531,58.554,-34.129
2532,10.448,36.914
2533,2.0641,19.701
2534,-87.769,-0.37947
2535,60.437,-10.98
2536,36.096,-0.30744
2537,58.615,-33.285
2538,13.545,18.312
2539,45.089,-34.59
2540,-74.106,-1.2223
2541,-10.61,-17.596
2542,-90.313,0.73793
2543,-57.035,7.0614
2544,-25.875,-54.604
2545,-27.408,-96.246
2546,-21.689,-67.398
2547,-74.043,-22.018
2548,-74.096,12.193
2549,3.0661,55.777
2550,19.15,-25.557
2551,25.309,-96.805
2552,-4.5779,-45.64
2553,-30.432,-56.319
2554,-68.365,20.394
2555,2.702,18.172
2556,-43.53,-70.049
2557,-23.694,-45.189
2558,-50.332,81.462
2559,63.425,-19.798
2560,-73.822,14.285
2561,-80.612,-4.8761
2562,-35.331,-51.725
2563,73.82,88.166
2564,-93.216,-0.012716
2565,-68.153,20.295
2566,-28.338,78.536
2567,28.131,76.285
2568,-26.934,-26.258
2569,15.763,-72.623
2570,-100.59,5.6809
2571,-7.2991,-45.659
2572,70.921,26.775
2573,-73.24,-31.457
2574,51.36,12.258
2575,49.411,-25.976
2576,-84.795,1.6182
2577,54.644,-16.722
2578,-31.513,88.074
2579,2.5521,6.6238
2580,-58.964,9.6739
2581,-22.483,10.305
2582,31.389,-23.558
2583,-33.408,-94.955
2584,37.24,-31.61
2585,55.988,-30.363
2586,1.7577,23.058
2587,-29.615,-41.832
2588,96.435,-61.317
2589,-18.833,14.419
2590,64.496,-30.811
2591,-55.921,8.1686
2592,-55.148,9.0053
2593,40.541,-9.0162
2594,-101.05,12.232
2595,-50.104,-88.621
2596,-44.485,84.089
2597,-20.248,-23.566
2598,9.0777,4.4719
2599,91.746,-67.104
2600,105.87,-49.917
2601,29.23,-18.593
2602,9.1083,5.4862
2603,-84.22,1.4669
2604,-80.147,64.188
2605,-66.154,22.442
2606,-19.136,-39.808
2607,93.378,-21.549
2608,-23.429,-74.088
2609,41.171,5.1163
2610,-7.5986,87.237
2611,31.675,-16.897
2612,48.425,101.59
2613,47.746,101.99
2614,-77.703,9.3876
2615,58.449,-33.674
2616,14.826,16.014
2617,65.153,-28.744
2618,8.2694,11.18
2619,-65.738,-41.922
2620,-85.392,-2.7357
2621,-29.726,-96.891
2622,53.444,54.007
2623,2.8147,61.947
2624,-52.461,65.12
2625,4.3371,-85.251
2626,49.012,102.43
2627,-5.1536,-43.748
2628,92.747,-56.704
2629,81.818,-43.152
2630,-64.23,15.784
2631,-80.812,9.708
2632,13.987,19.064
2633,-52.379,1.7377
2634,48.251,101.97
2635,-36.216,-67.904
2636,-37.9,-56.261
2637,92.076,-28.843
2638,-48.966,-84.073
2639,-65.598,-77.053
2640,-32.101,-45.445
2641,75.016,-43.868
2642,-19.54,-104.73
2643,-36.977,-76.067
2644,25.574,83.975
2645,62.736,-27.611
2646,18.862,-19.307
2647,-35.212,-52.355
2648,19.598,-35.628
2649,-91.604,10.741
2650,-6.8988,24.083
2651,-72.436,-7.6067
2652,-4.5218,-47.255
2653,-33.492,-15.539
2654,-69.797,-75.198
2655,-66.273,-83.474
2656,-28.742,-71.629
2657,-11.334,-89.251
2658,46.637,102.64
2659,25.055,-84.618
2660,-4.701,-57.306
2661,26.12,4.4436
2662,28.79,-28.166
2663,59.252,-21.494
2664,8.6107,15.573
2665,12.173,14.243
2666,-3.1332,-44.931
2667,47.434,101.87
2668,99.513,-68.618
2669,-46.066,-40.71
2670,-23.681,-10.985
2671,107.83,-43.295
2672,-75.189,-73.721
2673,-61.015,28.412
2674,-13.81,64.355
2675,-67.359,-81.006
2676,-61.604,-87.781
2677,-10.161,-37.944
2678,37.321,-32.692
2679,-36.203,-27.648
2680,83.177,-42.029
2681,-11.046,-17.319
2682,-62.314,-87.26
2683,54.898,-17.247
2684,-28.348,79.373
2685,-7.4217,-34.424
2686,54.512,-18.007
2687,-95.071,8.2463
2688,-57.056,-72.971
2689,-14.107,-42.179
2690,-26,-53.44
2691,-95.359,2.5475
2692,-56.436,-85.678
2693,-49.876,-89.509
2694,1.8572,41.455
2695,35.846,64.108
2696,-49.826,78.533
2697,11.478,7.8184
2698,12.158,13.356
2699,-15.55,-6.3174
2700,-83.074,59.105
2701,10.232,47.352
2702,-10.595,-16.74
2703,35.683,-34.39
2704,37.375,73.985
2705,-73.933,1.4189
2706,-43.409,-69.717
2707,-30.852,-73.833
2708,28.822,-28.178
2709,-11.423,-16.882
2710,-70.363,26.732
2711,-9.102,-29.435
2712,56.267,-28.849
2713,47.166,39.049
2714,59.493,-61.078
2715,-2.4961,59.476
2716,58.779,-34.662
2717,-67.819,10.731
2718,103.51,-49.773
2719,-62.996,-89.384
2720,-24.494,-19.493
2721,15.988,51.122
2722,29.408,35.215
2723,13.409,-43.477
2724,78.617,-43.235
2725,4.3134,-86.092
2726,-65.322,2.1103
2727,-34.176,70.091
2728,-57.794,22.228
2729,-95.811,9.7675
2730,77.111,-10.238
2731,3.6269,8.6775
2732,-22.024,5.8068
2733,7.897,17.139
2734,59.129,-57.921
2735,-27.552,15.125
2736,-9.6389,-17.174
2737,-95.014,4.6213
2738,-90.1,-7.3076
2739,-23.495,69.384
2740,16.103,10.823
2741,14.483,-54.905
2742,-15.188,-33.1
2743,-54.376,9.1039
2744,48.574,57.017
2745,-33.417,-85.678
2746,-69.365,-20.759
2747,-73.9,0.091622
2748,-0.79701,-59.444
2749,-49.481,68.023
2750,4.9641,-62.797
2751,41.988,40.727
2752,38.219,-53.282
2753,-93.33,-1.3896
2754,-95.237,0.53562
2755,78.414,-52.573
2756,84.866,-47.568
2757,32.095,-48.985
2758,47.525,-32.09
2759,-59.237,22.033
2760,3.8651,-58.778
2761,-2.8116,50.915
2762,89.903,44.955
2763,-5.3077,-42.805
2764,-50.125,82.238
2765,-64.382,-59.465
2766,-67.184,30.077
2767,30.859,15.043
2768,34.532,-66.124
2769,28.025,3.3756
2770,-51.72,-80.477
2771,-39.458,-59.625
2772,-72.668,16.883
2773,33.303,-89.376
2774,103.07,-54.262
2775,-81.372,8.9061
2776,-44.464,-86.275
2777,93.843,-42.433
2778,-1.7401,-52.439
2779,48.344,102.17
2780,3.8655,-32.461
2781,-72.773,-3.5906
2782,-17.642,65.759
2783,10.53,-33.142
2784,104.93,-52.063
2785,41.417,-48.34
2786,-55.316,8.1574
2787,-66.896,21.19
2788,34.394,-80.138
2789,94.054,-58.094
2790,9.7911,-47.237
2791,34.635,77.085
2792,-90.194,-7.7261
2793,-95.768,1.4089
2794,-14.885,12.264
2795,62.533,9.516
2796,-87.337,-1.4781
2797,57.432,51.407
2798,37.575,22.434
2799,-50.549,81.405
2800,-63.408,-40.117
2801,58.566,-40.131
2802,39.114,-91.412
2803,-79.758,5.5563
2804,-17.585,-44.19
2805,11.153,14.917
2806,-76.403,55.857
2807,-30.866,-48.842
2808,2.7232,12.139
2809,-21.931,-16.673
2810,-82.42,1.5619
2811,2.4018,-43.636
2812,-46.612,86.682
2813,-31.262,-73.112
2814,-65.995,4.443
2815,77.277,-29.626
2816,-5.4023,52.042
2817,27.361,81.739
2818,8.6282,-60.797
2819,45.872,1.4889
2820,100.5,-59.249
2821,-47.287,-69.792
2822,10.349,-14.911
2823,92.814,-52.598
2824,67.535,-29.433
2825,-17.736,-70.234
2826,-16.922,-47.55
2827,-61.098,-66.741
2828,-70.664,-1.9626
2829,8.5912,16.866
2830,1.8902,-64.528
2831,-12.641,-18.265
2832,-17.36,-41.194
2833,84.6,13.123
2834,-73.441,35.024
2835,11.012,-50.24
2836,2.5576,7.9509
2837,81.25,-23.743
2838,-5.3296,-46.466
2839,21.161,-78.902
2840,8.2063,11.225
2841,-2.3623,-58.631
2842,-20.278,-41.165
2843,-18.617,-36.183
2844,86.242,44.503
2845,-1.9472,-49.972
2846,-71.201,-42.596
2847,-66.263,-37.539
2848,57.199,-32.528
2849,9.0088,50.914
2850,78.691,-18.736
2851,56.947,-29.266
2852,-92.614,17.751
2853,-31.42,-53.514
2854,44.902,41.628
2855,20.289,-25.431
2856,90.815,-27.154
2857,-20.12,42.515
2858,20.6,-78.881
2859,-87.086,0.027444
2860,45.307,103.52
2861,34.565,11.819
2862,-32.799,-95.726
2863,35.004,-60.468
2864,-59.717,-34.536
2865,58.295,-34.121
2866,-78.457,-58.244
2867,-89.219,-51.548
2868,-17.807,-47.121
2869,-19.27,-42.721
2870,60.316,-24.159
2871,49.959,-87.385
2872,-57.759,22.305
2873,76.775,9.6204
2874,-44.481,85.355
2875,58.511,-33.445
2876,1.8891,-18.643
2877,9.2499,-44.311
2878,-83.065,26.266
2879,-28.121,79.289
2880,4.1176,6.9983
2881,31.747,-6.2225
2882,-60.677,34.769
2883,36.718,63.405
2884,-11.757,88.85
2885,91.801,-42.45
2886,68.896,-26.448
2887,0.82124,-49.554
2888,28.403,34.154
2889,-39.598,-65.851
2890,-6.7055,-33.979
2891,-2.9636,-86.738
2892,39.338,-11.121
2893,-7.5557,90.057
2894,-53.725,7.9305
2895,73.714,-43.26
2896,2.1139,-64.283
2897,7.2703,29.311
2898,41.35,8.4974
2899,-16.36,-78.952
2900,48.007,101.04
2901,-74.968,-57.175
2902,9.639,13.323
2903,-31.492,-95.676
2904,47.714,-3.9127
2905,15.242,11.241
2906,11.973,91.435
2907,-50.582,-83.582
2908,58.413,-32.932
2909,7.2817,5.8831
2910,7.1351,-31.577
2911,54.406,-16.886
2912,99.988,-68.138
2913,-17.478,8.3364
2914,-25.498,-102.84
2915,-3.7694,-35.007
2916,-53.765,65.5
2917,45.491,76.061
2918,85.41,-10.591
2919,-26.446,-103.33
2920,-33.416,-30.255
2921,-20.076,-42.705
2922,-71.939,5.9171
2923,-25.672,-96.723
2924,12.513,13.619
2925,-32.24,-93.358
2926,-70.833,37.021
2927,-29.671,51.869
2928,-50.105,-49.798
2929,-26.681,-102.11
2930,19.543,-45.96
2931,1.0296,41.817
2932,75.72,-36.185
2933,6.8635,-84.049
2934,47.381,103.67
2935,-67.494,-0.12784
2936,78.678,-53.39
2937,-63.331,68.146
2938,7.8545,11.355
2939,2.4199,17.669
2940,-64.346,-4.0013
2941,-33.972,-76.82
2942,-22.079,-64.91
2943,-73.48,35.195
2944,-10.59,93.705
2945,-66.096,24.23
2946,37.467,-31.101
2947,-38.515,-92.998
2948,33.039,13.298
2949,-13.731,-28.245
2950,-15.786,56.594
2951,5.3556,61.944
2952,-77.078,10.54
2953,-21.042,-25.063
2954,-30.688,-44.328
2955,-18.105,-40.788
2956,-14.684,53.68
2957,-31.011,83.655
2958,5.2937,84.766
2959,-17.477,8.3361
2960,-71.761,-74.929
2961,13.202,99.203
2962,44.865,42.326
2963,-87,4.5293
2964,64.754,-26.037
2965,-26.192,-102.14
2966,6.7187,-20.514
2967,-4.5711,61.667
2968,-34.017,-63.462
2969,-44.4,42.57
2970,71.422,-18.494
2971,-33.263,-77.374
2972,-44.144,-67.55
2973,20.714,-85.72
2974,-6.9733,51.47
2975,-0.35984,-58.797
2976,-48.155,64.882
2977,-13.063,97.567
2978,-26.149,-57.474
2979,1.0829,-43.936
2980,-33.932,-80.441
2981,94.776,-42.568
2982,32.046,-85.291
2983,32.592,-59.806
2984,86.732,-14.132
2985,-67.524,-79.111
2986,-44.326,-64.121
2987,42.517,18.571
2988,12.02,91.24
2989,4.7288,9.3691
2990,91.837,-28.969
2991,-100.79,7.6412
2992,-9.5817,-46.235
2993,-20.762,60.134
2994,-30.271,-68.85
2995,3.1582,-59.419
2996,61.3,-15.838
2997,21.449,-87.621
2998,8.2519,58.544
2999,-88.449,5.3184
3000,-58.653,16.779
3001,-0.0048242,-48.915
3002,56.011,24.475
3003,40.422,21.216
3004,50.453,-2.5453
3005,22.955,94.048
3006,-30,-42.461
3007,-21.915,-41.335
3008,7.6115,13.974
3009,1.2716,102.84
3010,34.66,68.665
3011,-16.377,-83.191
3012,87.632,9.3049
3013,-53.435,80.65
3014,-0.87078,54.049
3015,29.761,-89.133
3016,38.087,-49.227
3017,20.734,-48.416
3018,-50.878,-79.209
3019,-23.364,8.4118
3020,-95.469,1.5869
3021,42.539,50.159
3022,3.221,-57.019
3023,-21.091,-88.757
3024,-33.051,-93.513
3025,-46.777,-50.435
3026,-18.289,-40.264
3027,-23.986,65.177
3028,-14.21,-40.792
3029,101.43,-50.983
3030,-39.181,-78.167
3031,7.8944,5.3846
3032,67.563,-23.414
3033,-31.739,-69.311
3034,67.62,-44.889
3035,6.3003,-59.898
3036,89.842,-27.664
3037,-18.165,-40.294
3038,11.548,-46.357
3039,-16.11,7.5346
3040,91.653,-21.371
3041,48.029,-86.5
3042,-43.107,-42.151
3043,20.716,-48.24
3044,47.129,-42.055
3045,-47.599,-71.388
3046,-86.967,6.0938
3047,63.099,13.306
3048,-59.694,-67.011
3049,101.09,-51.634
3050,24.115,-39.74
3051,5.1884,53.718
3052,-86.281,0.66197
3053,-57.575,-66.825
3054,8.4128,-56.568
3055,37.868,23.819
3056,4.8008,-2.5089
3057,-24.034,-107.81
3058,34.298,1.2545
3059,-4.2621,-103.08
3060,22.097,60.35
3061,34.325,67.131
3062,52.931,-33.22
3063,15.639,-47.718
3064,-69.81,61.968
3065,-10.863,93.056
3066,-8.7918,37.873
3067,-10.303,-36.806
3068,-49.865,68.498
3069,-0.51243,20.193
3070,2.5457,62.056
3071,18.255,66.875
3072,-4.2328,-88.039
3073,24.187,-92.405
3074,-53.212,-83.799
3075,-20.742,-92.538
3076,42.107,-43.163
3077,7.7316,-46.346
3078,31.032,3.0873
3079,18.864,-85.475
3080,40.221,68.07
3081,-62.958,-78.044
3082,36.692,65.837
3083,9.8575,49.075
3084,52.893,75.506
3085,13.267,89.338
3086,87.356,-43.844
3087,-47.651,67.515
3088,-15.639,-20.12
3089,-77.386,-67.018
3090,-45.596,-73.153
3091,36.587,74.111
3092,33.843,-67.23
3093,65.183,-27.438
3094,-18.127,61.54
3095,-35.432,-50.924
3096,-22.503,-65.257
3097,-66.555,-76.676
3098,30.335,-33.693
3099,66.105,-27.826
3100,96.954,-62.372
3101,-13.104,96.609
3102,25.681,99.992
3103,-33.772,-91.849
3104,-5.189,59.201
3105,-36.77,-45.196
3106,-92.16,-0.80404
3107,-71.609,25.721
3108,29.705,81.929
3109,60.698,-77.819
3110,14.248,94.092
3111,-9.5035,94.483
3112,57.902,-32.885
3113,-3.446,58.452
3114,38.889,72.518
3115,-48.486,79.892
3116,-38.569,-62.471
3117,-6.1465,-95.73
3118,-52.77,-79.738
3119,34.182,1.1008
3120,-12.603,94.634
3121,58.47,-33.301
3122,32.382,-0.34643
3123,-61.791,76.754
3124,65.558,57.187
3125,9.8301,-18.381
3126,-91.617,10.794
3127,-55.96,-40.02
3128,24.664,90.521
3129,81.012,-49.25
3130,-47.873,-69.384
3131,30.562,-2.6766
3132,19.259,-38.518
3133,-57.422,-67.191
3134,38.406,-21.086
3135,-1.8408,-46.464
3136,64.412,45.366
3137,-31.166,-1.9017
3138,36.588,0.7755
3139,95.549,44.208
3140,-60.318,79.919
3141,-43.975,-89.752
3142,32.949,92.549
3143,-15.102,-24.5
3144,65.225,57.666
3145,40.207,3.154
3146,57.625,-20.401
3147,-66.035,71.686
3148,12.954,95.821
3149,19.186,-34.978
3150,-12.882,57.995
3151,-17.727,79.082
3152,-70.764,-9.7438
3153,-60.159,-68.199
3154,-41.2,72.897
3155,54.102,-17.764
3156,-0.7225,-26.719
3157,-66.009,69.518
3158,75.207,-29.463
3159,-35.656,-70.513
3160,26.458,-91.273
3161,-18.641,14.244
3162,-12.559,17.469
3163,13.257,18.544
3164,-57.339,-69.409
3165,31.274,25.093
3166,59.104,-23.705
3167,-13.475,96.718
3168,-18.89,26.675
3169,-18.512,-36.694
3170,-68.74,-67.61
3171,-4.0428,-73.942
3172,43.198,-5.5829
3173,-82.149,64.784
3174,35.829,64.49
3175,34.083,-48.38
3176,-26.53,90.3
3177,-12.395,-15.824
3178,-13.56,-37.532
3179,59.411,-31.008
3180,-25.377,80.602
3181,-100.79,7.8866
3182,-28.714,-48.238
3183,47.17,-89.924
3184,-38.645,-92.63
3185,40.789,-52.007
3186,2.0741,-65.776
3187,-59.973,-66.818
3188,40.374,-52.27
3189,53.057,-20.65
3190,33.301,-63.011
3191,58.549,-33.408
3192,-21.81,-106.67
3193,35.195,67.456
3194,23.444,-88.892
3195,105.62,-50.771
3196,-20.681,-25.451
3197,21.251,-42.688
3198,36.812,17.036
3199,62.668,-28.248
3200,57.177,-33.998
3201,20.592,-25.482
3202,41.344,-71.807
3203,-20.705,-92.926
3204,-63.005,77.392
3205,52.978,52.345
3206,-23.856,87.247
3207,-13.895,16.399
3208,54.461,71.759
3209,-63.537,75.174
3210,77.364,42.053
3211,20.648,91.366
3212,-22.919,69.55
3213,-29.454,-42.406
3214,-41.19,67.559
3215,-45.244,67.781
3216,-43.296,85.672
3217,-1.9609,61.31
3218,-26.898,-26.303
3219,47.488,-41.375
3220,76.138,49.221
3221,11.405,-46.302
3222,29.729,82.204
3223,-62.231,78.545
3224,-29.12,-20.429
3225,23.297,-24.828
3226,-31.443,-54.949
3227,-74.427,10.86
3228,17.549,-35.185
3229,28.142,-68.064
3230,99.898,-64.811
3231,-40.061,-65.1
3232,27.341,-93.765
3233,-69.47,-0.76991
3234,-52.476,81.56
3235,-9.1871,71.647
3236,75.507,-1.8727
3237,-35.366,-51.804
3238,-8.9593,-87.101
3239,59.912,63.993
3240,36.906,7.7511
3241,-44.311,-64.019
3242,65.811,-21.462
3243,-58.082,-82.826
3244,-23.006,-14.385
3245,-12.665,9.7027
3246,47.385,24.213
3247,-14.872,95.349
3248,-29.103,93.482
3249,-69.376,66.494
3250,37.255,75.524
3251,-89.585,4.8876
3252,54.515,-30.181
3253,-93.972,0.48582
3254,-17.681,12.753
3255,-13.444,96.626
3256,-54.652,-85.656
3257,-17.836,13.78
3258,-13.894,12.986
3259,51.822,63.359
3260,20.739,92.639
3261,-33.767,18.651
3262,51.183,-16.926
3263,-2.9029,-90.201
3264,-74.08,-0.74659
3265,104.47,-47.822
3266,-28.752,-48.622
3267,3.042,37.811
3268,34.515,-79.656
3269,-55.405,65.952
3270,33.255,-80.121
3271,48.477,-21.093
3272,44.392,-45.676
3273,-0.17313,32.169
3274,36.241,63.471
3275,29.125,0.81024
3276,41.973,76.434
3277,8.6802,-2.6245
3278,-24.276,66.782
3279,38.783,91.423
3280,7.1693,97.345
3281,-34.596,47.621
3282,-16.593,25.133
3283,51.573,-32.358
3284,4.2218,96.453
3285,20.381,-84.763
3286,2.1369,-53.687
3287,108.35,-44.369
3288,-31.587,-75.275
3289,-17.124,16.579
3290,-27.83,90.908
3291,28.912,-19.456
3292,2.1249,6.8073
3293,-33.817,92.72
3294,-31.63,91.307
3295,-15.521,99.49
3296,23.827,92.243
3297,-4.028,49.678
3298,104.23,-45.26
3299,29.076,86.226
3300,80.708,-52.867
3301,46.495,22.809
3302,49.998,-69.681
3303,23.205,89.988
3304,22.898,88.598
3305,-66.402,-39.501
3306,104.23,-54.728
3307,-69.736,-1.3632
3308,19.501,8.043
3309,50.58,55.042
3310,26.073,68.433
3311,7.6938,99.479
3312,21.92,10.031
3313,-71.711,-43.755
3314,-85.426,-0.54725
3315,23.216,6.6496
3316,25.716,86.742
3317,47.387,75.104
3318,50.407,54.584
3319,12.161,10.241
3320,-38.096,-93.292
3321,31.635,2.4597
3322,-2.4149,60.722
3323,104.77,-47.815
3324,-13.525,95.891
3325,-48.002,65.048
3326,54.008,-18.253
3327,13.193,-11.279
3328,49.793,-35.098
3329,-66.707,75.283
3330,-43.396,85.691
3331,44.54,-34.511
3332,55.224,33.772
3333,-80.963,-25.425
3334,-25.968,-97.652
3335,-26.541,90.993
3336,1.2789,-59.184
3337,54.091,-20.943
3338,-68.632,62.856
3339,-20.356,92.277
3340,-62.259,78.538
3341,39.852,-86.437
3342,-94.992,4.4852
3343,13.911,18.383
3344,90.584,44.217
3345,21.257,-89.608
3346,22.072,60.285
3347,49.108,-54.694
3348,-4.7399,28.589
3349,50.904,73.565
3350,41.366,-46.326
3351,-27.29,90.829
3352,50.023,-61.757
3353,-16.94,82.228
3354,17.649,-3.9947
3355,-22.065,-83.384
3356,95.755,44.312
3357,-7.4575,94.161
3358,46.931,74.534
3359,-0.48234,53.704
3360,21.133,-89.314
3361,40.925,61.713
3362,-55.399,-25.367
3363,-70.825,-42.41
3364,-74.746,-31.536
3365,-66.732,72.891
3366,33.225,13.48
3367,-70.97,2.1707
3368,78.594,-53.91
3369,-71.1,1.8749
3370,44.467,57.258
3371,-23.127,69.322
3372,50.883,57.946
3373,48.251,-58.09
3374,-82.02,2.8267
3375,56.093,-83.999
3376,24.331,89.516
3377,48.706,58.481
3378,37.012,24.544
3379,-50.789,-83.408
3380,-28.366,79.583
3381,0.87922,54.654
3382,-60.434,34.489
3383,86.649,-3.5174
3384,-3.3619,-30.131
3385,26.415,92.419
3386,11.748,91.515
3387,7.8918,58.521
3388,35.163,21.021
3389,-51.878,-85.011
3390,55.297,-29.337
3391,-3.9651,60.024
3392,18.835,-70.878
3393,32.361,42.627
3394,48.628,-73.043
3395,-65.265,-76.63
3396,-24.653,12.048
3397,56.919,-86.441
3398,54.11,-21.018
3399,36.215,-61.051
3400,-11.088,66.968
3401,-75.094,-2.9473
3402,38.755,72.432
3403,3.3042,18.041
3404,72.802,-13.521
3405,7.4667,66.391
3406,66.222,-27.408
3407,70.828,-39.373
3408,43.151,102.76
3409,-11.951,-72.044
3410,15.037,92.747
3411,-44.619,84.212
3412,26.362,89.648
3413,9.1616,90.931
3414,-31.81,83.814
3415,52.079,-18.081
3416,-24.534,8.8948
3417,45.697,102.7
3418,-2.9549,-41.648
3419,0.7802,96.605
3420,41.334,8.514
3421,31.677,-66.962
3422,58.794,-23.403
3423,2.8607,76.257
3424,-55.907,40.824
3425,58.668,62.7
3426,-2.4906,-55.404
3427,-22.022,-68.502
3428,48.565,29.647
3429,44.397,-42.431
3430,47.735,57.773
3431,28.046,87.679
3432,59.966,64.111
3433,33.669,-50.768
3434,-7.7031,28.902
3435,-20.156,12.095
3436,-85.994,0.87534
3437,-32.405,-56.318
3438,65.842,-3.4845
3439,-24.759,68.234
3440,-13.968,91.429
3441,-60.277,-86.577
3442,-18.025,-69.41
3443,-44.568,-41.982
3444,14.887,74.745
3445,-59.042,61.457
3446,-1.0227,-45.142
3447,26.025,28.078
3448,47.113,-15.147
3449,-17.373,78.574
3450,-23.566,8.0792
3451,-90.199,2.2495
3452,17.666,-48.556
3453,49.748,-85.242
3454,-29.702,91.14
3455,3.1435,-63.681
3456,18.365,-41.494
3457,39.094,22.161
3458,40.038,79.924
3459,67.194,47.459
3460,85.485,35.175
3461,-73.999,0.30669
3462,-12.359,16.743
3463,9.2807,-2.36
3464,23.055,91.841
3465,40.393,7.183
3466,-14.224,95.612
3467,29.943,0.70894
3468,-21.327,-85.097
3469,36.617,62.823
3470,59.226,61.32
3471,13.303,-41.167
3472,44.203,2.8623
3473,5.5629,-65.4
3474,-104.28,-3.8852
3475,59.947,-20.145
3476,-72.229,-30.311
3477,-51.33,79.652
3478,32.891,61.905
3479,-38.638,-91.08
3480,40.241,64.209
3481,-82.674,1.554
3482,82.974,-23.713
3483,22.983,92.21
3484,15.393,-16.503
3485,-65.285,56.039
3486,4.2985,96.749
3487,-89.478,12.414
3488,-44.099,68.643
3489,24.331,90.294
3490,7.7112,57.882
3491,-19.542,27.094
3492,34.568,36.255
3493,-10.996,48.077
3494,50.529,-69.102
3495,33.719,-29.367
3496,-80.525,-35.007
3497,-15.083,13.708
3498,19.137,-69.121
3499,-52.193,60.6
3500,-9.5758,-5.7802
3501,26.324,38.168
3502,7.5567,-56.792
3503,-21.725,-67.858
3504,22.052,60.213
3505,-2.1049,-59.209
3506,24.499,-36.658
3507,25.752,88.751
3508,57.02,8.7462
3509,4.1692,-31.56
3510,12.576,15.483
3511,-12.024,-77.587
3512,18.863,-86.108
3513,19.578,-78.966
3514,51.233,74.897
3515,-52.536,60.73
3516,-3.8066,56.32
3517,46.54,-78.253
3518,-32.051,64.319
3519,22.929,90.404
3520,35.995,63.523
3521,-41.532,66.002
3522,23.302,89.45
3523,34.828,72.01
3524,39.548,67.801
3525,-72.219,69.28
3526,64.74,-30.54
3527,-53.092,1.4109
3528,-25.461,-32.679
3529,24.336,22.794
3530,24.657,80.392
3531,9.102,61.996
3532,59.728,61.835
3533,3.355,57.809
3534,-23.896,73.845
3535,-67.417,-71.696
3536,-77.17,10.707
3537,-9.2073,93.827
3538,45.906,20.931
3539,-15.383,-25.897
3540,-21.585,69.289
3541,26.887,87.37
3542,-66.714,73.163
3543,10.808,29.893
3544,-21.335,-88.846
3545,-39.393,-92.006
3546,30.338,16.604
3547,18.543,52.363
3548,23.116,-51.383
3549,52.914,-17.257
3550,88.628,-20.633
3551,-34.254,-94.137
3552,-31.734,-69.563
3553,-35.514,-70.931
3554,67.457,45.966
3555,-71.623,-37.432
3556,-9.7674,6.9888
3557,-46.228,-72.722
3558,-30.884,83.457
3559,58.022,63.005
3560,14.042,-41.498
3561,17.103,87.604
3562,-21.494,71.613
3563,-25.231,68.263
3564,65.5,-23.307
3565,52.615,61.326
3566,-7.1471,13.42
3567,-66.998,23.141
3568,24.506,97.807
3569,-43.039,5.6237
3570,-49.629,79.457
3571,-66.473,73.624
3572,50.432,-25.932
3573,1.5759,58.615
3574,66.095,8.5436
3575,-22.946,-90.569
3576,107.38,-46.206
3577,34.16,-49.314
3578,10.856,91.011
3579,25.155,93.824
3580,59.588,59.888
3581,-115.76,38.54
3582,21.497,90.515
3583,48.551,20.953
3584,24.431,-88.204
3585,62.883,-24.769
3586,46.117,74.26
3587,47.338,75.187
3588,43.891,20.348
3589,27.034,-43.435
3590,35.022,-70.945
3591,-57.39,-69.508
3592,-69.476,-14.023
3593,31.765,92.355
3594,54.401,53.178
3595,45.863,71.036
3596,91.059,43.762
3597,-72.229,54.066
3598,61.605,7.9803
3599,-20.479,6.7962
3600,-49.961,54.29
3601,-73.54,35.208
3602,33.18,-61.145
3603,-7.2085,94.759
3604,-1.6612,-59.106
3605,-2.8011,-34.103
3606,53.164,54.678
3607,14.543,-42.189
3608,38.584,72.336
3609,-24.46,10.699
3610,-2.9424,-90.154
3611,103.42,-44.192
3612,6.2752,39.877
3613,-62.415,75.547
3614,46.184,54.748
3615,34.104,-58.488
3616,-13.229,92.107
3617,-7.6311,93.351
3618,17.202,58.459
3619,-4.9095,-102.14
3620,46.73,-40.832
3621,-8.7105,37.805
3622,54.83,51.685
3623,52.399,24.091
3624,44.402,-44.872
3625,56.288,-81.935
3626,-5.0271,-55.472
3627,-32.898,-92.491
3628,15.833,10.908
3629,60.06,-27.609
3630,38.514,8.1523
3631,51.037,64.381
3632,-51.005,82.133
3633,4.7167,-63.081
3634,-43.318,81.995
3635,-15.355,-39.836
3636,-26.495,-102.66
3637,1.1175,55.072
3638,-65.09,70.925
3639,-72.239,69.295
3640,8.9042,51.166
3641,-3.0665,86.325
3642,59.367,-28.457
3643,-66.41,-81.562
3644,58.279,-31.819
3645,13.66,91.434
3646,14.02,91.066
3647,25.321,92.815
3648,-12.32,10.968
3649,22.221,60.978
3650,-27.421,-46.613
3651,-75.889,12.227
3652,-15.068,13.708
3653,-80.161,1.7102
3654,8.0579,-46.729
3655,-70.874,60.318
3656,42.023,-72.707
3657,106.56,-50.205
3658,8.3155,-46.172
3659,10.561,-44.847
3660,-1.5669,93.444
3661,-70.908,-42.395
3662,-21.994,-69.409
3663,-8.9633,95.474
3664,-6.1168,55.572
3665,-16.969,-28.658
3666,0.11362,88.849
3667,20.587,92.643
3668,65.855,-51.3
3669,-3.0344,-56.624
3670,103.86,-50.291
3671,-30.745,-95.975
3672,104.77,-44.881
3673,17.646,-35.228
3674,1.9393,95.318
3675,4.6686,50.107
3676,58.48,-33.701
3677,75.663,50.883
3678,13.323,91.423
3679,4.6566,95.441
3680,-18.345,-39.73
3681,-18.416,70.519
3682,11.203,88.186
3683,-12.718,58.473
3684,-68.144,62.544
3685,60.911,41.033
3686,24.431,72.477
3687,-10.055,101.54
3688,30.261,-72.853
3689,6.3614,54.558
3690,5.4958,-65.4
3691,-97.047,16.213
3692,63.023,21.015
3693,18.182,-82.329
3694,-14.369,27.844
3695,9.2971,-20.356
3696,72.304,14.427
3697,6.4522,-47.316
3698,36.836,9.8691
3699,25.794,92.441
3700,-48.572,-52.085
3701,51.33,77.15
3702,-28.917,87.754
3703,56.113,-22.769
3704,46.153,73.59
3705,-36.862,-10.682
3706,-30.808,27.952
3707,-9.4684,11.706
3708,35.306,73.387
3709,44.116,74.109
3710,-9.0093,-2.0481
3711,24.435,-88.002
3712,23.262,89.389
3713,30.673,-89.341
3714,-24.47,-31.486
3715,-20.78,92.365
3716,61.688,-26.775
3717,-68.093,73.066
3718,20.013,-92.069
3719,-16.065,-28.49
3720,57.045,63
3721,-39.245,-22.901
3722,5.3523,49.469
3723,71.76,28.257
3724,-72.374,-63.605
3725,54.455,-87.401
3726,6.6658,21.749
3727,9.8116,28.013
3728,-55.299,77.56
3729,8.0412,25.004
3730,50.658,62.221
3731,-63.289,-41.197
3732,-72.851,-76.234
3733,-57.984,-27.732
3734,46.645,102.61
3735,76.812,-55.994
3736,-93.939,0.46766
3737,37.516,72.637
3738,-48.564,59.393
3739,55.335,60.326
3740,32.584,63.651
3741,-13.549,43.617
3742,-30.508,80.759
3743,-4.7819,54.344
3744,55.888,59.108
3745,43.203,73.965
3746,6.0629,91.498
3747,-60.683,-87.48
3748,13.507,18.873
3749,-18.2,8.469
3750,-51.156,-48.965
3751,-71.435,62.128
3752,-55.354,77.806
3753,33.88,60.152
3754,25.163,66.459
3755,32.578,20.51
3756,-71.903,72.028
3757,4.572,-63.823
3758,41.918,75.645
3759,70.351,-16.429
3760,54.579,77.448
3761,29.028,20.695
3762,14.558,-43.542
3763,19.729,-40.638
3764,-1.6049,-57.764
3765,32.564,78.812
3766,-88.628,-19.24
3767,-28.907,-3.0142
3768,37.938,4.1543
3769,-33.867,46.2
3770,-28.92,35.569
3771,33.323,75.791
3772,-11.898,9.3523
3773,-65.256,-84.383
3774,-51.554,-20.778
3775,12.285,92.369
3776,54.75,71.852
3777,73.82,88.165
3778,-51.325,77.795
3779,13.77,91.406
3780,-26.699,94.056
3781,50.458,-25.917
3782,92.621,-65.128
3783,-32.689,24.99
3784,16.826,89.301
3785,108.35,-44.356
3786,-1.2615,91.87
3787,36.468,-48.36
3788,27.403,-53.042
3789,-7.7085,95.563
3790,32.05,1.0463
3791,25.937,68.052
3792,9.3488,5.298
3793,6.7274,-55.19
3794,-70.453,-35.933
3795,77.016,38.932
3796,6.6571,21.921
3797,-4.0104,59.024
3798,-74.978,-67.618
3799,-24.185,10.643
3800,-2.8741,60.506
3801,-78.593,1.1772
3802,14.155,19.214
3803,11.088,17.393
3804,67.56,55.241
3805,25.542,87.89
3806,10.942,100.62
3807,-20.41,11.7
3808,7.8535,10.686
3809,29.203,49.852
3810,8.9246,62.493
3811,8.7405,28.982
3812,56.266,60.611
3813,66.265,-25.832
3814,13.601,92.488
3815,-22.853,71.547
3816,-28.841,56.886
3817,6.5409,19.357
3818,-49.254,63.205
3819,12.498,91.999
3820,9.0358,-40.695
3821,79.078,46.339
3822,29.403,-57.064
3823,-50.862,-24.042
3824,-40.981,33.906
3825,10.075,97.709
3826,19.945,-91.862
3827,3.4794,-57.107
3828,51.674,63.849
3829,26.969,4.0502
3830,15.883,-42.907
3831,64.809,63.583
3832,13.847,93.791
3833,-72.378,-76.53
3834,12.907,99.52
3835,-29.828,53.388
3836,37.406,27.236
3837,-67.953,74.593
3838,-2.8901,-58.237
3839,-70.295,-37.722
3840,-57.98,66.293
3841,-75.516,54.771
3842,-26.325,38.059
3843,-47.613,-24.267
3844,8.7105,38.389
3845,-47.99,74.213
3846,17.639,52.072
3847,42.39,75.983
3848,50.615,-48.098
3849,41.588,-49.298
3850,-78.644,-6.4155
3851,22.053,60.178
3852,92.544,-65.862
3853,22.624,93.224
3854,49.116,58.265
3855,31.262,93.238
3856,41.909,75.586
3857,52.206,70.36
3858,1.3563,-49.338
3859,-66.351,75.443
3860,45.03,62.544
3861,-52.474,-23.227
3862,-23.499,6.7216
3863,40.035,-40.455
3864,-45.598,-66.911
3865,-4.4593,60.074
3866,12.985,89.495
3867,21.262,-81.78
3868,14.154,93.774
3869,44.512,75.918
3870,33.55,-42.502
3871,35.304,87.79
3872,-33.278,87.519
3873,-32.858,27.033
3874,-50.316,-20.341
3875,39.334,68.873
3876,-29.36,51.405
3877,-12.109,16.374
3878,-10.163,-17.024
3879,34.452,-47.814
3880,35.645,73.54
3881,-7.5649,78.885
3882,40.148,-39.783
3883,-67.887,-80.931
3884,90.626,7.8167
3885,49.58,69.969
3886,91.192,43.698
3887,-24.916,11.191
3888,-23.106,-44.234
3889,-7.0389,93.62
3890,-1.6112,59.265
3891,35.77,63.484
3892,13.234,-41.873
3893,41.446,24.973
3894,1.0486,28.651
3895,99.263,-65.096
3896,29.767,82.02
3897,28.107,20.544
3898,21.091,90.922
3899,-36.481,43.297
3900,28.754,52.976
3901,42.29,-47.786
3902,103.84,-52.347
3903,-70.268,70.185
3904,-27.171,86.878
3905,-25.241,68.05
3906,54.534,59.103
3907,-17.658,-40.387
3908,-48.648,71.643
3909,-57.89,-34.054
3910,10.744,61.136
3911,57.088,63.585
3912,51.953,71.082
3913,59.91,63.941
3914,20.727,92.52
3915,-72.157,-43.948
3916,-7.5325,74.567
3917,-67.342,-61.521
3918,-43.69,88.066
3919,35.589,73.773
3920,-5.6152,82.971
3921,23.287,90.656
3922,-68.641,15.543
3923,-54.648,-8.3836
3924,-50.464,82.116
3925,-8.3787,92.719
3926,108.43,-43.401
3927,17.417,-97.791
3928,0.21844,78.376
3929,22.941,91.049
3930,39.941,7.1116
3931,1.879,-65.335
3932,-67.913,-3.5703
3933,-28.746,-95.862
3934,46.756,-41.066
3935,25.496,89.665
3936,-67.017,66.558
3937,17.618,-69.007
3938,-4.3091,59.677
3939,37.812,31.707
3940,-62.489,77.091
3941,31.877,2.5317
3942,-6.9095,55.377
3943,-10.855,-52.5
3944,-14.456,14.553
3945,-7.6598,-32.926
3946,11.061,-35.573
3947,42.124,75.243
3948,-22.153,68.753
3949,-82.818,1.3813
3950,-42.332,-20.661
3951,26.314,-82.33
3952,56.412,74.806
3953,1.5288,89.447
3954,-51.449,83.177
3955,90.31,44.38
3956,-54.195,-10.079
3957,8.2409,50.827
3958,-29.612,-73.687
3959,-28.839,-28.872
3960,-41.425,76.374
3961,-4.9787,-55.927
3962,27.605,-18.741
3963,-25.353,68.327
3964,6.0564,-62.13
3965,47.302,50.835
3966,-69.505,65.086
3967,-30.392,44.146
3968,22.198,92.561
3969,31.985,-68.059
3970,45.937,75.594
3971,-66.848,75.425
3972,45.759,73.606
3973,-33.978,85.879
3974,-62.106,78.53
3975,-0.57015,100.99
3976,-18.121,-27.071
3977,58.712,55.223
3978,-5.4896,75.35
3979,-28.828,35.543
3980,35.847,64.133
3981,-74.784,-73.843
3982,-3.5261,-35.31
3983,-20.572,22.078
3984,-27.64,37.797
3985,2.9975,18.006
3986,32.231,-9.6092
3987,-8.0978,27.081
3988,-37.611,-23.437
3989,56.21,60.7
3990,56.393,16.166
3991,32.508,53.862
3992,-6.8092,92.452
3993,-36.484,55.307
3994,-80.78,-11.47
3995,89.581,45.219
3996,-51.509,-20.102
3997,1.9315,30.455
3998,-18.078,-27.29
3999,-93.439,0.24556
4000,-32.192,-69.239
4001,10.067,-46.433
4002,-75.597,-50.121
4003,28.01,-92.745
4004,-0.2788,-60.608
4005,-28.329,86.62
4006,33.488,-46.1
4007,-51.797,80.648
4008,-39.199,-22.921
4009,55.592,60.408
4010,6.6141,-62.423
4011,-87.569,-5.2464
4012,-54.997,-46.027
4013,-31.286,-87.619
4014,-20.138,69.173
4015,-57.568,-88.853
4016,-29.361,77.961
4017,-19.565,-39.914
4018,58.231,-12.104
4019,-56.146,45.277
4020,-52.896,-11.254
4021,54.355,-11.427
4022,6.0917,96.82
4023,43.294,86.634
4024,12.493,98.075
4025,33.761,65.522
4026,57.765,73.262
4027,-1.5363,95.997
4028,35.131,67.405
4029,65.219,-26.855
4030,0.91443,30.14
4031,31.35,-72.397
4032,-22.505,36.907
4033,-28.556,35.369
4034,-26.437,82.516
4035,-3.6909,-20.282
4036,64.583,9.1799
4037,70.823,33.414
4038,38.989,54.162
4039,19.603,-81.784
4040,35.683,71.509
4041,65.268,7.9983
4042,-82.273,-28.73
4043,-65.842,-37.535
4044,-64.328,74.671
4045,29.209,4.7557
4046,-10.528,-37.237
4047,104.3,-52.023
4048,-51.749,-47.576
4049,39.119,71.907
4050,28.972,67.736
4051,-48.959,-33.127
4052,27.539,93.158
4053,15.395,-70.69
4054,-3.1438,58.62
4055,-48.398,39.623
4056,-52.037,-11.325
4057,16.325,-69.512
4058,43.674,68.741
4059,29.434,49.945
4060,-28.712,42.005
4061,29.868,-96.659
4062,13.668,-69.271
4063,19.615,-91.215
4064,-29.85,84.145
4065,15.054,-70.095
4066,14.077,-87.964
4067,-14.758,14.463
4068,39.805,-87.412
4069,36.747,6.7243
4070,-16.004,-75.945
4071,-16.19,-41.174
4072,-75.168,53.873
4073,-49.201,-68.2
4074,13.419,98.711
4075,37.359,0.57387
4076,-20.396,-22.933
4077,10.418,95.543
4078,-0.29673,101.18
4079,38.771,5.8949
4080,2.7413,85.002
4081,-48.877,-34.269
4082,-44.052,-63.727
4083,12.337,19.57
4084,-9.778,-36.443
4085,35.115,-72.354
4086,7.3821,-61.051
4087,-24.37,-33.916
4088,19.758,-68.888
4089,11.17,95.624
4090,-58.679,45.386
4091,-36.233,57.018
4092,18.561,-80.155
4093,59.995,-25.171
4094,-27.251,90.749
4095,-66.048,-37.647
4096,53.281,60.219
4097,23.991,65.555
4098,17.936,-10.385
4099,26.414,61.884
4100,16.184,-69.521
4101,-89.704,43.708
4102,-70.762,3.0093
4103,41.133,4.8771
4104,-53.503,-25.616
4105,-24.836,84.043
4106,-54.956,-34.463
4107,31.134,-23.225
4108,39.973,-44.976
4109,34.565,-32.234
4110,62.513,54.346
4111,-22.97,71.861
4112,-32.214,44.985
4113,20.371,-50.05
4114,-9.8287,78.287
4115,18.528,-96.877
4116,-63.708,-40.371
4117,19.162,-33.848
4118,-51.326,54.718
4119,35.939,-48.459
4120,21.075,-49.265
4121,-40.239,26.437
4122,58.364,-52.062
4123,31.581,-93
4124,36.351,63.334
4125,-38.997,5.3199
4126,13.192,-35.072
4127,53.229,77.501
4128,-7.5574,-41.047
4129,-69.344,19.583
4130,45.314,49.324
4131,36.949,-6.1193
4132,-60.036,-40.831
4133,55.875,-15.192
4134,36.355,-51.882
4135,30.128,-59.914
4136,12.531,19.571
4137,23.919,-40.994
4138,-25.494,68.557
4139,10.402,50.299
4140,53.285,54.481
4141,-34.377,17.807
4142,1.4441,60.246
4143,63.464,-24.684
4144,-48.539,68.968
4145,-0.43441,42.029
4146,-53.516,-10.26
4147,20.507,84.563
4148,91.849,-57.962
4149,9.6087,78.607
4150,16.906,-80.412
4151,63.972,54.713
4152,31.986,2.2971
4153,-33.496,51.715
4154,-39.769,-13.833
4155,-18.512,15.056
4156,57.57,-34.147
4157,51.141,-58.495
4158,59.859,61.748
4159,22.149,-43.659
4160,-16.68,29.584
4161,27.535,-90.092
4162,-42.326,80.956
4163,-6.9493,79.027
4164,-52.758,-22.79
4165,-0.1376,48.225
4166,34.966,-71.756
4167,4.7286,-62.335
4168,7.1013,16.255
4169,26.672,-17.221
4170,-33.797,-53.691
4171,-52.993,-84.497
4172,71.319,32.116
4173,-29.508,36.015
4174,10.959,28.744
4175,33.144,5.751
4176,76.827,-6.1744
4177,-27.942,87.51
4178,-17.083,11.848
4179,-43.791,-70.726
4180,-46.873,35.964
4181,37.591,70.789
4182,13.616,99.173
4183,31.643,-67.384
4184,41.107,23.586
4185,19.505,-93.526
4186,42.971,-47.43
4187,40.307,77.927
4188,59.877,61.736
4189,28.004,68.342
4190,-36.183,48.75
4191,-68.306,59.834
4192,58.101,-34.412
4193,31.561,92.088
4194,19.554,-34.319
4195,42.739,-79.095
4196,33.647,-24.395
4197,-42.152,73.87
4198,60.044,58.762
4199,-23.539,38.331
4200,34.684,-76.845
4201,100.51,-64.891
4202,-16.176,16.178
4203,-80.895,-38.528
4204,-3.7697,-20.228
4205,1.5987,-65.579
4206,-6.7035,94.508
4207,-47.363,-18.091
4208,1.0029,-60.622
4209,20.533,-6.9495
4210,14.501,-42.136
4211,17.619,-34.902
4212,56.143,58.618
4213,-27.063,31.397
4214,5.6834,91.103
4215,27.741,62.555
4216,-27.764,51.326
4217,27.137,55.199
4218,-44.854,39.981
4219,33.487,18.423
4220,40.114,69.331
4221,45.268,49.896
4222,-21.712,-94.17
4223,18.098,66.04
4224,-9.261,34.699
4225,30.61,61.992
4226,72.289,50.635
4227,51.639,-6.85
4228,-22.577,-43.164
4229,89.709,7.4539
4230,-34.33,79.442
4231,90.962,-43.326
4232,-43.629,-75.078
4233,-50.632,81.925
4234,1.8777,47.658
4235,25.013,-17.219
4236,-28.02,84.478
4237,-36.349,26.707
4238,66.533,-57.63
4239,19.179,90.06
4240,41.381,-51.592
4241,21.644,-89.294
4242,2.2523,6.9452
4243,-71.674,25.482
4244,-32.325,25.093
4245,76.086,-34.281
4246,15.371,-16.524
4247,99.547,-66.616
4248,12.629,13.274
4249,33.492,63.272
4250,37.61,53.978
4251,11.128,34.116
4252,34.106,-51.055
4253,-21.897,66.958
4254,4.1156,44.147
4255,3.4127,-66.226
4256,-70.2,68.698
4257,-27.737,52.597
4258,21.727,91.963
4259,-26.913,-19.341
4260,-57.857,-87.104
4261,-77.605,9.5078
4262,104.3,-50.442
4263,33.323,55.707
4264,49.602,-47.067
4265,12.845,91.522
4266,-85.604,-1.1246
4267,-88.782,1.6492
4268,37.074,21.724
4269,30.772,90.79
4270,-38.839,72.539
4271,42.015,74.058
4272,36.906,-63.229
4273,12.345,-35.577
4274,18.757,-79.733
4275,-40.701,-21.406
4276,-43.663,-21.367
4277,26.604,54.991
4278,21.631,-89.254
4279,-16.714,11.208
4280,-33.656,3.2946
4281,23.977,91.979
4282,40.387,23.726
4283,30.854,-86.553
4284,44.841,19.695
4285,87.588,9.2911
4286,89.568,-43.17
4287,-68.666,66.758
4288,-37.323,49.555
4289,-32.221,24.984
4290,-39.096,43.087
4291,50.64,-48.638
4292,13.703,32.184
4293,-54.008,75.684
4294,8.5149,-56.833
4295,-5.6956,58.751
4296,31.939,-64.308
4297,19.439,90.417
4298,-3.5368,-48.293
4299,56.095,-67.31
4300,-80.403,9.8298
4301,56.038,-30.339
4302,53.292,-33.047
4303,39.998,74.116
4304,-25.409,67.752
4305,-51.946,-1.8513
4306,62.518,64.142
4307,36.624,74.185
4308,-21.698,-67.657
4309,70.314,-48.935
4310,44.54,82.435
4311,-73.594,52.777
4312,34.051,90.869
4313,4.8237,-62.233
4314,80.857,-43.45
4315,50.029,-75.879
4316,108.49,-43.888
4317,76.433,-45.864
4318,-32.85,24.392
4319,15.85,-72.952
4320,68.655,38.35
4321,57.278,63.365
4322,-18.406,-15.361
4323,76.046,-33.969
4324,-43.024,-18.447
4325,-31.325,50.807
4326,-24.076,38.76
4327,59.681,-24.907
4328,79.002,-53.334
4329,6.3988,96.974
4330,19.536,-93.228
4331,58.62,-32.536
4332,91.237,43.735
4333,61.824,57.65
4334,-10.369,-52.808
4335,28.755,50.25
4336,1.065,88.023
4337,25.103,53.747
4338,1.4456,19.424
4339,-69.521,3.5389
4340,-30.197,-96.815
4341,-43.289,-70.264
4342,15.159,86.047
4343,45.001,73.743
4344,56.471,58.735
4345,34.792,-73.713
4346,-52.202,62.705
4347,-31.312,84.064
4348,-28.4,87.244
4349,2.03,61.534
4350,36.694,21.209
4351,13.526,18.043
4352,-55.977,-28.548
4353,-27.823,87.649
4354,43.547,-85.452
4355,43.635,-85.55
4356,-49.689,80.093
4357,-3.8691,-34.745
4358,44.657,16.927
4359,48.934,-61.614
4360,49.876,69.764
4361,19.947,-86.734
4362,91.153,43.76
4363,42.237,82.229
4364,47.043,-79.335
4365,42.826,-79.788
4366,-88.399,0.98139
4367,41.176,-47.477
4368,-12.62,18.603
4369,-4.0808,-103.31
4370,64.182,64.667
4371,15.114,6.8276
4372,-76.636,17.027
4373,40.01,-85.64
4374,-51.504,59.969
4375,-51.307,-19.108
4376,-16.103,7.4958
4377,5.4015,35.327
4378,2.9868,50.864
4379,8.2653,99.495
4380,-17.704,13.385
4381,48.464,-57.316
4382,-14.734,-44.425
4383,-63.531,-29.01
4384,62.878,-43.292
4385,31.23,-89.845
4386,57.806,60.54
4387,-2.5463,93.928
4388,-33.6,86.921
4389,44.713,60.935
4390,49.816,22.954
4391,38.403,15.988
4392,26.049,15.383
4393,36.762,68.595
4394,8.6794,49.599
4395,87.692,45.134
4396,36.202,64.548
4397,-39.23,36.153
4398,-17.405,-15.272
4399,-44.555,-30.081
4400,35.87,2.6048
4401,-25.257,-91.234
4402,-75.331,-48.015
4403,-51.413,80.675
4404,23.446,7.1338
4405,88.684,45.538
4406,-73.089,-1.716
4407,40.425,28.346
4408,28.213,21.354
4409,13.281,98.885
4410,89.097,45.99
4411,32.427,-66.772
4412,88.331,45.534
4413,-41.659,65.311
4414,33.483,5.2884
4415,-94.78,54.864
4416,87.416,-18.624
4417,-77.995,1.4541
4418,68.707,-23.385
4419,-33.609,26.368
4420,53.606,-45.546
4421,35.749,-49.574
4422,52.672,-89.144
4423,-89.032,-3.6154
4424,-8.0617,27.157
4425,18.231,-39.621
4426,53.73,-87.517
4427,32.776,56.273
4428,-19.072,14.655
4429,-9.1502,-16.958
4430,13.7,91.984
4431,-35.594,-61.725
4432,22.966,87.909
4433,42.162,75.738
4434,63.138,11.151
4435,-9.2025,-35.906
4436,92.989,-66.612
4437,36.179,-48.326
4438,27.788,-61.543
4439,-18.893,79.014
4440,-32.852,93.478
4441,-81.78,-39.416
4442,54.681,60.685
4443,-23.661,65.89
4444,-25.073,68.16
4445,49.309,70.372
4446,27.194,-94.078
4447,108.4,-43.776
4448,-74.323,53.655
4449,-37.992,-39.757
4450,-28.515,-20.944
4451,-8.3366,13.536
4452,-40.218,-11.792
4453,-35.881,-24.22
4454,38.441,8.0971
4455,63.074,14.783
4456,36.74,-42.547
4457,89.425,36.12
4458,-14.166,-93.578
4459,106.78,-50.341
4460,26.632,-46.313
4461,-41.621,56.386
4462,73.523,51.943
4463,16.273,10.729
4464,-21.836,66.604
4465,41.874,-71.288
4466,8.4406,-56.342
4467,-6.4525,-31.305
4468,-53.193,-77.846
4469,5.3965,40.969
4470,47.521,75.503
4471,54.129,62.316
4472,-45.028,-19.955
4473,10.456,-35.178
4474,20.995,-59.688
4475,41.313,20.7
4476,-93.146,12.79
4477,-29.967,84.856
4478,20.432,-68.763
4479,39.853,4.6658
4480,80.219,-58.667
4481,34.687,88.511
4482,-43.534,52.654
4483,46.159,-6.715
4484,75.911,51.215
4485,15.295,6.4277
4486,21.154,-71.52
4487,1.016,59.425
4488,-40.232,-14.529
4489,-55.184,-20.24
4490,105.58,-49.72
4491,-75.264,-24.698
4492,7.8191,39.216
4493,-49.742,81.479
4494,10.538,-35.022
4495,29.726,88.007
4496,62.557,14.846
4497,12.873,88.923
4498,1.1555,88.165
4499,-5.7757,-10.882
4500,41.188,-47.672
4501,38.878,-50.562
4502,-21.523,83.847
4503,10.722,-41.444
4504,25.062,-91.593
4505,-65.875,72.839
4506,-25.876,-53.252
4507,-26.587,48.692
4508,4.5971,-63.305
4509,46.746,72.205
4510,-1.7659,91.941
4511,-7.0777,24.317
4512,15.351,13.18
4513,-63.509,-85.07
4514,66.501,49.953
4515,34.57,-47.525
4516,-32.693,37.318
4517,-51.476,-19.549
4518,-46.476,60.597
4519,36.998,70.571
4520,52.306,70.488
4521,85.822,-3.8308
4522,32.466,-22.431
4523,55.537,23.645
4524,50.081,73.072
4525,8.0304,-54.407
4526,65.897,57.181
4527,50.365,74.614
4528,66.028,44.257
4529,60.608,64.048
4530,14.166,98.764
4531,35.359,-80.601
4532,-34.333,-55.781
4533,30.558,-34.117
4534,30.154,-59.897
4535,6.8994,-30.542
4536,19.872,-41.573
4537,26.797,-43.269
4538,77.505,33.87
4539,30.91,-52.295
4540,-13.716,14.832
4541,-70.818,-78.034
4542,46.185,23.906
4543,-29.184,44.577
4544,-23.378,38.443
4545,7.774,46.964
4546,-0.66546,31.241
4547,41.095,-51.094
4548,40.125,69.093
4549,42.356,74.68
4550,62.451,64.505
4551,-7.8357,36.153
4552,5.6191,97.012
4553,26.48,91.476
4554,22.403,90.836
4555,1.4069,60.188
4556,33.718,0.82613
4557,-40.428,-90.298
4558,-33.715,-58.771
4559,41.851,-80.955
4560,-0.68686,-59.642
4561,52.138,-58.261
4562,-6.6477,-41.101
4563,-14.387,16.209
4564,13.295,8.5969
4565,26.772,68.51
4566,6.8599,97.237
4567,59.54,-10.96
4568,-20.326,-92.408
4569,-20.335,12.756
4570,21.046,85.678
4571,70.501,29.02
4572,10.344,94.369
4573,7.0523,-47.474
4574,26.969,71.532
4575,-42.626,-23.313
4576,51.438,75.179
4577,76.036,-33.974
4578,-10.695,-38.203
4579,31.525,-64.08
4580,-45.88,40.542
4581,90.613,44.274
4582,10.616,98.029
4583,45.057,75.451
4584,-59.016,76.934
4585,-33.02,88.128
4586,44.118,-86.137
4587,54.289,-16.857
4588,1.1555,28.242
4589,18.467,89.992
4590,45.46,-3.1893
4591,-69.488,51.55
4592,-12.471,74.631
4593,43.404,-70.178
4594,-104.72,27.467
4595,-56.182,-24.758
4596,-58.222,-11.296
4597,-49.634,-18.1
4598,-89.746,43.617
4599,105.06,-47.098
4600,24.391,-60.72
4601,22.086,60.275
4602,42.055,20.407
4603,27.719,21.916
4604,23.224,92.147
4605,52.194,-80.941
4606,29.365,3.1295
4607,44.831,-77.3
4608,35.355,-71.559
4609,90.163,45.034
4610,-1.5262,-59.802
4611,-50.273,-49.55
4612,-2.9193,-56.438
4613,87.1,-25.673
4614,-87.832,-41.774
4615,-1.0787,-56.34
4616,-50.871,53.232
4617,45.287,-45.01
4618,-25.861,82.409
4619,40.823,-52.019
4620,10.166,-51.116
4621,-12.977,-41.101
4622,52.174,-32.437
4623,-81.136,9.5437
4624,17.427,8.6319
4625,11.454,96.008
4626,12.814,-36.393
4627,42.615,76.116
4628,32.692,24.899
4629,35.092,-47.778
4630,54.25,62.401
4631,6.644,97.474
4632,-27.858,38.236
4633,22.806,94.473
4634,9.8647,94.61
4635,66.856,-26.321
4636,-46.692,85.618
4637,-48.274,-30.193
4638,-13.692,101.6
4639,77.285,-54.347
4640,89.968,-40.652
4641,28.242,22.277
4642,-49.162,-18.51
4643,30.617,87.937
4644,-3.5184,58.52
4645,99.545,-64.928
4646,-11.449,16.39
4647,65.604,-29.907
4648,58.857,-34.691
4649,28.067,68.38
4650,-47.539,69.066
4651,23.915,94.142
4652,22.356,85.542
4653,26.993,89.287
4654,42.381,-49.311
4655,43.986,-78.108
4656,76.493,-38.684
4657,50.147,-62.184
4658,27.538,-16.755
4659,10.006,49.556
4660,62.451,-27.436
4661,48.268,30.092
4662,-5.7852,87.874
4663,-10.19,57.688
4664,36.508,-68.697
4665,-6.1531,-37.522
4666,-65.024,-72.31
4667,107.35,-45.169
4668,47.145,-75.035
4669,36.646,-92.934
4670,15.783,-47.965
4671,61.616,-54.602
4672,3.9126,-62.972
4673,48.398,-20.961
4674,103.97,-52.002
4675,-8.6029,55.319
4676,29.424,-93.436
4677,53.662,14.108
4678,-47.092,73.172
4679,41.937,-41.8
4680,54.862,62.73
4681,64.483,56.748
4682,-71.191,-42.608
4683,-54.572,-25.114
4684,-43.322,-18.288
4685,-45.451,82.726
4686,-17.265,12.39
4687,-70.786,0.65122
4688,-44.343,56.238
4689,57.444,73.82
4690,27.459,-97.254
4691,19.865,-91.668
4692,-6.8575,53.864
4693,67.103,26.209
4694,-47.602,-32.644
4695,49.128,57.378
4696,52.643,79.505
4697,87.031,-14.198
4698,-46.247,-70.422
4699,2.1941,41.593
4700,-25.168,64.8
4701,26.993,69.814
4702,74.946,52.145
4703,53.102,55.558
4704,-51.267,-80.55
4705,-89.28,-51.581
4706,-3.5925,-20.386
4707,2.2269,40.693
4708,37.783,64.746
4709,43.305,74.703
4710,50.327,53.448
4711,24.454,70.305
4712,41.294,-49.565
4713,0.35736,-61.703
4714,47.517,50.578
4715,46.046,31.186
4716,-32.574,50.739
4717,19.743,-34.197
4718,-3.4311,53.635
4719,6.0698,61.807
4720,36.105,-65.491
4721,-18.068,19.681
4722,90.689,44.295
4723,41.431,73.829
4724,52.611,-66.189
4725,19.133,-93.304
4726,43.201,-77.809
4727,69.007,-22.075
4728,-21.073,19.38
4729,24.88,72.288
4730,34.117,-52.36
4731,-17.348,14.817
4732,-70.897,-25.9
4733,47.197,-6.2214
4734,-20.266,11.586
4735,7.9415,96.518
4736,52.148,59.832
4737,96.934,-62.409
4738,-44.528,55.986
4739,-46.06,-31.272
4740,-42.867,37.308
4741,22.824,86.985
4742,61.488,-68.86
4743,12.81,94.011
4744,45.051,88.267
4745,-42.812,66.345
4746,56.704,-70.344
4747,-31.737,44.546
4748,-49,-34.471
4749,-12.641,73.998
4750,52.351,54.928
4751,-14.117,41.046
4752,33.425,67.182
4753,47.805,102.69
4754,-57.771,47.713
4755,-54.68,-8.6696
4756,46.346,-77.796
4757,-28.834,-54.376
4758,62.523,64.85
4759,-8.7682,-94.097
4760,27.669,88.328
4761,61.006,60.138
4762,49.667,-81.348
4763,37.738,-64.318
4764,2.8791,-65.87
4765,35.292,-90.036
4766,44.261,-88.889
4767,-42.384,-19.913
4768,-49.873,-21.087
4769,-44.063,50.966
4770,56.405,75.539
4771,45.352,85.517
4772,20.308,-63.356
4773,-13.765,16.525
4774,54.343,72.474
4775,26.503,88.49
4776,-12.559,94.044
4777,-36.81,52.951
4778,-0.27003,38.925
4779,-19.402,-42.744
4780,-4.2926,-88.203
4781,22.296,-87.976
4782,-57.238,-28.534
4783,47.599,74.905
4784,60.958,64.47
4785,72.725,51.042
4786,8.1966,99.437
4787,19.269,86.295
4788,-29.236,77.85
4789,100.74,-65.554
4790,78.089,-54.123
4791,41.293,54.219
4792,-13.51,15.887
4793,-48.48,6.5899
4794,41.1,-64.887
4795,26.3,90.248
4796,-24.125,42.659
4797,37.575,-30.806
4798,-22.441,-46.656
4799,35.137,15.235
4800,-42.227,50.835
4801,-23.825,38.591
4802,11.746,29.601
4803,-8.7566,54.436
4804,-47.917,-19.138
4805,46.202,81.084
4806,28.471,88.226
4807,52.247,69.96
4808,-7.8649,-22.389
4809,44.012,-84.238
4810,80.379,-44.704
4811,-50.36,-10.85
4812,35.987,-31.103
4813,56.049,-27.569
4814,-20.7,-93.225
4815,-26.285,-56.992
4816,66.275,25.279
4817,52.659,-58.416
4818,4.5592,20.405
4819,-58.052,-82.413
4820,11.226,14.797
4821,-23.503,35.021
4822,51.686,72.388
4823,24.72,91.286
4824,-8.5594,-90.144
4825,91.026,35.822
4826,-12.533,-54.903
4827,25.877,85.953
4828,-7.5551,13.143
4829,28.864,-83.688
4830,-53.741,-10.185
4831,-51.619,81.249
4832,52.391,70.125
4833,81.688,-50.553
4834,39.549,-75.99
4835,-28.596,44.123
4836,12.076,98.169
4837,44.738,-50.566
4838,49.645,69.736
4839,36.54,-43.22
4840,-69.227,-4.054
4841,71.877,32.809
4842,21.334,-91.02
4843,-42.899,6.4929
4844,-67.926,-51.074
4845,50.536,79.793
4846,-62.987,71.521
4847,12.983,93.757
4848,35.104,-66.069
4849,-2.2502,41.065
4850,21.055,82.69
4851,21.136,-54.899
4852,31.781,54.982
4853,-17.033,82.933
4854,59.035,62.306
4855,-12.382,15.918
4856,65.478,-16.129
4857,85.493,0.57653
4858,45.188,-34.845
4859,-75.799,-22.925
4860,97.331,-61.053
4861,35.583,73.586
4862,-70.489,66.178
4863,-23.84,34.94
4864,32.668,-63.182
4865,-6.9194,25.45
4866,18.978,-92.314
4867,19.105,-93.753
4868,-44.464,53.567
4869,46.988,74.757
4870,72.723,-6.1855
4871,-46.587,-86.977
4872,46.589,101
4873,9.7511,-39.078
4874,-24.852,67.253
4875,26.772,54.036
4876,-30.23,87.041
4877,2.4395,-30.329
4878,-56.5,8.2727
4879,64.661,9.3076
4880,47.076,51.214
4881,31.45,-61.769
4882,67.008,-27.207
4883,82.106,-2.685
4884,14.908,15.937
4885,-54.968,-91.667
4886,3.6951,48.398
4887,49.99,60.386
4888,-61.133,72.682
4889,-56.797,-89.858
4890,25.407,97.554
4891,24.921,75.941
4892,-50.54,60.221
4893,36.452,-66.185
4894,62.719,-25.041
4895,29.897,49.981
4896,-21.578,69.336
4897,44.279,-78.686
4898,-23.691,-87.959
4899,61.448,57.533
4900,6.7416,37.611
4901,24.471,89.024
4902,27.867,91.182
4903,38.468,68.687
4904,44.619,72.956
4905,7.6202,-56.003
4906,20.414,-92.845
4907,-26.429,-102.24
4908,-50.112,-90.142
4909,54.262,62.338
4910,49.723,49.502
4911,42.33,78.849
4912,32.863,-52.614
4913,2.7131,62.721
4914,-31.284,80.679
4915,-88.506,-15.047
4916,1.4841,58.527
4917,6.7323,-32.237
4918,23.954,-16.32
4919,-0.075934,-80.446
4920,33.287,63.768
4921,18.817,92.03
4922,-14.552,87.688
4923,10.498,97.851
4924,23.063,90.536
4925,31.299,-72.308
4926,-14.053,17.078
4927,42.04,19.971
4928,74.498,-43.6
4929,107.29,-46.791
4930,-8.4076,-44.132
4931,-69.623,-2.9397
4932,10.563,-45.049
4933,48.533,-79.808
4934,-2.1607,-20.076
4935,22.971,-97.953
4936,74.248,-61.825
4937,38.72,-65.454
4938,-57.776,55.606
4939,38.528,-90.714
4940,-29.592,84.868
4941,-40.122,39.033
4942,34.44,87.208
4943,17.87,66.162
4944,35.665,73.384
4945,36.265,61.532
4946,31.805,-51.161
4947,33.226,-73.5
4948,103,-54.49
4949,44.093,73.139
4950,-8.1773,25.966
4951,24.371,89.729
4952,48.054,50.399
4953,85.566,44.063
4954,-1.1006,60.87
4955,-51.872,60.179
4956,22.381,-87.524
4957,-55.769,8.1781
4958,-29.201,84.576
4959,-72.387,69.018
4960,-4.2754,85.996
4961,64.909,-60.405
4962,-84.521,1.6172
4963,-46.442,66.717
4964,-1.3589,59.384
4965,35.093,66.257
4966,50.758,54.714
4967,-53.486,81.225
4968,54.554,-16.784
4969,38.399,4.7839
4970,-18.303,21.579
4971,3.2337,62.13
4972,65.272,-50.806
4973,-4.8465,-55.557
4974,4.1876,97.232
4975,-12.215,77.077
4976,21.076,91.124
4977,7.4355,37.082
4978,-1.3321,-88.692
4979,-81.233,4.867
4980,-44.051,-74.437
4981,4.0738,32.565
4982,90.39,-26.78
4983,19.486,-88.824
4984,-9.9651,73.093
4985,-45.043,81.582
4986,31.584,-66.77
4987,52.255,-20.265
4988,5.741,11.574
4989,47.842,57.541
4990,59.025,62.346
4991,87.63,45.18
4992,-79.313,47.375
4993,61.882,8.4555
4994,-93.685,-7.6354
4995,54.34,-20.974
4996,9.6518,98.936
4997,66.555,48.939
4998,-89.914,-7.3527
4999,55.741,-27.843
5000,36.435,-65.653
5001,12.206,10.672
5002,-13.223,40.984
5003,47.299,74.463
5004,10.601,31.697
5005,73.82,26.011
5006,-2.22,-58.919
5007,46.09,20.938
5008,34.81,-60.011
5009,-95.338,9.8307
5010,-6.7878,2.655
5011,48.592,69.01
5012,44.042,29.308
5013,24.077,-88.41
5014,37.271,73.163
5015,-40.025,82.584
5016,52.819,62.712
5017,65.189,-27.458
5018,-7.668,94.675
5019,47.052,-41.454
5020,41.738,19.654
5021,-15.982,-25.837
5022,51.69,-16.338
5023,34.308,-46.121
5024,-50.903,79.873
5025,42.97,29.629
5026,37.607,74.448
5027,41.435,73.216
5028,36.752,-48.515
5029,29.771,23.744
5030,16.669,35.003
5031,43.164,77.218
5032,89.228,45.347
5033,-43.02,81.984
5034,56.201,59.646
5035,11.898,11.852
5036,-73.522,-0.4328
5037,-86.166,-0.87325
5038,34.142,-69.76
5039,17.534,13.916
5040,-52.402,59.765
5041,2.4781,62.956
5042,47.09,74.621
5043,42.176,4.2864
5044,12.85,8.7547
5045,-81.965,8.3073
5046,-35.569,-63.996
5047,12.677,93.891
5048,106.82,10.298
5049,20.015,35.841
5050,29.436,89.68
5051,32.421,20.704
5052,23.638,-36.814
5053,3.894,-64.502
5054,-24.314,-33.436
5055,53,55.026
5056,-56.585,45.809
5057,36.379,62.798
5058,-17.744,13.909
5059,39.537,-90.762
5060,-95.299,1.7728
5061,-4.1988,14.999
5062,-32.682,36.884
5063,19.363,-36.62
5064,-43.8,84.613
5065,-66.835,22.447
5066,53.765,33.989
5067,45.508,71.228
5068,66.662,57.073
5069,-21.933,66.436
5070,69.714,-14.987
5071,105.07,-51.325
5072,9.4988,98.66
5073,19.21,-35.122
5074,104.39,-49.584
5075,22.537,92.581
5076,90.378,44.543
5077,66.051,55.927
5078,23.578,93.019
5079,45.486,80.888
5080,47.067,-41.481
5081,6.4315,39.831
5082,-1.2659,-39.288
5083,36.668,-84.809
5084,73.821,88.165
5085,51.795,58.477
5086,29.943,87.809
5087,77.167,39.394
5088,41.977,71.196
5089,-3.0804,-20.913
5090,-95.75,2.793
5091,-64.572,60.834
5092,-82.149,64.784
5093,12.65,8.783
5094,41.252,15.847
5095,90.184,44.925
5096,-21.126,-40.764
5097,6.8498,52.107
5098,68.378,-13.736
5099,-28.568,90.985
5100,52.09,69.717
5101,30.297,-44.999
5102,-72.478,-0.28638
5103,44.293,29.684
5104,44.911,19.345
5105,29.255,-60.874
5106,-4.4568,59.198
5107,42.454,75.51
5108,-6.2755,30.007
5109,85.791,44.202
5110,33.772,-58.951
5111,-91.711,11.009
5112,39.678,24.526
5113,5.8794,62.55
5114,37.355,22.263
5115,75.817,-58.364
5116,78.964,-56.702
5117,78.356,9.8631
5118,35.835,67.594
5119,17.785,66.403
5120,32.051,65.59
5121,-1.8484,-57.673
5122,33.149,-49.281
5123,8.2476,-59.821
5124,-74.145,13.516
5125,38.143,73.808
5126,25.302,89.283
5127,6.4654,54.288
5128,6.0774,52.017
5129,-94.856,0.81424
5130,-1.0402,31.794
5131,20.695,7.2804
5132,3.2253,22.576
5133,90.786,34.462
5134,9.9106,49.476
5135,-67.546,-5.2718
5136,44.599,72.42
5137,41.962,49.767
5138,39.176,20.894
5139,34.805,76.445
5140,-27.715,90.337
5141,1.8471,52.509
5142,60.146,-75.962
5143,34.509,1.9263
5144,-5.1389,59.691
5145,80.641,-47.429
5146,5.8514,94.015
5147,19.933,-31.359
5148,19.811,89.655
5149,-86.349,-1.0932
5150,12.434,9.1822
5151,89.408,45.529
5152,34.155,65.416
5153,78.97,-19.97
5154,-7.444,94.554
5155,41.152,13.65
5156,-9.2214,55.36
5157,22.733,-97.657
5158,-4.9698,-30.08
5159,26.123,88.618
5160,-2.035,-90.784
5161,-49.411,55.025
5162,10.948,97.982
5163,-57.338,-69.402
5164,-16.706,11.224
5165,91.956,44.145
5166,23.12,-42.397
5167,51.602,74.808
5168,36.077,-90.337
5169,40.1,10.407
5170,-10.069,65.032
5171,9.0997,90.877
5172,10.95,33.518
5173,31.189,89.228
5174,-103.54,-15.636
5175,-65.46,-36.764
5176,2.3491,35.978
5177,-47.29,64.964
5178,43.222,82.86
5179,54.016,62.608
5180,41.403,73.71
5181,90.17,35.004
5182,60.43,-25.247
5183,7.1535,7.3944
5184,70.742,48.464
5185,-28.436,79.391
5186,23.036,91.928
5187,49.542,70.447
5188,50.285,-17.62
5189,106.4,-46.169
5190,-10.523,46.734
5191,71.182,49.364
5192,31.635,-66.903
5193,-48.499,-84.736
5194,46.563,-16.159
5195,-62.561,-90.352
5196,32.823,-50.912
5197,7.4042,5.4546
5198,100.21,-66.146
5199,13.567,83.672
5200,68.921,-15.891
5201,-22.233,69.028
5202,51.267,57.905
5203,-62.809,-64.58
5204,64.91,49.75
5205,41.723,85.962
5206,28.981,20.681
5207,64.309,-62.336
5208,-20.835,-40.81
5209,-89.405,-1.4319
5210,25.335,-16.146
5211,67.993,-16.065
5212,9.4424,49.793
5213,-50.288,80.378
5214,-41.82,-61.329
5215,107.25,-46.759
5216,32.252,63.334
5217,-55.332,-28.3
5218,-2.5429,43.338
5219,27.968,88.458
5220,-29.605,83.785
5221,24.057,-60.934
5222,-17.61,-47.225
5223,-52.491,-88.872
5224,21.326,88.406
5225,45.706,75.787
5226,54.272,62.673
5227,-51.6,53.971
5228,33.846,65.334
5229,3.4737,-61.787
5230,32.901,-64.402
5231,37.024,65.093
5232,57.347,73.44
5233,29.933,89.344
5234,53.93,70.857
5235,-13.975,-27.697
5236,90.042,45.379
5237,52.241,-82.806
5238,67.063,-25.672
5239,59.865,53.617
5240,10.336,15.178
5241,-11.906,94.585
5242,52.028,80.039
5243,-15.025,95.513
5244,38.282,-54.451
5245,-55.886,-85.486
5246,36.56,74.688
5247,35.3,66.555
5248,27.117,87.861
5249,-20.222,-42.559
5250,-76.446,11.705
5251,-61.675,-74.174
5252,9.2677,97.099
5253,59.898,-25.346
5254,64.686,88.358
5255,-85.527,-0.56476
5256,-87.51,6.2885
5257,-28.709,85.051
5258,12.277,34.876
5259,40.229,6.8811
5260,64.065,7.9865
5261,34.481,67.501
5262,-42.407,-33.721
5263,29.96,21.745
5264,27.264,91.761
5265,7.9147,99.103
5266,41.668,86.587
5267,-69.982,68.375
5268,11.77,17.741
5269,26.307,29.568
5270,-51.875,60.345
5271,41.587,8.537
5272,34.349,65.128
5273,58.81,55.207
5274,-61.486,77.165
5275,43.939,59.385
5276,67.904,40.432
5277,-28.423,-48.555
5278,-100.3,7.1574
5279,97.781,54.34
5280,-13.734,17.079
5281,-3.2015,-85.672
5282,10.596,95.488
5283,-63.308,78.505
5284,-30.748,91.137
5285,-38.403,-62.038
5286,-84.154,1.3491
5287,82.831,-46.191
5288,75.22,50.812
5289,57.016,63.713
5290,64.333,57.854
5291,76.41,-42.983
5292,40.222,79.818
5293,10.979,-46.078
5294,9.8322,13.58
5295,-5.0269,-30.328
5296,-92.249,11.223
5297,22.063,60.198
5298,13.737,91.807
5299,45.907,28.767
5300,65.059,62.059
5301,23.42,92.38
5302,19.934,-10.982
5303,4.3745,50.094
5304,-60.928,77.214
5305,47.573,75.846
5306,36.699,90.697
5307,40.336,73.679
5308,-62.455,-63.76
5309,58.524,-33.582
5310,-31.353,-73.65
5311,-75.603,17.158
5312,23.013,93.05
5313,68.801,-13.02
5314,75.76,49.395
5315,-7.6878,102.52
5316,-65.542,-2.1057
5317,-48.282,-87.218
5318,-45.609,-18.893
5319,41.065,-48.096
5320,51.307,73.905
5321,70.283,56.173
5322,12.004,34.489
5323,-4.053,63.603
5324,33.618,63.169
5325,2.817,-50.337
5326,40.909,73.087
5327,58.658,62.713
5328,-67.057,-37.751
5329,64.312,6.825
5330,-9.974,4.2716
5331,-48.31,71.531
5332,22.147,-25.751
5333,-16.246,-44.558
5334,33.752,-48.915
5335,35.244,63.831
5336,46.043,22.513
5337,90.896,44.324
5338,-45.468,83.08
5339,-26.555,-103.75
5340,37.819,21.795
5341,46.418,74.319
5342,35.975,63.668
5343,8.4901,5.803
5344,-69.212,28.538
5345,26.492,90.611
5346,-87.209,1.651
5347,22.982,92.249
5348,-62.165,77.916
5349,-4.7296,-19.785
5350,-1.119,-61.166
5351,-0.33959,92.354
5352,9.0119,97.49
5353,64.33,-30.657
5354,-44.186,-20.281
5355,-18.487,-38.93
5356,76.313,48.343
5357,29.511,88.975
5358,-50.99,83.1
5359,34.294,-67.557
5360,57.362,-24.439
5361,-29.568,-42.641
5362,65.383,20.76
5363,66.439,55.76
5364,-75.521,11.528
5365,-33.91,57.638
5366,-35.671,70.829
5367,89.903,45.083
5368,48.297,-57.143
5369,66.753,50.107
5370,-19.549,-71.965
5371,-65.17,-72.193
5372,-47.013,-64.781
5373,29.143,19.62
5374,46.206,83.948
5375,-69.585,66.369
5376,-23.658,71.803
5377,52.565,61.941
5378,-69.641,66.818
5379,13.661,48.423
5380,2.484,7.1876
5381,-48.361,-71.003
5382,-45.486,-76.095
5383,-16.293,99.013
5384,48.824,59.079
5385,56.642,8.6255
5386,-18.245,17.846
5387,-88.379,1.1646
5388,36.728,72.835
5389,57.972,74.219
5390,-83.095,0.48721
5391,44.237,-42.429
5392,85.139,39.877
5393,-5.114,94.288
5394,57.636,60.698
5395,-23.985,67.715
5396,59.21,62.256
5397,-50.98,83.821
5398,48.416,78.796
5399,37.395,8.7087
5400,-67.125,21.91
5401,-79.44,-38.562
5402,13.456,13.483
5403,66.688,-49.344
5404,24.667,88.787
5405,31.425,91.926
5406,-11.755,94.297
5407,-14.826,96.91
5408,46.678,72.037
5409,31.576,18.408
5410,-1.0558,-37.171
5411,-65.381,-38.771
5412,107.71,-45.616
5413,7.6121,-45.004
5414,-59.038,76.905
5415,11.368,7.7437
5416,-33.266,93.229
5417,41.937,73.851
5418,46.494,72.044
5419,29.654,86.202
5420,-0.7634,41.917
5421,65.04,7.9801
5422,35.755,71.225
5423,41.155,-44.51
5424,-43.205,-42.894
5425,-10.929,-44.437
5426,38.925,72.986
5427,-71.535,50.36
5428,-25.466,-31.356
5429,65.106,-30.53
5430,-3.3827,-44.753
5431,42.523,75.827
5432,40.606,89.654
5433,-42.47,80.744
5434,73.821,88.164
5435,1.466,88.564
5436,-39.621,89.364
5437,51.551,70.581
5438,33.121,-64.164
5439,-8.8554,-42.79
5440,-45.936,68.667
5441,32.235,86.466
5442,-21.694,69.268
5443,56.117,48.222
5444,28.173,87.732
5445,30.335,24.259
5446,-54.641,-67.985
5447,-31.096,-70.068
5448,72.732,12.503
5449,31.551,-63.486
5450,46.608,27.439
5451,-87.953,-4.8789
5452,2.4945,10.385
5453,-2.6713,84.163
5454,51.325,70.526
5455,57.042,47.724
5456,-44.008,69.133
5457,89.282,45.537
5458,22.782,6.7186
5459,-92.107,-7.3981
5460,106.89,-47.622
5461,-9.551,-35.655
5462,19.57,-34.57
5463,47.943,73.294
5464,15.195,50.142
5465,-88.121,1.9395
5466,-4.7748,-19.811
5467,8.0915,58.643
5468,41.075,-64.765
5469,-21.947,3.9105
5470,59.976,63.61
5471,17.347,-48.972
5472,-16.433,12.232
5473,-30.574,87.038
5474,-46.046,82.759
5475,46.485,-41.932
5476,37.51,27.17
5477,10.029,99.324
5478,35.538,73.54
5479,34.162,-67.337
5480,-45.049,-69.464
5481,106.89,-47.143
5482,45.565,22.159
5483,21.196,-90.673
5484,-52.286,-89.237
5485,-21.319,69.727
5486,-67.633,3.8655
5487,46.571,72.496
5488,71.043,41.64
5489,34.341,8.0379
5490,64.16,66.646
5491,-49.964,67.809
5492,-75.394,-73.332
5493,-26.54,-98.619
5494,-63.566,-41.878
5495,-101.51,-11.278
5496,5.3252,-33.203
5497,41.144,3.2769
5498,38.303,7.7854
5499,12.944,89.265
5500,34.278,66.945
5501,90.3,45.094
5502,28.26,-91.76
5503,55.949,48.241
5504,-61.954,12.764
5505,65.066,57.743
5506,27.938,-91.526
5507,75.877,9.7476
5508,-77.68,9.3954
5509,-16.859,82.671
5510,52.774,58.43
5511,33.007,-77.529
5512,-27.494,-40.469
5513,-74.836,-56.756
5514,-53.499,-87.326
5515,31.317,-60.996
5516,49.594,26.068
5517,12.476,92.549
5518,46.906,-41.41
5519,-28.688,84.606
5520,6.1113,-65.667
5521,71.55,-34.802
5522,-47.046,-86.755
5523,65.143,-18.51
5524,74.161,-12.653
5525,52.278,-87.12
5526,-57.969,-88.717
5527,58.488,46.452
5528,-77.619,58.072
5529,16.617,-69.213
5530,-34.679,-54.689
5531,56.731,63.368
5532,54.088,-21.281
5533,34.687,-60.357
5534,1.6484,63.719
5535,20.987,42.193
5536,27.888,27.838
5537,-5.1825,91.997
5538,-4.5005,-28.422
5539,-23.607,65.912
5540,38.507,22.667
5541,106.68,-49.873
5542,-2.0956,-20.858
5543,38.867,4.2724
5544,-22.251,71.882
5545,-1.0501,31.8
5546,38.773,74.036
5547,38.191,69.76
5548,-61.77,-64.946
5549,-61.846,13.812
5550,-27.045,-87.632
5551,-89.335,-1.5908
5552,45.053,-42.612
5553,47.183,-51.879
5554,-7.6799,94.454
5555,99.22,-61.559
5556,7.6586,11.978
5557,15.964,10.832
5558,26.501,1.2692
5559,85.985,-34.404
5560,65.705,68.082
5561,43.832,20.579
5562,42.479,55.651
5563,-17.48,77.536
5564,-9.7492,95.071
5565,35.875,32.698
5566,-75.314,-72.674
5567,-8.4511,-93.298
5568,-3.5926,53.965
5569,3.9206,9.0802
5570,-0.41592,57.302
5571,40.695,-46.777
5572,55.221,63.013
5573,-15.532,-25.84
5574,-15.143,16.151
5575,-43.853,86.371
5576,64.376,-9.508
5577,-38.609,-44.443
5578,-85.063,0.04917
5579,74.215,-43.265
5580,0.45892,92.32
5581,52.202,-64.846
5582,-72.835,-28.141
5583,71.752,-13.323
5584,47.372,75.048
5585,43.347,-44.905
5586,41.344,-50.36
5587,30.668,-89.384
5588,-20.51,16.913
5589,-17.992,61.642
5590,33.855,-50.617
5591,-16.643,-60.414
5592,-24.297,-104.64
5593,-59.97,-39.968
5594,56.731,6.8383
5595,20.577,80.314
5596,21.412,-86.529
5597,37.735,68.448
5598,22.751,-78.459
5599,-90.012,-1.4969
5600,-71.6,62.081
5601,36.874,73.669
5602,55.66,23.83
5603,92.912,-52.909
5604,35.058,-76.327
5605,-13.483,98.06
5606,0.40642,50.934
5607,10.417,61.429
5608,-2.9381,26.874
5609,52.271,-18.25
5610,-55.573,-59.099
5611,4.1526,-42.086
5612,67.86,46.968
5613,48.102,-26.089
5614,25.187,-95.997
5615,-71.837,52.834
5616,25.436,6.534
5617,32.995,-4.3683
5618,107.24,-51.001
5619,55.075,24.541
5620,44.834,-42.953
5621,-72.548,64.251
5622,31.381,15.519
5623,47.476,22.359
5624,66.167,-29.54
5625,50.518,-81.544
5626,47.877,-44.953
5627,-49.138,69.577
5628,-31.479,83.626
5629,21.348,-69.355
5630,64.253,-30.053
5631,41.108,-44.305
5632,0.30274,40.936
5633,20.31,89.209
5634,-20.466,-92.777
5635,57.413,-18.307
5636,42.324,-29.061
5637,35.248,63.595
5638,40.668,23.71
5639,-41.686,3.7656
5640,-71.401,-63.978
5641,51.863,-18.123
5642,57.141,-33.087
5643,2.8467,21.269
5644,32.303,-59.647
5645,34.727,-48.353
5646,10.254,61.479
5647,-3.515,59.796
5648,-56.167,-79.138
5649,-3.2764,-20.269
5650,57.693,62.068
5651,-16.203,83.915
5652,5.0527,17.89
5653,31.922,2.3485
5654,-95.64,54.351
5655,-51.824,61.555
5656,-34.501,-52.849
5657,-31.013,-77.053
5658,7.7045,13.24
5659,84.71,-27.215
5660,-52.661,58.878
5661,-54.963,6.2047
5662,26.393,-90.958
5663,16.181,-98.692
5664,34.608,-48.492
5665,41.407,7.9853
5666,-17.909,16.147
5667,-82.053,3.6544
5668,-2.1636,27.26
5669,32.47,2.4509
5670,57.891,61.75
5671,-5.8301,58.464
5672,23.061,-95.264
5673,61.95,-68.961
5674,8.4436,25.813
5675,46.882,104.16
5676,90.222,44.597
5677,22.794,-43.05
5678,57.102,-34.967
5679,43.046,76.275
5680,45.705,2.6827
5681,86.407,-2.185
5682,-74.266,12.053
5683,36.768,9.7082
5684,24.975,-37.929
5685,12.451,9.2515
5686,57.505,-32.663
5687,42.512,20.339
5688,4.1751,53.354
5689,63.741,-19.93
5690,-16.385,85.375
5691,2.3541,18.933
5692,44.345,19.504
5693,10.823,-46.977
5694,58.478,-32.321
5695,59.782,-9.5017
5696,16.77,-97.614
5697,46.674,29.248
5698,-71.842,52.102
5699,51.072,73.789
5700,-49.277,69.462
5701,16.618,52.264
5702,43.128,50.748
5703,9.9989,49.37
5704,-13.676,0.66011
5705,55.428,-53.836
5706,1.7555,-62.048
5707,-94.643,2.4729
5708,-94.105,3.9088
5709,51.85,60.935
5710,-72.334,-16.269
5711,36.165,16.072
5712,59.205,62.742
5713,-0.7769,52.754
5714,79.231,41.488
5715,19.302,-84.801
5716,16.886,65.017
5717,61.711,-4.9435
5718,47.969,-31.78
5719,-32.072,-95.501
5720,-47.245,-69.995
5721,-29.843,-44.616
5722,5.0956,14.147
5723,51.172,73.554
5724,51.649,57.943
5725,52.804,58.481
5726,34.03,-58.246
5727,41.502,86.931
5728,-76.533,13.006
5729,-39.734,-75.189
5730,-73.762,1.5616
5731,41.788,3.9549
5732,-15.012,97.086
5733,-87.627,-0.45338
5734,26.58,-97.333
5735,57.243,-32.882
5736,40.498,5.0028
5737,33.519,84.73
5738,-67.891,75.073
5739,-47.822,78.4
5740,44.202,75.041
5741,16.802,-97.616
5742,-6.5152,28.394
5743,7.002,10.954
5744,-64.764,-43.142
5745,19.66,-32.632
5746,6.2718,-64.613
5747,42.298,-49.941
5748,-14.192,91.46
5749,18.243,-39.773
5750,11.607,-49.957
5751,42.766,-45.682
5752,-19.497,4.4946
5753,-64.155,-84.383
5754,-70.507,-77.46
5755,-100.7,11.568
5756,1.4434,23.717
5757,45.623,71.219
5758,-15.01,27.427
5759,13.835,-46.984
5760,56.709,62.113
5761,-29.353,91.046
5762,47.46,-81.658
5763,-66.953,-77.44
5764,-74.179,13.355
5765,51.187,64.028
5766,21.52,-89.082
5767,43.499,-71.075
5768,34.009,-58.226
5769,58.575,-33.386
