Label,optsne_1,optsne_2
1,-33.947,51.237
2,-9.7956,-7.5589
3,-72.395,-64.941
4,96.836,-62.567
5,-7.4076,-43.973
6,-27.213,48.752
7,-45.354,54.454
8,39.801,-84.959
9,-74.924,54.107
10,46.795,29.213
11,12.735,92.604
12,-25.683,61.828
13,-43.036,-85.313
14,17.259,-98.829
15,-72.368,24.98
16,-41.08,-60.391
17,-38.561,-74.286
18,-101.11,0.44056
19,-80.98,-38.783
20,-1.9308,93.606
21,-22.321,65.972
22,7.5344,17.928
23,-29.929,54.867
24,-57.549,51.591
25,2.8041,56.869
26,15.765,-38.431
27,-25.479,61.1
28,20.16,88.927
29,17.936,-81.232
30,-42.773,89.212
31,46.771,71.064
32,-77.844,-55.435
33,-27.486,7.5944
34,-81.093,-54.104
35,-33.127,68.637
36,39.632,-89.308
37,-12.216,93.228
38,-29.998,57.535
39,-3.2924,88.821
40,13.544,-36.567
41,-39.298,35.155
42,-41.404,51.342
43,-30.385,36.351
44,23.224,69.799
45,-5.0757,88.63
46,15.156,-38.136
47,36.692,93.206
48,32.134,86.598
49,23.626,91.917
50,30.016,14.962
51,29.573,-34.735
52,23.55,92.758
53,53.407,-22.307
54,-98.774,-29.607
55,-96.343,-16.221
56,-61.703,17.962
57,27.226,33.837
58,-83.856,9.6879
59,-16.683,82.877
60,-17.723,69.797
61,-67.768,74.904
62,-33.234,87.507
63,-49.387,80.98
64,-4.875,90.761
65,10.813,-44.335
66,38.249,82.786
67,-65.241,-78.926
68,-92.39,-48.705
69,-31.178,-76.78
70,45.36,62.66
71,-37.56,-44.562
72,-55.079,6.368
73,-29.587,-50.098
74,-7.1289,95.218
75,-67.645,55.932
76,21.994,-52.115
77,11.071,92.615
78,60.903,58.985
79,34.202,90.848
80,54.787,15.617
81,76.906,-13.853
82,-24.724,-98.64
83,52.272,30.729
84,-71.963,-37.504
85,92.052,-41.067
86,102.03,-48.72
87,38.278,75.912
88,-39.478,41.041
89,-43.482,-3.5658
90,13.837,-36.699
91,25.068,73.208
92,37.932,76.334
93,51.995,69.589
94,7.8753,58.398
95,34.752,87.123
96,47.593,102.26
97,-91.161,-1.503
98,-31.734,-69.14
99,-41.218,-60.855
100,-71.148,-37.326
101,-22.689,7.2888
102,22.524,90.798
103,-23.716,84.231
104,-0.51209,47.81
105,21.146,92.258
106,-75.791,-48.673
107,-5.3136,-26.575
108,47.89,70.141
109,-0.97961,78.323
110,-101.51,16.251
111,29.632,22.283
112,-32.928,-30.746
113,9.5798,97.551
114,8.3893,71.188
115,98.004,46.059
116,11.89,97.964
117,31.591,20.299
118,7.5016,14.22
119,-101.11,10.01
120,-65.939,-3.009
121,-56.416,7.9629
122,-54.091,17.19
123,22.311,-52.039
124,-34.44,7.889
125,-53.886,7.9417
126,-74.102,15.889
127,-10.717,-31.616
128,2.4331,7.3594
129,54.658,-39.709
130,-55.996,39.614
131,75.397,-38.585
132,51.89,69.636
133,-71.246,-37.371
134,-4.4969,28.445
135,25.814,-97.985
136,-30.831,86.623
137,-48.618,59.222
138,-30.938,42.65
139,26.394,61.212
140,0.084262,65.502
141,-32.439,-44.761
142,-22.401,-69.513
143,-69.021,-5.9571
144,3.3896,59.349
145,-12.407,93.32
146,-14.212,95.487
147,-4.0498,58.915
148,31.268,80.046
149,-29.24,83.628
150,-69.911,69.542
151,-82.932,-40.722
152,70.231,-20.696
153,49.093,19.071
154,1.4162,-26.264
155,11.072,95.297
156,-35.323,45.184
157,-13.743,99.238
158,-46.743,59.867
159,4.4225,97.457
160,34.9,2.1404
161,9.3172,14.565
162,-10.687,-3.8715
163,-33.562,29.673
164,-28.711,45.315
165,-44.517,40.395
166,-4.4429,73.662
167,29.385,-83.914
168,-1.0739,76.718
169,0.73315,96.576
170,-33.85,-76.462
171,-102.61,10.363
172,-33.871,-22.411
173,51.532,61.972
174,38.716,5.7685
175,58.577,75.077
176,-35.097,-82.476
177,56.008,15.497
178,-41.018,-28.098
179,-9.3727,-4.5613
180,-62.888,-31.411
181,-8.5072,91.825
182,-15.159,95.82
183,6.3333,94.206
184,-12.616,74.253
185,-8.7454,84.828
186,-13.36,88.607
187,-24.416,71.169
188,23.083,56.519
189,42.519,28.324
190,-2.7506,98.337
191,-12.489,94.51
192,-25.695,-102.41
193,57.414,-18.094
194,-104.9,30.441
195,-51.11,-78.821
196,49.059,-76.216
197,-69.032,29.782
198,-18.482,-24.479
199,-45.17,35.83
200,-90.918,27.885
201,-6.3887,89.986
202,34.638,1.4472
203,59.165,62.001
204,-49.107,-70.765
205,-66.279,-36.494
206,-29.509,44.891
207,19.747,83.731
208,-101.5,4.0097
209,-33.9,-50.113
210,-10.751,91.142
211,-52.943,74.877
212,21.686,90.619
213,9.5322,-37.311
214,-94.583,16
215,-3.3103,-90.754
216,-82.531,-20.184
217,-37.145,-83.806
218,-14.838,-66.98
219,-65.854,-39.071
220,35.669,68.848
221,-26.533,48.779
222,46.945,-5.3345
223,-48.386,49.083
224,-35.661,56.772
225,-14.233,95.323
226,58.184,-0.75602
227,-79.811,5.7649
228,-16.237,89.18
229,30.687,1.0332
230,-57.214,-6.9687
231,-38.25,84.874
232,31.512,22.418
233,8.9907,17.449
234,71.84,59.368
235,11.07,-35.488
236,10.994,-35.168
237,-24.349,28.071
238,23.498,-53.236
239,27.869,87.791
240,-12.172,94.385
241,-18.267,-73.594
242,107.02,-46.232
243,-80.749,-30.576
244,-72.13,-17.123
245,47.328,39.059
246,-38.402,84.682
247,-23.115,-73.636
248,18.856,-80.309
249,53.317,78.931
250,65.38,62.46
251,52.848,-19.988
252,39.726,39.285
253,-69.87,-74.819
254,23.758,-39.475
255,-5.2838,88.602
256,-30.883,83.007
257,-31.449,88.197
258,33.539,86.643
259,65.707,56.201
260,-7.5482,94.013
261,10.461,97.848
262,55.189,-17.952
263,47.619,102.27
264,106.6,-47.746
265,-97.727,25.453
266,-100.77,6.9255
267,17.612,-48.432
268,-2.035,60.254
269,26.444,91.545
270,-36.769,-49.787
271,46.207,7.3721
272,31.045,-82.12
273,-12.85,75.328
274,-25.333,47.021
275,-35.432,30.493
276,-1.4219,47.906
277,23.555,-43.858
278,-8.0473,92.666
279,-13.187,97.232
280,-38.264,-75.34
281,46.986,-41.129
282,56.154,-31.888
283,93.456,-64.633
284,-12.972,74.889
285,-27.728,52.364
286,-33.494,87.206
287,-45.205,67.653
288,27.336,89.421
289,50.652,69.105
290,-40.679,87.876
291,0.73495,90.368
292,69.415,-39.61
293,-38.193,45.378
294,8.5485,93.997
295,-28.289,78.536
296,23.355,90.429
297,-30.966,-39.28
298,-41.444,-54.379
299,-101.84,11.838
300,-52.656,41.115
301,-31.319,-69.382
302,27.607,87.539
303,-12.036,74.752
304,19.504,-86.655
305,40.941,72.783
306,20.986,91.192
307,-67.524,9.3401
308,-6.3045,-47.198
309,-17.496,-33.122
310,-18.588,-42.444
311,104.49,-49.655
312,-89.572,11.506
313,-35.76,-62.662
314,-19.898,-82.633
315,-5.2043,-102.2
316,-52.097,-24.934
317,2.5918,92.577
318,13.207,-35.738
319,46.956,51.641
320,22.465,88.526
321,40.021,73.704
322,43.285,73.868
323,34.951,-34.033
324,-85.599,-24.907
325,-89.953,-7.2505
326,-33.392,-93.132
327,-53.523,-3.2374
328,-18.138,79.272
329,-12.64,75.084
330,-34.238,46.884
331,-6.9083,55.679
332,-51.811,-48.396
333,46.716,102.23
334,107.32,-45.773
335,99.331,-66.322
336,43.679,-46.634
337,-4.6859,88.482
338,-4.3873,85.696
339,8.4457,95.6
340,-72.34,11.404
341,-98.06,-28.599
342,-70.573,-13.113
343,35.885,-48.483
344,4.548,95.519
345,-28.844,35.368
346,26.07,4.5497
347,-29.298,45.063
348,-72.821,68.387
349,-81.942,-1.0505
350,-97.553,15.612
351,-56.768,55.172
352,66.371,5.9486
353,-40.421,-20.151
354,-24.401,50.056
355,-72.045,69.623
356,34.52,1.4365
357,-8.6999,94.308
358,-55.646,-68.873
359,102.12,-48.758
360,-44.714,64.406
361,-27.207,28.396
362,-11.27,74.512
363,19.923,83.998
364,51.732,57.884
365,15.386,-16.396
366,-96.325,27.688
367,-23.518,7.9099
368,-92.028,-7.7708
369,-42.549,-73.44
370,-13.898,89.394
371,11.941,99.303
372,-5.1665,91.942
373,-28.481,55.543
374,31.911,-50.746
375,5.2254,94.774
376,60.235,63.619
377,58.56,60.556
378,-51.847,-84.315
379,-95.707,8.4127
380,7.2256,89.168
381,18.426,-45.647
382,51.129,77.758
383,41.804,46.203
384,-67.847,-4.466
385,-48.972,-71.393
386,-70.682,30.739
387,-9.3286,69.305
388,38.202,71.374
389,-83.759,-37.718
390,-64.032,78.106
391,-35.708,40.085
392,-35.946,42.535
393,45.462,-68.375
394,-14.032,96.593
395,11.008,95.977
396,51.367,77.866
397,43.41,82.75
398,-44.446,83.528
399,-29.482,88.499
400,22.714,49.268
401,63.925,8.1129
402,-33.338,-39.377
403,-5.5366,79.514
404,-17.651,77.311
405,-38.112,86.721
406,-91.383,1.8465
407,29.591,-83.03
408,-28.771,87.135
409,8.9564,98.971
410,56.804,74.138
411,58.242,16.456
412,-51.12,-1.9172
413,51.968,-32.803
414,-25.529,83.693
415,-36.994,46.415
416,11.045,-35.741
417,-21.03,72.712
418,0.42409,88.926
419,13.181,-87.665
420,-32.472,-43.551
421,18.141,-80.113
422,24.639,91.74
423,-42.356,-63.262
424,89.133,6.394
425,-71.587,49.714
426,-26.759,-97.864
427,-79.412,10.351
428,-70.513,30.33
429,-38.066,75.432
430,5.4828,37.456
431,-9.6574,92.996
432,-26.253,87.133
433,37.421,71.003
434,-2.4495,83.928
435,-56.822,29.497
436,-54.681,-46.565
437,-25.775,-40.317
438,-87.697,-1.2682
439,-74.772,-7.1396
440,28.381,-27.975
441,57.753,-18.463
442,82.15,-42.875
443,-48.826,74.599
444,9.2773,98.039
445,-16.359,-16.042
446,-7.7985,36.416
447,22.107,93.524
448,5.8557,91.918
449,31.475,89.221
450,-8.3931,93.131
451,-39.227,-90.391
452,32.425,14.048
453,20.898,-82.005
454,-48.403,35.199
455,6.899,97.733
456,11.451,97.474
457,66.515,53.352
458,51.418,76.968
459,-100.21,6.285
460,23.971,-16.544
461,-40.013,-68.861
462,-77.072,7.2108
463,-26.668,-103.36
464,-2.4468,84.008
465,-57.729,44.51
466,-28.811,93.608
467,-42.562,80.581
468,-98.373,-28.343
469,-53.857,-46.916
470,11.402,-46.244
471,-30.911,42.713
472,11.1,-40.252
473,64.557,67.312
474,47.895,74.776
475,26.279,99.405
476,-94.42,15.598
477,-65.345,-3.3838
478,-5.0481,-102.08
479,83.616,-42.236
480,-5.5963,-102.41
481,8.7105,99.175
482,-10.574,93.126
483,59.878,-25.277
484,-46.218,-9.3535
485,7.5007,6.398
486,95.259,-42.474
487,-15.237,94.809
488,-33.372,88.238
489,29.166,20.421
490,10.378,95.626
491,39.285,67.99
492,49.639,76.359
493,75.389,13.596
494,-8.8168,-95.246
495,4.6382,95.565
496,10.823,-35.285
497,17.879,66.562
498,-53.739,-47.131
499,-83.863,4.221
500,-3.1537,-85.422
501,-28.29,-100.32
502,38.575,70.719
503,-24.733,54.296
504,-101.79,28.65
505,-35.457,31.313
506,-0.75748,53.489
507,-1.7288,84.313
508,-54.339,-37.667
509,38.047,4.9247
510,-8.0074,93.481
511,-70.609,65.53
512,24.408,93.427
513,41.317,75.27
514,40.329,72.708
515,-58.888,-60.464
516,29.468,-19.339
517,56.693,-33.776
518,-29.162,-90.362
519,-7.3675,93.2
520,-69.619,66.458
521,0.11341,18.322
522,10.55,92.945
523,61.015,58.985
524,55.084,41.445
525,66.103,49.628
526,-82.11,-0.97781
527,-14.981,-41.918
528,-95.611,54.433
529,3.4783,13.424
530,-32.448,-64.962
531,-1.0133,-94.354
532,5.2728,-1.6594
533,-25.089,85.604
534,32.067,2.1849
535,-12.076,94.548
536,14.21,-42.271
537,-17.332,-15.333
538,10.795,95.688
539,6.8034,97.623
540,-70.182,70.026
541,-71.042,2.5992
542,19.995,83.805
543,-27.973,52.792
544,9.922,98.893
545,26.316,91.404
546,-23.726,-81.837
547,58.485,-28.978
548,57.602,-24.625
549,56.641,-23.338
550,78.175,10.025
551,102.74,-48.323
552,-69.394,70.563
553,10.478,96.996
554,-35.479,31.745
555,-29.494,55.78
556,-0.41932,87.777
557,57.999,-24.439
558,-43.506,-72.806
559,-76.39,14.678
560,96.362,-62.959
561,-72.265,-3.7419
562,12.797,-36.016
563,-14.884,74.397
564,-31.329,45.064
565,-9.9772,94.814
566,51.088,77.98
567,-10.736,93.865
568,-39.903,-52.321
569,-56.82,-15.82
570,15.948,-73.801
571,-7.627,91.712
572,-90.314,-6.5434
573,-50.929,-49.096
574,6.7093,-77.315
575,4.639,-28.862
576,-4.338,94.064
577,-20.489,92.173
578,-25.222,84.081
579,-54.112,-0.93048
580,64.945,6.4929
581,-21.997,-31.074
582,45.327,-12.185
583,-27.567,-46.235
584,35.08,87.909
585,-27.822,89.427
586,10.429,-35.602
587,-8.8923,-87.313
588,25.789,86.643
589,-43.496,88.806
590,-28.295,85.488
591,2.728,41.486
592,-9.3777,55.332
593,50.377,69.357
594,-6.0706,53.331
595,-14.356,95.497
596,-88.936,-41.903
597,52.417,-50.245
598,62.5,55.424
599,-51.924,82.763
600,52.353,61.348
601,-23.005,7.0931
602,-53.895,-43.885
603,-51.489,-79.751
604,-22.007,85.181
605,21.146,-53.92
606,-30.526,44.51
607,-46.523,34.322
608,-2.9096,95.953
609,2.2173,54.504
610,-6.0338,79.676
611,15.534,-39.596
612,-101.61,10.959
613,81.294,-25.335
614,-12.13,16.347
615,-17.479,0.18635
616,8.5457,98.24
617,45.553,55.433
618,-28.262,90.87
619,-30.986,83.901
620,65.969,-35.839
621,-72.204,26.295
622,47.784,103.14
623,-43.357,61.741
624,7.8193,99.344
625,-50.466,-15.731
626,-36.461,37.224
627,-29.425,55.548
628,-33.265,87.86
629,-27.686,36.06
630,-44.101,85.075
631,16.835,89.133
632,-68.311,60.772
633,58.437,-33.202
634,91.818,-60.167
635,-69.16,-0.85983
636,73.953,2.0285
637,-20.625,92.131
638,-3.0434,53.048
639,-61.613,76.026
640,25.87,85.933
641,-21.816,-16.603
642,-95.844,30.126
643,52.766,0.097177
644,-20.911,6.8664
645,-62.865,77.156
646,-69.347,68.718
647,-29.105,44.497
648,-23.588,56.587
649,-6.3262,89.622
650,25,97.829
651,54.402,-25.396
652,-45.191,-46.546
653,-31.943,-87.038
654,21.825,54.433
655,-3.8134,-103.47
656,-91.133,-0.58581
657,-6.1082,89.91
658,-1.3729,47.801
659,66.234,54.238
660,-2.9835,-19.125
661,-31.894,-71.451
662,8.5419,12.586
663,-10.241,93.193
664,7.843,47.107
665,29.568,-37.526
666,-8.1727,92.332
667,-6.6505,89.585
668,29.598,88.195
669,-52.978,0.28671
670,7.6423,99.45
671,77.305,9.9177
672,-79.455,61.328
673,66.617,87.078
674,-4.39,8.8441
675,-29.12,-90.369
676,-10.618,93.765
677,-41.438,12.507
678,20.09,-67.622
679,93.551,-63.643
680,-26.989,-76.005
681,-50.074,-89.121
682,20.976,93.949
683,-36.453,48.665
684,-26.843,49.411
685,21.35,91.651
686,41.568,60.274
687,106.15,-47.847
688,-90.32,8.7933
689,-48.983,-70.072
690,-35.659,44.666
691,-41.213,83.153
692,-47.354,60.286
693,29.347,88.136
694,-47.071,-70.628
695,89.901,-60.24
696,-42.596,-49.939
697,-4.9286,87.718
698,-40.506,85.035
699,-54.7,68.384
700,-99.441,-12.489
701,43.563,-43.401
702,-66.754,31.637
703,18.334,-47.398
704,-30.601,57.096
705,44.28,-72.51
706,6.0114,92.78
707,-3.6399,86.038
708,104.82,-49.752
709,-15.017,-54.485
710,-39.782,37.953
711,6.7105,97.314
712,46.585,72.092
713,-63.609,75.113
714,-30.847,86.74
715,-119.02,13.86
716,-86.151,14.556
717,-31.793,-74.352
718,58.395,-59.227
719,-19.267,78.938
720,-11.301,94.215
721,-44.041,85.908
722,-33.331,67.189
723,-33.527,-92.321
724,-14.766,-74.548
725,3.7714,80.887
726,13.614,-40.875
727,35.631,5.6818
728,-40.385,42.344
729,103.6,-52.05
730,-55.617,77.309
731,-90.628,-1.5341
732,-90.683,-1.6173
733,-17.337,-44.002
734,-89.268,-51.557
735,52.963,-32.089
736,54.972,-15.063
737,-20.209,-107.73
738,-70.05,71.173
739,-28.494,47.536
740,32.088,-80.172
741,13.658,-36.491
742,-1.2145,50.461
743,-27.668,87.132
744,-3.9079,39.565
745,-28.802,-94.343
746,-85.049,-6.3584
747,-82.341,-6.8008
748,-22.779,-90.053
749,34.249,-58.967
750,-69.464,39.998
751,-29.533,12.149
752,-3.3427,-58.072
753,5.0799,55.711
754,-26.628,27.984
755,-1.6615,84.477
756,-56.12,-28.871
757,8.9903,99.236
758,26.052,39.672
759,20.028,87.462
760,-16.184,-16.206
761,-27.502,51.265
762,7.5056,97.222
763,7.5572,97.57
764,22.845,94.044
765,-91.665,-6.7292
766,-89.616,5.4667
767,-38.31,-83.393
768,-51.019,-54.319
769,-40.512,-75.402
770,-30.609,-68.999
771,-2.8561,96.834
772,-42.495,89.651
773,-57.981,-13.461
774,-6.7124,92.521
775,1.9184,30.417
776,-87.434,2.8233
777,-67.728,-6.0579
778,104.62,-55.221
779,22.031,-81.11
780,-9.4687,95.193
781,5.4728,92.067
782,59.877,61.613
783,40.915,40.149
784,16.309,89.493
785,-26.584,39.25
786,-6.7289,85.788
787,-72.018,59.441
788,64.239,57.577
789,90.028,45.108
790,-76.859,-54.41
791,-26.848,-101.38
792,57.39,-18.061
793,-88.267,7.2949
794,-42.804,-33.892
795,-43.11,-50.401
796,-89.115,-1.5067
797,-71.851,-37.368
798,-71.497,15.365
799,67.523,57.89
800,43.741,21.963
801,8.8496,64.309
802,-17.603,-33.77
803,-27.244,-91.151
804,-12.645,75.094
805,8.843,-37.016
806,-35.493,44.648
807,10.789,-35.755
808,21.234,91.04
809,7.9401,98.393
810,-8.0449,92.286
811,-87.397,2.6388
812,91.928,-65.672
813,-101.17,10.761
814,62.002,-27.197
815,-21.19,-40.868
816,-9.9116,-78.396
817,92.104,35.993
818,38.616,68.84
819,50.928,73.247
820,13.558,-4.9671
821,54.141,45.673
822,-51.148,-53.698
823,-35.919,-70.87
824,-89.737,-7.749
825,34.681,-76.933
826,8.8159,-61.362
827,-42.052,59.734
828,15.11,92.992
829,31.436,-82.036
830,18.62,66.012
831,-7.3444,26.573
832,37.059,-68.16
833,-72.519,-18.996
834,-28.851,54.518
835,-31.753,30.883
836,51.096,74.108
837,7.5327,54.097
838,41.445,-83.815
839,-12.113,93.211
840,-35.664,69.236
841,-6.7767,94.93
842,22.105,92.987
843,-5.4774,101.09
844,-47.448,61.282
845,-35.405,56.559
846,-35.623,45.021
847,35.79,-81.645
848,-15.224,92.74
849,25.409,93.982
850,4.5404,53.91
851,51.7,70.797
852,-62.19,-86.862
853,-18.431,-25.05
854,-31.401,-92.132
855,-34.624,-54.758
856,49.364,-61.978
857,-47.019,-71.564
858,-44.275,85.413
859,-69.674,68.642
860,3.8217,80.513
861,-48.842,58.985
862,-19.32,40.8
863,-44.188,83.706
864,51.129,76.786
865,-0.93243,39.886
866,2.4909,22.586
867,-44.287,82.724
868,-103.26,0.87187
869,4.0484,11.288
870,-50.067,-85.813
871,-25.204,82.26
872,-31.076,43.351
873,41.773,86.65
874,-31.923,-93
875,-74.731,-3.0425
876,-96.773,2.658
877,-52.016,-89.474
878,-39.995,-58.227
879,-21.782,-17.596
880,-34.969,-47.486
881,-74.078,12.652
882,49.251,36.145
883,-89.8,-7.7651
884,56.396,-50.623
885,-28.777,91.3
886,22.073,-81.99
887,43.206,86.467
888,108.04,-44.884
889,14.123,18.303
890,-98.562,-10.751
891,27.772,42.49
892,27.214,-48.735
893,-33.499,-25.633
894,31.97,90.549
895,25.971,85.826
896,-55.287,77.879
897,-81.045,64.16
898,-95.61,54.434
899,7.5604,10.607
900,91.456,-24.831
901,3.8357,52.651
902,38.292,87.625
903,-66.502,73.209
904,2.8428,95.427
905,-47.651,-59.844
906,96.686,-65.227
907,8.4476,95.638
908,-41.455,39.071
909,-27.845,82.408
910,10.912,90.612
911,23.332,92.11
912,47.678,103.23
913,-65.102,-38.154
914,-87.829,1.2028
915,89.432,-15.52
916,-9.2942,-3.5984
917,12.166,68.491
918,-40.201,83.44
919,-26.934,82.655
920,10.546,-36.421
921,-28.056,79.93
922,64.861,4.3786
923,2.8613,10.048
924,-33.261,-52.721
925,-11.272,94.299
926,-12.24,93.507
927,-25.957,82.437
928,41.135,71.657
929,29.476,-34.94
930,-21.157,-78.822
931,82.522,-46.11
932,-57.542,-88.763
933,-0.23104,39.164
934,2.1126,96.276
935,105.03,-44.225
936,-25.219,68.325
937,-26.446,-103.41
938,-4.7254,-44.534
939,-97.984,7.7876
940,-86.757,-11.02
941,50.327,36.758
942,-3.2368,-33.723
943,-15.836,43.731
944,32.867,-92.213
945,37.271,42.272
946,-26.555,48.39
947,-3.5404,50.992
948,-36.661,42.297
949,-59.356,-12.191
950,38.231,82.814
951,26.481,33.424
952,2.7575,-54.707
953,93.517,-20.984
954,22.421,92.863
955,24.29,89.108
956,-7.4897,95.784
957,-20.436,42.634
958,-51.608,-85.57
959,-31.101,72.505
960,8.3558,77.173
961,-3.2175,-102.03
962,-42.125,-42.886
963,-38.518,-52.998
964,-49.407,65.776
965,42.901,-47.695
966,53.584,-84.006
967,39.472,68.584
968,6.9715,97.316
969,1.4621,42.12
970,-3.0571,50.323
971,45.949,79.751
972,53.646,62.966
973,25.9,88.897
974,46.995,88.044
975,97.654,-58.094
976,-38.753,-46.386
977,-19.234,-46.86
978,-39.909,-52.451
979,50.295,-70.81
980,-21.3,-84.765
981,-7.5643,95.811
982,-53.499,54.157
983,-47.606,-24.585
984,55.759,61.349
985,7.1905,97.699
986,-5.7972,91.607
987,9.7736,97.91
988,-92.811,13.653
989,-10.839,-80.206
990,-26.409,-103.38
991,16.201,-3.1229
992,-11.623,100.24
993,-27.152,82.45
994,26.455,87.645
995,54.475,60.296
996,-45.869,82.644
997,-96.792,9.6003
998,57.586,21.586
999,43.329,-79.547
1000,91.577,-21.7
1001,-1.6176,56.621
1002,-0.13844,27.26
1003,-14.489,-38.541
1004,-48.439,53.221
1005,-80.769,-39.492
1006,-20.102,86.873
1007,8.558,97.664
1008,18.044,-46.901
1009,-44.398,56.237
1010,-32.574,-28.16
1011,-8.7722,95.371
1012,50.591,61.7
1013,-18.423,80.374
1014,13.456,31.907
1015,106.47,-49.328
1016,-4.7441,-87.689
1017,8.412,38.279
1018,-7.7843,36.095
1019,-21.239,71.355
1020,-14.229,100.53
1021,-11.791,-80.961
1022,-27.88,-46.376
1023,-83.708,3.1465
1024,96.053,-51.684
1025,-60.7,73.729
1026,-45.64,56.062
1027,-10.313,93.005
1028,-32.226,10.963
1029,64.133,8.6372
1030,-39.856,-69.317
1031,2.6059,-53.363
1032,-10.878,-66.007
1033,7.1235,56.144
1034,-0.21183,-65.226
1035,-47.11,-27.434
1036,19.57,-96.718
1037,-18.523,-43.848
1038,25.652,61.953
1039,-6.6716,93.101
1040,10.53,-41.606
1041,91.035,-60.192
1042,31.565,42.776
1043,-42.016,87.685
1044,3.8531,95.344
1045,-26.217,86.799
1046,-67.252,14.248
1047,-34.285,-93.514
1048,-54.36,-2.7542
1049,22.635,-97.306
1050,-7.3912,32.296
1051,-5.1364,39.674
1052,-9.5446,93.206
1053,51.428,77.265
1054,1.1468,41.116
1055,26.661,87.698
1056,-82.626,9.0039
1057,-10.537,-44.038
1058,63.775,-28.58
1059,-100.78,9.225
1060,45.363,103.48
1061,-44.058,-33.755
1062,5.1062,-78.807
1063,-6.2009,90.975
1064,-10.78,86.316
1065,-55.209,47.893
1066,-58.945,-11.222
1067,-1.6181,99.012
1068,41.612,-47.745
1069,-33.62,-53.169
1070,-10.067,-8.3814
1071,54.577,-79.054
1072,-29.904,-94.883
1073,-70.704,-68.357
1074,33.048,55.109
1075,36.25,68.811
1076,7.3139,24.121
1077,-89.817,11.08
1078,-102.87,30.96
1079,-98.589,-10.694
1080,-29.378,-44.176
1081,-28.292,-88.121
1082,43.734,-46.627
1083,41.123,-51.057
1084,9.0041,94.942
1085,11.666,-35.868
1086,10.288,97.818
1087,-51.507,82.159
1088,46.74,70.766
1089,-100.38,10.454
1090,24.528,-73.659
1091,-83.428,4.0029
1092,-69.262,28.5
1093,29.253,16.712
1094,-66.089,73.38
1095,-30.617,57.077
1096,-44.671,56.312
1097,-12.518,99.231
1098,26.1,84.049
1099,10.381,98.15
1100,-97.185,-1.7637
1101,4.2329,88.036
1102,7.6171,97.999
1103,-54.227,64.62
1104,-58.317,-11.852
1105,-1.5161,76.53
1106,18.464,65.968
1107,43.394,21.963
1108,-30.972,-38.99
1109,48.298,103.12
1110,4.0784,9.286
1111,-60.485,-86.338
1112,78.652,-53.583
1113,48.503,-85.897
1114,33.073,-64.174
1115,-93.746,-8.1605
1116,-43.982,-74.481
1117,-29.093,-61.293
1118,-5.1481,82.158
1119,-0.70558,77.397
1120,47.762,15.398
1121,-39.898,-58.657
1122,-53.033,79.484
1123,-68.217,59.78
1124,-44.238,47.226
1125,22.919,89.462
1126,51.805,70.536
1127,54.976,72.299
1128,-2.5638,-13.742
1129,-28.357,90.518
1130,9.0006,97.666
1131,-43.617,83.479
1132,12.914,93.84
1133,27.128,88.028
1134,8.7893,96.535
1135,-14.004,-25.868
1136,-25.404,-85.574
1137,57.418,-29.94
1138,35.52,-81.042
1139,0.47848,48.875
1140,9.2551,40.806
1141,6.9107,95.773
1142,55.795,28.962
1143,107.42,-45.973
1144,-84.659,-6.7568
1145,-6.8773,25.524
1146,-31.236,83.221
1147,0.83051,100.58
1148,12.561,-44.336
1149,5.6577,40.293
1150,-51.335,53.911
1151,64.938,28.113
1152,-51.221,41.723
1153,-10.607,47.608
1154,-46.856,-83.173
1155,96.538,-61.422
1156,-16.83,56.02
1157,1.7738,7.3526
1158,-28.636,89.937
1159,-38.59,40.311
1160,-28.449,88.341
1161,-19.807,-43.688
1162,-31.157,-77.102
1163,-58.475,-87.505
1164,-70.845,57.897
1165,-7.6813,90.581
1166,-30.082,86.678
1167,58.788,60.785
1168,-9.0554,-36.392
1169,-34.044,-76.172
1170,44.329,-72.57
1171,-13.397,-41.576
1172,-35.897,44.42
1173,13.693,-41.75
1174,-32.907,9.2803
1175,19.913,-80.225
1176,-0.83529,31.035
1177,46.922,72.302
1178,-41.06,-60.287
1179,-96.058,5.3766
1180,-28.566,-88.667
1181,-27.945,-50.559
1182,96.828,-54.691
1183,-54.174,65.79
1184,-17.791,90.342
1185,-42.628,10.734
1186,-35.926,-63.928
1187,-22.766,-46.974
1188,-12.474,9.791
1189,52.472,-77.504
1190,49.528,-62.403
1191,-51.313,-28.556
1192,-24.989,-80.513
1193,5.3883,53.77
1194,-25.301,81.153
1195,-39.986,82.381
1196,-54.161,-9.9169
1197,-38.235,3.5596
1198,-8.8436,74.43
1199,21.109,91.116
1200,54.546,74.749
1201,-47.358,-51.712
1202,25.353,-46.789
1203,99.45,-62.509
1204,26.391,88.502
1205,20.591,-52.693
1206,-9.5156,89.413
1207,21.844,74.415
1208,9.1612,99.421
1209,-12.874,94.512
1210,64.554,66.861
1211,46.474,-16.143
1212,-98.455,-29.125
1213,-24.301,-37.261
1214,-47.022,-59.169
1215,63.875,-30.945
1216,86.513,-21.666
1217,-7.2636,92.254
1218,3.5917,58.604
1219,-35.601,40.452
1220,-27.928,86.596
1221,70.919,65.229
1222,-93.071,-1.9296
1223,87.06,-21.764
1224,30.472,-43.607
1225,-20.546,76.331
1226,31.588,63.488
1227,-75.709,54.984
1228,57.538,-18.579
1229,-42.585,2.2305
1230,-91.772,-1.1649
1231,-25.025,84.049
1232,-4.3164,38.609
1233,-60.045,44.309
1234,24.434,97.569
1235,1.2739,54.35
1236,11.095,-35.624
1237,4.3972,72.671
1238,8.541,98.342
1239,-101.48,11.644
1240,72.908,37.951
1241,59.326,-25.976
1242,-16.361,88.43
1243,-4.4454,30.861
1244,6.323,97.271
1245,-0.236,41.885
1246,-46.953,-41.7
1247,3.2752,-58.074
1248,-81.138,-4.6995
1249,-66.112,-81.871
1250,18.125,-47.586
1251,-45.464,82.834
1252,-17.309,77.557
1253,49.075,76.163
1254,3.4147,-15.815
1255,61.971,7.8237
1256,52.257,-15.91
1257,5.0012,72.253
1258,-10.868,98.278
1259,-8.6377,95.531
1260,-16.863,82.508
1261,24.554,87.081
1262,-51.986,-89.052
1263,69.854,-40.019
1264,-82.654,3.704
1265,17.275,-46.586
1266,-13.223,87.156
1267,-52.134,72.923
1268,55.927,-31.144
1269,-29.157,-26.665
1270,-89.181,-8.2181
1271,-24.336,-78.27
1272,41.799,-10.497
1273,48.077,-47.745
1274,38.314,16.861
1275,24.111,91.452
1276,-42.929,49.858
1277,-74.559,53.726
1278,11.41,93.238
1279,59.298,-30.964
1280,-43.237,-72.055
1281,-102.05,2.8489
1282,-66.035,16.366
1283,57.356,-20.017
1284,47.437,-20.067
1285,19.902,35.949
1286,-17.785,77.543
1287,-58.797,15.292
1288,38.214,69.008
1289,-69.587,-31.86
1290,-72.992,9.2935
1291,-30.431,-95.201
1292,-7.9094,89.296
1293,22.634,94.942
1294,22.262,93.917
1295,-88.744,9.3924
1296,-66.872,-81.935
1297,38.196,15.887
1298,35.222,-81.63
1299,-26.33,-55.682
1300,-31.566,87.938
1301,37.75,-83.741
1302,-29.607,91.243
1303,51.487,74.547
1304,8.682,18.927
1305,-13.758,-80.93
1306,42.544,-48.148
1307,-67.676,18.544
1308,-19.232,40.768
1309,-59.079,59.034
1310,-47.256,66.476
1311,-14.826,-30.346
1312,-14.859,-83.585
1313,-66.005,-2.5417
1314,-78.294,7.4296
1315,-49.739,-73.089
1316,-37.479,-77.813
1317,-82.044,64.798
1318,-67.455,73.497
1319,12.186,34.366
1320,-39.168,43.324
1321,-31.853,95.358
1322,-10.367,94.496
1323,-38.56,-73.679
1324,-90.742,-2.8588
1325,-83.85,9.6105
1326,-29.285,-57.221
1327,38.556,-19.257
1328,-41.409,-62.582
1329,-26.146,-99.922
1330,-38.49,-52.717
1331,-56.624,49.021
1332,-12.554,75.02
1333,61.655,12.536
1334,41.539,-9.5514
1335,-80.397,1.8861
1336,43.823,-70.399
1337,32.032,-66.415
1338,-1.1935,93.405
1339,0.0016791,56.096
1340,-33.786,5.7336
1341,17.602,-91.567
1342,-28.112,-100.96
1343,-87.539,-4.7085
1344,-14.375,27.647
1345,35.958,-66.894
1346,-0.21811,94.507
1347,-18.296,79.607
1348,20.257,-84.085
1349,-51.856,70.4
1350,-50.82,54.749
1351,19.882,82.527
1352,-29.078,56.119
1353,33.905,66.876
1354,-74.34,61.267
1355,-32.817,-75.855
1356,-91.694,-7.1312
1357,-38.135,-56.945
1358,-71.166,26.631
1359,-9.3691,-27.81
1360,-16.364,-24.108
1361,-68.822,56.018
1362,-7.8737,36.445
1363,-46.166,34.328
1364,-15.907,76.278
1365,0.47057,52.546
1366,56.004,-80.047
1367,-3.4606,-30.618
1368,-6.6391,-33.309
1369,-42.936,37.551
1370,-79.429,-8.0882
1371,-33.078,-67.283
1372,32.015,11.08
1373,-41.563,41.804
1374,-20.452,76.802
1375,-4.6582,81.688
1376,-42.141,81.784
1377,29.468,87.948
1378,-4.9029,90.894
1379,13.739,-30.771
1380,18.373,66.006
1381,5.5818,-54.184
1382,-40.297,-42.458
1383,-76.362,16.395
1384,20.146,22.965
1385,-35.051,45.36
1386,-31.706,85.32
1387,3.1811,19.851
1388,-65.225,62.774
1389,-11.161,-27.378
1390,0.9312,59.196
1391,-43.861,47.439
1392,-67.192,73.899
1393,17.21,-48.301
1394,-40.223,-68.24
1395,19.848,-73.332
1396,-56.963,29.225
1397,-33.926,63.906
1398,-31.243,84.402
1399,11.776,-36.11
1400,43.931,76.673
1401,-42.54,-66.198
1402,-32.215,-70.144
1403,-40.586,-69.095
1404,-70.157,15.877
1405,-52.601,-2.4914
1406,45.548,13.016
1407,-31.142,83.823
1408,38.698,70.973
1409,-63.296,71.909
1410,34.679,-67.067
1411,-13.147,97.731
1412,-20.476,-28.408
1413,90.94,34.987
1414,51.625,-59.036
1415,-50.991,55.283
1416,16.907,-46.05
1417,30.473,-86.858
1418,28.898,95.676
1419,9.7573,29.289
1420,-38.557,-46.28
1421,-71.469,-77.515
1422,47.797,102.06
1423,-55.375,78.019
1424,-0.24864,44.359
1425,11.716,93.501
1426,-0.7702,77.739
1427,-33.615,-80.016
1428,-91.373,9.6028
1429,-34.101,-72.525
1430,-70.647,26.185
1431,-29.864,-56.059
1432,16.247,17.118
1433,-31.744,72.228
1434,-41.796,88.779
1435,-0.34606,29.844
1436,-6.4802,95.774
1437,-7.7714,30.676
1438,-67.568,-0.98858
1439,53.211,-82.964
1440,-69.847,-2.3179
1441,29.457,87.159
1442,22.096,87.902
1443,-42.497,37.733
1444,29.781,22.091
1445,-44.426,47.496
1446,16.879,48.043
1447,59.102,61.451
1448,5.7648,58.114
1449,-6.5037,-30.536
1450,56.944,2.0976
1451,-37.455,-37.068
1452,49.851,70.514
1453,-46.051,-50.91
1454,-8.8587,72.784
1455,-10.701,-52.604
1456,-68.555,61.136
1457,-42.394,64.498
1458,-63.404,78.538
1459,27.443,87.905
1460,-96.059,-16.222
1461,-20.21,-107.73
1462,45.468,-79.009
1463,7.9568,-55.704
1464,-24.618,83.236
1465,-8.379,116.82
1466,-81.992,29.618
1467,12.405,-39.377
1468,54.27,74.148
1469,55.137,58.537
1470,-51.116,80.564
1471,-26.208,86.981
1472,3.6102,41.753
1473,91.145,-60.471
1474,-35.43,-33.529
1475,-81.551,3.4889
1476,-61.178,59.097
1477,15.987,-48.021
1478,8.4676,98.056
1479,-50.418,54.771
1480,65.877,56.768
1481,-42.116,-69.343
1482,-38.809,-74.579
1483,59.429,27.938
1484,-9.0189,73.603
1485,-28.895,-89.697
1486,-49.764,-27.687
1487,-91.451,0.97163
1488,-24.474,80.496
1489,-24.679,56.547
1490,-16.693,10.921
1491,-30.304,84.354
1492,37.038,77.794
1493,43.021,44.855
1494,-31.537,-75.765
1495,-87.925,-2.7825
1496,-72.482,14.778
1497,-39.152,-53.818
1498,-53.712,-59.98
1499,-82.245,19.14
1500,-29.623,94.888
1501,28.759,-48.164
1502,-27.3,-40.193
1503,-75.786,-12.183
1504,-75.626,5.3945
1505,76.429,-46.254
1506,-73.512,-30.83
1507,-75.242,-3.1038
1508,7.6837,99.298
1509,-91.015,27.686
1510,-45.812,62.281
1511,108.13,-44.794
1512,-40.505,-52.954
1513,-11.936,-25.748
1514,62.826,49.186
1515,-34.532,-49.815
1516,48.82,-79.597
1517,-20.541,42.544
1518,-1.2007,27.602
1519,-42.965,-0.88848
1520,31.479,23.768
1521,-33.876,6.6436
1522,22.294,90.184
1523,13.867,1.389
1524,-27.039,-46.96
1525,-79.358,-2.0042
1526,84.748,-11.23
1527,-11.314,-75.211
1528,-2.7573,93.962
1529,-13.923,89.401
1530,-27.209,50.313
1531,-52.536,74.84
1532,5.8135,97.559
1533,67.508,57.84
1534,-46.575,-67.343
1535,-3.0295,-63.222
1536,-46.311,-51.323
1537,-20.459,-42.269
1538,-79.963,-8.8358
1539,-53.883,1.2177
1540,-39.645,-65.443
1541,-93.751,21.013
1542,12.684,-21.436
1543,2.6746,-17.789
1544,-68.114,73.742
1545,-50.905,54.603
1546,17.384,-34.763
1547,-14.825,-83.269
1548,19.804,-9.0883
1549,-88.287,3.462
1550,50.067,-59.295
1551,36.911,-64.067
1552,10.959,34.618
1553,102.71,-45.067
1554,-35.643,63.857
1555,-38.321,1.195
1556,-40.889,33.886
1557,-8.3083,26.479
1558,21.43,-5.2112
1559,-13.989,48.887
1560,-73.902,-32.49
1561,-27.186,-104.95
1562,17.838,66.245
1563,-68.742,66.763
1564,12.268,-39.935
1565,-71.683,25.38
1566,-27.024,86.911
1567,-31.388,43.25
1568,-14.479,0.40845
1569,20.65,83.185
1570,-4.7754,-27.147
1571,-34.318,-40.236
1572,-52.203,0.73775
1573,-33.213,-49.037
1574,-89.754,-0.60175
1575,-13.75,94.992
1576,13.886,91.015
1577,15.467,89.053
1578,0.43865,48.94
1579,12.334,-72.92
1580,-44.006,-74.242
1581,-3.397,-20.427
1582,-41.027,92.403
1583,-11.066,94.351
1584,11.944,98.031
1585,23.384,75.603
1586,-30.788,43.391
1587,30.622,89.403
1588,11.314,98.658
1589,31.551,-79.396
1590,49.037,-76.836
1591,-18.218,63.523
1592,17.003,79.868
1593,10.551,-39.153
1594,-25.436,28.709
1595,-28.848,26.265
1596,37.19,69.124
1597,7.5296,97.349
1598,27.854,88.317
1599,2.6276,55.67
1600,-101.91,11.791
1601,-8.3327,1.8373
1602,-79.258,-8.9319
1603,-29.217,-90.289
1604,10.167,96.667
1605,-79.965,5.5351
1606,6.891,10.452
1607,19.082,-39.5
1608,67.059,-61.442
1609,52.802,80.766
1610,-4.7312,87.143
1611,-53.981,73.188
1612,-61.846,78.574
1613,8.6372,99.261
1614,8.8984,98.28
1615,9.5358,67.649
1616,59.288,-34.352
1617,-55.721,-68.309
1618,58.898,11.708
1619,-97.768,-29.398
1620,6.8544,10.641
1621,-60.538,-39.487
1622,-54.013,-3.2181
1623,-17.336,83.384
1624,10.71,-40.215
1625,-25.382,-78.59
1626,-32.204,-71.474
1627,49.223,-25.339
1628,-17.201,78.412
1629,-54.006,70.644
1630,29.394,87.409
1631,-31.2,-70.25
1632,62.561,14.173
1633,-63.733,-42.032
1634,50.62,62.027
1635,23.957,89.355
1636,25.285,91.25
1637,-104.8,-14.746
1638,-71.957,-54.036
1639,-4.7252,-31.349
1640,-100.96,8.6864
1641,-10.327,-8.9353
1642,-44.928,19.766
1643,-28.592,54.21
1644,11.2,-37.513
1645,-43.458,-42.725
1646,-71.949,6.1007
1647,-13.556,30.867
1648,-31.95,-94.615
1649,77.113,-4.0818
1650,-65.425,70.718
1651,-36.803,-57.27
1652,-95.9,1.8298
1653,-69.021,-27.687
1654,-101.12,11.826
1655,-82.829,2.9793
1656,-34.458,63.162
1657,-35.506,39.614
1658,-26.269,49.316
1659,-0.72659,59.024
1660,28.183,5.3096
1661,24.853,51.185
1662,21.726,-97.381
1663,43.665,-78.23
1664,40.063,-90.497
1665,51.755,-76.504
1666,-82.393,-28.389
1667,24.939,88.069
1668,56.312,63.309
1669,-31.384,5.3185
1670,10.804,87.985
1671,15.48,41.046
1672,-31.307,-69.345
1673,-95.485,1.1928
1674,48.436,103.01
1675,-36.029,-55.941
1676,-100.28,-0.37078
1677,-40.504,-59.179
1678,39.64,-32.488
1679,-55.738,-21.13
1680,-4.6839,86.271
1681,14.376,-35.829
1682,-14.179,81.34
1683,-72.401,52.32
1684,31.926,-85.829
1685,-51.748,82.244
1686,50.723,55.102
1687,-49.643,-17.744
1688,-28.045,54.925
1689,25.698,99.162
1690,16.716,34.939
1691,2.3281,-16.018
1692,92.168,-66.802
1693,-30.688,83.236
1694,4.9732,97.166
1695,-2.866,32.252
1696,-79.861,29.771
1697,8.0441,11.74
1698,-18.264,-1.0066
1699,42.256,-69.411
1700,55.169,-84.409
1701,-1.5567,49.952
1702,-19.877,-81.179
1703,-26.245,82.589
1704,-36.521,44.107
1705,93.328,-58.099
1706,-81.587,-39.578
1707,13.224,51.875
1708,75.805,-42.959
1709,28.665,-28.157
1710,27.424,-48.365
1711,12.641,9.6857
1712,-19.901,-81.728
1713,-68.496,55.839
1714,-43.118,63.049
1715,-7.8845,8.2006
1716,51.409,72.181
1717,-10.294,94.765
1718,-39.425,-58.649
1719,92.766,-66.113
1720,45.588,34.6
1721,7.5006,-75.4
1722,-58.623,55.004
1723,-89.879,27.569
1724,11.6,-40.732
1725,35.9,85.578
1726,46.529,72.174
1727,83.829,-4.365
1728,-34.711,-59.394
1729,-82.916,2.3241
1730,-84.858,-12.23
1731,39.115,-90.898
1732,-48.725,62.541
1733,-64.665,-2.8482
1734,9.1677,95.023
1735,-24.676,85.153
1736,-52.278,73.16
1737,3.8219,97.136
1738,-5.8355,91.19
1739,-92.482,28.51
1740,-8.0275,-95.986
1741,-68.557,-74.856
1742,-39.791,-68.059
1743,-76.484,12.516
1744,59.222,-64.133
1745,11.713,-39.701
1746,-14.447,74.649
1747,-30.076,88.31
1748,-33.541,-22.608
1749,-54.176,-44.954
1750,-54.338,-67.916
1751,-6.1703,94.258
1752,-59.328,-39.791
1753,9.903,94.897
1754,-36.751,47.719
1755,31.959,86.648
1756,47.616,75.159
1757,18.489,-68.71
1758,-48.042,53.172
1759,-12.303,-3.1033
1760,45.627,23.692
1761,37.882,83.278
1762,-1.6238,93.386
1763,-80.537,-34.693
1764,-33.833,-64.494
1765,-7.2724,92.135
1766,9.8093,13.536
1767,-101.77,11.713
1768,37.792,51.187
1769,-42.99,-64.4
1770,-42.841,-63.823
1771,-45.46,-42.06
1772,59.7,-62.426
1773,77.242,9.6002
1774,-51.227,82.218
1775,-21.924,84.259
1776,-6.1144,95.353
1777,-47.638,53.131
1778,-6.9265,93.317
1779,8.5419,99.408
1780,34.838,1.8205
1781,-51.619,-60.083
1782,-28.124,-81.694
1783,-75.78,-73.126
1784,-75.456,-16.547
1785,-76.831,9.6144
1786,-35.332,63.973
1787,-7.6791,35.546
1788,50.833,69.018
1789,60.93,45.967
1790,48.002,35.663
1791,11.209,49.953
1792,-64.034,7.8245
1793,-84.781,-12.74
1794,24.887,78.076
1795,-7.6064,93.392
1796,-8.2489,94.495
1797,-44.779,-50.279
1798,41.491,61.542
1799,29.542,-11.415
1800,17.531,-61.809
1801,-61.886,77.226
1802,21.25,82.62
1803,-69.911,51.507
1804,20.561,92.656
1805,23.043,87.344
1806,22.941,-43.595
1807,-91.749,-1.2316
1808,-43.036,-63.006
1809,-33.812,-52.862
1810,18.088,-91.649
1811,79.203,-8.6995
1812,4.7176,55.732
1813,-48.694,80.766
1814,-27.096,50.431
1815,-57.842,47.636
1816,74.324,14.451
1817,-60.718,-19.884
1818,-85.036,-6.2915
1819,-82.859,2.4395
1820,46.045,-21.873
1821,-30.814,-53.625
1822,83.729,-49.506
1823,35.366,29.558
1824,9.1188,49.561
1825,-29.146,-9.4366
1826,-16.018,76.262
1827,10.038,-35.23
1828,16.111,13.142
1829,-18.764,-34.096
1830,106.19,-55.007
1831,-96.452,51.8
1832,-97.937,-2.1232
1833,-11.341,-71.019
1834,-27.136,86.352
1835,21.136,73.048
1836,-50.152,84.911
1837,58.913,11.664
1838,-20.388,-92.653
1839,-28.775,-46.553
1840,-73.112,-25.25
1841,67.74,-60.634
1842,9.2465,29.528
1843,-14.129,89.262
1844,-45.521,44.499
1845,-55.494,65.035
1846,22.612,90.716
1847,51.109,71.619
1848,-72.488,-76.526
1849,-38.937,-75.126
1850,27.225,50.679
1851,45.898,-83.349
1852,65.834,-59.877
1853,-17.066,63.084
1854,2.5839,95.328
1855,-26.9,49.865
1856,-67.846,57.975
1857,-6.8267,92.694
1858,3.9066,97.157
1859,-90.722,-1.5751
1860,-42.354,-49.771
1861,-92.698,-47.976
1862,57.053,-67.585
1863,-35.742,63.872
1864,-58.205,45.213
1865,-13.06,-51.682
1866,-33.149,49.16
1867,-43.37,-63.391
1868,-63.657,-83.984
1869,-23.822,7.671
1870,13.97,15.534
1871,-63.622,-79.178
1872,-12.745,94.465
1873,52.116,69.755
1874,-27.508,-90.404
1875,-30.377,-45.057
1876,-18.597,-58.417
1877,-75.578,9.0127
1878,77.307,-49.032
1879,-26.819,49.025
1880,21.344,-39.983
1881,21.111,91.377
1882,25.381,96.835
1883,-70.298,-15.919
1884,-25.92,-57.467
1885,-92.863,0.2055
1886,-95.137,2.1024
1887,-29.566,-95.917
1888,-62.455,-77.924
1889,37.438,7.9947
1890,0.049029,39.213
1891,44.424,73.009
1892,49.264,-62.186
1893,-13.064,46.52
1894,-33.785,53.178
1895,-5.0934,82.511
1896,31.839,13.274
1897,-60.497,73.231
1898,-2.1448,55.155
1899,107.18,-45.922
1900,-78.341,45.862
1901,-76.665,14.032
1902,-79.311,6.4042
1903,-14.67,-82.915
1904,54.516,-57.227
1905,51.567,-86.349
1906,-19.81,-68.735
1907,-18.023,-39.881
1908,48.887,51.551
1909,-31.849,-73.103
1910,-39.085,-75.266
1911,-42.511,64.772
1912,14.685,49.796
1913,-31.448,80.486
1914,-11.673,8.0766
1915,48.402,101.5
1916,74.086,31.358
1917,-43.91,-88.206
1918,-57.58,-88.913
1919,-33.848,-64.382
1920,-85.258,3.0482
1921,43.589,-71.944
1922,29.025,-34.02
1923,-14.179,95.645
1924,-29.285,-2.0751
1925,-34.356,79.473
1926,-12.98,-6.8533
1927,-60.644,-39.36
1928,-22.813,-107.45
1929,-96.132,23.209
1930,-68.966,28.783
1931,-89.866,11.165
1932,24.235,89.085
1933,21.533,87.517
1934,4.948,95.55
1935,41.855,24.244
1936,42.595,75.758
1937,-22.841,-44.09
1938,-12.303,-3.1011
1939,-97.223,6.691
1940,-10.87,-64.631
1941,-58.544,55.037
1942,49.17,-71.902
1943,18.957,-40.902
1944,44.094,72.636
1945,9.1036,98.173
1946,33.187,-86.761
1947,22.44,-34.703
1948,2.4345,-28.81
1949,2.4323,-64.844
1950,5.6275,-63.502
1951,-32.326,44.162
1952,-43.978,46.824
1953,4.3181,97.293
1954,-64.18,75.394
1955,-59.756,-31.36
1956,33.752,-4.4872
1957,-41.61,-61.816
1958,49.069,-65.676
1959,21.571,-82.135
1960,-13.81,-42.044
1961,-86.621,1.1028
1962,66.124,62.47
1963,5.0943,39.226
1964,78.755,32.632
1965,-18.494,-59.239
1966,11.616,-72.081
1967,-33.32,-38.945
1968,-83.869,-6.0945
1969,40.415,-34.567
1970,-32.712,65.462
1971,31.007,32.783
1972,-79.055,-55.276
1973,-30.88,45.315
1974,2.002,95.401
1975,-66.426,-39.207
1976,-14.389,-83.737
1977,-50.255,-51.372
1978,-83.239,2.9368
1979,-50.918,-59.704
1980,44.817,-80.31
1981,-11.001,-65.636
1982,-7.4151,26.343
1983,22.333,73.001
1984,69.199,53.007
1985,57.535,73.345
1986,-19.806,-33.856
1987,-42.415,-70.738
1988,56.183,31.31
1989,-88.1,-5.0945
1990,-56.734,-81.551
1991,-90.033,-7.5228
1992,37.121,70.223
1993,-57.024,44.686
1994,-30.202,-0.1102
1995,-30.704,57.247
1996,-32.025,89.711
1997,10.715,99.665
1998,-67.903,-4.3453
1999,-17.855,-86.94
2000,-36.685,-83.991
2001,-20.294,75.236
2002,4.5333,-18.044
2003,-10.192,94.074
2004,-10.735,74.235
2005,-20.21,-107.73
2006,85.807,-14.86
2007,-6.9256,25.783
2008,-27.716,51.221
2009,-2.7888,55.633
2010,-11.474,-17.189
2011,66.995,57.992
2012,-21.008,70.505
2013,-76.282,15.629
2014,7.6736,13.342
2015,9.7249,-58.667
2016,50.723,-64.314
2017,51.381,-76.477
2018,28.563,31.789
2019,-69.519,68.345
2020,19.835,88.49
2021,-12.187,9.282
2022,-50.377,78.146
2023,-72.909,1.2278
2024,47.471,-25.721
2025,53.722,-58.714
2026,5.8534,9.0654
2027,10.095,-39.17
2028,18.625,-79.853
2029,26.926,-47.734
2030,47.828,-5.8316
2031,-68.048,-50.689
2032,100.06,-65.943
2033,27.683,22.667
2034,13.238,-44.016
2035,5.8549,-64.521
2036,45.061,87.358
2037,36.309,31.635
2038,-28.852,-93.905
2039,1.874,68.72
2040,-42.673,-67.392
2041,-82.411,-2.8729
2042,42.207,-66.194
2043,49.97,21.116
2044,49.976,-52.235
2045,-3.8237,50.236
2046,-16.655,87.414
2047,23.323,88.75
2048,-21.573,69.855
2049,-49.167,-50.613
2050,-84.1,-13.862
2051,-16.352,-44.689
2052,7.2213,-61.94
2053,52.322,-65.947
2054,35.089,62.098
2055,41.116,3.8855
2056,7.5645,33.563
2057,15.062,87.268
2058,-26.438,-76.521
2059,20.84,-24.593
2060,-61.265,-83.31
2061,-94.107,5.5716
2062,7.4527,7.3901
2063,63.373,-5.2763
2064,-25.686,-52.597
2065,-8.6589,6.0394
2066,-7.0197,57.083
2067,52.282,48.862
2068,-32.456,-93.05
2069,-40.082,-47.742
2070,-55.316,-88.853
2071,27.441,87.931
2072,17.639,66.059
2073,-59.806,-10.61
2074,27.153,54.981
2075,-28.305,54.182
2076,-52.456,79.411
2077,-8.2895,52.334
2078,-29.391,80.586
2079,-9.2156,91.976
2080,-14.894,91.182
2081,32.854,-78.311
2082,-10.575,94.132
2083,-58.215,7.502
2084,-31.261,74.104
2085,7.4312,-45.774
2086,4.6337,94.911
2087,-36.183,26.748
2088,-53.861,-10.031
2089,-11.963,8.8858
2090,-78.302,7.5966
2091,-52.266,-48.084
2092,32.755,-20.034
2093,-28.194,-41.997
2094,106.88,-53.256
2095,44.785,-72.931
2096,34.441,-41.847
2097,76.06,-36.557
2098,-38.414,53.272
2099,9.0128,97.961
2100,0.68071,78.634
2101,26.153,83.563
2102,57.601,48.613
2103,56.017,-59.446
2104,5.1032,71.002
2105,-10.247,93.719
2106,21.241,-84.878
2107,17.662,47.826
2108,-65.727,15.944
2109,34.288,-88.325
2110,-49.361,-50.397
2111,47.888,103.89
2112,52.374,-80.272
2113,64.134,-65.007
2114,34.101,0.74
2115,-26.649,35.162
2116,33.242,63.496
2117,-16.924,78.537
2118,23.693,-40.76
2119,-34.365,79.348
2120,-11.286,94.509
2121,-12.99,-93.412
2122,-97.535,5.7782
2123,-35.14,-62.522
2124,51.828,-64.622
2125,-21.786,-68.992
2126,29.993,-3.041
2127,-29.325,88.672
2128,40.119,20.583
2129,27.841,1.2555
2130,23.168,90.119
2131,-33.868,-57.671
2132,-41.983,-60.915
2133,-85.124,-8.8338
2134,55.168,-86.571
2135,36.001,-81.195
2136,-42.781,55.961
2137,25.039,88.984
2138,8.0444,11.746
2139,49.414,36.425
2140,96.455,-64.574
2141,37.718,16.191
2142,0.82103,-12.948
2143,-51.305,-8.4576
2144,-12.29,-12.29
2145,-29.681,88.195
2146,5.2607,55.969
2147,-5.8079,89.416
2148,39.86,77.507
2149,-88.935,-41.903
2150,11.086,17.341
2151,-100.24,11.35
2152,-55.389,7.8531
2153,-40.808,-52.821
2154,-83.232,-0.80996
2155,-93.857,1.2962
2156,-88.432,-0.2635
2157,-58.392,-67.428
2158,7.718,11.867
2159,10.437,48.373
2160,10.154,-36.293
2161,12.384,-41.142
2162,-8.7994,80.077
2163,55.956,63.066
2164,11.001,-46.246
2165,-45.982,-65.84
2166,60.418,-61.94
2167,-66.869,19.56
2168,99.69,-64.421
2169,-19.323,79.567
2170,8.7734,15.942
2171,-8.7751,74.095
2172,26.812,1.106
2173,-6.2033,95.135
2174,-43.222,-70.443
2175,52.619,-84.202
2176,57.479,-69.632
2177,22.098,63.702
2178,-42.359,89.114
2179,-74.968,-48.023
2180,41.317,83.015
2181,-96.351,6.6172
2182,-80.549,1.0784
2183,53.07,-66.1
2184,-8.3788,95.354
2185,-10.52,-52.881
2186,-29.359,90.573
2187,-76.539,60.485
2188,-39.796,-42.471
2189,-99.127,9.5696
2190,46.602,-81.691
2191,49.455,-65.314
2192,26.375,-0.87329
2193,-10.254,47.233
2194,-29.921,-97.615
2195,-20.9,71.24
2196,-30.982,43.237
2197,-27.812,89.653
2198,-41.573,38.181
2199,-10.313,-77.946
2200,64.049,25.582
2201,45.367,-72.5
2202,-20.956,15.1
2203,41.427,73.715
2204,-15.031,74.264
2205,-11.914,-6.3542
2206,-7.8686,28.357
2207,59.814,64.089
2208,-34.293,79.491
2209,-20.79,6.7813
2210,33.65,-88.134
2211,6.1681,-51.42
2212,-91.459,-0.62254
2213,66.616,87.078
2214,-99.32,6.0764
2215,89.309,-14.054
2216,-0.14353,94.596
2217,-36.278,43.949
2218,-5.8554,-5.5717
2219,-0.81696,39.485
2220,-9.7253,-46.535
2221,-20.972,-28.636
2222,-40.092,-55.688
2223,57.834,62.049
2224,81.625,47.779
2225,-81.862,-39.452
2226,-56.668,17.554
2227,-73.316,-31.575
2228,40.312,-75.28
2229,57.635,-70.781
2230,74.686,-57.347
2231,14.139,10.91
2232,-41.167,38.331
2233,-5.8497,79.559
2234,2.6109,96.671
2235,41.818,71.179
2236,-1.7441,50.344
2237,-40.252,-59.351
2238,-49.462,-86.323
2239,-98.045,4.7194
2240,-42.898,-19.078
2241,-43.217,43.571
2242,-28.231,89.807
2243,32.602,24.654
2244,-0.6916,58.968
2245,-44.574,-64.249
2246,-90.048,-7.4855
2247,-7.4125,93.808
2248,22.259,92.651
2249,-28.092,-45.114
2250,-71.631,25.593
2251,-65.978,16.49
2252,39.04,-91.444
2253,8.0602,33.42
2254,58.763,-4.023
2255,-35.844,69.942
2256,-18.414,80.712
2257,-47.945,39.423
2258,-81.717,21.466
2259,5.0854,57.854
2260,12.404,-41.274
2261,-41.752,52.391
2262,26.24,90.516
2263,11.259,90.812
2264,-87.75,-13.142
2265,58.788,-31.807
2266,-35.856,-8.9111
2267,-58.976,-78.174
2268,-12.039,-3.5401
2269,57.181,-49.235
2270,38.881,-64.531
2271,66.348,58.087
2272,-71.44,-77.367
2273,56.086,-28.429
2274,59.153,-51.982
2275,-67.76,16.456
2276,-33.955,50.928
2277,-35.813,41.518
2278,-13.166,74.286
2279,-1.6422,93.442
2280,-7.4927,94.685
2281,60.098,57.437
2282,-41.496,-33.453
2283,62.637,-11.355
2284,30.336,-21.802
2285,-72.423,5.3372
2286,-30.786,-69.492
2287,84.838,-10.836
2288,89.226,-15.965
2289,61.182,-54.257
2290,55.579,60.541
2291,-53.63,-58.848
2292,45.695,80.43
2293,-44.213,-73.436
2294,4.4346,-57.08
2295,74.53,-50.206
2296,56.933,-51.784
2297,-6.4742,30.185
2298,-2.0267,83.907
2299,12.083,-45.213
2300,-82.148,-7.0772
2301,52.358,-65.504
2302,9.9888,-56.583
2303,43.259,-71.204
2304,-0.94938,87.776
2305,-30.479,57.005
2306,7.5922,95.881
2307,-2.6595,50.198
2308,-39.772,-69.94
2309,28.066,-20.496
2310,-55.377,-1.6585
2311,79.684,-15.325
2312,23.311,92.101
2313,-47.526,61.354
2314,36.603,68.616
2315,11.851,-41.106
2316,7.0269,-25.109
2317,-55.425,-85.628
2318,-76.26,13.04
2319,44.89,-74.259
2320,14.643,8.6711
2321,2.213,93.843
2322,13.363,60.723
2323,-52.905,-23.993
2324,-12.379,-2.8021
2325,24.673,-59.932
2326,0.65262,97.412
2327,27.69,86.904
2328,72.209,-8.4033
2329,-27.776,-46.428
2330,-35.772,-8.6823
2331,41.475,-7.1437
2332,26.936,33.669
2333,-25.425,-42.041
2334,-7.2004,-5.7169
2335,-14.916,74.71
2336,-32.476,51.841
2337,4.4488,-84.838
2338,-38.265,-41.846
2339,-79.201,-7.0267
2340,-35.01,-82.255
2341,-41.632,-67.224
2342,55.897,-87.717
2343,50.943,-26.199
2344,-7.4905,92.444
2345,4.9393,22.944
2346,-39.62,41.57
2347,-12.896,74.441
2348,-5.2972,58.959
2349,-71.534,-77.506
2350,32.656,-50.531
2351,0.69834,92.66
2352,38.31,76.216
2353,37.37,7.6378
2354,-35.686,-78.586
2355,-29.218,-58.43
2356,69.451,-3.1824
2357,8.6119,14.661
2358,-23.17,-73.725
2359,11.743,96.007
2360,-8.3327,90.143
2361,-13.32,74.105
2362,-6.8182,53.158
2363,-36.37,-57.51
2364,45.872,76.254
2365,9.8075,95.267
2366,-27.469,51.119
2367,37.583,46.908
2368,-33.042,-50.778
2369,-25.811,-40.301
2370,57.158,46.655
2371,27.442,32.915
2372,-22.423,-65.179
2373,51.194,-76.234
2374,40.533,-91.105
2375,-26.833,82.694
2376,-12.125,-69.367
2377,-22.562,-90.425
2378,81.348,49.859
2379,-70.939,-42.665
2380,32.728,8.8635
2381,-41.257,63.911
2382,51.48,70.827
2383,-32.094,-94.849
2384,-85.333,-1.7824
2385,-82.143,0.9716
2386,21.977,-62.143
2387,11.054,-39.618
2388,18.671,-69.422
2389,32.916,-67.663
2390,26.742,-96.457
2391,19.615,-80.263
2392,-75.625,55.131
2393,-41.669,-55.204
2394,-42.382,-50.32
2395,-36.469,-59.817
2396,31.568,34.135
2397,-78.783,-52.37
2398,-38.045,-78.173
2399,-64.62,17.96
2400,-50.952,-59.797
2401,-91.235,0.85285
2402,86.601,-27.315
2403,59.116,-34.965
2404,20.262,89.154
2405,-8.4019,35.426
2406,23.708,-57.962
2407,-16.084,88.526
2408,-33.6,-50.369
2409,-45.162,-89.03
2410,80.09,-8.9048
2411,74.096,-41.274
2412,-56.567,9.0099
2413,-6.4522,101.76
2414,9.7094,98.468
2415,15.694,-43.156
2416,-24.45,84.976
2417,35.329,-76.256
2418,-75.535,-73.291
2419,-58.872,-69.05
2420,19.815,-22.867
2421,-40.619,-46.552
2422,36.122,-65.243
2423,38.539,-21.241
2424,57.287,-29.985
2425,-2.404,-57.907
2426,-3.6704,58.916
2427,57.252,-10.439
2428,-10.82,98.717
2429,29.702,1.4646
2430,11.964,94.124
2431,-31.54,83.814
2432,-71.723,60.172
2433,-45.171,-67.586
2434,59.116,-30.262
2435,-17.799,-44.186
2436,-74.984,17.12
2437,50.976,-48.579
2438,0.94711,88.255
2439,-29.062,51.459
2440,-53.106,63.717
2441,-23.228,-107.6
2442,-41.166,-91.249
2443,57.58,-32.749
2444,46.548,-73.424
2445,-1.1909,14.367
2446,85.868,-35.787
2447,-28.417,86.74
2448,-17.482,84.411
2449,-16.769,77.692
2450,-6.0165,36.272
2451,65.972,-45.47
2452,35.93,74.84
2453,-51.628,-59.61
2454,-11.951,-5.9616
2455,-42.691,-42.2
2456,45.893,62.601
2457,45.136,-82.346
2458,34.67,15.316
2459,-53.918,-10.197
2460,-1.6028,41.69
2461,9.9476,-39.06
2462,-7.5734,28.362
2463,11.29,88.111
2464,59.126,-31.468
2465,-54.937,-46.326
2466,53.89,-32.435
2467,-25.629,-40.369
2468,90,-21.139
2469,-2.6239,84.716
2470,-24.035,51.975
2471,-79.129,-55.041
2472,-29.816,-94.688
2473,-4.4198,-88.51
2474,7.9693,99.262
2475,34.79,-81.065
2476,-39.754,-44.102
2477,81.891,-13.582
2478,-52.153,83.136
2479,-30.206,83.962
2480,-5.8373,79.918
2481,-72.545,33.321
2482,13.66,-54.274
2483,-101.11,9.3841
2484,87.786,-20.19
2485,18.844,-69.294
2486,66.141,-60.403
2487,9.634,13.789
2488,-49.825,-20.806
2489,55.66,-84.385
2490,21.257,-82.112
2491,24.643,74.517
2492,-44.909,81.232
2493,-29.236,-94.875
2494,106.69,10.296
2495,-30.827,-53.062
2496,69.154,-61.372
2497,15.552,-47.615
2498,-35.74,56.757
2499,-50.747,54.555
2500,-9.6487,56.083
2501,-11.432,88.993
2502,75.19,30.766
2503,-37.057,-53.916
2504,-45.09,-69.481
2505,2.6096,-51.643
2506,29.876,82.496
2507,10.572,93.11
2508,51.568,60.156
2509,-51.611,-1.6073
2510,-51.735,-52.699
2511,-46.991,-43.537
2512,6.9139,-82.187
2513,80.866,-2.3503
2514,32.79,5.5205
2515,-65.164,73.094
2516,20.137,-40.728
2517,-101.06,25.814
2518,-27.596,-97.8
2519,-48.362,-85.569
2520,16.344,14.226
2521,-33.107,-81.218
2522,-81.388,-39.045
2523,-53.512,-47.251
2524,43.741,-84.747
2525,-21.69,69.104
2526,-12.683,-52.975
2527,-51.542,65.167
2528,-23.621,65.556
2529,1.8806,19.723
2530,-28.38,-63.144
2531,26.245,-22.967
2532,83.113,-7.9871
2533,10.603,96.747
2534,-5.0434,91.844
2535,10.704,93.112
2536,24.652,94.137
2537,21.582,90.858
2538,21.706,-7.8572
2539,-50.137,-81.798
2540,-32.523,25.708
2541,7.389,5.4549
2542,-21.969,-16.627
2543,0.90906,-55.273
2544,41.768,-75.81
2545,56.532,-46.558
2546,18.999,8.2191
2547,27.501,53.777
2548,-12.592,64.258
2549,-2.8078,84.88
2550,15.553,-38.89
2551,42.618,55.804
2552,-24.081,10.604
2553,-53.681,8.0534
2554,40.283,-90.786
2555,14.814,-3.2791
2556,53.615,74.64
2557,60.615,63.792
2558,10.207,-38.523
2559,19.147,-79.731
2560,-13.898,89.351
2561,58.704,-28.826
2562,-34.591,-93.934
2563,34.744,-34.302
2564,42.941,-70.173
2565,49.858,-62.628
2566,-69.892,11.895
2567,-19.696,-80.134
2568,28.929,82.554
2569,-7.9266,8.2805
2570,-10.742,-6.2961
2571,52.02,58.365
2572,7.4843,57.491
2573,56.934,63.8
2574,-51.016,-50.236
2575,-23.898,-51.381
2576,-11.295,-79.14
2577,1.7211,-65.901
2578,52.032,-81.892
2579,-35.511,41.989
2580,-34.095,4.572
2581,59.621,61.746
2582,-40.806,-69.163
2583,-6.3474,-41.588
2584,57.072,-35.38
2585,48.822,-24.505
2586,26.291,96.702
2587,-33.373,45.392
2588,-26.41,-0.70419
2589,-49.938,77.559
2590,9.8838,98.19
2591,-24.631,2.2493
2592,-36.638,-45.765
2593,-42.581,-50.724
2594,-35.423,-62.958
2595,36.167,-95.908
2596,-15.429,54.43
2597,23.082,92.187
2598,41.25,73.543
2599,24.951,70.34
2600,-54.627,62.882
2601,-78.31,-7.99
2602,50.101,-74.92
2603,55.906,-56.223
2604,4.759,20.247
2605,-1.0441,76.801
2606,-40.878,31.675
2607,-22.661,-31.564
2608,-46.429,-66.378
2609,-34.198,-53.991
2610,-45.48,-67.773
2611,55.786,-79.682
2612,78.588,-45.287
2613,44.848,63.345
2614,-69.044,66.609
2615,-46.504,-32.595
2616,-4.3233,86.837
2617,-0.36737,39.982
2618,-70.012,71.04
2619,16.224,-98.707
2620,15.396,6.3585
2621,32.581,-52.898
2622,-22.838,55.93
2623,-11.187,73.825
2624,39.595,-91.903
2625,-45.698,-65.73
2626,-40.798,-60.109
2627,38.962,-22.056
2628,74.465,-49.535
2629,22.297,-65.474
2630,33.923,-63.5
2631,-2.9108,52.942
2632,34.377,-81.744
2633,-4.4294,88.375
2634,23.593,-43.515
2635,-44.106,52.524
2636,10.548,97.157
2637,13.533,19.755
2638,-52.474,-80.344
2639,100.21,-59.373
2640,64.506,-39.072
2641,81.037,-2.5081
2642,85.36,-21.72
2643,-33.255,87.703
2644,-14.533,87.115
2645,-25.874,71.86
2646,26.871,96.159
2647,-26.811,-88.682
2648,-73.299,28.79
2649,-44.364,-86.04
2650,-51.274,-1.7946
2651,-42.34,-67.025
2652,-26.886,-42.702
2653,80.08,-37.253
2654,15.897,-62.957
2655,51.026,78.448
2656,52.908,-20.114
2657,-45.792,-65.833
2658,-89.495,-51.131
2659,46.971,-5.9393
2660,10.559,93.157
2661,66.198,62.252
2662,54.105,71.983
2663,65.087,6.909
2664,-95.812,9.9675
2665,-42.885,-61.979
2666,-23.935,-37.768
2667,-35.426,-78.666
2668,-4.9594,24.663
2669,-69.355,68.297
2670,31.627,15.63
2671,59.459,61.264
2672,34.901,75.843
2673,-30.741,-68.45
2674,23.403,92.509
2675,51.925,61.806
2676,-10.795,-1.0347
2677,-35.05,-44.743
2678,-71.503,25.834
2679,-12.186,-90.159
2680,6.4756,20.995
2681,106.88,-45.026
2682,-8.2905,32.688
2683,5.0897,72.399
2684,23.819,91.145
2685,31.866,-64.637
2686,-15.624,-10.163
2687,-14.558,-2.6114
2688,32.566,78.234
2689,29.753,88.922
2690,-7.6037,30.601
2691,-5.0061,-23.36
2692,108.49,-43.372
2693,45.397,49.829
2694,-40.566,-53.398
2695,-93.428,-0.33337
2696,88.95,-14.886
2697,2.5719,-16.355
2698,11.071,96.284
2699,-2.0001,83.91
2700,36.567,18.056
2701,-17.533,-34.137
2702,32.412,-23.499
2703,-27.151,-105
2704,42.97,-78.044
2705,21.244,-69.26
2706,-61.142,77.238
2707,-30.796,45.178
2708,54.021,56.876
2709,32.583,9.9537
2710,-9.4827,-74.761
2711,48.828,43.547
2712,-50.801,-50.775
2713,-81.257,-54.333
2714,-72.698,-23.165
2715,77.148,-48.967
2716,13.496,35.206
2717,21.638,90.126
2718,30.292,-86.967
2719,-28.477,35.685
2720,39.819,69.25
2721,50.339,-7.2664
2722,14.362,-69.703
2723,23.83,52.017
2724,49.224,68.94
2725,-14.348,-26.088
2726,9.0065,-58.719
2727,-30.359,0.8974
2728,30.8,15.126
2729,11.745,96.494
2730,18.56,-45.21
2731,-29.518,56.34
2732,38.734,69.248
2733,-87.996,-12.974
2734,-51.495,-54.42
2735,-40.978,-67.39
2736,-25.396,-103.18
2737,67.686,-59.558
2738,15.898,-42.373
2739,-14.897,95.526
2740,29.32,-82.444
2741,38.485,-86.857
2742,43.835,-87.06
2743,13.723,98.143
2744,7.2983,32.463
2745,-90.12,45.363
2746,-41.202,-44.81
2747,-13.381,-37.377
2748,80.168,-15.067
2749,22.348,-62.8
2750,41.448,-48.355
2751,17.745,-48.342
2752,10.976,73.145
2753,-30.629,-96.574
2754,4.748,-54.339
2755,-51.71,-1.8753
2756,-40.112,-62.113
2757,92.155,-66.777
2758,28.326,-47.122
2759,54.334,71.628
2760,10.7,93.261
2761,-9.7983,92.726
2762,58.211,-22.383
2763,58.195,-24.128
2764,66.956,-61.531
2765,48.57,-86.023
2766,48.822,-57.783
2767,49.211,-46.911
2768,-51.399,79.391
2769,10.929,92.607
2770,41.342,55.166
2771,-29.807,40.313
2772,-11.899,88.87
2773,-10.806,-1.4879
2774,-32.694,-79.184
2775,-91.833,4.2127
2776,11.707,45.426
2777,-40.881,-57.22
2778,-41.623,-54.673
2779,4.2453,6.8817
2780,-94.805,2.2086
2781,-19.12,-93.397
2782,-50.577,80.933
2783,7.8753,51.748
2784,-63.312,75.37
2785,5.7712,11
2786,7.5728,13.411
2787,70.517,-48.623
2788,-38.366,-52.687
2789,-63.514,-85.343
2790,-30.656,-69.108
2791,9.4887,11.504
2792,-22.105,-15.488
2793,19.454,86.02
2794,-9.1667,9.526
2795,-49.493,80.061
2796,3.1103,21.383
2797,-81.011,64.15
2798,7.0817,13.033
2799,-60.077,-86.745
2800,-44.192,-66.501
2801,-92.057,-49.03
2802,52.653,-65.571
2803,-34.214,79.73
2804,-49.014,-84.088
2805,-20.905,6.974
2806,-88.847,-10.985
2807,34.498,16.808
2808,-82.793,3.8961
2809,-40.661,-11.46
2810,-3.5959,86.534
2811,-11.12,77.875
2812,-0.57503,50.292
2813,44.494,74.988
2814,12.926,91.521
2815,37.566,80.275
2816,-24.021,-107.8
2817,0.91764,90.172
2818,71.974,-12.839
2819,8.4592,-61.688
2820,-64.288,22.275
2821,40.434,72.103
2822,45.911,76.058
2823,16.506,58.916
2824,-2.7365,-29.528
2825,100.83,-61.052
2826,-40.724,-91.545
2827,-56.072,-82.649
2828,-8.7025,52.472
2829,-30.6,44.11
2830,-29.655,81.303
2831,36.039,70.139
2832,-32.637,-63.8
2833,-30.164,-79.575
2834,-80.982,34.239
2835,-91.544,-0.94024
2836,-27.259,-1.6273
2837,60.055,-62.479
2838,50.426,-64.552
2839,42.68,23.314
2840,-49.348,81.55
2841,-0.39024,79.55
2842,-27.353,38.839
2843,-0.90848,42.08
2844,23.322,-41.462
2845,7.8817,17.526
2846,-53.652,-61.15
2847,-82.437,-6.3208
2848,-65.49,74.36
2849,22.505,87.586
2850,-44.977,55.819
2851,-48.908,81.118
2852,-2.1504,-52.069
2853,35.68,-9.8191
2854,-38.539,-76.588
2855,-85.106,-6.0058
2856,5.2221,93.114
2857,-7.8747,94.515
2858,-53.626,74.364
2859,-6.6651,-6.1818
2860,19.617,7.1916
2861,-30.725,-39.835
2862,85.931,-3.9503
2863,15.449,92.695
2864,-8.9469,27.287
2865,-67.042,-81.112
2866,58.894,-23.372
2867,-56.513,6.6935
2868,35.534,-62.852
2869,-29.234,55.551
2870,-6.2223,92.446
2871,-41.102,-21.956
2872,-12.392,9.7239
2873,26.063,-40.718
2874,30.43,89.375
2875,-19.82,-43.917
2876,-44.609,-52.281
2877,62.112,-13.735
2878,44.029,-84.078
2879,-18.726,37.425
2880,11.968,92.908
2881,39.51,3.975
2882,-21.803,85.091
2883,2.8123,9.3555
2884,-99.779,6.8539
2885,47.915,39.77
2886,15.392,-70.543
2887,-21.65,69.575
2888,-30.185,85.595
2889,46.258,-66.484
2890,48.303,-80.437
2891,68.263,-57.469
2892,99.754,-66.426
2893,49.862,-86.333
2894,-17.262,-47.533
2895,-20.983,-88.683
2896,28.654,39.132
2897,2.9837,60.602
2898,30.476,-46.076
2899,15.835,10.945
2900,-104.25,35.317
2901,-95.941,1.7647
2902,82.944,-50.07
2903,-51.133,52.187
2904,-20.223,87.481
2905,1.6628,39.308
2906,-29.244,55.928
2907,27.404,-81.778
2908,4.5704,24.063
2909,-93.813,1.6325
2910,-35.471,-67.791
2911,38.285,-35.254
2912,15.971,60.23
2913,-1.1804,52.759
2914,-51.601,-10.283
2915,38.041,83.001
2916,3.3328,17.672
2917,16.194,30.387
2918,-80.133,35.988
2919,58.61,-18.258
2920,-41.061,-51.892
2921,39.915,-63.26
2922,53.408,-45.606
2923,-32.75,-31.735
2924,47.267,-84.794
2925,-59.301,69.934
2926,-94.574,26.873
2927,-60.692,72.631
2928,-91.811,12.219
2929,-98.381,8.7351
2930,-63.904,78.763
2931,-71.227,6.8423
2932,-92.955,11.144
2933,-34.355,10.731
2934,10.571,-58.485
2935,39.478,69.819
2936,27.997,-67.326
2937,61.921,11.439
2938,-51.592,-48.595
2939,-71.213,37.055
2940,0.18079,88.387
2941,93.128,-67.497
2942,30.106,-24.756
2943,54.901,-86.395
2944,54.521,62.37
2945,-41.699,12.494
2946,34.64,22.772
2947,25.639,-81.397
2948,14.771,-67.183
2949,42.11,-66.344
2950,-43.929,-67.557
2951,-79.629,0.64297
2952,-43.691,44.243
2953,-76.904,9.5943
2954,58.083,-32.46
2955,76.645,-39.295
2956,-5.2607,94.02
2957,-14.904,74.392
2958,-12.864,74.284
2959,-35.145,-8.0598
2960,-98.646,-29.411
2961,61.539,-23.906
2962,-61.956,14.437
2963,57.213,-34.206
2964,52.132,-7.5335
2965,28.625,68.589
2966,12.957,94.377
2967,-31.002,44.252
2968,-5.2811,91.404
2969,22.621,13.017
2970,-36.017,48.815
2971,96.548,-61.628
2972,-89.948,4.7915
2973,-17.43,-33.213
2974,-88.936,-41.903
2975,-71.866,6.6974
2976,-87.663,2.9282
2977,51.306,-67.025
2978,-21.304,-80.239
2979,-26.845,84.991
2980,8.8695,95.032
2981,42.713,28.571
2982,19.917,10.238
2983,26.926,-21.54
2984,-83.908,-0.15834
2985,49.248,102.13
2986,-56.105,-68.725
2987,-49.504,-50.662
2988,15.021,11.048
2989,-24.345,-104.23
2990,-24.542,84.4
2991,-35.814,42.27
2992,-2.3746,60.623
2993,-50.452,54.445
2994,-21.736,-81.926
2995,-51.409,58.896
2996,-5.3648,-30.308
2997,62.095,-64.056
2998,30.105,56.065
2999,66.433,58.597
3000,1.5113,69.968
3001,52.264,60.236
3002,-39.576,-54.862
3003,92.471,-51.749
3004,37.191,-15.402
3005,32.848,-64.364
3006,52.237,-82.565
3007,45.188,1.366
3008,-44.072,69.05
3009,-8.6799,69.258
3010,20.962,-25.664
3011,54.789,-88.507
3012,37.377,-64.771
3013,73.534,-58.474
3014,55.746,61.217
3015,-7.8771,28.32
3016,34.445,25.915
3017,70.288,-2.4684
3018,-55.255,-86.284
3019,-30.75,-96.313
3020,-29.25,-75.888
3021,42.883,-71.129
3022,-64.808,70.54
3023,50.416,-25.87
3024,-102.95,1.5815
3025,57.8,-34.37
3026,78.28,-38.573
3027,51.546,-86.12
3028,42.869,-75.25
3029,54.525,-62.393
3030,-19.996,60.757
3031,-7.9316,95.013
3032,52.971,-20.182
3033,-11.599,-16.393
3034,-69.5,66.293
3035,-32.228,-94.614
3036,-35.139,-43.002
3037,-42.247,-67.402
3038,-5.7653,89.311
3039,19.581,79.175
3040,23.092,89.093
3041,-9.3072,43.899
3042,3.8248,60.566
3043,-27.829,86.413
3044,100.56,-53.071
3045,101.11,-54.736
3046,-51.263,-86.179
3047,-15.676,-44.598
3048,-27.383,-31.107
3049,-81.926,1.7325
3050,-12.767,94.617
3051,-41.735,10.268
3052,2.7391,41.913
3053,-14.813,-71.808
3054,16.071,14.296
3055,-97.592,-3.9975
3056,-41.411,-60.839
3057,-75.311,-11.996
3058,-29.893,44.534
3059,-32.606,51.619
3060,2.8078,-24.923
3061,-34.585,-58.679
3062,-30.151,-3.8382
3063,74.878,0.6497
3064,1.2036,70.57
3065,38.379,64.081
3066,40.869,53.141
3067,43.751,-85.758
3068,-71.841,53.866
3069,-30.944,-95.868
3070,-90.658,5.1446
3071,-38.725,-73.36
3072,-33.85,-48.478
3073,-105.5,-11.774
3074,21.187,-51.71
3075,47.156,-6.0824
3076,56.835,-81.823
3077,76.272,-55.459
3078,-34.81,65.849
3079,-30.095,56.598
3080,78.633,-53.619
3081,69.721,-1.4105
3082,13.62,-41.502
3083,-46.581,-51.229
3084,-74.227,13.427
3085,-21.369,-39.88
3086,7.6659,5.1627
3087,100.52,-61.798
3088,-95.316,3.4706
3089,40.317,-43.097
3090,45.661,-66.576
3091,10.427,31.586
3092,4.5516,95.837
3093,12.682,-68.496
3094,26.012,96.048
3095,101.93,-48.712
3096,-2.9121,-3.9983
3097,2.5743,9.2832
3098,-26.128,-22.605
3099,-36.879,-43.051
3100,-43.41,-66.406
3101,-49.325,-50.521
3102,93.063,-25.787
3103,53.315,-65.023
3104,-9.1337,-66.391
3105,-50.668,84.631
3106,-33.926,49.304
3107,-26.077,39.081
3108,31.422,15.768
3109,-43.629,-75.089
3110,85.537,-14.384
3111,-4.537,-54.866
3112,12.29,-39.649
3113,10.912,78.293
3114,27.554,-85.553
3115,11.322,-39.679
3116,-55.644,-40.147
3117,-21.439,-40.567
3118,33.481,-17.544
3119,-84.547,0.40948
3120,35.294,-33.472
3121,-54.215,72.607
3122,-7.0336,94.83
3123,-28.947,46.305
3124,-69.733,68.519
3125,-42.971,-86.592
3126,-19.837,-42.714
3127,-24.943,-53.402
3128,-39.059,-75.4
3129,29.9,-69.933
3130,37.542,-86.325
3131,27.527,-94.705
3132,55.864,-34.679
3133,-93.754,-0.25865
3134,27.077,88.418
3135,-18.552,79.645
3136,-14.017,5.2602
3137,21.819,80.404
3138,48.111,101.75
3139,-89.458,8.5937
3140,-91.714,5.9441
3141,-35.531,-52.428
3142,-72.84,-21.41
3143,-51.539,52.802
3144,4.7637,97.376
3145,54.851,60.515
3146,15.349,-39.058
3147,-33.43,29.05
3148,18.203,-43.635
3149,5.2644,-64.126
3150,13.851,18.822
3151,-49.096,-84.048
3152,77.86,-41.162
3153,-32.353,-69.889
3154,-33.324,-46.528
3155,27.762,3.7791
3156,-62.074,78.769
3157,-45.422,79.642
3158,-4.7697,86.391
3159,13.982,-37.846
3160,-52.77,80.542
3161,-31.475,74.326
3162,49.565,-82.066
3163,-52.735,80.11
3164,-2.5363,27.1
3165,-63.057,-86.532
3166,-22.72,71.817
3167,-36.89,-83.883
3168,85.021,-43.474
3169,-36.694,-45.766
3170,-82.951,-40.731
3171,-13.048,72.22
3172,39.01,-62.018
3173,14.703,0.65466
3174,-32.198,51.973
3175,-53.098,73.199
3176,-8.6056,12.33
3177,55.995,73.851
3178,-83.602,20.647
3179,-1.5033,-46.564
3180,-4.5119,-47.493
3181,-16.365,-43.412
3182,-52.464,-89.369
3183,-61.06,-73.58
3184,34.306,-19.92
3185,31.56,-52.896
3186,-38.473,56.307
3187,1.6476,95.171
3188,-48.978,-33.289
3189,-12.952,43.916
3190,-89.773,8.1496
3191,-8.0103,-29.934
3192,-54.423,-1.4096
3193,33.355,-22.223
3194,-55.073,62.251
3195,-43.364,16.777
3196,-30.466,44.402
3197,51.925,22.364
3198,46.845,-78.344
3199,89.729,45.419
3200,-6.761,-48.531
3201,-7.6127,-33.056
3202,-83.165,3.3227
3203,-26.873,-26.323
3204,27.328,-67.407
3205,22.225,-63.876
3206,61.733,-63.662
3207,74.732,-43.616
3208,-60.421,-19.867
3209,-11.446,-52.101
3210,35.038,84.48
3211,-62.322,78.86
3212,47.771,102.26
3213,-25.462,-40.814
3214,-44.438,-64.597
3215,-27.499,-40.104
3216,73.012,-54.719
3217,37.833,14.03
3218,77.128,-55.294
3219,50.464,-3.447
3220,-17.045,83.61
3221,76.888,-36.797
3222,-10.613,45.132
3223,19.451,24.437
3224,-45.16,-72.615
3225,-42.502,-72.578
3226,-18.414,-58.892
3227,-42.846,-63.002
3228,-88.935,-41.903
3229,-81.921,-0.97122
3230,45.145,-74.15
3231,22.347,-62.08
3232,22.982,91.686
3233,-47.339,-32.325
3234,-26.734,49.4
3235,-41.682,38.271
3236,-51.819,69.276
3237,-55.027,61.502
3238,-103.65,29.13
3239,9.6168,13.274
3240,-92.361,1.6926
3241,-39.804,-53.407
3242,-26.898,-26.299
3243,-1.9243,11.99
3244,8.1508,96.082
3245,-34.846,83.75
3246,104.54,-54.538
3247,25.638,-11.172
3248,-43.655,-45.651
3249,-44.115,4.9802
3250,-72.779,-10.832
3251,-30.788,-39.871
3252,-39.283,-74.91
3253,19.852,-25.491
3254,50.92,-54.772
3255,-18.349,63.564
3256,-40.614,38.811
3257,46.953,53.547
3258,30.077,93.662
3259,-94.613,2.7482
3260,-45.571,-65.422
3261,-81.966,21.139
3262,-28.413,-90.35
3263,60.797,13.864
3264,46.441,-66.568
3265,42.619,-71.197
3266,37.63,83.622
3267,45.617,-67.801
3268,6.1475,61.587
3269,-5.7324,-32.964
3270,-0.18174,29.737
3271,-49.717,70.653
3272,46.507,79.931
3273,-4.0091,49.618
3274,-43.436,65.763
3275,-51.992,51.276
3276,46.73,71.99
3277,57.246,-32.543
3278,-93.805,1.421
3279,-12.661,-24.724
3280,17.489,-45.693
3281,33.972,-81.145
3282,50.647,62.94
3283,-32.062,28.844
3284,-33.862,-33.644
3285,-27.158,-44.539
3286,57.11,-33.109
3287,-40.632,-42.96
3288,1.8837,39.425
3289,10.835,76.229
3290,55.263,59.824
3291,-3.7003,82.287
3292,24.661,74.825
3293,-37.866,-68.844
3294,-10.679,50.695
3295,-10.552,57.093
3296,48.158,-69.407
3297,54.5,-53.509
3298,-49.747,79.578
3299,18.547,-48.096
3300,-49.74,54.584
3301,-68.713,-38.314
3302,74.937,-29.352
3303,-31.666,91.437
3304,4.0084,80.442
3305,-30.365,42.776
3306,-45.125,56.058
3307,33.311,67.211
3308,43.049,83.989
3309,-65.602,-33.72
3310,-45.787,-50.356
3311,-90.906,6.8135
3312,-2.57,-43.607
3313,-30.717,-39.814
3314,-41.154,-52.416
3315,-67.916,-67.989
3316,61.245,-63.634
3317,-60.304,77.889
3318,10.525,99.922
3319,-39.374,34.582
3320,-18.045,-4.0737
3321,5.7265,97.282
3322,-10.935,-82.535
3323,-52.327,-16.601
3324,-42.942,-50.263
3325,41.395,-83.371
3326,56.545,-71.118
3327,40.136,-20.626
3328,50.897,60.312
3329,-53.455,66.871
3330,23.902,-44.414
3331,106.69,10.297
3332,-17.325,-0.70856
3333,99.515,-66.516
3334,-2.2338,84.602
3335,-26.859,85.282
3336,-28.391,3.7293
3337,39.979,70.267
3338,-71.412,25.607
3339,108.14,-44.915
3340,-34.389,-48.772
3341,43.906,-85.921
3342,50.231,-64.029
3343,26.696,-62.774
3344,10.654,97.87
3345,-24.736,84.147
3346,-50.217,-20.768
3347,-1.6796,50.427
3348,37.754,-87.462
3349,66.446,67.93
3350,-95.74,30.304
3351,-3.2419,-20.188
3352,-39.918,-68.92
3353,-95.448,15.148
3354,77.45,-54.271
3355,16.388,-61.977
3356,33.858,77.377
3357,-87.996,-4.738
3358,-81.423,10.644
3359,81.613,-3.0729
3360,18.272,-67.71
3361,54.508,-59.191
3362,53.195,-64.387
3363,-41.083,80.396
3364,-4.3148,86.18
3365,96.183,-59.566
3366,12.488,29.418
3367,-42.734,-45.875
3368,68.988,-58.515
3369,-30.766,86.126
3370,23.515,90.112
3371,28.201,-83.092
3372,-42.843,-5.9764
3373,5.7866,62.441
3374,-39.267,-78.321
3375,22.019,60.082
3376,-49.96,-67.709
3377,-99.44,-12.305
3378,-43.354,-70.215
3379,-20.597,6.8192
3380,23.528,-7.4872
3381,42.779,5.7024
3382,-59.758,79.507
3383,3.9059,96.59
3384,-28.463,87.298
3385,64.281,7.4308
3386,-42.682,-48.303
3387,-91.669,4.5944
3388,70.054,26.33
3389,-18.305,70.182
3390,-13.079,97.712
3391,-10.422,-77.649
3392,29.172,14.652
3393,19.305,-56.591
3394,-5.7721,-102.41
3395,-97.446,6.7879
3396,79.226,-33.486
3397,76.042,0.57218
3398,51.941,-80.468
3399,13.279,53.362
3400,-17.67,78.388
3401,54.398,62.459
3402,107.79,-45.533
3403,27.803,-22.152
3404,48.682,37.554
3405,-39.798,-54.466
3406,38.607,-31.808
3407,39.047,-71.704
3408,-50.043,86.411
3409,-12.61,63.511
3410,78.624,-53.683
3411,46.368,71.86
3412,32.685,67.892
3413,82.927,-7.8005
3414,39.477,-65.112
3415,4.334,97.348
3416,-15.42,88.452
3417,-0.50213,55.819
3418,-17.707,-2.1258
3419,21.077,-56.272
3420,32.492,-62.931
3421,-3.0109,-48.796
3422,-96.408,51.833
3423,-45.22,-42.802
3424,-76.406,9.5119
3425,28.64,-82.527
3426,77.689,-38.824
3427,50.213,-63.736
3428,-71.8,62.248
3429,90.463,43.838
3430,-23.796,39.02
3431,21.374,-60.069
3432,47.258,8.4557
3433,-101.58,3.5443
3434,6.5867,14.515
3435,-100.19,3.5801
3436,-16.372,-40.843
3437,-29.874,-94.472
3438,-47.38,59.201
3439,46.874,-69.797
3440,43.962,-71.933
3441,78.54,-50.219
3442,-24.608,84.939
3443,15.164,-40.447
3444,34.172,-47.869
3445,66.89,25.501
3446,-33.202,-78.463
3447,4.8675,-34.343
3448,-47.089,-59.941
3449,-25.008,-41.586
3450,-27.112,49.644
3451,-32.179,51.564
3452,9.9939,95.366
3453,9.351,97.032
3454,66.615,87.079
3455,33.234,86.764
3456,39.644,31.92
3457,-80.053,27.976
3458,-75.376,6.1346
3459,-53.814,0.9908
3460,6.889,54.342
3461,-30.519,45.152
3462,-27.811,82.451
3463,-61.781,-87.643
3464,47.146,104.16
3465,12.2,17.641
3466,-13.146,-70.274
3467,-99.178,1.8765
3468,85.948,-16.255
3469,-5.3464,52.658
3470,-13.169,-25.493
3471,10.186,-30.319
3472,46.906,-4.2523
3473,9.1267,99.58
3474,34.306,-66.946
3475,50.086,35.976
3476,0.4493,-54.985
3477,-20.524,6.762
3478,59.163,-65.329
3479,23.032,92.179
3480,-25.484,68.279
3481,-49.017,69.395
3482,11.627,96.363
3483,22.251,-81.093
3484,-14.717,-2.8457
3485,-11.846,94.301
3486,-96.309,3.8773
3487,-80.835,-4.1177
3488,-36.233,-55.452
3489,-44.736,-43.244
3490,98.159,-61.729
3491,76.562,-39.284
3492,52.616,-70.369
3493,66.398,-58.524
3494,42.148,75.14
3495,-11.823,8.5075
3496,52.973,13.906
3497,-33.789,-47.635
3498,-57.579,8.2274
3499,-79.106,7.0975
3500,32.026,-29.558
3501,17.872,-47.042
3502,36.308,72.089
3503,3.791,56.206
3504,51.191,-19.245
3505,-7.9162,8.2632
3506,17.95,-63.103
3507,106.34,-47.319
3508,27.667,32.643
3509,-75.055,14.645
3510,108.64,-44.529
3511,-33.621,-5.9877
3512,4.4727,87.91
3513,5.9523,90.493
3514,-20.206,-28.256
3515,-80.963,-38.544
3516,36.84,-34.322
3517,19.493,-62.963
3518,-27.857,52.365
3519,50.631,71.423
3520,45.86,55.336
3521,8.5296,25.735
3522,1.3567,-43.954
3523,23.777,82.215
3524,22.363,-95.037
3525,0.31617,21.25
3526,-85.215,-3.8033
3527,86.678,-25.261
3528,39.121,72.934
3529,-25.273,34.183
3530,-6.511,93.08
3531,65.589,29.108
3532,-39.291,-45.887
3533,37.156,-68.246
3534,31.605,-79.656
3535,55.425,47.133
3536,20.816,-63.036
3537,-69.034,70.521
3538,-49.549,69.356
3539,-67.684,-6.4369
3540,-57.55,-89.357
3541,67.265,-23.936
3542,58.554,-19.006
3543,-56.082,-25.6
3544,34.967,-77.04
3545,-11.294,74.011
3546,-15.819,87.139
3547,-39.53,-70.222
3548,-14.821,-74.499
3549,32.07,42.437
3550,-2.375,-43.916
3551,-71.261,-29.253
3552,58.376,-34.607
3553,59.614,-22.079
3554,-83.198,-13.321
3555,89.123,-25.112
3556,-53.571,64.503
3557,-41.428,83.994
3558,40.962,37.159
3559,11.454,96.962
3560,-28.645,87.017
3561,-27.24,49.812
3562,-33.895,29.228
3563,-25.403,-85.61
3564,-14.189,61.66
3565,69.198,-55.861
3566,-29.116,91.121
3567,33.321,-85.405
3568,-44.139,82.748
3569,-8.0242,8.4134
3570,42.632,-79.792
3571,62.941,17.208
3572,-87.878,-12.774
3573,-71.21,-37.371
3574,-42.522,-70.328
3575,52.911,-81.32
3576,15.995,-43.571
3577,-20.102,19.642
3578,76.609,-36.555
3579,26.086,79.049
3580,10.433,96.903
3581,7.3547,-60.438
3582,-70.993,12.596
3583,-28.587,-42.603
3584,10.807,94.69
3585,26.331,-0.98064
3586,-7.695,27.427
3587,100.23,-63.595
3588,-98.54,1.8496
3589,-33.406,-65.61
3590,-96.688,52.853
3591,108.28,-44.382
3592,-11.418,73.864
3593,10.718,92.998
3594,-7.437,95.597
3595,32.996,67.422
3596,11.057,5.6174
3597,-21.91,-16.26
3598,-37.714,-54.627
3599,-36.942,-53.577
3600,-73.751,-0.42539
3601,95.254,-58.223
3602,46.391,-65.912
3603,74.676,-50.596
3604,52.319,22.23
3605,0.054345,94.622
3606,-64.772,60.03
3607,14.009,-36.295
3608,-21.115,68.233
3609,-42.805,-30.51
3610,45.352,-42.809
3611,27.935,86.655
3612,-11.223,90.054
3613,33.109,67.7
3614,14.798,-69.809
3615,-102.97,-14.856
3616,5.886,19.51
3617,-69.659,-4.6504
3618,-99.501,-29.902
3619,-91.952,-6.0024
3620,-72.592,-31.81
3621,64.495,-74.235
3622,22.809,-63.222
3623,51.657,60.195
3624,107.7,-52.088
3625,-10.475,58.583
3626,7.1152,13.538
3627,43.73,-71.318
3628,1.1353,13.477
3629,1.6439,-49.815
3630,-77.253,4.2273
3631,-42.886,-73.252
3632,-36.415,-18.155
3633,87.186,-14.131
3634,75.102,-0.0061859
3635,26.485,4.588
3636,-2.9847,84.23
3637,13.077,34.642
3638,32.055,20.961
3639,-35.315,-8.7412
3640,-34.706,-93.794
3641,89.233,6.5294
3642,-29.264,-45.46
3643,-49.528,-7.7134
3644,34.29,-42.044
3645,-35.274,6.2779
3646,8.396,-61.154
3647,-42.169,-61.579
3648,13.139,17.415
3649,-1.9609,-43.641
3650,-35.577,-61.934
3651,-91.153,-49.768
3652,-28.592,-54.23
3653,68.065,-49.889
3654,99.583,-63.497
3655,-71.494,25.558
3656,-66.892,-13.565
3657,-12.791,-57.274
3658,48.168,-68.529
3659,48.686,-81.622
3660,12.569,-46.757
3661,-62.84,-27.662
3662,-45.217,-18.013
3663,-3.0616,52.965
3664,-51.318,-78.534
3665,-97.238,3.4888
3666,108.4,-43.45
3667,-45.512,-65.127
3668,-100.95,27.672
3669,-32.592,-93.559
3670,10.271,98.939
3671,6.1175,96.833
3672,-20.972,7.6182
3673,-93.029,-6.8727
3674,-36.321,-63.34
3675,85.323,-31.762
3676,-40.775,66.027
3677,24.365,93.988
3678,-33.421,28.782
3679,-19.066,7.4321
3680,-67.272,-81.785
3681,41.864,4.9151
3682,-31.448,-73.986
3683,-54.526,-67.912
3684,7.454,7.5347
3685,-88.823,-1.6372
3686,-80.744,9.2256
3687,48.605,-81.387
3688,16.391,-69.501
3689,29.379,87.274
3690,31.336,40.931
3691,26.361,-97.087
3692,96.91,-57.397
3693,14.754,-54.848
3694,12.016,-45.447
3695,-7.2994,96
3696,25.597,88.445
3697,31.048,29.747
3698,3.9124,63.13
3699,-39.352,57.394
3700,-46.01,60.209
3701,34.759,22.506
3702,-21.415,-59.766
3703,-50.864,-79.044
3704,-47.301,-70.279
3705,-14.861,-44.034
3706,-94.357,22.371
3707,-24.493,-78.382
3708,77.384,-53.279
3709,37.533,-53.473
3710,25.485,-15.9
3711,24.79,-38.04
3712,36.515,71.95
3713,-33.765,57.413
3714,-33.497,-11.46
3715,43.135,-72.486
3716,-31.675,-94.783
3717,-89.629,-9.833
3718,46.356,-6.9266
3719,45.926,-73.112
3720,24.653,73.391
3721,-43.922,-50.908
3722,29.5,29.534
3723,-30.827,-48.191
3724,-34.134,-54.087
3725,-9.5854,-34.775
3726,-60.147,44.193
3727,-87.482,-3.1658
3728,6.4544,53.804
3729,-9.0734,97.783
3730,15.948,-67.184
3731,55.232,-63.575
3732,18.653,-37.406
3733,-95.61,54.434
3734,58.165,-22.443
3735,-25.171,-31.23
3736,-38.983,-55.895
3737,-37.297,-65.262
3738,41.598,-11.677
3739,88.725,-11.059
3740,-34.138,50.986
3741,-30.242,1.4673
3742,81.022,-49.88
3743,35.287,-90.113
3744,50.692,-22.375
3745,45.213,-49.331
3746,45.758,-2.5568
3747,55.464,-79.445
3748,-25.349,82.975
3749,26.912,-82.381
3750,-9.3564,11.512
3751,-5.4911,42.197
3752,86.072,-15.421
3753,77.633,-38.286
3754,-6.7763,-39.811
3755,-15.046,-36.331
3756,14.48,13.706
3757,-101.51,11.098
3758,104.99,-51.979
3759,50.909,-84.639
3760,19.94,-68.451
3761,-34.061,-49.38
3762,-69.377,-4.7306
3763,-46.427,-50.843
3764,43.406,-71.433
3765,11.057,97.388
3766,-61.727,76.566
3767,-24.697,-99.596
3768,-2.9628,-85.405
3769,-33.805,-53.565
3770,-29.136,-48.965
3771,-79.747,5.484
3772,-42.361,64.891
3773,-4.1163,86.1
3774,-10.138,97.931
3775,-24.54,84.962
3776,-0.15135,14.402
3777,11.3,-57.634
3778,58.196,-34.337
3779,96.758,-54.749
3780,-63.69,-36.71
3781,35.058,-71.044
3782,-31.463,80.595
3783,20.62,69.412
3784,-24.59,84.752
3785,-24.119,83.595
3786,-11.681,8.2068
3787,-8.8603,-4.6786
3788,-64.104,-29.456
3789,-78.355,4.1449
3790,-76.608,12.734
3791,-44.371,-66.165
3792,-47.485,-50.236
3793,-21.803,-67.064
3794,27.85,-81.822
3795,49.874,-58.175
3796,29.592,-21.903
3797,48.851,-76.31
3798,11.487,91.047
3799,-14.15,-28.287
3800,44.378,0.046318
3801,-26.197,-1.3404
3802,-28.175,-100.67
3803,-16.055,-40.434
3804,50.084,-87.675
3805,-46.243,85.053
3806,23.81,-78.258
3807,11.209,93.214
3808,-46.313,-18.51
3809,-17.004,-15.53
3810,15.354,14.001
3811,-35.078,-44.006
3812,-26.629,-40.667
3813,108.61,-43.784
3814,61.719,-68.957
3815,4.2565,32.662
3816,25.591,52.923
3817,31.45,-66.399
3818,-70.956,-78.032
3819,-42.046,-54.33
3820,9.6509,46.307
3821,-23.501,-44.22
3822,60.471,-27.903
3823,-15.253,-21.579
3824,52.326,-54.801
3825,82.338,-44.287
3826,-59.587,61.32
3827,44.49,71.684
3828,26.434,52.348
3829,35.236,-68.832
3830,7.6948,18.804
3831,-49.599,-50.32
3832,60.073,28.008
3833,-72.3,7.4796
3834,-42.092,-52.31
3835,-20.462,-93.476
3836,-50.993,-49.075
3837,-31.666,-53.908
3838,66.417,-39.486
3839,-30.23,57.557
3840,-43.556,-19.12
3841,6.82,37.937
3842,66.52,62.199
3843,18.231,6.4861
3844,-98.674,-30.594
3845,105.18,-51.663
3846,-100.19,7.5889
3847,71.367,-54.244
3848,-44.799,-51.112
3849,-70.285,-79.831
3850,65.764,-30.076
3851,-23.931,7.6065
3852,55.382,-52.615
3853,51.387,-69.651
3854,49.204,-86.179
3855,75.952,-0.78091
3856,34.338,-53.38
3857,31.475,-85.851
3858,-43.528,-19.586
3859,33.129,86.663
3860,14.047,12.823
3861,-75.343,26.992
3862,-24.165,-37.249
3863,109.1,-44.701
3864,-29.337,-44.885
3865,-39.826,-65.025
3866,29.391,-68.246
3867,-8.4357,27.257
3868,-82.977,-40.793
3869,66.617,87.077
3870,-37.664,-52.046
3871,13.203,18.299
3872,-34.337,-94.135
3873,-44.409,-87.168
3874,-0.55221,-46.078
3875,57.455,-57.899
3876,17.849,-43.562
3877,-34.034,88.616
3878,66.269,89.231
3879,16.954,-63.862
3880,-25.696,-95.902
3881,-28.529,-54.297
3882,-52.117,-80.333
3883,75.179,-38.623
3884,86.71,-17.648
3885,5.6349,39.193
3886,-32.019,-86.928
3887,-74.07,-32.833
3888,-85.638,-1.169
3889,66.992,-15.701
3890,-15.864,-83.393
3891,-104.7,27.458
3892,88.786,-20.536
3893,90.58,-26.829
3894,46.682,-72.831
3895,7.3433,16.558
3896,11.15,93.057
3897,24.22,88.14
3898,-20.449,71.052
3899,-38.286,-76.588
3900,86.412,-22.876
3901,79.25,-9.3867
3902,32.037,-64.872
3903,48.113,73.891
3904,-30.038,91.611
3905,-20.077,8.6922
3906,-8.9415,9.305
3907,7.3516,12.987
3908,-42.619,-42.333
3909,-36.668,-46.195
3910,86.366,-16.743
3911,39.598,-76.025
3912,63.928,6.6125
3913,33.438,62.24
3914,-41.822,-64.01
3915,-21.534,8.2004
3916,-44.399,-85.89
3917,49.126,-72.459
3918,36.48,-66.91
3919,-57.995,56.094
3920,-30.788,-57.793
3921,-30.867,-70.592
3922,-65.774,-37.336
3923,-34.427,-48.354
3924,100.41,-61.776
3925,29.658,-47.574
3926,26.316,-16.589
3927,15.568,-50.039
3928,1.7225,72.296
3929,19.337,89.965
3930,51.212,55.458
3931,-28.731,56.653
3932,4.6817,95.364
3933,25.487,-71.648
3934,-24.87,84.321
3935,-44.267,-73.245
3936,-68.4,-38.246
3937,-87.579,-1.711
3938,53.293,-86.051
3939,55.471,-78.736
3940,-60.983,-86.106
3941,-10.701,-0.28577
3942,-44.132,-64.675
3943,-22.565,-46.499
3944,-74.965,-63.404
3945,21.929,91.074
3946,24.362,72.736
3947,-36.769,30.17
3948,-91.164,-7.1689
3949,-47.863,-51.015
3950,-38.579,-74.134
3951,-28.102,-68.17
3952,49.741,-86.252
3953,48.177,-71.684
3954,-93.771,29.763
3955,-65.029,-5.4525
3956,28.822,-28.178
3957,33.531,-63.824
3958,12.666,45.348
3959,35.948,-68.483
3960,27.351,62.428
3961,-99.69,8.2276
3962,-32.215,-53.844
3963,-45.709,-51.567
3964,22.623,-63.369
3965,31.272,23.539
3966,22.022,87.89
3967,-7.6724,90.427
3968,4.5273,49.998
3969,43.907,-84.554
3970,6.3522,30.149
3971,12.312,29.292
3972,45.065,-79
3973,8.3141,98.85
3974,11.172,-46.077
3975,9.2808,98.177
3976,-5.3443,38.214
3977,55.204,72.529
3978,51.876,69.629
3979,-7.364,50.765
3980,103.55,-47.745
3981,-12.595,-41.366
3982,-11.393,-34.577
3983,-103,-14.092
3984,-89.624,-21.986
3985,-76.962,13.053
3986,-82.16,9.2372
3987,39.575,-90.684
3988,-17.14,-51.411
3989,75.17,-35.164
3990,57.646,-54.476
3991,3.5562,-50.525
3992,33.371,13.446
3993,102.84,-48.585
3994,-71.702,-64.791
3995,34.258,-55.351
3996,10.603,93.11
3997,47.483,28.464
3998,-37.243,-32.367
3999,-85.121,-16.08
4000,-50.964,-59.777
4001,-30.848,-39.711
4002,-27.148,-49.65
4003,-50.109,-19.609
4004,45.483,-64.776
4005,21.428,-63.365
4006,-12.722,90.576
4007,-34.116,28.927
4008,37.587,78.655
4009,-12.016,44.47
4010,-24.972,76.803
4011,51.25,-76.593
4012,34.207,-61.07
4013,54.98,59.109
4014,58.547,62.116
4015,5.6615,91.426
4016,45.743,1.4374
4017,56.575,73.368
4018,-8.0422,8.4339
4019,75.658,-44.752
4020,-28.921,-93.448
4021,-42.649,-62.295
4022,14.534,-56.046
4023,51.909,-66.376
4024,-18.836,-106.06
4025,-1.8884,83.79
4026,37.694,71.493
4027,12.088,-39.699
4028,-6.5927,-2.82
4029,39.266,-13.452
4030,13.969,17.986
4031,14.616,-84.113
4032,59.018,-31.369
4033,91.798,-52.826
4034,49.571,70.424
4035,3.8012,59.174
4036,-4.3914,43.128
4037,-42.862,-50.309
4038,105.56,-49.564
4039,-15.909,-11.501
4040,-83.665,2.3234
4041,-43.515,-75.228
4042,-88.959,-8.1169
4043,-51.544,-69.644
4044,38.855,-31.661
4045,-70.271,-69.432
4046,87.176,-36.027
4047,-41.391,12.224
4048,27.815,-44.948
4049,-44.051,69.137
4050,33.973,61.636
4051,-8.8188,86.583
4052,-40.983,-66.429
4053,-3.524,-87.243
4054,91.695,-66.245
4055,-90.531,45.543
4056,73.154,-53.46
4057,35.457,-81.666
4058,-23.682,49.079
4059,1.7458,96.689
4060,36.937,-4.4942
4061,-85.852,7.81
4062,-73.721,-0.77769
4063,-61.906,-86.964
4064,29.198,-80.7
4065,-44.153,84.497
4066,61.895,-23.637
4067,-19.64,-92.127
4068,2.2781,-49.593
4069,50.901,-70.595
4070,74.883,-46.44
4071,93.207,-54.369
4072,59.453,-2.1616
4073,106.74,-48.165
4074,53.721,-57.064
4075,32.129,-29.102
4076,7.5227,-46.45
4077,13.66,98.389
4078,32.984,62.041
4079,46.869,80.767
4080,48.997,-24.864
4081,-35.388,-14.242
4082,-37.501,-60.05
4083,107.16,-46.223
4084,51.933,-66.818
4085,5.638,14.536
4086,37.334,72.41
4087,12.745,-39.217
4088,-7.3302,31.355
4089,-11.379,-3.9559
4090,7.1872,-50.721
4091,-90.707,2.3802
4092,69.787,-12.337
4093,42.544,-69.655
4094,7.3008,5.5461
4095,-91.883,-6.9685
4096,-2.798,-85.759
4097,-35.575,-40.098
4098,8.2543,-61.218
4099,21.245,-69.176
4100,99.828,-67.339
4101,-8.7099,70.647
4102,22.067,85.962
4103,-14.746,97.725
4104,1.9923,-15.545
4105,-71.376,26.83
4106,107.73,-45.68
4107,-66.357,-3.1097
4108,103.92,-52.066
4109,-39.951,-59.298
4110,-10.58,-17.908
4111,27.106,-42.896
4112,10.501,97.498
4113,17.738,-56.961
4114,-81.993,-27.991
4115,-22.452,-90.735
4116,-103.44,29.071
4117,27.029,-47.586
4118,12.22,97.715
4119,55.417,58.8
4120,-20.809,72.609
4121,16.122,-37.553
4122,50.108,60.362
4123,25.374,100.65
4124,25.247,36.399
4125,-9.9004,-2.9597
4126,77.715,-31.417
4127,32.264,-22.716
4128,69.489,-56.652
4129,-23.291,71.916
4130,-39.149,-3.1147
4131,80.228,-42.695
4132,-29.973,-56.182
4133,-85.914,-2.105
4134,-73.488,18.715
4135,-90.557,-3.527
4136,54.193,-82.523
4137,18.807,6.3674
4138,-9.7266,95.114
4139,21.243,86.054
4140,-6.2425,-6.6971
4141,-7.8619,8.1498
4142,-11.243,-3.9549
4143,-31.174,-49.048
4144,-72.717,7.9156
4145,-57.796,-66.916
4146,-85.639,-3.1527
4147,14.018,-55.765
4148,38.187,72.893
4149,-11.396,44.944
4150,35.502,61.304
4151,44.772,81.322
4152,-20.098,76.17
4153,2.3952,93.339
4154,-23.568,7.4853
4155,-65.873,-37.395
4156,-26.11,-42.57
4157,-92.179,11.229
4158,-63.319,-85.961
4159,24.198,-41.517
4160,28.678,4.8605
4161,-6.2859,94.603
4162,-52.732,80.758
4163,-45.521,83.59
4164,9.0359,93.792
4165,-84.645,-39.501
4166,28.466,50.74
4167,-76.721,13.369
4168,59.442,27.585
4169,-34.907,-48.439
4170,16.421,73.259
4171,-44.263,83.754
4172,19.35,-34.413
4173,-97.897,-2.4831
4174,-32.494,-94.916
4175,-32.832,-93.079
4176,-27.099,-95.436
4177,-23.483,-42.992
4178,16.856,-65.331
4179,19.923,83.304
4180,38.085,75.85
4181,-25.857,82.769
4182,69.712,-60.359
4183,94.633,-59.582
4184,100.37,-66.221
4185,100.05,-60.404
4186,2.1067,-66.873
4187,-46.086,-23.02
4188,43.002,-26.466
4189,-28.683,-46.988
4190,72.349,50.817
4191,1.7201,58.498
4192,-51.148,-1.8625
4193,-113.9,13.532
4194,53.74,-64.326
4195,49.961,-25.92
4196,36.488,72.312
4197,-46.47,70.353
4198,-21.122,16.866
4199,93.398,-66.6
4200,70.025,-12.261
4201,59.105,-69.758
4202,43.897,-59.972
4203,-53.697,2.2503
4204,-29.074,-91.752
4205,-6.9113,-40.579
4206,-6.8642,-52.293
4207,20.826,13.208
4208,37.677,71.238
4209,31.587,92.281
4210,-101.52,10.153
4211,-95.611,54.434
4212,-23.946,9.0866
4213,-45.807,-52.205
4214,52,-84.681
4215,18.264,-63.259
4216,48.128,-80.795
4217,50.745,59.257
4218,3.9653,17.742
4219,-103.15,7.3542
4220,40.229,32.458
4221,44.403,-34.043
4222,-12.001,-30.699
4223,37.054,-50.487
4224,-55.312,-89.336
4225,28.015,-85.275
4226,-18.038,85.478
4227,-42.586,82.133
4228,-4.1094,86.838
4229,-25.407,-46.361
4230,-26.783,78.075
4231,-65.069,-1.6281
4232,-11.453,-25.88
4233,-16.989,17.034
4234,90.907,-26.517
4235,40.778,52.824
4236,43.294,82.894
4237,39.351,-90.996
4238,35.739,-34.658
4239,-88.951,-41.913
4240,-24.067,-81.97
4241,-7.5361,-41.729
4242,60.56,-63.105
4243,86.502,-10.964
4244,14.389,92.446
4245,105.7,-44.827
4246,62.831,-19.713
4247,105.38,-47.258
4248,-16.885,9.788
4249,-13.981,16.32
4250,-28.715,84.619
4251,45.663,-72.314
4252,56.676,30.632
4253,42.551,44.126
4254,58.671,22.146
4255,104.79,-48.296
4256,-40.664,-41.482
4257,50.617,-85.972
4258,49.614,-62.285
4259,-48.303,87.012
4260,58.466,60.646
4261,-74.199,14.738
4262,-32.687,-67.687
4263,-45.995,-65.993
4264,-87.518,-55.35
4265,-46.528,-66.968
4266,81.327,-2.5135
4267,26.866,87.713
4268,71.841,-40.353
4269,-70.904,-7.2594
4270,-37.684,-59.242
4271,-18.784,-57.588
4272,51.408,-58.926
4273,54.265,-54.696
4274,54.594,-62.43
4275,27.669,88.396
4276,9.6822,96.733
4277,26.742,3.539
4278,56.27,22.857
4279,5.5376,39.046
4280,7.2678,97.27
4281,41.434,-28.003
4282,2.1942,13.951
4283,-27.611,-102
4284,79.046,-8.4496
4285,69.508,-3.0314
4286,39.83,-44.615
4287,32.199,93.764
4288,27.111,54.595
4289,-93.909,-8.0361
4290,-14.277,81.215
4291,-51.453,-1.6149
4292,50.295,-64.342
4293,60.29,-63.759
4294,24.851,-61.149
4295,43.619,-70.518
4296,9.7308,95.274
4297,7.9563,96.605
4298,13.156,9.1779
4299,25.828,-48.146
4300,-74.536,14.737
4301,-45.669,-42.952
4302,47.546,103.26
4303,34.522,-48.08
4304,25.024,87.834
4305,-12.152,93.363
4306,35.165,21.484
4307,-16.065,-7.0133
4308,-3.1742,-63.895
4309,-52.812,-1.3436
4310,21.896,92.42
4311,30.346,-33.947
4312,20.392,91.553
4313,0.11134,-80.122
4314,-22.103,-14.921
4315,-41.729,-50.943
4316,-82.416,-2.8429
4317,-25.805,-41.993
4318,21.375,-25.635
4319,53.386,-45.789
4320,54.375,-54.616
4321,-47.544,75.108
4322,43.266,28.328
4323,30.051,89.06
4324,-18.713,0.51695
4325,45.393,-65.123
4326,-69.64,-7.1472
4327,20.326,-25.131
4328,-29.143,-52.185
4329,-24.674,-52.673
4330,57.461,-67.84
4331,44.891,-85.998
4332,11.401,-46.129
4333,57.353,61.189
4334,22.022,87.462
4335,92.471,-66.856
4336,-33.557,-49.161
4337,-33.471,-48.397
4338,64.849,-44.721
4339,19.566,88.351
4340,-10.36,90.499
4341,-56.849,67.328
4342,-17.008,-5.6752
4343,104.44,-49.685
4344,0.78649,22.981
4345,-21.408,-67.99
4346,-28.179,-100.57
4347,-46.351,-66.296
4348,-40.327,-42.525
4349,89.259,-23.823
4350,48.291,-80.772
4351,32.974,86.781
4352,92.114,-67.479
4353,-37.248,-53.396
4354,52.882,-87.701
4355,55.867,-61.859
4356,-5.6727,-102.41
4357,-20.409,-79.719
4358,104.59,-49.244
4359,-45.489,-27.24
4360,33.948,-84.325
4361,49.737,-68.755
4362,-14.29,88.029
4363,48.102,-75.604
4364,15.105,-70.712
4365,21.993,-3.8755
4366,-53.855,-1.0022
4367,-64.439,12.873
4368,51.458,-75.949
4369,53.8,-83.598
4370,28.581,-37.795
4371,10.604,96.998
4372,35.325,-6.5039
4373,-25.396,-92.245
4374,-40.095,-69.275
4375,-72.368,8.6973
4376,5.8455,90.705
4377,-82.443,9.0955
4378,36.832,-91.965
4379,15.063,-67.735
4380,54.664,-57.154
4381,39.119,-91.243
4382,59.33,62.265
4383,18.62,52.652
4384,-11.062,-10.857
4385,-15.937,-1.9528
4386,-7.5821,-5.7705
4387,-27.451,-46.18
4388,-27.28,-45.654
4389,-72.496,-76.413
4390,58.286,64.004
4391,12.422,-71.904
4392,-36.861,-46.55
4393,-20.588,19.378
4394,9.742,95.605
4395,-7.5845,90.371
4396,8.7218,97.114
4397,-1.2201,84.177
4398,12.41,74.417
4399,-36.508,-64.784
4400,-56.818,6.9784
4401,27.783,-96.32
4402,35.49,-32.927
4403,19.325,-69.723
4404,33.627,-29.368
4405,32.146,-59.721
4406,-2.0112,48.846
4407,4.471,97.174
4408,-91.954,11.452
4409,-29.183,5.4837
4410,-21.954,-15.635
4411,-40.324,-67.438
4412,-8.9674,-35.694
4413,-2.5919,-85.575
4414,19.934,-65.561
4415,3.1754,59.094
4416,10.717,95.263
4417,-24.243,67.618
4418,-17.43,-24.078
4419,48.464,101.52
4420,-48.141,71.895
4421,52.512,58.416
4422,24.512,88.008
4423,-31.06,-5.1328
4424,-82.353,-27.664
4425,54.749,-57.896
4426,44.63,-42.614
4427,37.311,69.61
4428,62.34,63.728
4429,0.8261,26.622
4430,-68.98,-37.235
4431,-41.57,-65.601
4432,104.37,-49.464
4433,-88.8,9.7709
4434,54.873,60.554
4435,47.118,74.723
4436,-6.4164,-5.9376
4437,-87.719,-5.1786
4438,7.4599,5.5233
4439,-37.082,-52.786
4440,44.584,-83.735
4441,13.448,93.18
4442,58.679,62.158
4443,-17.266,77.692
4444,-30.417,29.092
4445,-7.8943,8.221
4446,-9.14,-9.9769
4447,-27.787,-49.761
4448,59.16,60.724
4449,26.468,92.171
4450,25.977,91.027
4451,-11.938,-4.612
4452,-33.98,-63.367
4453,-3.137,-44.952
4454,-104.56,30.176
4455,-97.015,4.0933
4456,92.047,-67.4
4457,-25.812,-40.304
4458,106.76,-44.685
4459,38.871,-31.638
4460,79.281,-15.809
4461,35.176,-66.144
4462,16.586,-70.116
4463,31.913,-2.3687
4464,1.0301,43.815
4465,46.915,101.17
4466,-22.974,-65.507
4467,-89.042,8.4297
4468,-82.067,21.187
4469,-25.696,-42.602
4470,40.43,-84.621
4471,21.799,-67.307
4472,54.588,-55.039
4473,23.144,-77.709
4474,50.421,-86.827
4475,45.065,28.191
4476,47.486,103.37
4477,-4.6442,-102.26
4478,-49.668,66.648
4479,33.116,-51.466
4480,21.847,87.748
4481,-88.341,33.907
4482,18.634,-65.418
4483,-11.591,-52.185
4484,-51.035,-1.9751
4485,57.308,-69.595
4486,21.712,90.707
4487,39.661,69.821
4488,-5.0816,85.62
4489,-30.267,-96.484
4490,-78.909,7.4676
4491,97.252,-57.202
4492,-33.906,-64.235
4493,8.4906,34.18
4494,9.3121,18.496
4495,34.179,-32.286
4496,76.739,-35.315
4497,-49.897,54.1
4498,-45.853,-50.795
4499,18.605,-68.771
4500,-77.197,5.4094
4501,51.519,-55.017
4502,5.2671,36.151
4503,20.272,88.948
4504,3.6286,17.344
4505,-45.246,-72.47
4506,-77.881,-57.242
4507,-28.791,-53.643
4508,-53.923,7.9807
4509,102.42,-58.784
4510,-45.253,-71.875
4511,23.152,-77.765
4512,-21.993,-24.334
4513,-28.276,78.459
4514,15.865,-40.528
4515,-5.5133,97.701
4516,-78.775,-52.469
4517,-15.44,-44.686
4518,22.954,-67.721
4519,-72.63,28.95
4520,53.873,71.107
4521,-25.946,45.007
4522,-22.573,-46.43
4523,-92.111,-48.981
4524,-9.1568,34.349
4525,-12.929,-29.809
4526,23.471,-62.804
4527,32.324,-60.328
4528,50.888,61.507
4529,31.209,30.698
4530,52.17,58.683
4531,88.255,45.461
4532,-40.881,-9.9427
4533,-34.493,-49.47
4534,59.538,-52.125
4535,47.121,-6.287
4536,8.1331,97.179
4537,2.354,25.841
4538,-31.613,90.358
4539,-21.233,71.42
4540,-11.796,-1.5766
4541,-82.307,8.7311
4542,-101.68,10.698
4543,-81.642,38.733
4544,87.354,-12.868
4545,53.801,-64.72
4546,9.4239,-61.593
4547,-61.971,64.941
4548,31.705,23.547
4549,44.685,73.2
4550,0.84993,96.556
4551,22.682,73.048
4552,35.662,67.736
4553,54.739,-24.051
4554,14.441,-93.68
4555,36.803,-32.372
4556,5.383,-64.168
4557,-7.905,8.2425
4558,32.04,-29.392
4559,-39.624,-53.736
4560,-31.129,-50.873
4561,-51.892,-56.983
4562,-45.023,-72.151
4563,-68.883,13.575
4564,33.12,-29.343
4565,-10.795,-1.0345
4566,-23.203,-73.487
4567,-66.435,-37.651
4568,49.413,102.45
4569,-25.688,-40.329
4570,38.093,74.016
4571,-27.39,90.895
4572,41.705,73.992
4573,-12.379,9.7071
4574,90.1,-58.343
4575,98.363,-65.832
4576,-58.992,-69.658
4577,-62.524,-86.643
4578,-79.493,-32.204
4579,49.835,-64.623
4580,14.854,-70.899
4581,47.626,57.468
4582,-5.5956,100.32
4583,31.999,-92.543
4584,107.15,-45.087
4585,107.12,-45.63
4586,16.758,-69.508
4587,38.632,-63.963
4588,99.838,-65.679
4589,25.547,91.375
4590,49.501,41.178
4591,-88.104,30.835
4592,41.211,-52.046
4593,78.441,-53.402
4594,40.041,-90.36
4595,2.3277,61.183
4596,47.392,70.77
4597,4.8207,95.322
4598,-91.096,4.8664
4599,54.543,-82.664
4600,33.84,-59.554
4601,45.85,-4.6723
4602,-14.919,95.604
4603,41.261,73.577
4604,-31.243,0.50196
4605,13.636,-46.871
4606,26.148,-89.431
4607,-54.378,-68.408
4608,-36.372,-18.123
4609,-30.41,-96.232
4610,75.965,-45.622
4611,44.061,-71.43
4612,53.484,-30.908
4613,80.856,-44.153
4614,-2.9851,-61.363
4615,-61.635,-31.734
4616,90.826,-60.928
4617,-36.333,-54.248
4618,49.872,-80.431
4619,32.794,-21.229
4620,26.27,-62.806
4621,-47.85,68.681
4622,5.9956,57.459
4623,100.54,-59.388
4624,81.775,-44.146
4625,63.1,-16.392
4626,-39.154,-92.624
4627,92.109,-67.409
4628,-76.109,5.0858
4629,-10.128,92.511
4630,28.752,-83.92
4631,49.569,26.428
4632,-8.2524,-2.7777
4633,-99.896,-13.339
4634,-14.112,-71.815
4635,48.407,-86.835
4636,29.356,87.754
4637,29.686,88.727
4638,31.555,25.419
4639,15.369,-45.376
4640,-76.669,-23.677
4641,15.168,-67.977
4642,20.746,-78.234
4643,34.001,-59.547
4644,5.397,-63.089
4645,57.854,60.868
4646,-29.762,-44.33
4647,-35.301,-62.788
4648,61.893,7.7787
4649,-100.57,10.481
4650,-30.379,-94.181
4651,-46.73,-51.014
4652,12.424,-59.406
4653,1.2189,-64.158
4654,29.886,88.854
4655,8.4588,99.455
4656,2.0361,38.696
4657,8.5788,24.829
4658,-60.453,7.4035
4659,-23.851,-32.974
4660,-41.992,-72.604
4661,88.898,-11.287
4662,42.104,70.837
4663,49.489,70.106
4664,51.502,69.879
4665,50.892,73.413
4666,95.267,-50.731
4667,-69.192,15.965
4668,-33.421,-79.634
4669,-35.184,-44.882
4670,-29.221,-94.296
4671,79.501,-8.8308
4672,37.792,21.113
4673,58.032,62.796
4674,10.766,98.35
4675,108.32,-44.101
4676,103.16,-49.802
4677,96.88,-62.342
4678,-99.366,28.806
4679,36.265,-96.034
4680,-41.839,65.178
4681,45.491,-45.396
4682,71.06,53.352
4683,-85.71,5.0096
4684,-31.224,-76.758
4685,-71.48,-37.451
4686,44.783,-73.436
4687,45.958,-4.6089
4688,26.422,89.15
4689,28.619,-46.543
4690,108.51,-43.811
4691,57.915,-35.497
4692,9.634,-57.372
4693,71.506,-47.8
4694,48.411,-67.49
4695,31.829,-29.671
4696,52.317,-82.51
4697,52.859,52.245
4698,-48.4,-69.642
4699,-83.436,-23.026
4700,37.584,-64.691
4701,34.561,-32.553
4702,15.041,-50.586
4703,-62.605,79.054
4704,0.39424,15.873
4705,10.864,-36.377
4706,-70.111,-5.8655
4707,-69.549,-2.5838
4708,8.3288,11.689
4709,44.936,-83.81
4710,20.023,-56.298
4711,52.064,-86.301
4712,33.367,-63.867
4713,23.102,93.666
4714,37.594,73.202
4715,21.083,91.145
4716,-3.7582,1.3869
4717,98.415,-59.074
4718,57.76,-28.758
4719,-16.015,-26.503
4720,-45.021,-69.488
4721,46.806,-1.9324
4722,-79.102,0.42422
4723,60.188,-27.767
4724,16.628,-3.5529
4725,-73.738,1.6039
4726,-40.139,0.79473
4727,-74.237,-12.836
4728,48.261,-66.149
4729,17.398,-48.432
4730,-22.625,85.407
4731,8.5243,93.934
4732,37.963,8.0164
4733,33.642,63.09
4734,104.61,-55.479
4735,13.56,18.957
4736,76.955,10.05
4737,106.13,-52.624
4738,40.655,-35
4739,25.579,-96.098
4740,27.776,-48.555
4741,15.196,49.99
4742,18.686,-45.929
4743,29.454,-46.305
4744,-19.653,-93.657
4745,-4.2441,27.511
4746,75.923,-0.81583
4747,75.075,-48.928
4748,-45.114,83.459
4749,38.459,21.123
4750,51.358,74.8
4751,-65.186,-33.835
4752,-58.296,-82.12
4753,-84.211,-12.822
4754,38.273,-91.098
4755,103.83,-51.188
4756,54.651,-70.929
4757,40.59,-44.814
4758,-14.203,-8.3588
4759,-86.684,-42.099
4760,-29.229,-47.92
4761,-94.198,1.1391
4762,20.576,-25.509
4763,-55.177,-11.375
4764,-83.68,0.39355
4765,50.657,-64.036
4766,46.886,74.611
4767,29.65,6.9546
4768,30.338,-88.737
4769,-77.874,8.8812
4770,-72.543,5.9863
4771,-104.87,26.643
4772,-57.413,-87.654
4773,-11.227,94.683
4774,30.104,87.642
4775,99.476,41.415
4776,40.302,-48.864
4777,-85.151,-2.0678
4778,39.163,-71.355
4779,-2.4275,60.481
4780,2.2766,40.797
4781,-20.322,-93.56
4782,59.115,-23.935
4783,77.476,9.9364
4784,55.013,-25.566
4785,25.615,6.3628
4786,57.397,61.116
4787,-2.0995,23.239
4788,10.706,56.871
4789,56.962,59.116
4790,5.0329,52.565
4791,-6.9082,93.572
4792,-4.9333,-26.795
4793,-38.084,-52.21
4794,-26.746,-94.168
4795,-65.543,8.7018
4796,41.028,-82.348
4797,52.937,-66.283
4798,43.983,-71.364
4799,27.755,50.687
4800,-33.176,87.365
4801,-86.79,-1.4022
4802,-33.894,-93.768
4803,-42.511,-76.297
4804,48.377,-86.175
4805,17.981,-64.965
4806,-25.779,4.9079
4807,-32.933,-5.6598
4808,19.68,-69.047
4809,47.494,74.666
4810,40.405,73.104
4811,58.291,62.666
4812,-39.2,-75.196
4813,106.64,-47.618
4814,-45.538,-65.538
4815,51.985,-86.487
4816,19.309,90.532
4817,-6.109,90.488
4818,52.025,69.473
4819,42.914,87.257
4820,32.142,63.438
4821,32.637,-81.661
4822,-26.729,-26.451
4823,-53.162,7.9316
4824,-2.9253,-61.857
4825,41.352,-51.365
4826,23.079,-62.42
4827,75.113,-46.099
4828,6.0278,-46.42
4829,-61.073,-33.791
4830,-32.98,-79.249
4831,-21.409,-43.744
4832,-33.074,-50.878
4833,-68.994,27.034
4834,-46.111,-67.845
4835,22.806,-58.1
4836,-6.5707,-88.476
4837,92.901,-64.542
4838,36.295,21.244
4839,3.8429,-66.297
4840,37.394,74.197
4841,19.863,-45.967
4842,39.125,72.878
4843,-13.296,-2.5456
4844,-71.228,-76.752
4845,35.617,68.366
4846,-60.115,69.919
4847,-18.057,-46.618
4848,-53.265,-46.166
4849,61.916,-63.04
4850,-2.9587,-55.115
4851,59.512,-51.507
4852,-4.1618,46.719
4853,5.6101,50.968
4854,-90.104,-7.396
4855,-50.873,-54.653
4856,1.2469,23.393
4857,49.325,-25.966
4858,-74.335,-0.46997
4859,31.179,-56.71
4860,-23.389,81.704
4861,-38.38,85.135
4862,-13.16,-5.4881
4863,104.6,-55.498
4864,21.099,-24.913
4865,-78.918,6.6721
4866,61.266,-53.725
4867,-22.459,18.26
4868,8.8782,94.464
4869,51.561,63.22
4870,-27.956,-83.86
4871,-100.25,9.5142
4872,-55.254,-0.5341
4873,50.224,-64.407
4874,43.132,-48.503
4875,15.4,-68.199
4876,46.249,87.434
4877,-96.512,-2.6188
4878,53.286,71.263
4879,105.85,-49.779
4880,-8.5879,-4.0307
4881,-71.615,15.378
4882,-65.174,44.233
4883,37.195,21.806
4884,31.379,15.951
4885,8.8459,95.444
4886,-58.936,20.221
4887,-64.857,16.808
4888,3.4382,-58.281
4889,54.084,60.358
4890,21.446,91.129
4891,-29.755,51.532
4892,46.691,72.044
4893,13.46,-35.594
4894,-38.735,-51.33
4895,-90.77,5.0485
4896,-91.087,-1.4212
4897,61.063,-53.611
4898,78.363,-56.541
4899,2.0147,-59.039
4900,-24.894,84.108
4901,25.654,-91.979
4902,20.019,-63.578
4903,-95.289,11.005
4904,31.618,-68.415
4905,43.938,-70.992
4906,36.283,-95.864
4907,31.738,-42.938
4908,36.8,71.85
4909,34.119,65.245
4910,6.3996,57.823
4911,-30.987,-50.852
4912,-75.936,12.837
4913,103.73,-52.002
4914,51.559,-30.524
4915,40.27,-87.181
4916,35.142,20.343
4917,50.459,79.369
4918,-40.829,-91.554
4919,-77.845,9.1737
4920,4.0005,20.445
4921,102.17,-58.922
4922,42.726,23.301
4923,37.204,-91.195
4924,19.816,-68.45
4925,21.246,-85.09
4926,39.958,68.333
4927,56.963,63.41
4928,-27.705,-46.823
4929,-103.26,-2.2608
4930,-72.892,-25.463
4931,19.067,-52.317
4932,-29.425,90.81
4933,-53.14,0.18151
4934,18.782,10.222
4935,-61.666,35.856
4936,14.797,10.894
4937,69.268,-58.894
4938,36.352,-53.19
4939,22.021,87.871
4940,9.1239,97.024
4941,76.62,-42.816
4942,8.579,18.781
4943,-75.898,18.314
4944,-40.161,-68.215
4945,76.566,-45.671
4946,38.718,-22.373
4947,19.663,-68.883
4948,1.4138,63.773
4949,45.47,-44.136
4950,-7.0535,-93.61
4951,-88.933,8.7838
4952,51.818,-80.724
4953,-40.978,-55.862
4954,28.198,-82.953
4955,43.269,29.796
4956,-2.3358,42.386
4957,-10.017,94.982
4958,59.764,63.883
4959,52.756,60.447
4960,-12.433,90.803
4961,55.649,28.543
4962,-36.785,-59.08
4963,-65.632,-82.296
4964,53.262,-89.904
4965,97.342,-61.707
4966,-37.674,-44.183
4967,-38.719,-92.996
4968,78.164,-55.886
4969,-9.9909,27.471
4970,42.605,18.834
4971,-2.619,93.861
4972,-50.794,76.955
4973,52.936,-69.112
4974,3.1871,96.708
4975,8.4905,25.273
4976,-65.629,-34.685
4977,-90.609,4.7784
4978,-25.219,-41.78
4979,-54.628,-46.343
4980,30.112,-46.86
4981,15.604,8.0988
4982,-34.332,-93.89
4983,33.485,-77.58
4984,-51.924,54.415
4985,-58.785,15.2
4986,-85.736,14.613
4987,49.406,59.01
4988,64.695,-39.192
4989,36.272,-11.669
4990,63.985,25.568
4991,-50.758,-59.832
4992,12.754,8.7139
4993,40.543,73.641
4994,22.997,88.448
4995,54.528,71.555
4996,-1.7382,50.124
4997,-35.131,-64.186
4998,86.606,-15.349
4999,17.882,-36.831
5000,-63.141,-86.236
5001,-42.417,-72.842
5002,87.389,-28.757
5003,-65.889,-37.693
5004,-33.856,-39.745
5005,-76.997,12.256
5006,37.744,-87.423
5007,57.948,-71.323
5008,48.979,-61.258
5009,37.653,-86.121
5010,-52.597,80.062
5011,105.89,-48.58
5012,-48.994,-50.714
5013,-10.31,46.905
5014,-20.21,-107.73
5015,76.857,9.7878
5016,-14.18,89.266
5017,-94.148,0.33528
5018,7.2794,-45.921
5019,2.2518,-62.041
5020,24.171,-42.17
5021,-6.7155,57.187
5022,58.219,-32.011
5023,-14.281,-42.627
5024,23.418,23.65
5025,-31.703,84.192
5026,-7.6619,95.862
5027,-48.292,-50.26
5028,-96.387,52.091
5029,20.676,-25.412
5030,-67.384,16.108
5031,11.947,14.569
5032,-74.863,-1.0519
5033,46.177,-72.973
5034,78.651,-8.0126
5035,15.969,-63.461
5036,18.012,-68.971
5037,-13.556,15.784
5038,4.6181,97.272
5039,-31.384,83.559
5040,-21.563,-17.794
5041,23.254,-95.46
5042,43.83,-73.264
5043,76.711,-33.654
5044,31.97,63.506
5045,38.951,72.674
5046,-4.9323,88.361
5047,27.97,-44.97
5048,5.8715,-65.525
5049,-7.8985,26.052
5050,36.151,66.354
5051,15.125,7.9217
5052,-89.493,-1.6763
5053,-23.549,28.096
5054,49.323,8.9939
5055,58.67,-18.423
5056,-72.541,6.3366
5057,-65.326,19.309
5058,-13.556,89.521
5059,59.723,-75.896
5060,-29.14,93.202
5061,28.678,87.234
5062,38.188,68.779
5063,-44.508,-52.511
5064,-7.579,30.936
5065,-67.746,-38.066
5066,20.51,-25.533
5067,42.658,-86.066
5068,27.559,88.333
5069,-10.444,46.754
5070,49.426,-25.933
5071,-91.808,-5.7178
5072,63.67,-30.208
5073,-34.302,81.978
5074,-47.836,-50.673
5075,-82.613,-22.672
5076,4.5254,49.939
5077,39.505,20.333
5078,31.502,18.731
5079,0.85829,96.564
5080,33.205,-67.805
5081,14.845,32.807
5082,-42.364,-49.402
5083,-90.518,-1.5892
5084,86.131,-20.632
5085,21.419,-69.381
5086,46.888,-26.603
5087,59.535,-77.46
5088,-19.813,-25.156
5089,-31.985,22.184
5090,-43.419,-62.771
5091,-15.391,-40.906
5092,-96.417,2.5163
5093,-26.312,-41.707
5094,-90.117,4.9907
5095,-14.211,91.072
5096,4.3524,50.24
5097,-14.827,-74.497
5098,-17.401,-19.868
5099,34.539,65.311
5100,52.107,52.225
5101,-33.509,88.434
5102,-64.645,75.3
5103,36.836,-34.623
5104,-82.978,-40.803
5105,62.928,9.4845
5106,-28.959,-48.648
5107,76.7,-32.696
5108,22.979,6.7073
5109,26.178,40.606
5110,56.226,73.167
5111,34.837,5.4493
5112,22.772,-25.295
5113,-42.949,-73.033
5114,-71.959,13.6
5115,-84.639,-16.011
5116,-63.614,-85.841
5117,48.418,-80.698
5118,34.622,-76.489
5119,46.634,22.246
5120,29.221,-83.593
5121,74.025,30.621
5122,-42.711,-61.817
5123,-100.44,6.6499
5124,-86.537,-1.7972
5125,64.511,-25.028
5126,58.133,63.98
5127,37.268,5.2202
5128,-41.317,69.334
5129,-38.073,-77.449
5130,-88.117,2.1172
5131,24.898,-61.321
5132,75.864,1.7245
5133,34.876,-89.685
5134,58.021,62.452
5135,31.912,-60.256
5136,-5.0307,54.845
5137,12.556,8.4119
5138,58.796,-26.682
5139,-25.814,-40.317
5140,-96.932,6.3154
5141,17.212,-72.161
5142,29.933,14.585
5143,52.437,-17.987
5144,27.539,87.588
5145,31.002,22.263
5146,30.245,51.912
5147,-0.076689,18.497
5148,35.031,71.983
5149,38.155,20.959
5150,-23.982,72.743
5151,26.132,87.681
5152,39.813,70.346
5153,-13.591,9.5565
5154,57.834,-32.73
5155,-82.803,4.353
5156,56.875,-35.154
5157,51.629,57.755
5158,-23.054,-44.408
5159,29.356,-95.518
5160,58.964,-55.844
5161,-1.3599,-59.372
5162,19.787,82.32
5163,-9.6512,93.781
5164,19.375,90.437
5165,44.466,86.697
5166,54.266,59.864
5167,-38.02,-77.03
5168,30.845,6.3846
5169,19.155,-68.854
5170,78,-38.4
5171,80.539,-8.9556
5172,64.556,6.4728
5173,-33.919,79.865
5174,-63.253,-68.196
5175,-6.3783,26.139
5176,-9.5986,57.499
5177,-6.819,91.543
5178,37.466,16.358
5179,-81.304,-39.897
5180,-21.806,-15.786
5181,-88.936,-41.903
5182,3.302,-64.394
5183,-4.6462,-103.15
5184,-43.924,-72.973
5185,-70.026,-13.992
5186,92.716,-66.344
5187,62.534,-64.985
5188,82.838,-36.928
5189,31.421,3.2627
5190,35.12,71.809
5191,36.46,17.644
5192,42.463,-76.542
5193,-9.0548,-0.12147
5194,-75.621,17.997
5195,-1.9075,-52.378
5196,-97.472,-29.453
5197,-1.5566,59.164
5198,68.094,-23.888
5199,47.433,-26.535
5200,-81.886,1.4142
5201,27.511,-83.072
5202,105.24,-49.365
5203,37.638,22.952
5204,50.335,61.518
5205,-45.721,-30.675
5206,-0.8067,-60.78
5207,-87.097,-0.40453
5208,22.905,-47.453
5209,40.153,71.759
5210,75.995,-36.349
5211,-31.054,-77.039
5212,-26.956,-26.277
5213,-45.472,-42.475
5214,49.415,-75.414
5215,52.257,2.091
5216,29.698,-80.481
5217,41.183,-71.741
5218,-12.403,9.7447
5219,78.831,-53.101
5220,28.022,4.0569
5221,47.087,-87.406
5222,52.006,70.107
5223,-11.135,-16.937
5224,-99.097,9.1852
5225,-38.543,-76.089
5226,-39.505,-69.899
5227,-84.028,9.0771
5228,-69.032,-15.584
5229,37.5,14.727
5230,31.518,-61.391
5231,-87.578,-0.41039
5232,35.796,-53.108
5233,20.432,13.149
5234,44.354,22.511
5235,87.89,-40.768
5236,-8.383,-2.7215
5237,-88.936,-41.903
5238,29.416,-47.253
5239,96.414,-64.4
5240,12.248,-41.436
5241,42.465,6.5985
5242,13.724,92.063
5243,16.511,9.4381
5244,-88.344,43.166
5245,-22.677,-46.851
5246,91.693,-21.62
5247,-30.531,80.84
5248,-42.064,-64.564
5249,-43.869,-73.067
5250,-72.111,-43.898
5251,54.326,-64.883
5252,55.763,-62.566
5253,42.55,19.149
5254,43.494,77.058
5255,-49.73,81.538
5256,106.69,10.296
5257,-46.994,-24.86
5258,-84.808,1.0499
5259,-12.265,-71.036
5260,-11.736,-33.508
5261,-14.666,-74.856
5262,-39.211,-52.256
5263,67.138,58.065
5264,59.178,62.163
5265,73.492,-55.073
5266,36.252,-95.826
5267,49.373,35.737
5268,22.804,90.165
5269,-71.226,-63.551
5270,-35.542,-42.623
5271,2.8907,-58.052
5272,6.8924,54.915
5273,22.299,9.4702
5274,-100.58,-2.1252
5275,-68.831,-6.7794
5276,-27.081,-45.48
5277,58.107,-34.359
5278,21.435,-77.739
5279,-10.257,47.657
5280,43.278,-69.044
5281,35.266,22.439
5282,33.562,-66.465
5283,-3.8193,81.225
5284,36.395,73.993
5285,3.7002,48.615
5286,-16.858,82.638
5287,-2.0323,84.589
5288,-7.7765,-33.089
5289,-90.454,25.801
5290,-91.416,9.5784
5291,22.154,6.9104
5292,-2.2907,-92.001
5293,76.816,-58.495
5294,56.93,-21.373
5295,-28.369,88.654
5296,21.682,92.436
5297,-7.4437,95.863
5298,66.617,87.078
5299,66.029,-50.625
5300,34.343,-11.121
5301,-31.389,-48.786
5302,24.562,-60.789
5303,58.533,51.972
5304,13.868,15.547
5305,18.509,66.111
5306,5.9791,40.162
5307,51.71,11.176
5308,-81.624,38.462
5309,-85.434,-0.72305
5310,-29.067,67.434
5311,24.006,-41.771
5312,53.475,-18.506
5313,9.3108,-61.006
5314,-15.085,14.446
5315,21.908,-64.855
5316,43.752,68.641
5317,7.4961,17.683
5318,-90.027,4.8769
5319,-27.914,-83.796
5320,-73.584,6.9717
5321,0.35314,-54.814
5322,13.574,8.9338
5323,47.171,-87.249
5324,29.562,10.038
5325,11.754,-46.576
5326,27.426,62.447
5327,47.119,70.571
5328,-3.7593,86.625
5329,13.884,18.209
5330,-59.596,61.36
5331,13.493,9.1957
5332,59.699,58.703
5333,103.79,-52.404
5334,-3.0675,-33.906
5335,20.214,-22.233
5336,-51.088,78.924
5337,76.183,-6.0539
5338,5.5133,51.186
5339,6.1106,58.376
5340,60.097,-30.934
5341,22.939,-43.736
5342,-65.105,-34.313
5343,-41.421,-64.864
5344,-4.7825,-55.495
5345,52.101,-18.786
5346,10.275,97.863
5347,-22.128,10.172
5348,55.382,-52.867
5349,87.623,-19.164
5350,15.165,-70.23
5351,23.267,-63.385
5352,38.2,18.205
5353,43.433,-84.774
5354,-18.825,18.909
5355,19.884,-79.022
5356,47.375,70.473
5357,9.6612,-56.749
5358,-11.98,8.883
5359,-38.58,-73.122
5360,-42.55,-50.53
5361,79.009,-37.319
5362,-11.989,19.491
5363,36.597,23.244
5364,52.785,8.6786
5365,40.553,-44.83
5366,25.774,-84.697
5367,-90.146,-1.6123
5368,14.806,15.989
5369,21.893,-65.104
5370,46.906,-69.931
5371,-75.585,14.183
5372,9.5569,13.319
5373,-2.5835,40.405
5374,-25.266,68.188
5375,81.494,-50.953
5376,96.651,44.81
5377,29.143,-35.095
5378,-63.669,74.991
5379,-69.56,66.317
5380,-73.695,-31.133
5381,34.065,-62.902
5382,-14.611,27.358
5383,-26.737,-92.317
5384,26.346,-1.0146
5385,55.475,60.17
5386,36.61,18.791
5387,35.553,73.463
5388,12.24,-41.864
5389,37.859,-87.241
5390,-44.034,-73.75
5391,55.055,60.043
5392,-48.326,78.77
5393,93.464,-40.101
5394,-2.4915,-55.949
5395,18.67,-45.623
5396,33.801,-52.609
5397,32.922,78.395
5398,39.049,13.943
5399,-88.934,-41.902
5400,-24.068,71.684
5401,61.409,-43.731
5402,-58.885,-87.066
5403,-7.8004,92.21
5404,108.34,-43.895
5405,-43.95,-46.648
5406,-101.2,9.2265
5407,-69.647,24.929
5408,27.622,30.171
5409,-25.624,61.692
5410,-4.7855,58.639
5411,-11.877,-54.648
5412,26.689,-92.77
5413,43.73,71.829
5414,-13.489,96.29
5415,-31.1,-50.731
5416,-74.284,-20.782
5417,-31.93,-74.604
5418,-28.282,-100.33
5419,28.265,-83.806
5420,38.63,-30.561
5421,-23.337,11.506
5422,-5.5412,36.922
5423,-0.18772,54.261
5424,37.994,14.103
5425,-11.358,-66.087
5426,97.298,-60.657
5427,-30.013,-57.929
5428,-49.919,81.103
5429,64.648,-21.77
5430,2.5806,-38.17
5431,41.156,73.55
5432,49.682,-82.137
5433,-30.532,-4.2102
5434,-73.46,-27.843
5435,42.214,-85.077
5436,107.89,-48.513
5437,-97.522,-13.003
5438,73.991,50.845
5439,-5.2167,59.04
5440,-27.303,-102.39
5441,-32.095,-93.031
5442,26.866,-48.477
5443,4.4537,54.073
5444,-29.949,80.893
5445,53.921,-20.287
5446,-63.357,-35.939
5447,32.066,63.123
5448,-3.1472,-46.719
5449,34.184,-89.86
5450,45.69,1.6172
5451,62.126,64.44
5452,39.626,24.778
5453,33.529,-74.05
5454,30.574,-61.99
5455,13.726,97.946
5456,33.957,-80.751
5457,43.547,-47.149
5458,57.628,-32.464
5459,6.2948,53.521
5460,38.304,82.675
5461,69.656,49.281
5462,-67.424,-81.014
5463,-17.136,91.275
5464,33.145,-71.964
5465,-65.11,-1.8507
5466,-17.116,-36.372
5467,-29.069,80.968
5468,5.7742,51.566
5469,11.289,-39.586
5470,53.616,-86.006
5471,31.092,21.505
5472,-28.919,78.631
5473,30.765,-46.936
5474,69.26,-20.454
5475,-103.39,7.2827
5476,-33.779,-53.747
5477,-2.9651,-62.066
5478,9.2037,-45.146
5479,-64.97,-37.998
5480,66.162,-57.583
5481,-23.189,70.169
5482,-20.427,18.63
5483,-18.048,11.933
5484,42.447,13.151
5485,49.731,-57.246
5486,-35.056,95.163
5487,58.94,62.457
5488,-42.74,36.931
5489,11.448,9.8606
5490,26.985,-19.21
5491,-96.614,2.9461
5492,-9.185,46.728
5493,9.4541,97.717
5494,-42.842,-42.194
5495,23.086,-51.412
5496,27.247,-44.278
5497,-21.088,9.3253
5498,10.477,35.064
5499,21.711,-43.638
5500,14.769,-54.775
5501,35.729,-75.967
5502,2.5613,54.737
5503,49.313,68.977
5504,25.051,-40.954
5505,63.94,-28.767
5506,19.142,8.3128
5507,5.3558,51.362
5508,-54.742,62.84
5509,-12.723,16.658
5510,69.484,-19.376
5511,107.31,-46.628
5512,29.213,35.257
5513,50.953,12.657
5514,6.6381,38.373
5515,39.985,69.053
5516,52.774,-56.445
5517,3.1195,-56.527
5518,-16.382,83.666
5519,-39.016,-12.768
5520,37.78,46.755
5521,93.909,-60.123
5522,105.49,-50.012
5523,-9.032,-44.351
5524,-18.541,-36.555
5525,9.47,-19.395
5526,19.413,-25.361
5527,-8.9831,34.095
5528,52.652,-66.926
5529,65.886,58.306
5530,-70.13,69.911
5531,62.072,56.971
5532,44.246,-45.72
5533,-75.095,15.995
5534,-42.768,-61.97
5535,41.027,74.521
5536,-2.9646,86.374
5537,-28.595,88.962
5538,-32.929,-78.904
5539,14.142,-55.578
5540,-73.693,52.868
5541,-47.703,62.603
5542,-11.125,-2.6791
5543,-28.643,-48.196
5544,-29.096,-90.466
5545,-19.279,67.706
5546,46.316,-42.717
5547,82.927,-45.967
5548,32.235,-21.707
5549,60.571,69.91
5550,18.557,10.279
5551,43.829,3.4497
5552,-90.517,-7.7149
5553,-72.062,6.9106
5554,12.278,96.692
5555,-15.776,86.896
5556,23.276,90.19
5557,-64.259,-4.0178
5558,49.364,-82.272
5559,-55.652,-87.989
5560,-54.845,68.331
5561,-47.64,68.693
5562,54.947,-67.565
5563,37.806,21.199
5564,10.624,98.493
5565,-15.274,86.803
5566,-78.091,1.2453
5567,-69.89,-4.1623
5568,-53.194,-56.313
5569,22.193,-22.472
5570,8.0731,52.674
5571,15.418,-43.812
5572,47.92,-20.338
5573,41.4,-41.602
5574,49.034,-63.049
5575,50.816,-53.973
5576,-22.268,85.165
5577,38.281,17.895
5578,15.332,-36.001
5579,-32.132,12.527
5580,22.518,-63.26
5581,50.704,-59.12
5582,-33.728,-48.3
5583,35.57,61.349
5584,13.696,-47.313
5585,1.1263,43.871
5586,48.197,37.398
5587,-19.914,-93.591
5588,72.744,-46.092
5589,45.883,-72.668
5590,92.714,-57.4
5591,51.801,61.702
5592,44.009,-71.77
5593,-55.852,-68.442
5594,-43.051,-46.242
5595,-47.403,63.783
5596,-42.377,-42.324
5597,100.16,-65.984
5598,12.423,-49.05
5599,35.215,-68.417
5600,-37.699,43.499
5601,-35.324,-42.517
5602,-38.68,46.954
5603,-43.525,-42.644
5604,35.092,66.988
5605,53.156,23.003
5606,39.086,69.826
5607,18.317,10.246
5608,56.362,60.456
5609,12.898,94.101
5610,-41.696,-64.617
5611,-18.236,9.8039
5612,30.931,-71.456
5613,2.0329,-62.458
5614,-14.275,86.592
5615,59.4,-45.723
5616,67.555,-22.783
5617,-3.433,57.958
5618,41.436,-49.103
5619,53.674,71.507
5620,1.3811,39.42
5621,59.822,63.72
5622,21.68,-46.812
5623,12.142,-38.164
5624,4.7043,-77.615
5625,-48.342,-70.21
5626,32.495,43.748
5627,-21.683,67.952
5628,7.3547,7.1363
5629,59.888,63.938
5630,54.896,-60.215
5631,41.808,-80.746
5632,26.731,-45.698
5633,-30.883,-95.288
5634,-24.162,-51.777
5635,-38.591,-46.787
5636,-44.542,-39.875
5637,3.3768,8.7639
5638,-97.331,15.784
5639,-5.7605,-5.9435
5640,-43.219,-72.132
5641,-19.101,17.724
5642,-12.978,89.763
5643,90.127,-55.026
5644,-14.537,-94.051
5645,99.841,-67.358
5646,-84.14,-4.1362
5647,47.157,49.094
5648,-31.898,83.969
5649,100.72,-66.266
5650,2.0834,-64.419
5651,-48.107,72.488
5652,13.709,34.877
5653,34.53,-59.212
5654,64.866,-29.217
5655,-69.224,-3.9981
5656,67.415,55.461
5657,10.771,95.658
5658,-65.193,2.02
5659,-17.617,-29.318
5660,52.188,70.838
5661,17.726,58.574
5662,14.064,92.274
5663,51.647,-19.714
5664,48.326,-79.848
5665,-37.604,58.175
5666,3.6636,62.111
5667,25.01,72.361
5668,51.844,-18.998
5669,99.847,-65.695
5670,-18.586,14.194
5671,-29.05,-2.6647
5672,24.638,-59.107
5673,19.46,-79.794
5674,104.57,-45.228
5675,-27.543,-102.02
5676,-33.451,-48.608
5677,38.925,70.752
5678,-18.819,68.79
5679,12.18,96.257
5680,-39.779,79.163
5681,82.037,-27.448
5682,-54.683,-88.708
5683,8.6386,18.608
5684,21.242,-40.002
5685,47.582,29.944
5686,48.202,-26.065
5687,43.849,18.335
5688,11.506,97.524
5689,42.109,76.676
5690,-95.211,1.0462
5691,-34.218,-32.633
5692,5.5388,39.474
5693,91.446,-26.132
5694,34.92,-66.284
5695,-33.918,-33.727
5696,29.777,-0.12046
5697,59.555,-24.442
5698,-92.776,-47.903
5699,-29.563,-43.183
5700,12.857,99.096
5701,40.984,73.655
5702,-92.787,-0.34004
5703,-28.894,-93.071
5704,-5.2692,-39.154
5705,7.4248,16.19
5706,6.1003,52.055
5707,-4.2603,-45.27
5708,-29.542,-43.462
5709,-95.801,2.5779
5710,31.685,-92.157
5711,-31.01,-65.547
5712,-39.711,37.803
5713,39.331,18.964
5714,-25.037,70.443
5715,56.64,-49.665
5716,51.991,60.325
5717,42.527,29.759
5718,-88.935,-41.901
5719,-11.058,-1.4026
5720,-55.886,-77.766
5721,35.11,1.7822
5722,50.021,62.948
5723,24.094,-61.016
5724,-57.88,15.683
5725,100.63,-61.504
5726,75.342,-57.79
5727,-1.2755,51.032
5728,-1.5031,93.413
5729,35.437,-81.638
5730,17.569,-47.008
5731,-35.453,-53.053
5732,-33.766,-49.215
5733,-64.752,4.812
5734,48.519,-86.639
5735,-16.4,82.808
5736,68.73,62.85
5737,23.648,-42.384
5738,20.761,-78.251
5739,-47.705,-87.84
5740,-37.574,-42.35
5741,32.325,-85.714
5742,-78.008,6.4681
5743,40.053,-48.803
5744,55.181,-56.521
5745,68.5,-56.1
5746,15.367,9.902
5747,106.31,-46.167
5748,-18.442,12.866
5749,8.3382,-58.296
5750,26.275,71.825
5751,13.605,20.052
5752,-43.144,45.537
5753,-8.9999,33.833
5754,-11.519,-17.111
5755,-60.708,-78.572
5756,-64.817,-3.1417
5757,90.235,45.059
5758,-20.996,76.086
5759,-44.188,-66.113
5760,-8.4076,12.507
5761,38.936,-22.318
5762,99.425,-65.397
5763,8.0657,-61.438
5764,10.254,-46.532
5765,12.834,94.491
5766,11.799,37.129
5767,37.73,46.746
5768,21.746,-44.052
5769,87.74,45.916
5770,89.574,-40.461
5771,52.85,-60.733
5772,-35.254,-52.938
5773,58.414,18.045
5774,-56.296,-78.542
5775,34.951,65.473
5776,-72.74,-0.58955
5777,26.858,-91.56
5778,72.782,14.363
5779,99.182,-62.993
5780,-82.51,-6.2999
5781,22.831,-6.4235
5782,1.4333,-28.128
5783,-71.967,-2.0739
5784,-66.687,-2.3436
5785,9.9324,98.706
5786,-4.407,87.267
5787,36.685,6.6502
5788,-18.856,20.565
5789,36.501,-49.791
5790,-60.054,-14.963
5791,31.889,-57.889
5792,50.662,-64.558
5793,-7.8218,90.133
5794,48.851,70.104
5795,-20.798,72.599
5796,48.259,3.2495
5797,-48.087,67.137
5798,41.96,-46.337
5799,-59.567,20.875
5800,-7.4055,95.751
5801,-42.653,66.398
5802,3.5935,93.597
5803,-74.608,-22.349
5804,35.543,-84.105
5805,-52.466,78.392
5806,57.389,-19.879
5807,18.875,90.475
5808,35.415,60.961
5809,-1.9535,36.437
5810,-95.598,1.5774
5811,9.2444,97.745
5812,-71.29,25.676
5813,-4.7473,-54.265
5814,50.958,0.23741
5815,-66.859,-81.195
5816,13.52,47.684
5817,-2.1033,59.423
5818,69.605,38.04
5819,7.389,29.843
5820,-10.733,86.847
5821,54.987,58.583
5822,51.225,63.749
5823,79.368,-30.027
5824,35.03,-89.911
5825,-14.288,14.338
5826,-73.614,72.726
5827,-41.369,73.182
5828,43.657,-85.738
5829,-12.91,-57.063
5830,9.6601,-39.156
5831,-12.142,19.272
5832,-55.19,-44.45
5833,-3.8886,53.376
5834,-21.027,12.3
5835,-51.718,-84.142
5836,-20.158,13.41
5837,44.109,102.77
5838,-20.222,18.403
5839,11.622,17.521
5840,47.587,18.753
5841,-33.357,-50.938
5842,-13.43,50.306
5843,37.547,72.221
5844,-81.761,-10.956
5845,35.876,-79.515
5846,-18.708,13.924
5847,41.394,-49.268
5848,30.773,24.054
5849,-31.195,-70.902
5850,28.046,88.36
5851,5.9233,51.408
5852,35.013,-34.091
5853,-43.907,82.757
5854,-20.32,76.328
5855,-8.391,15.011
5856,-3.8341,53.308
5857,19.682,-40.775
5858,-16.011,-78.935
5859,-23.814,38.931
5860,9.1625,97.228
5861,-91.983,-7.814
5862,13.983,14.93
5863,16.033,-43.209
5864,51.672,-76.921
5865,30.905,9.6107
5866,32.366,44.207
5867,106.81,-47.2
5868,-85.937,1.5703
5869,91.012,-29.25
5870,3.5987,23.315
5871,-37.244,-22.641
5872,54.757,-12.1
5873,-10.984,100.97
5874,47.817,52.279
5875,88.004,-24.011
5876,13.791,34.92
5877,30.348,-72.788
5878,84.33,-8.1784
5879,66.2,-60.708
5880,-28.66,-46.417
5881,24.383,90.154
5882,-17.852,62.057
5883,106.44,-49.996
5884,-88.49,-1.8921
5885,-6.4324,93.021
5886,34.822,-48.495
5887,31.034,-46.83
5888,40.921,-45.902
5889,8.7925,-61.924
5890,49.967,-7.5397
5891,-59.576,-67.026
5892,-45.869,-67.064
5893,-29.761,-44.35
5894,-39.376,-57.279
5895,48.931,2.6533
5896,-1.4998,30.875
5897,9.1546,64.177
5898,33.969,75.563
5899,34.786,66.722
5900,12.285,90.681
5901,91.955,-12.886
5902,17.624,13.854
5903,-14.929,-36.416
5904,-32.474,-34.012
5905,61.621,-66.472
5906,-24.977,11.481
5907,-31.186,52.248
5908,-69.099,69.175
5909,13.775,91.842
5910,-37.057,-54.65
5911,-95.767,5.3185
5912,-42.819,10.781
5913,65.32,-16.028
5914,-14.95,-26.043
5915,27.852,-61.572
5916,36.473,68.743
5917,77.299,-55.975
5918,-1.5916,27.308
5919,3.4886,17.757
5920,-12.594,-25.412
5921,-22.497,-46.528
5922,72.71,-15.137
5923,44.837,-0.14175
5924,49.377,9.2907
5925,59.342,-13.935
5926,50.283,55.43
5927,9.0162,29.09
5928,53.224,-77.854
5929,-71.951,-43.712
5930,-33.361,-71.106
5931,72.185,14.52
5932,-50.664,-69.687
5933,-34.129,-53.778
5934,-69.972,-9.5956
5935,12.788,94.282
5936,-8.877,49.928
5937,31.908,-70.782
5938,10.466,-22.56
5939,-19.508,8.6392
5940,42.896,18.964
5941,6.3851,38.021
5942,-25.211,84.436
5943,-60.212,2.0492
5944,75.664,-53.375
5945,29.527,33.394
5946,-19.279,7.8408
5947,-28.356,78.282
5948,-17.518,-2.2599
5949,52.753,0.50236
5950,-29.332,-43.047
5951,51.07,59.398
5952,-14.028,-28.119
5953,-28.922,80.727
5954,-15.949,9.6927
5955,38.606,73.168
5956,51.856,69.546
5957,-15.318,12.975
5958,-50.82,-89.196
5959,-60.072,36.179
5960,-91.055,5.1644
5961,1.3672,60.147
5962,-2.0351,12.922
5963,-1.5357,93.363
5964,36.153,-79.936
5965,55.808,46.768
5966,35.709,17.727
5967,-13.948,89.475
5968,-73.394,-31.659
5969,22.181,-87.799
5970,61.457,-14.537
5971,-28.037,84.302
5972,7.0528,40.699
5973,-60.181,-35.581
5974,65.066,-41.28
5975,-57.417,-67.125
5976,-48.878,-71.32
5977,-2.2162,83.719
5978,-10.375,93.74
5979,-43.103,-72.979
5980,-12.604,17.196
5981,-17.625,16.986
5982,1.7566,41.043
5983,32.632,-53.03
5984,47.114,43.857
5985,56.044,-27.428
5986,38.082,-67.041
5987,-24.894,28.114
5988,70.875,53.876
5989,-0.070125,56.112
5990,62.141,-25.85
5991,42.123,4.3004
5992,-35.955,69.194
5993,50.329,69.126
5994,54.687,-19.807
5995,-9.7272,0.15121
5996,-6.603,53.332
5997,-29.48,-43.378
5998,-34.598,-94.131
5999,-11.816,48.454
6000,-43.879,68.357
6001,-20.43,71.712
6002,-32.558,-69.808
6003,78.666,-45.014
6004,41.371,-74.825
6005,35.477,10.891
6006,51.362,63.779
6007,-17.515,9.9111
6008,105.65,-45.122
6009,21.735,-83.452
6010,55.772,-52.833
6011,-38.717,-55.19
6012,11.36,98.539
6013,38.492,20.881
6014,50.585,-64.178
6015,-11.904,-15.672
6016,52.216,24.202
6017,67.39,39.203
6018,21.313,-81.708
6019,-48.799,67.521
6020,-60.422,-85.702
6021,-42.163,41.598
6022,-22.202,19.533
6023,-22.02,-16.366
6024,-80.577,-35.833
6025,-0.21665,28.23
6026,30.991,21.369
6027,48.198,-25.84
6028,33.178,-80.9
6029,-22.2,72.473
6030,4.2999,-25.759
6031,5.6961,9.306
6032,-2.3246,91.83
6033,-16.995,15.973
6034,54.775,-79.98
6035,14.011,-42.728
6036,45.731,49.529
6037,-33.232,-94.654
6038,-9.109,95.361
6039,30.8,52.918
6040,54.856,62.627
6041,17.438,52.032
6042,18.235,-47.945
6043,-16.509,85.031
6044,56.324,-80.302
6045,-29.894,-68.914
6046,14.053,87.812
6047,65.596,-21.42
6048,28.167,-52.862
6049,-88.936,-41.903
6050,-19.77,-92.326
6051,25.87,-46.092
6052,7.6515,32.931
6053,48.361,-67.301
6054,1.1058,76.837
6055,-38.753,83.247
6056,23.021,-97.825
6057,-80.716,9.2787
6058,-48.191,-70.9
6059,-31.803,47.039
6060,-19.182,7.5537
6061,70.678,-55.731
6062,-58.609,31.762
6063,-30.674,-40.412
6064,-105.36,-15.85
6065,-32.265,-70.315
6066,7.6667,-76.683
6067,57.003,58.93
6068,21.736,14.924
6069,39.264,67.267
6070,32.44,6.2888
6071,-29.078,-5.57
6072,50.603,-55.039
6073,63.946,-51.052
6074,-28.507,-54.287
6075,-12.271,11.421
6076,-13.566,-3.6335
6077,47.524,-74.758
6078,-24.531,66.286
6079,13.534,99.535
6080,9.4668,94.841
6081,24.896,-90.682
6082,58.623,-40.081
6083,-54.993,77.983
6084,-4.0431,-20.542
6085,37.759,46.834
6086,35.887,-48.341
6087,-84.837,-4.4897
6088,74.482,-6.6058
6089,13.374,19.48
6090,78.23,-38.311
6091,86.361,-12.939
6092,-43.496,80.363
6093,12.963,98.988
6094,63.448,-44.157
6095,46.706,71.904
6096,52.756,61.571
6097,85.495,-14.437
6098,-32.008,64.399
6099,39.431,55.897
6100,19.551,-79.779
6101,28.716,-95.071
6102,24.106,87.497
6103,42.361,-4.9542
6104,-21.225,72.593
6105,-69.562,-32.086
6106,-40.31,-54.558
6107,-53.793,8.0222
6108,-45.109,-73.065
6109,76.776,-52.966
6110,-66.038,-3.0924
6111,56.913,-86.353
6112,8.9138,97.91
6113,52.382,-11.28
6114,64.847,6.7044
6115,-49.493,78.097
6116,2.7304,21.821
6117,66.201,-22.854
6118,36.799,-87.173
6119,9.7193,99.176
6120,-28.941,46.244
6121,-28.775,51.195
6122,-2.5085,84.283
6123,-13.489,98.865
6124,51.851,6.0718
6125,53.496,-17.747
6126,-35.091,95.197
6127,57.817,-66.962
6128,4.9158,-49.979
6129,58.202,-80.677
6130,-30.614,-39.511
6131,-75.201,-0.99407
6132,50.698,26.359
6133,-4.2958,14.996
6134,2.7254,7.7274
6135,17.619,-8.7365
6136,48.118,-72.878
6137,-46.976,-33.311
6138,-99.526,-29.571
6139,-35.037,-62.279
6140,-11.546,-32.312
6141,91.165,-67.114
6142,-23.372,73.292
6143,19.865,88.548
6144,-43.591,-66.367
6145,-30.18,-96.783
6146,36.773,16.121
6147,22.111,-44.287
6148,48.541,-46.14
6149,-20.135,79.337
6150,-29.416,-98.096
6151,58.212,-33.85
6152,102.69,-53.042
6153,30.345,15.86
6154,10.312,98.72
6155,35.848,-65.216
6156,-42.133,65.493
6157,22.049,60.221
6158,29.32,3.8713
6159,3.8993,62.479
6160,-12.483,11.695
6161,-18.336,12.601
6162,-23.371,18.829
6163,9.0347,-71.123
6164,109.49,-44.88
6165,41.689,-20.07
6166,7.7802,32.815
6167,31.635,-60.016
6168,75.652,-47.29
6169,-38.602,-75.579
6170,-42.331,-62.484
6171,4.9637,87.832
6172,3.8541,8.8748
6173,36.306,72.442
6174,-95.757,7.5613
6175,41.47,71.104
6176,5.7974,40.235
6177,-84.678,0.92749
6178,-30.273,-45.184
6179,-71.846,-54.916
6180,-20.551,-83.667
6181,-29.3,84.533
6182,26.703,-94.9
6183,32.076,17.563
6184,44.085,71.996
6185,58.357,60.345
6186,-13.787,-34.077
6187,16.798,-69.81
6188,-74.456,53.649
6189,57.858,62.738
6190,53.474,-60.94
6191,-14.453,60.626
6192,-60.964,-66.659
6193,6.3921,34.592
6194,-1.6456,93.395
6195,26.263,61.982
6196,-20.231,19.567
6197,-37.181,55.101
6198,39.55,-75.786
6199,-85.789,14.737
6200,50.06,10.995
6201,-50.149,2.3337
6202,103.3,-54.601
6203,-30.595,-57.634
6204,103.81,-54.416
6205,-33.517,51.323
6206,40.812,57.502
6207,-49.563,-88.302
6208,-11.147,-2.5975
6209,-17.76,16.632
6210,-12.722,18.527
6211,49.438,69.559
6212,-8.0468,80.054
6213,-11.133,-2.6437
6214,8.1886,16.63
6215,-71.483,60.649
6216,23.42,96.119
6217,-44.862,-72.971
6218,7.795,23.603
6219,41.536,19.686
6220,-2.9167,-53.761
6221,77.381,-35.35
6222,-8.5886,-28.347
6223,-27.697,-39.997
6224,4.8038,-59.115
6225,29.477,-20.709
6226,-7.8856,92.013
6227,-44.51,-34.063
6228,-16.149,10.08
6229,15.717,-47.819
6230,-76.149,12.715
6231,-56.409,-68.982
6232,-21.978,71.779
6233,-44.925,-65.051
6234,-42.433,-50.584
6235,-0.037248,39.127
6236,21.853,-34.229
6237,-70.466,-78.304
6238,36.785,56.511
6239,10.106,96.951
6240,-97.222,15.098
6241,104.91,-44.247
6242,-11.227,-16.289
6243,-12.058,34.987
6244,-23.273,-74.222
6245,-3.6301,-20.223
6246,-40.589,63.517
6247,-6.3842,91.364
6248,46.614,70.638
6249,85.906,-15.051
6250,-56.763,10.918
6251,21.505,-42.418
6252,15.666,-54.873
6253,48.965,-81.637
6254,60.088,-27.335
6255,49.477,35.986
6256,23.369,89.765
6257,-79.306,2.2708
6258,-45.636,-65.399
6259,15.734,5.925
6260,9.936,37.753
6261,46.506,-72.514
6262,31.66,-85.572
6263,31.927,14.631
6264,-12.46,94.329
6265,-59.242,-28.786
6266,53.321,62.131
6267,35.576,-77.328
6268,56.016,-58.559
6269,95.518,-51.374
6270,44.179,73.713
6271,-32.34,44.879
6272,-69.212,51.946
6273,57.393,-17.944
6274,45.655,-2.5184
6275,51.062,60.931
6276,56.484,64.013
6277,-20.899,19.495
6278,12.121,18.196
6279,100.24,-66.33
6280,47.239,79.861
6281,-27.166,-81.921
6282,-65.357,-3.7471
6283,55.94,61.072
6284,-75.104,9.5834
6285,8.1162,10.721
6286,51.035,63.578
6287,-28.573,86.866
6288,33.513,-79.388
6289,27.884,-1.236
6290,57.082,-71.26
6291,-38.914,-56.638
6292,5.6068,64.153
6293,-13.68,97.29
6294,23.168,92.758
6295,-40.012,-58.447
6296,-16.29,-40.452
6297,77.087,-44.507
6298,28.062,86.638
6299,0.57781,19.942
6300,27.554,-32.786
6301,-33.926,88.303
6302,15.668,7.2286
6303,69.959,-61.034
6304,10.05,-28.75
6305,-41.901,-64.112
6306,-30.166,-94.278
6307,-31.179,72.286
6308,24.8,89.15
6309,-18.85,13.088
6310,104.66,-55.472
6311,-33.141,52.161
6312,2.1024,23.721
6313,-10.768,-1.4882
6314,71.21,49.322
6315,-71.535,6.5141
6316,-27.968,-66.79
6317,34.983,60.7
6318,3.9676,-66.202
6319,10.482,-91.489
6320,-35.879,-53.544
6321,5.0712,-48.973
6322,76.362,-53.319
6323,-65.224,60.231
6324,-33.823,-54.094
6325,13.315,42.809
6326,65.193,-18.124
6327,38.833,72.996
6328,-10.606,-32.436
6329,50.046,69.438
6330,54.078,62.535
6331,-33.974,4.8365
6332,-57.739,7.4336
6333,88.6,9.0001
6334,95.791,-59.543
6335,-11.14,-51.028
6336,-12.331,9.6109
6337,23.387,89.153
6338,51.372,-18.071
6339,51.584,61.803
6340,9.9418,13.724
6341,88.743,-24.969
6342,40.776,-4.9615
6343,-81.983,-1.9806
6344,-38.762,58.652
6345,-79.695,-5.7607
6346,37.413,7.9888
6347,22.697,-95.902
6348,21.597,42.205
6349,-81.653,32.38
6350,-90.233,-7.0373
6351,-49.493,80.336
6352,-26.779,48.688
6353,19.549,-40.52
6354,-39.624,2.8479
6355,50.197,60.574
6356,-23.446,-44.417
6357,-62.899,-86.683
6358,61.331,-55.171
6359,-8.1515,90.261
6360,49.267,-86.546
6361,76.573,-35.261
6362,64.401,6.1949
6363,27.038,54.156
6364,65.904,57.672
6365,-8.1545,8.5546
6366,7.0189,-62.758
6367,31.749,36.373
6368,-8.0379,27.32
6369,40.192,76.478
6370,-5.0707,-93.036
6371,-40.159,-42.466
6372,3.298,17.996
6373,-26.927,-87.23
6374,-22.418,-65.003
6375,30.553,27.652
6376,73.842,-50.176
6377,-49.126,77.542
6378,-33.945,50.912
6379,-34.11,88.508
6380,104.76,-54.092
6381,88.05,-11.576
6382,21.658,91.614
6383,61.05,57.603
6384,54.418,-82.989
6385,7.3381,-17.61
6386,-41.213,-64.745
6387,-2.0168,-44.528
6388,-66.539,72.911
6389,102.94,-53.295
6390,41.361,8.7474
6391,31.605,29.766
6392,48.703,-59.77
6393,61.46,-63.884
6394,-56.267,-1.987
6395,-70.417,26.971
6396,-12.649,88.109
6397,-42.781,44.314
6398,18.156,66.445
6399,53.979,62.106
6400,-17.851,13.531
6401,-15.339,-85.516
6402,60.05,28.066
6403,25.078,-61.835
6404,-0.99123,-54.918
6405,22.033,60.138
6406,-14.533,96.7
6407,21.165,-56.355
6408,4.3946,-64.045
6409,59.074,-30.518
6410,37.998,-73.655
6411,50.997,63.861
6412,38.62,-66.588
6413,90.939,-65.404
6414,75.239,-38.414
6415,56.371,73.084
6416,8.1227,-52.843
6417,29.935,16.133
6418,-68.296,-80.998
6419,-30.547,44.254
6420,57.656,-33.974
6421,-94.93,4.5253
6422,22.132,59.255
6423,96.313,-41.093
6424,24.26,-32.132
6425,19.832,-68.845
6426,-43.048,-62.666
6427,48.933,57.793
6428,97.648,-57.985
6429,63.727,-38.128
6430,-55.316,7.8514
6431,-34.026,-76.345
6432,28.415,-57.149
6433,-70.744,-78.23
6434,20.735,-68.426
6435,89.739,-28.798
6436,-76.537,56.044
6437,24.94,-42.602
6438,-52.78,78.412
6439,33.892,55.659
6440,-30.921,86.67
6441,5.4427,16.592
6442,36.42,38.248
6443,-79.982,-0.70433
6444,-99.098,9.9863
6445,-34.265,-50.247
6446,-39.955,56.056
6447,105.15,-53.892
6448,-91.809,4.6679
6449,27.545,46.143
6450,88.593,-16.768
6451,-69.036,15.525
6452,-46.641,83.452
6453,58.178,60.599
6454,100.28,-65.568
6455,7.7624,32.386
6456,-9.9219,-3.0959
6457,56.154,-10.07
6458,-7.976,52.169
6459,53.216,61.701
6460,-70.331,-41.843
6461,-19.521,4.7979
6462,-11.785,8.3501
6463,43.786,-32.682
6464,44.469,25.281
6465,32.837,63.507
6466,9.0112,62.511
6467,-18.726,63.325
6468,-16.221,87.511
6469,89.041,6.4477
6470,-28.561,-82.067
6471,22.799,87.379
6472,44.325,18.893
6473,67.302,-21.109
6474,103.1,-54.46
6475,-24.572,67.434
6476,-64.926,-4.2838
6477,32.872,10.85
6478,41.599,1.9954
6479,34.22,59.642
6480,55.366,-69.366
6481,16.443,14.108
6482,-2.4254,-77.303
6483,-61.055,16.783
6484,-17.825,-107.74
6485,3.0609,16.86
6486,-38.57,-76.85
6487,-61.686,15.909
6488,88.433,-20.854
6489,74.991,0.57325
6490,-3.742,-41.447
6491,44.661,8.984
6492,61.047,64.451
6493,-53.423,-1.176
6494,55.497,41.684
6495,42.321,81.85
6496,6.3134,20.278
6497,-23.88,12.675
6498,101.98,-59.86
6499,32.579,10.107
6500,9.6844,96.907
6501,41.367,7.4244
6502,-25.736,72.15
6503,-33.036,8.3771
6504,-53.734,77.758
6505,12.658,-46.952
6506,-11.992,13.848
6507,-20.264,20.486
6508,40.245,7.4587
6509,-6.944,-34.348
6510,-71.223,-42.782
6511,32.735,-80.876
6512,70.205,-3.226
6513,31.406,-54.271
6514,13.465,16.793
6515,-68.39,-80.919
6516,-50.026,-89.504
6517,26.105,62.202
6518,37.839,71.317
6519,-26.041,38.171
6520,11.586,96.289
6521,-51.642,-60.068
6522,65.648,-46.459
6523,106.81,-47.692
6524,-83.692,4.0895
6525,-70.766,3.2653
6526,31.392,16.952
6527,-72.082,-19.265
6528,-44.406,-86.507
6529,-9.2601,-74.681
6530,66.617,87.078
6531,75.235,-45.282
6532,-71.3,-53.351
6533,-24.757,84.633
6534,-70.44,50.642
6535,67.706,53.823
6536,37.066,58.337
6537,-81.451,10.605
6538,-5.3113,-80.222
6539,4.3681,26.751
6540,6.1296,32.279
6541,-28.841,-29.157
6542,-9.2743,-3.1044
6543,26.297,-1.0532
6544,49.908,-86.288
6545,-86.185,-1.2583
6546,-0.24206,-87.509
6547,-57.381,-88.236
6548,98.187,-61.838
6549,58.067,-35.6
6550,7.4065,29.265
6551,38.052,24.454
6552,12.92,89.45
6553,35.305,-60.451
6554,-70.568,-78.392
6555,-54.442,-89.325
6556,-90.126,2.7753
6557,-20.797,77.016
6558,35.03,60.815
6559,-27.141,-7.831
6560,-7.7923,7.9844
6561,46.102,25.149
6562,-65.076,19.909
6563,-14.312,-54.839
6564,54.228,61.972
6565,-43.722,-0.31183
6566,-0.27495,9.3366
6567,-51.46,20.34
6568,44.103,-65.032
6569,63.665,-19.926
6570,15.132,-43.339
6571,-19.398,67.787
6572,-26.949,49.708
6573,38.974,69.123
6574,105.5,-50.759
6575,-79.233,-52.954
6576,10.234,-46.694
6577,-27.153,-97.797
6578,-31.719,-74.499
6579,65.028,89.057
6580,15.196,-68.718
6581,4.148,9.2292
6582,8.8367,62.377
6583,-24.864,70.733
6584,-13.486,-41.9
6585,60.828,37.634
6586,12.722,18.851
6587,31.882,-29.587
6588,71.825,28.161
6589,-37.745,-55.464
6590,19.861,88.632
6591,-22.33,86.96
6592,4.7845,-63.281
6593,79.634,-15.7
6594,-6.1418,-85.64
6595,-3.6139,-20.121
6596,-34.054,-33.729
6597,-98.503,-29.559
6598,57.93,60.718
6599,-52.901,63.539
6600,79.407,-46.184
6601,57.559,-19.138
6602,-87.315,4.6516
6603,16.887,30.767
6604,39.406,-22.298
6605,29.334,-82.846
6606,-36.091,-24.191
6607,35.082,-33.922
6608,-51.42,-84.57
6609,74.56,-58.811
6610,-28.905,-22.567
6611,37.575,26.836
6612,-25.078,84.035
6613,52.855,-38.948
6614,93.106,-53.222
6615,6.6991,-62.064
6616,59.134,-13.013
6617,-65.299,-38.497
6618,102.85,-53.232
6619,66.056,54.579
6620,32.952,-29.313
6621,-45.155,-35.154
6622,-16.634,12.52
6623,7.4974,88.664
6624,20.801,-80.844
6625,-55.321,-28.058
6626,66.616,87.079
6627,-64.972,-84.736
6628,37.257,8.3549
6629,-9.5049,-30.958
6630,26.132,60.667
6631,75.656,-38.719
6632,-75.556,1.1195
6633,-47.577,64.655
6634,41.918,69.688
6635,42.002,-84.308
6636,39.66,73.042
6637,8.7238,114.58
6638,-71.313,-77.703
6639,64.57,-64.956
6640,46.439,-67.967
6641,0.94798,-60.15
6642,-91.686,10.826
6643,51.988,23.723
6644,-51.975,81.806
6645,19.655,43.122
6646,-24.984,69.51
6647,-28.635,-66.759
6648,-73.417,-13.92
6649,-55.112,8.8962
6650,-20.836,16.495
6651,-14.674,6.1192
6652,53.036,-86.083
6653,-71.961,-54.535
6654,-79.586,5.5571
6655,28.805,68.219
6656,-46.54,-89.988
6657,0.022927,87.786
6658,-40.576,-63.117
6659,99.08,48.024
6660,-1.2559,84.037
6661,-26.435,91.067
6662,37.454,5.8214
6663,-74.769,-21.815
6664,59.719,38.657
6665,54.622,-25.489
6666,-13.644,9.5581
6667,-54.641,-0.60685
6668,-90.805,0.52705
6669,-40.469,-91.656
6670,-50.019,79.36
6671,-31.949,-87.055
6672,19.853,-6.1235
6673,54.914,41.447
6674,-31.907,-0.52907
6675,7.621,17.513
6676,67.72,-13.101
6677,-57.513,-88.873
6678,-96.441,10.429
6679,-67.461,60.417
6680,-98.964,-29.295
6681,49.43,35.733
6682,-63.545,-85.626
6683,-31.614,50.823
6684,52.685,-88.849
6685,2.8513,-32.671
6686,-20.699,12.233
6687,-75.021,-73.886
6688,-54.831,68.363
6689,-10.51,56.969
6690,34.579,64.436
6691,-23.262,-73.902
6692,26.801,-15.132
6693,-65.893,-83.901
6694,-24.863,-33.079
6695,57.47,3.2759
6696,-39.691,-91.326
6697,27.782,-79.925
6698,-4.2387,-30.052
6699,23.747,76.23
6700,-36.806,-67.604
6701,56.322,-34.838
6702,101.99,-58.565
6703,34.029,63.204
6704,-23.211,69.287
6705,16.887,58.782
6706,-19.263,15.522
6707,26.605,4.8478
6708,10.865,17.162
6709,17.818,-65.151
6710,-87.233,1.7924
6711,-66.506,-68.963
6712,44.82,73.519
6713,-28.481,56.389
6714,5.827,97.471
6715,4.9602,64.4
6716,9.7296,18.412
6717,46.943,-85.277
6718,-95.764,1.7798
6719,-7.3848,30.932
6720,-39.915,10.313
6721,-45.424,54.66
6722,0.67099,54.488
6723,85.147,-21.661
6724,105.76,-48.565
6725,-26.338,-102.29
6726,29.608,-14.675
6727,-33.786,-77.252
6728,34.434,-26.7
6729,-32.187,-3.1077
6730,80.08,-43.907
6731,-58.763,14.875
6732,-28.163,86.093
6733,23.704,65.884
6734,58.265,60.953
6735,-74.126,2.9413
6736,-67.497,1.9167
6737,-9.3808,11.547
6738,-23.522,-93.187
6739,32.369,24.9
6740,-36.275,-42.721
6741,75.078,-46.372
6742,-57.241,-88.218
6743,-62.883,-86.649
6744,15.955,-43.25
6745,-28.333,-100.28
6746,-52.906,55.035
6747,-31.701,-75.614
6748,-59.143,-68.722
6749,33.6,63.321
6750,28.074,-27.701
6751,31.462,-4.0622
6752,-65.871,-64.482
6753,46.158,38.196
6754,-16.489,-43.13
6755,-32.996,-77.703
6756,-77.955,-70.857
6757,1.5787,-28.002
6758,-85.695,34.659
6759,10.562,64.348
6760,33.932,67.37
6761,104.14,-53.236
6762,-7.2239,-87.118
6763,-28.389,-94.698
6764,-51.291,-38.806
6765,52.005,-58.986
6766,61.979,-46.139
6767,-74.136,13.849
6768,-26.566,38.588
6769,35.88,-44.779
6770,-28.95,-30.986
6771,-18.805,-105.72
6772,-88.927,-9.083
6773,-15.448,-83.494
6774,-16.824,-73.071
6775,8.3487,40.009
6776,-34.212,4.8406
6777,-74.723,-74.075
6778,-54.862,-46.278
6779,76.113,9.7057
6780,12.124,97.931
6781,-26.896,-26.297
6782,32.647,89.754
6783,-25.984,71.402
6784,52.063,-18.783
6785,46.004,63.786
6786,-11.879,-17.031
6787,105.73,-51.091
6788,-51.642,-19.919
6789,39.348,-88.781
6790,-67.22,-81.177
6791,-8.7751,-35.682
6792,-32.838,-94.518
6793,32.439,24.682
6794,54.493,-64.564
6795,66.214,88.968
6796,-47.941,-50.878
6797,-41.16,83.257
6798,-32.72,52.104
6799,5.6291,56.805
6800,-29.767,57.571
6801,106.34,-49.941
6802,-36.816,13.35
6803,-45.35,-69.738
6804,-65.153,7.3998
6805,-25.826,-103.3
6806,12.005,19.473
6807,15.781,-70.781
6808,-16.122,8.4919
6809,-74.088,6.7373
6810,55.186,48.607
6811,37.559,71.121
6812,-35.737,6.8202
6813,-71.02,59.702
6814,7.7099,23.551
6815,-44.937,-65.868
6816,53.364,60.664
6817,7.2498,12.695
6818,-94.069,-8.2394
6819,-46.361,87.18
6820,-35.837,37.445
6821,-12.693,93.728
6822,-31.198,-57.593
6823,-26.489,-103.22
6824,105.95,-49.777
6825,-82.508,-20.198
6826,46.373,-42.623
6827,8.8405,15.663
6828,37.907,71.794
6829,32.829,78.77
6830,-4.6439,85.987
6831,-12.859,-41.686
6832,-21.913,8.7128
6833,78.993,-46.034
6834,8.0875,11.122
6835,-26.871,-78.193
6836,32.047,-94.015
6837,-27.899,50.968
6838,16.826,14.56
6839,107.14,-50.595
6840,-79.5,5.8404
6841,-44.745,-89.683
6842,-63.343,-37.496
6843,-91.488,-1.316
6844,-23.312,68.728
6845,33.331,-16.975
6846,-11.041,-16.919
6847,103.75,-52.09
6848,103.93,-53.646
6849,-78.988,-67.6
6850,35.384,-79.082
6851,-71.742,69.223
6852,27.564,-27.517
6853,-8.0542,-39.257
6854,-29.135,80.636
6855,-1.9009,-74.97
6856,60.626,-15.529
6857,-37.97,-57.585
6858,-46.618,40.317
6859,23.381,90.319
6860,-78.19,-69.827
6861,11.174,100.7
6862,88.305,-43.356
6863,65.511,-22.848
6864,-68.034,7.093
6865,-26.492,27.915
6866,-45.033,53.824
6867,-82.273,23.046
6868,-27.505,81.137
6869,-83.216,1.7937
6870,-4.6996,-102.96
6871,-4.3627,-5.9369
6872,54.113,-80.639
6873,-41.825,52.699
6874,106.82,-50.138
6875,-96.123,2.6826
6876,-24.561,-104.59
6877,-32.717,-55.981
6878,-76.912,-26.288
6879,51.345,62.113
6880,64.341,9.3848
6881,-32.085,-73.311
6882,-82.386,-6.4599
6883,-28.733,-8.0429
6884,29.39,-1.5451
6885,-37.744,-1.2666
6886,32.182,-90.692
6887,-17.751,-46.846
6888,12.569,9.0094
6889,-35.07,-43.407
6890,-17.795,70.304
6891,4.7775,94.545
6892,-47.251,55.513
6893,42.196,29.522
6894,107.73,-49.478
6895,52.013,-32.676
6896,11.158,17.342
6897,33.39,14.715
6898,9.0663,96.656
6899,1.0017,100.41
6900,3.7031,13.387
6901,-8.4252,-39.694
6902,-21.705,-81.394
6903,-4.5394,-103.09
6904,-8.8058,-7.3341
6905,22.867,-29.951
6906,-80.248,-9.2602
6907,66.347,-39.505
6908,7.6559,6.5809
6909,-55.804,76.953
6910,31.613,62.966
6911,29.247,50.133
6912,28.696,68.335
6913,90.451,-30.001
6914,-9.3478,9.6987
6915,88.936,-11.217
6916,-26.798,-51.427
6917,-28.529,-94.377
6918,-18.252,9.7605
6919,-7.4526,7.0949
6920,-36.427,-55.454
6921,-34.75,72.31
6922,19.559,59.061
6923,-39.795,-53.743
6924,-88.932,-41.902
6925,43.817,-84.67
6926,-31.601,83.97
6927,11.514,97.016
6928,-33.622,-93.788
6929,-21.806,-59.184
6930,-68.422,-6.4285
6931,7.5616,99.622
6932,-48.961,78.733
6933,-12.978,90.511
6934,28.047,33.314
6935,63.704,7.8133
6936,99.869,-60.617
6937,-62.828,-86.301
6938,30.467,-86.837
6939,-50.494,56.678
6940,-39.242,-58.138
6941,-22.346,-65.277
6942,-9.3337,27.525
6943,35.096,63.836
6944,107.86,-45.413
6945,-10.2,-81.654
6946,-56.331,-38.27
6947,-8.125,-93.641
6948,-31.803,-87.238
6949,-96.44,52.19
6950,14.144,10.853
6951,32.023,-29.282
6952,-52.467,-38.793
6953,-20.668,91.992
6954,37.823,71.308
6955,9.0319,63.709
6956,-29.217,-88.644
6957,42.882,14.303
6958,72.221,38.535
6959,-19.835,8.6226
6960,-5.6115,-102.28
6961,-81.983,1.4522
6962,17.415,-64.287
6963,4.5712,-32.94
6964,24.077,-80.728
6965,79.784,-53.928
6966,97.821,-65.63
6967,-16.227,-51.962
6968,51.876,-86.441
6969,20.416,-52.699
6970,-10.467,94.177
6971,5.9093,53.203
6972,-38.065,84.248
6973,-22.158,-64.858
6974,-13.725,13.326
6975,96.803,-59.078
6976,-58.884,-86.609
6977,-2.1105,11.176
6978,-26.783,48.077
6979,-88.188,2.3491
6980,-56.503,-88.186
6981,100.55,-53.075
6982,-33.171,-78.158
6983,-5.97,-95.542
6984,-23.232,-70.492
6985,-68.04,-81.132
6986,15.845,10.911
6987,7.5417,12.606
6988,-18.724,18.888
6989,13.855,97.959
6990,4.7646,54.334
6991,-20.423,-60.097
6992,-70.623,-69.186
6993,91.42,-57.935
6994,-0.36641,29.073
6995,-17.73,-27.843
6996,1.9213,-36.703
6997,-63.065,17.735
6998,-31.68,89.906
6999,-51.534,79.571
7000,-42.031,52.629
7001,-83.335,4.0526
7002,-52.518,-87.687
7003,57.157,-19.103
7004,-76.457,54.748
7005,-53.053,-39.091
7006,24.151,-88.341
7007,-10.001,-94.27
7008,-8.8222,-66.426
7009,-7.6548,-38.612
7010,-95.613,54.436
7011,-73.552,-30.053
7012,-32.362,44.965
7013,106.92,-46.363
7014,-62.795,-29.132
7015,-2.3244,25.557
7016,-71.607,7.4796
7017,87.01,-20.666
7018,-18.5,-29.613
7019,35.005,-44.03
7020,-46.274,-66.202
7021,65.931,-35.934
7022,-91.802,-1.6384
7023,-1.7432,84.492
7024,-46.428,55.14
7025,-46.341,55.43
7026,-41.99,62.882
7027,15.432,11.02
7028,-63.04,17.68
7029,-46.407,-66.381
7030,61.988,7.9795
7031,-62.814,50.481
7032,-41.761,52.114
7033,65.031,-41.33
7034,-55.685,-37.009
7035,-25.862,-103.57
7036,-36.156,-24.358
7037,-88.936,-41.903
7038,-28.841,-44.554
7039,32.922,61.791
7040,101.32,-51.117
7041,-65.551,-84.178
7042,56.732,-55.562
7043,-3.8612,-35.097
7044,-69.527,1.7118
7045,53.505,-33.997
7046,-63.89,74.333
7047,-25.525,-44.351
7048,8.0064,10.528
7049,8.161,10.014
7050,43.269,-77.445
7051,-14.873,-55.04
7052,55.23,61.899
7053,34.599,-81.489
7054,-22.259,72.265
7055,-7.5533,90.418
7056,43.524,28.753
7057,12.737,93.864
7058,38.488,15.936
7059,-44.396,-86.251
7060,-36.763,-60.688
7061,49.804,15.054
7062,-40.36,-34.372
7063,-51.453,-38.735
7064,32.439,-66.906
7065,20.593,-84.047
7066,-3.1722,-20.042
7067,-88.925,-50.193
7068,13.785,91.861
7069,14.511,-40.104
7070,-63.354,-85.618
7071,-17.168,-2.877
7072,-71.971,-2.717
7073,-34.205,-86.024
7074,41.676,-75.652
7075,-98.866,5.9695
7076,-21.337,73.03
7077,47.952,-19.484
7078,-13.103,-3.9742
7079,63.175,-38.85
7080,-70.721,12.277
7081,-5.1948,86.126
7082,25.962,67.903
7083,55.761,-20.797
7084,-20.209,-107.74
7085,20.599,-55.553
7086,-17.475,78.476
7087,7.6679,29.209
7088,19.776,43.293
7089,-91.034,42.478
7090,38.386,-89.963
7091,-75.036,-2.8617
7092,-93.701,4.8463
7093,-9.6567,11.121
7094,49.253,-25.886
7095,-80.656,-6.4692
7096,46.441,-2.6345
7097,107.65,-45.679
7098,7.3879,5.4092
7099,-0.74218,-57.483
7100,-81.516,-31.757
7101,33.564,7.8602
7102,-24.354,84.9
7103,-28.864,46.423
7104,-24.483,70.537
7105,13.336,98.578
7106,-90.43,43.177
7107,-99.871,8.3568
7108,-88.936,-41.902
7109,50.916,-24.154
7110,56.597,-33.826
7111,-42.206,-67.266
7112,-75.913,17.482
7113,31.985,61.272
7114,-61.519,-18.522
7115,-31.128,-70.352
7116,-34.075,-94.296
7117,-8.4776,-3.3621
7118,-71.811,12.96
7119,48.914,-54.144
7120,-30.225,-56.274
7121,96.373,-61.314
7122,-48.489,81.25
7123,-24.565,-104.58
7124,-60.987,15.868
7125,-28.123,-100.16
7126,-54.925,17.454
7127,44.637,3.9039
7128,76.704,-45.338
7129,19.302,-69.696
7130,-29.685,-72.31
7131,106.03,-47.907
7132,99.018,-60.933
7133,59.259,-23.863
7134,-14.451,-26.143
7135,49.785,-7.1902
7136,-65.198,-3.5565
7137,40.625,-41.126
7138,-45.334,-65.355
7139,-47.719,69.023
7140,-21.631,68.32
7141,-14.289,-93.838
7142,-77.908,-70.891
7143,-17.873,-1.2099
7144,58.113,-32.723
7145,20.68,-25.501
7146,-80.903,-33.809
7147,4.2732,95.624
7148,-17.833,83.571
7149,25.396,84.168
7150,48.129,41.069
7151,-20.211,-107.73
7152,-21.366,-17.871
7153,-65.104,-84.105
7154,25.348,-27.915
7155,-58.394,10.613
7156,-40.251,72.88
7157,13.099,-35.539
7158,42.202,-45.264
7159,-0.63231,34.769
7160,19.745,-25.327
7161,45.932,-3.7341
7162,11.415,88.178
7163,1.3433,52.001
7164,-18.372,80.733
7165,56.618,60.257
7166,-22.233,-88.473
7167,-28.989,-72.414
7168,20.092,-64.81
7169,-12.363,9.7414
7170,-31.932,-69.651
7171,-30.917,-39.194
7172,-9.9228,94.483
7173,-47.398,68.894
7174,62.517,-27.272
7175,-26.561,-8.5397
7176,45.153,37.988
7177,82.829,-41.132
7178,-40.966,-57.144
7179,21.668,-25.877
7180,-26.309,-43.926
7181,52.679,58.607
7182,-22.251,-109.07
7183,-44.265,-31.813
7184,-65.478,-84.139
7185,80.135,-54.375
7186,-32.987,8.2384
7187,-39.982,82.19
7188,-2.5867,85.223
7189,35.226,-48.426
7190,-73.784,-20.866
7191,3.7111,-85.46
7192,44.737,71.517
7193,58.477,-33.884
7194,-24.587,83.365
7195,-69.715,66.219
7196,-3.6564,86.759
7197,-6.3319,56.179
7198,56.106,-31.279
7199,100.49,-61.22
7200,-82.078,1.2361
7201,-31.526,-91.471
7202,-26.258,-99.78
7203,65.085,-41.605
7204,87.277,-25.379
7205,22.21,-62.001
7206,-29.466,-49.377
7207,31.076,-24.034
7208,26.759,-48.911
7209,9.1698,-31.95
7210,-46.957,-43.512
7211,8.3209,50.985
7212,-68.72,5.4161
7213,-35.062,-10.608
7214,41.322,-83.313
7215,14.353,48.874
7216,8.1359,11.342
7217,-36.401,-53.337
7218,2.1945,23.866
7219,92.712,-52.76
7220,6.8781,-30.86
7221,-69.038,15.511
7222,90.111,-30.625
7223,-71.28,-37.324
7224,-80.094,6.0117
7225,-43.962,5.0077
7226,-30.537,84.197
7227,-62.247,76.369
7228,-23.554,-74.469
7229,67.739,9.0947
7230,-2.525,-46.898
7231,97.052,-54.535
7232,-26.012,-31.37
7233,97.255,-62.441
7234,-24.104,-104.94
7235,-36.559,-22.554
7236,-5.1306,-10.401
7237,-23.934,49.637
7238,-66.688,-2.3379
7239,-54.213,-40.731
7240,-42.181,8.3898
7241,-47.944,68.778
7242,23.481,73.443
7243,12.538,7.9734
7244,-38.73,-92.66
7245,12.032,34.835
7246,-9.9794,10.02
7247,78.956,-37.304
7248,53.938,-31.865
7249,11.72,94.191
7250,-32.672,52.051
7251,-31.751,23.541
7252,14.074,-71.598
7253,-50.891,-46.655
7254,-7.4722,7.1454
7255,12.826,12.853
7256,40.072,-40.483
7257,22.132,60.539
7258,-0.79982,-51.609
7259,32.434,-52.919
7260,-27.212,84.506
7261,-7.5894,94.261
7262,-58.326,-40.66
7263,48.235,-86.442
7264,29.489,29.763
7265,64.999,-27.162
7266,51.342,63.692
7267,5.711,50.953
7268,43.651,29.844
7269,105.12,-51.614
7270,52.522,16.26
7271,-64.993,-84.351
7272,55.582,-21.671
7273,2.566,95.28
7274,107.14,-50.721
7275,-55.714,-39.961
7276,30.539,-90.991
7277,11.594,15.261
7278,-75.484,-73.41
7279,53.151,-31.925
7280,31.512,0.94732
7281,-43.01,63.221
7282,-43.164,-90.294
7283,106.16,-47.028
7284,-82.364,-6.3001
7285,-16.96,10.487
7286,-8.6975,-43.433
7287,-80.215,-1.1438
7288,-51.257,-53.079
7289,-47.822,68.834
7290,-25.67,72.041
7291,-0.58506,77.587
7292,-68.14,-81.114
7293,17.667,-64.555
7294,2.8569,-60.764
7295,-8.1202,22.008
7296,9.6852,96.618
7297,-50.204,-10.001
7298,24.64,89.13
7299,101.19,-51.311
7300,54.783,-25.506
7301,51.991,-41.798
7302,30.211,89.566
7303,10.828,95.932
7304,59.266,63.012
7305,47.739,22.934
7306,-74.666,-1.0625
7307,-71.143,4.8361
7308,3.4111,46.053
7309,-26.982,-102.82
7310,-23.653,-110.25
7311,38.394,-21.451
7312,66.687,-30.195
7313,-12.77,-32.247
7314,-57.062,-69.26
7315,57.696,-29.774
7316,2.8308,-62.462
7317,105.13,-47.352
7318,22.438,-22.347
7319,-9.3409,11.542
7320,76.231,-6.6465
7321,-91.865,11.522
7322,-4.4445,-31.064
7323,107.22,-49.205
7324,51.729,-79.978
7325,-44.016,-51.802
7326,-6.4969,-41.086
7327,-74.321,-17.399
7328,104.79,-50.147
7329,-98.531,-13.854
7330,21.624,88.138
7331,-32.701,53.657
7332,32.583,89.32
7333,-21.729,72.387
7334,45.754,-41.611
7335,90.417,35.77
7336,19.57,-25.253
7337,-69.685,24.933
7338,-25.058,65.877
7339,-48.841,-89.511
7340,107.7,-45.66
7341,-0.45354,-88.651
7342,-42.367,51.517
7343,-94.377,1.0806
7344,-50.984,80.755
7345,10.798,99.621
7346,94.797,-60.885
7347,45.802,22.897
7348,50.757,-7.2824
7349,11.144,95.154
7350,30.115,9.756
7351,-6.359,28.819
7352,-53.979,72.534
7353,62.447,11.27
7354,7.2415,24.241
7355,64.207,-31.141
7356,75.591,-43.024
7357,-24.982,11.061
7358,-66.352,7.6807
7359,-101.01,13.098
7360,32.213,-89.664
7361,-14.955,-54.499
7362,-33.597,-64.778
7363,-61.725,71.51
7364,30.068,-87.362
7365,-45.671,82.698
7366,-39.716,-69.409
7367,-25.421,-85.569
7368,-38.774,-63.758
7369,18.33,13.987
7370,-28.83,87.75
7371,55.256,60.631
7372,-44.156,-73.123
7373,7.5471,5.5193
7374,-87.616,-13.702
7375,-58.747,15.254
7376,24.246,22.901
7377,-70.455,-42.24
7378,0.51621,19.82
7379,33.017,61.799
7380,92.857,-66.294
7381,72.37,14.458
7382,-35.453,-62.809
7383,-88.498,-0.22983
7384,-87.42,1.9008
7385,98.812,-60.677
7386,75.361,13.776
7387,40.676,-3.3252
7388,-70.962,-77.947
7389,-34.625,-7.4272
7390,-16.625,60.51
7391,37.73,-21.899
7392,-15.301,-34.343
7393,-15.506,83.484
7394,30.787,56.3
7395,-30.326,57.262
7396,-62.964,-86.765
7397,-61.667,-87.489
7398,66.243,89.089
7399,-70.702,-26.048
7400,48.305,-85.921
7401,-44.154,-73.234
7402,-40.103,-59.169
7403,-24.991,70.313
7404,-41.81,-61.743
7405,-72.026,-6.4859
7406,-54.6,-89.395
7407,-9.0445,-53.656
7408,33.656,67.103
7409,59.505,-24.752
7410,61.308,45.658
7411,7.6695,5.1811
7412,-18.44,6.5563
7413,57.128,-40.36
7414,15.372,92.741
7415,-50.681,-19.051
7416,55.005,64.18
7417,8.9263,96.78
7418,49.114,70.375
7419,47.303,102.34
7420,57.074,-25.928
7421,-58.714,-66.899
7422,100.37,-64.998
7423,99.709,-60.896
7424,95.276,-59.681
7425,19.192,-59.595
7426,-55.955,-79.349
7427,-25.295,67.304
7428,31.28,1.3045
7429,56.061,63.34
7430,-57.804,-88.755
7431,20.49,-50.918
7432,24.08,-81.721
7433,-33.572,-92.712
7434,31.616,56.642
7435,-70.545,-74.53
7436,-22.373,85.369
7437,95.2,-58.492
7438,41.565,8.6541
7439,0.27611,-50.992
7440,-11.073,-5.4397
7441,-15.145,-39.173
7442,1.7465,7.0013
7443,-11.795,-39.134
7444,18.111,-60.29
7445,-74.185,13.944
7446,-64.426,-37.449
7447,-2.2717,-49.772
7448,-49.014,-34.397
7449,-17.467,-3.1684
7450,3.5138,-38.731
7451,-72.271,7.8937
7452,-69.68,-4.0812
7453,45.67,73.248
7454,8.3133,96.882
7455,32.478,-29.383
7456,39.308,55.094
7457,49.25,-85.569
7458,-31.538,-51.041
7459,-51.361,-87.783
7460,-37.516,-53.091
7461,-41.891,79.403
7462,27.737,21.86
7463,-26.105,-40.674
7464,-31.805,-93.576
7465,81.266,-37.524
7466,-23.587,-71.122
7467,105.62,-45.311
7468,-60.103,-41.272
7469,-35.6,-63.939
7470,-50.644,71.132
7471,-22.267,69.526
7472,-32.744,52.904
7473,-7.8058,2.6228
7474,-30.623,-4.2499
7475,-55.378,77.164
7476,-31.182,88.549
7477,-40.907,-68.313
7478,81.172,-24.292
7479,50.458,54.687
7480,-12.403,9.7352
7481,-33.91,-31.94
7482,4.3344,-30.314
7483,50.364,-64.261
7484,10.205,14.292
7485,-31.529,83.801
7486,-55.689,77.237
7487,33.844,66.907
7488,-34.164,51.102
7489,77.546,-33.662
7490,57.806,-71.215
7491,-49.321,-71.253
7492,107.4,-52.548
7493,-88.222,3.2367
7494,-30.982,37.244
7495,-61.4,32.418
7496,-6.1343,-50.345
7497,-37.884,-42.361
7498,-36.204,-55.579
7499,-93.065,4.7429
7500,-67.25,-81.136
7501,-79.799,3.8966
7502,-66.376,19.158
7503,7.9447,13.061
7504,-30.665,83.755
7505,-20.95,72.899
7506,12.797,93.779
7507,-22.418,87.174
7508,-25.485,-18.264
7509,-18.114,61.698
7510,-22.156,-23.67
7511,99.188,-62.85
7512,-30.171,-70.569
7513,41.251,-71.932
7514,41.561,20
7515,36.308,64.864
7516,-28.616,-48.427
7517,-19.695,-74.262
7518,-39.983,-69.098
7519,96.431,-63.985
7520,13.683,13.215
7521,-71.517,-77.523
7522,-41.505,-5.5021
7523,13.83,-19.606
7524,-43.285,55.984
7525,3.255,23.439
7526,7.122,11.095
7527,36.144,64.926
7528,-34.054,88.182
7529,-32.521,51.918
7530,15.389,-43.626
7531,38.219,87.579
7532,50.639,61.616
7533,-99.123,10.172
7534,-79.653,4.7949
7535,-71.388,6.6214
7536,-24.563,70.763
7537,58.494,-22.595
7538,106.87,-46.496
7539,-27.891,-99.494
7540,68.707,-16.209
7541,13.913,14.457
7542,22.908,-57.361
7543,1.5358,-55.555
7544,30.763,-22.012
7545,6.4419,32.34
7546,-21.274,70.99
7547,25.858,91.313
7548,48.005,101.09
7549,-79.928,-11.798
7550,-53.51,7.9016
7551,-40.499,-32.965
7552,-54.71,68.224
7553,107.18,-50.479
7554,-3.2429,-48.672
7555,101.09,-60.812
7556,-35.397,-8.4133
7557,34.331,-53.047
7558,-4.9827,-27.079
7559,-33.355,52.133
7560,-5.4022,-102.36
7561,-57.73,8.4536
7562,48.361,-32.9
7563,-57.666,-40.59
7564,80.261,-54.126
7565,-11.866,-57.102
7566,65.503,7.4578
7567,-37.464,-53.476
7568,-47.129,70.616
7569,35.413,61.461
7570,-30.004,78.899
7571,12.363,19.555
7572,-54.19,-87.4
7573,-21.698,68.161
7574,-66.513,-1.4427
7575,-95.61,54.433
7576,-38.676,-59.837
7577,82.568,-46.748
7578,49.053,-54.045
7579,-27.842,-82.094
7580,-37.264,-74.271
7581,-30.127,1.392
7582,-56.673,11.003
7583,-48.841,78.997
7584,62.881,9.3669
7585,78.402,-57.35
7586,-10.068,-1.3063
7587,70.316,30.533
7588,-27.216,56.683
7589,-49.272,81.375
7590,18.33,-45.984
7591,10.456,98.434
7592,8.8929,-40.644
7593,-95.609,54.433
7594,50.769,53.658
7595,-3.8637,17.904
7596,-99.619,6.2148
7597,4.4919,6.9053
7598,12.989,17.284
7599,-31.055,16.98
7600,-8.9272,34.322
7601,-23.16,71.774
7602,-26.205,-44.202
7603,-66.649,-69.218
7604,-58.347,-39.551
7605,-29.418,-48.124
7606,0.54525,43.263
7607,-32.418,92.88
7608,52.043,-17.777
7609,105.77,-45.381
7610,-92.591,1.6699
7611,-31.204,-5.2915
7612,17.758,34.14
7613,23.077,92.531
7614,5.4599,17.003
7615,5.7015,18.624
7616,-5.5686,32.547
7617,2.154,12.584
7618,99.429,-64.254
7619,34.542,1.9882
7620,-24.266,81.802
7621,-29.136,-68.33
7622,-21.134,12.756
7623,102.1,-53.471
7624,-40.475,-58.965
7625,100.6,-53.011
7626,-90.945,5.0544
7627,101.42,-51.068
7628,-17.581,-47.424
7629,-0.81608,58.708
7630,9.7252,95.274
7631,5.2616,94.645
7632,23.85,-41.512
7633,-95.61,54.433
7634,102.76,-53.454
7635,45.378,-82.538
7636,-35.074,-8.5364
7637,3.6847,-49.044
7638,8.0081,23.557
7639,-27.696,-102.46
7640,-0.5745,-83.086
7641,12.529,12.813
7642,34.594,-46.825
7643,-28.199,56.229
7644,-29.745,58.187
7645,-52.083,80.219
7646,4.5626,51.084
7647,39.375,67.978
7648,48.702,39.897
7649,19.847,-93.499
7650,82.394,-44.52
7651,34.258,-49.409
7652,104.58,-49.623
7653,-50.979,-59.473
7654,-57.5,9.31
7655,8.2801,82.771
7656,-6.3325,-88.012
7657,-28.286,-87.839
7658,52.715,-17.164
7659,-43.697,47.789
7660,-82.649,4.2833
7661,-4.2114,-104.04
7662,6.2799,21.646
7663,63.571,7.7708
7664,-8.4035,-12.35
7665,15.448,-68.352
7666,-11.016,-5.5593
7667,29.949,88.84
7668,-77.619,4.4745
7669,56.98,-18.569
7670,-18.984,79.233
7671,35.696,67.987
7672,77.316,-45.069
7673,47.744,3.7966
7674,23.973,-87.684
7675,73.306,-56.353
7676,-64.45,11.34
7677,-55.086,-57.754
7678,-4.5938,-57.006
7679,-65.829,16.82
7680,-81.524,-12.842
7681,32.778,1.3951
7682,-19.068,78.998
7683,18.998,10.734
7684,96.036,-60.356
7685,36.675,20.398
7686,-88.058,-5.2395
7687,28.424,56.552
7688,-24.566,68.739
7689,60.419,64.264
7690,55.159,61.041
7691,-61.665,-86.647
7692,-58.536,-60.262
7693,-45.873,-59.791
7694,7.3064,6.1069
7695,-11.893,-0.1166
7696,-12.481,-57.639
7697,35.056,-14.875
7698,-20.64,76.297
7699,-28.132,87.325
7700,-24.632,70.681
7701,10.126,17.117
7702,-79.306,4.1911
7703,-45.131,-72.895
7704,-80.839,-33.743
7705,-32.686,53.623
7706,-27.489,81.382
7707,88.504,-43.851
7708,99.946,-61.302
7709,76.499,9.815
7710,-24.971,-80.603
7711,37.314,37.198
7712,-51.37,-36.851
7713,45.002,1.5132
7714,-16.648,-45.372
7715,-21.465,68.205
7716,77.308,-36.48
7717,-91.177,-8.4342
7718,56.212,-56.902
7719,-11.723,8.2917
7720,55.187,-88.806
7721,67.934,38.597
7722,-87.461,-4.7519
7723,-56.888,8.2983
7724,105.83,-53.827
7725,103.82,-51.511
7726,-2.7558,-4.7648
7727,-19.525,-3.9937
7728,5.037,23.481
7729,18.94,10.697
7730,-12.477,74.034
7731,-50.628,80.228
7732,33.984,65.446
7733,2.6811,-57.843
7734,-8.5824,8.9479
7735,24.316,-88.206
7736,73.59,19.617
7737,-50.756,54.394
7738,17.891,-43.886
7739,-23.929,65.24
7740,-23.831,65.637
7741,-72.523,-44.293
7742,-12.191,-0.056568
7743,6.1563,15.086
7744,-21.472,2.1233
7745,38.682,-34.692
7746,37.706,-1.9396
7747,-14.047,84.011
7748,7.4275,5.5291
7749,-55.374,-91.871
7750,62.209,17.006
7751,-69.327,-14.209
7752,54.726,-31.734
7753,-75.63,1.1072
7754,33.448,63.811
7755,-24.444,66.303
7756,-5.8021,-30.405
7757,25.353,69.038
7758,69.366,-38.541
7759,38.62,1.0833
7760,8.8465,18.823
7761,101.64,-51.209
7762,-31.38,88.702
7763,-12.983,93.999
7764,-26.449,82.597
7765,-25.017,-54.282
7766,16.372,14.229
7767,-19.827,8.7515
7768,-78.665,2.4805
7769,-65.323,70.841
7770,58.47,60.876
7771,72.694,-7.981
7772,-14.648,-93.214
7773,5.9923,21.873
7774,25.693,-17.615
7775,50.295,-86.344
7776,79.006,-46.732
7777,-101.83,7.4662
7778,-43.764,-63.63
7779,-6.3532,-31.209
7780,-7.8316,24.777
7781,-32.886,51.351
7782,-75.376,0.81279
7783,14.98,17.144
7784,64.551,6.6655
7785,-52.621,-56.368
7786,-78.92,2.6782
7787,-11.334,-34.737
7788,16.27,-69.591
7789,24.613,-62.099
7790,-2.9784,86.45
7791,4.4562,97.293
7792,16.912,12.102
7793,-57.432,-88.808
7794,-46.629,83.799
7795,-42.982,-85.179
7796,16.417,14.117
7797,-18.113,6.205
7798,81.815,-42.455
7799,2.7324,58.293
7800,-86.349,-1.2058
7801,-21.549,-69.246
7802,40.513,38.481
7803,43.784,-84.541
7804,-65.8,-3.3315
7805,-25.517,68.142
7806,-7.287,102.91
7807,-2.6279,51.037
7808,-47.714,53.154
7809,28.987,-7.4203
7810,-11.69,-44.065
7811,2.6561,7.6416
7812,59.038,-47.684
7813,-58.61,-88.738
7814,74.888,-43.852
7815,-49.079,79.062
7816,47.269,76.477
7817,60.37,2.8133
7818,36.388,89.518
7819,6.5707,-26.92
7820,-70.557,-35.939
7821,22.968,-63.8
7822,17.969,8.7419
7823,-116.77,8.971
7824,-87.469,-0.38494
7825,-44.772,56.228
7826,-6.404,-50.09
7827,-55.905,8.213
7828,-53.673,-39.051
7829,15.417,8.5266
7830,26.842,-19.452
7831,-17.485,75.85
7832,24.116,-0.80364
7833,56.914,-12.667
7834,-61.056,18.304
7835,-68.935,-37.457
7836,50.511,39.628
7837,-67.744,-81.539
7838,15.808,-66.965
7839,-70.392,57.164
7840,58.606,-31.938
7841,-21.084,67.996
7842,39.569,28.088
7843,66.997,-45.252
7844,-67.52,71.475
7845,38.119,69.713
7846,106.71,-44.706
7847,-32.037,-4.232
7848,6.7189,40.641
7849,36.541,86.565
7850,13.659,18.833
7851,-3.0435,-83.172
7852,52.11,-24.669
7853,3.521,8.7591
7854,-40.017,-68.177
7855,-24.962,84.577
7856,-3.072,-1.1347
7857,-72.488,-29.314
7858,-65.487,16.619
7859,-78.186,4.5542
7860,29.835,88.116
7861,-60.188,33.241
7862,98.58,-56.12
7863,-59.732,-87.639
7864,-19.346,-48.028
7865,-15.863,-4.1801
7866,18.37,-70.622
7867,14.686,14.8
7868,11.612,26.897
7869,-34.917,-55.081
7870,9.5494,95.196
7871,-31.087,43.619
7872,-44.029,49.589
7873,38.023,72.975
7874,63.693,-29.893
7875,-72.797,-11.216
7876,-14.758,77.819
7877,-68.673,15.378
7878,90.372,-27.647
7879,-30.829,-57.308
7880,-26.763,-97.897
7881,-8.8397,9.1977
7882,-76.71,8.9857
7883,52.325,-66.359
7884,-1.2748,58.4
7885,26.04,91.704
7886,-91.48,10.288
7887,-97.11,-15.631
7888,-80.803,3.7295
7889,28.495,33.472
7890,-84.732,-19.081
7891,-70.602,-78.37
7892,39.963,-90.867
7893,12.958,10.596
7894,-49.358,-86.359
7895,-24.447,68.573
7896,-101.68,-0.013751
7897,-60.696,-18.48
7898,25.363,-28.105
7899,85.372,-46.598
7900,26.153,-18.06
7901,94.464,-66.298
7902,14.907,-33.004
7903,47.243,82.142
7904,51.7,69.591
7905,18.647,-80.356
7906,-67.446,-39.157
7907,-13.013,-54.411
7908,71.551,-12.928
7909,2.8282,8.5348
7910,57.251,-27.5
7911,-58.51,16.652
7912,-43.781,68.025
7913,-25.041,84.34
7914,0.7459,43.534
7915,40.022,71.996
7916,-13.858,99.361
7917,66.29,-23.997
7918,-55.937,-3.1523
7919,-99.328,7.6734
7920,31.689,2.3878
7921,-47.758,68.964
7922,50.761,69.169
7923,56.225,60.618
7924,-16.988,-43.507
7925,-16.128,-54.667
7926,9.2138,17.593
7927,89.971,9.5716
7928,16.275,-64.195
7929,62.967,-42.577
7930,-44.915,55.938
7931,51.336,63.909
7932,91.83,-52.099
7933,-90.967,0.14651
7934,-50.644,-87.733
7935,57.316,46.581
7936,87.319,-36.376
7937,46.684,104.15
7938,-21.981,69.059
7939,7.5237,10.777
7940,-96.929,-2.9784
7941,20.372,6.4551
7942,41.366,-52.146
7943,-23.502,7.7592
7944,-83.246,-39.48
7945,-44.732,56.357
7946,46.176,42.977
7947,76.141,43.592
7948,20.809,-48.572
7949,-72.78,-74.943
7950,82.69,-31.438
7951,-17.017,-87.855
7952,-43.6,69.622
7953,-69.667,72.187
7954,-48.466,78.174
7955,-40.197,-42.475
7956,35.433,-62.1
7957,100.73,-66.22
7958,-40.852,-87.731
7959,-97.808,9.9962
7960,-97.294,3.4665
7961,-58.734,7.694
7962,26.941,-86.94
7963,-20.21,-107.73
7964,16.182,-98.691
7965,20.865,-60.328
7966,23.664,-57.685
7967,36.182,-48.359
7968,-24.189,80.819
7969,5.4475,50.366
7970,20.476,-25.437
7971,12.674,14.808
7972,46.434,102.87
7973,58.358,-75.23
7974,-18.189,9.6419
7975,4.0024,20.91
7976,-49.233,-68.818
7977,-35.255,-39.396
7978,-53.71,7.9592
7979,-31.57,-75.313
7980,-25.154,-41.708
7981,-15.551,-39.794
7982,5.7917,50.787
7983,104.36,-54.467
7984,-81.551,-39.185
7985,22.136,-6.6006
7986,69.453,-48.686
7987,-15.574,-28.664
7988,-38.514,-61.04
7989,-74.556,2.9103
7990,-32.347,79.679
7991,-44.47,56.268
7992,-24.79,84.068
7993,4.2409,8.8652
7994,40.65,-84.903
7995,-80.585,2.7812
7996,2.121,12.623
7997,-2.8245,0.29823
7998,36.448,-69.174
7999,21.02,-91.401
8000,15.099,-39.027
8001,48.952,37.527
8002,7.4443,7.2792
8003,25.042,69.139
8004,34.398,-47.509
8005,-38.334,-76.621
8006,-63.321,7.7177
8007,18.144,-65.177
8008,18.634,-63.223
8009,75.812,-49.886
8010,-0.054719,-54.519
8011,-3.2943,-61.053
8012,-56.077,0.27077
8013,-80.515,-6.1523
8014,32.833,-94.041
8015,-82.799,9.0758
8016,-51.999,-89.287
8017,63.752,-24.184
8018,-82.172,-29.202
8019,39.62,-89.398
8020,19.11,-70.731
8021,75.392,-58.626
8022,-88.482,-5.1774
8023,-30.323,-76.274
8024,-53.222,-10.336
8025,-42.882,63.325
8026,-51.24,78.686
8027,19.752,-35.663
8028,88.5,6.9915
8029,-32.688,-48.371
8030,-4.2908,-47.333
8031,-68.595,-4.6133
8032,46.56,-65.956
8033,-44.484,-47.264
8034,6.7321,-47.319
8035,-50.668,79.106
8036,2.3778,51.797
8037,52.01,70.007
8038,-24.678,67.689
8039,-84.986,-0.742
8040,-88.525,-0.136
8041,60.935,38.186
8042,79.557,-56.407
8043,-90.229,8.7198
8044,-30.948,57.429
8045,32.449,89.169
8046,-70.393,3.2084
8047,49.065,102.19
8048,5.6381,-47.42
8049,41.165,52.749
8050,9.759,98.257
8051,-3.7478,58.814
8052,50.553,61.719
8053,-10.741,-30.7
8054,-21.01,7.102
8055,40.437,-91.003
8056,86.82,8.8093
8057,63.385,31.723
8058,1.7186,-55.556
8059,-56.191,1.1569
8060,32.251,-92.726
8061,11.271,10.287
8062,13.556,16.643
8063,17.27,-9.458
8064,-56.796,-89.039
8065,90.187,44.84
8066,13.075,8.5013
8067,-37.698,29.789
8068,-34.331,52.52
8069,-72.652,-27.741
8070,-0.66335,-45.454
8071,5.4497,-33.259
8072,-12.078,19.298
8073,65.471,8.3407
8074,-28.994,-3.9326
8075,87.394,-11.573
8076,10.669,99.871
8077,50.316,25.163
8078,-24.75,-31.681
8079,-5.3467,-103.22
8080,20.983,-91.241
8081,68.019,9.2236
8082,-88.255,44.832
8083,49.985,-87.821
8084,-30.45,-93.292
8085,-65.677,-37.202
8086,-76.508,10.658
8087,104.29,-51.661
8088,2.4588,6.1628
8089,36.313,41.122
8090,51.643,-84.811
8091,87.678,-11.703
8092,13.604,9.6642
8093,53.002,-31.634
8094,-28.173,86.213
8095,11.48,96.808
8096,36.331,60.304
8097,-41.321,-51.362
8098,-7.6606,78.916
8099,44.854,-84.137
8100,12.631,8.6032
8101,-42.271,-66.349
8102,25.455,88.092
8103,40.682,-7.8607
8104,-43.964,-36.747
8105,-4.7252,-102.77
8106,49.75,-26.175
8107,-28.207,90.537
8108,-2.2099,59.294
8109,32.099,61.836
8110,-49.255,34.824
8111,-4.5848,87.11
8112,12.24,15.482
8113,99.746,-62.057
8114,-75.86,-11.8
8115,62.867,-41.489
8116,60.249,-62.236
8117,-13.643,-53.984
8118,12.655,19.191
8119,6.2534,12.929
8120,-25.394,-42.129
8121,-72.817,5.7238
8122,34.717,65.336
8123,-103.33,-5.8277
8124,26.973,-81.013
8125,-101.93,1.0751
8126,70.724,-19.323
8127,90.599,-61.036
8128,-13.126,-78.997
8129,30.578,31.003
8130,-70.425,-78.557
8131,40.148,-86.866
8132,53.886,-82.798
8133,66.913,-17.788
8134,-101.72,11.333
8135,-21.583,-44.328
8136,-31.69,83.65
8137,95.345,44.112
8138,-21.467,67.599
8139,79.512,-31.329
8140,57.527,-55.33
8141,38.753,-63.01
8142,-20.194,-28.376
8143,-38.423,84.031
8144,-45.093,56.369
8145,33.028,-42.51
8146,9.4557,61.704
8147,-84.665,29.027
8148,-2.7372,-18.784
8149,64.318,-12.795
8150,-2.3632,-24.257
8151,-63.619,15.006
8152,42.628,57.386
8153,26.791,-94.841
8154,-51.014,77.267
8155,22.714,87.268
8156,15.468,-37.926
8157,54.04,73.362
8158,75.975,9.6572
8159,-74.844,-24.6
8160,101.17,-61.327
8161,39.844,-90.159
8162,9.7132,13.453
8163,7.032,10.421
8164,-41.074,4.844
8165,37.062,70.509
8166,-9.2898,-9.1355
8167,-39.641,23.25
8168,4.4095,-42.367
8169,-86.132,14.581
8170,-14.515,-32.568
8171,49.568,-63.566
8172,78.83,-8.76
8173,20.724,-55.534
8174,4.3231,-65.493
8175,-34.543,-42.584
8176,-87.354,3.8668
8177,-57.847,-77.707
8178,26.463,87.813
8179,-3.7158,58.612
8180,-59.996,-40.812
8181,45.123,80.045
8182,45.49,-32.916
8183,-6.9123,-38.582
8184,-88.031,-4.4948
8185,39.82,1.5657
8186,-41.717,-39.778
8187,6.042,12.942
8188,-45.497,-0.56284
8189,-105.71,-11.992
8190,50.246,-25.596
8191,-64.622,-3.8299
8192,-52.261,-47.75
8193,-16.04,-54.359
8194,67.477,-55.238
8195,-56.131,-88.69
8196,34.499,-61.211
8197,-25.874,86.938
8198,-66.297,74.584
8199,24.737,71.432
8200,36.044,65.775
8201,-46.625,72.193
8202,91.3,35.375
8203,89.971,9.5714
8204,107.18,-50.551
8205,-68.06,-81.168
8206,-29.554,-89.352
8207,20.372,-25.114
8208,-49.348,79.641
8209,-25.666,72.113
8210,-66.674,68.891
8211,67.567,54.286
8212,34.624,19.46
8213,-72.491,-0.5364
8214,8.133,10.003
8215,-80.57,3.4827
8216,2.4299,-50.912
8217,27.788,-35.347
8218,57.461,-20.115
8219,60.173,-27.749
8220,15.416,-70.542
8221,32.118,62.187
8222,-18.177,84.277
8223,-43.742,-33.657
8224,-11.742,-37.278
8225,32.915,61.577
8226,37.295,-92.031
8227,27.28,-83.429
8228,-82.762,-2.8176
8229,-4.8701,-48.574
8230,-5.2018,91.616
8231,-62.886,71.578
8232,-61.895,76.794
8233,8.1663,33.567
8234,10.397,96.461
8235,26.33,34.861
8236,-56.321,1.5211
8237,-74.737,-74.176
8238,44.203,-86.514
8239,15.267,49.792
8240,91.889,-57.833
8241,16.177,13.742
8242,98.748,-60.884
8243,-22.695,-41.088
8244,-26.628,-2.6213
8245,-92.389,-0.9199
8246,24.459,87.782
8247,-1.4953,41.405
8248,-11.327,73.941
8249,7.5969,99.568
8250,-73.116,7.2419
8251,-49.766,-50.279
8252,66.437,-29.635
8253,99.535,-64.885
8254,47.116,-19.246
8255,56.812,53.635
8256,89.416,-15.74
8257,62.675,10.546
8258,20.756,-68.344
8259,-64.048,7.3
8260,-34.606,-94.076
8261,-37.973,-76.704
8262,-15.943,-44.312
8263,-79.374,2.4265
8264,-44.563,-49.233
8265,101.07,-57.286
8266,56.693,-55.603
8267,89.381,-26.743
8268,43.389,-70.126
8269,97.767,-55.967
8270,46.025,-64.157
8271,10.728,98.036
8272,-65.445,20.296
8273,56.342,29.164
8274,-30.322,-69.059
8275,0.47362,88.079
8276,30.603,-89.546
8277,63.351,-24.523
8278,-91.852,11.87
8279,-78.19,-16.25
8280,-31.802,64.636
8281,76.275,11.203
8282,-21.887,-40.651
8283,92.937,-22.475
8284,-6.5737,-79.71
8285,-14.698,-10.174
8286,56.696,-52.583
8287,-20.182,-42.409
8288,-24.45,-18.678
8289,-57.22,-85.876
8290,-52.627,80.279
8291,54.105,-86.517
8292,-31.531,-58.176
8293,-53.216,63.585
8294,-81.865,22.43
8295,12.786,98.787
8296,-29.043,-92.549
8297,35.985,43.549
8298,-16.021,-2.5806
8299,-53.887,-59.199
8300,-11.657,-33.861
8301,-12.528,-41.745
8302,-65.376,62.599
8303,-15.499,95.518
8304,3.6464,48.39
8305,-47.174,66.846
8306,-86.176,1.2131
8307,47.229,101.55
8308,89.844,7.2359
8309,-87.692,-3.2871
8310,-29.179,-75.241
8311,24.789,71.862
8312,42.059,50.439
8313,35.025,-76.887
8314,-14.312,-34.114
8315,99.702,-63.628
8316,5.4257,-34.286
8317,64.782,-29.767
8318,29.84,16.434
8319,-25.84,-103.41
8320,-47.053,-64.701
8321,54.285,62.283
8322,27.466,88.449
8323,23.135,88.747
8324,13.466,96.853
8325,-29.665,72.365
8326,19.001,-37.292
8327,-84.755,-25.688
8328,-69.495,-4.4881
8329,49.024,-60.928
8330,44.235,-84.422
8331,-29.84,81.284
8332,-52.814,80.456
8333,-55.49,77.312
8334,-18.519,79.581
8335,50.238,53.98
8336,-1.0287,12.449
8337,36.537,-92.455
8338,-45.105,-65.664
8339,-74.179,53.344
8340,-6.548,57.16
8341,-95.79,7.1239
8342,106.79,-45.082
8343,-82.995,-40.666
8344,-26.028,-1.8555
8345,-41.933,-72.653
8346,-101.7,11.461
8347,8.8458,62.444
8348,5.4177,51.185
8349,-67.952,-38.382
8350,40.536,-90.52
8351,75.965,-59.177
8352,7.2549,-54.303
8353,22.36,90.921
8354,-52.764,66.335
8355,31.617,12.894
8356,-43.911,-66.605
8357,10.409,16.763
8358,21.429,-35.056
8359,15.004,-67.72
8360,45.549,-74.841
8361,-15.87,-35.467
8362,-89.197,10.686
8363,46.564,72.197
8364,24.79,88.872
8365,-21.69,70.033
8366,-90.352,-0.060694
8367,-101.84,11.871
8368,15.344,13.614
8369,-47.36,-34.074
8370,-33.655,-7.2042
8371,-43.22,-52.851
8372,44.936,-2.8555
8373,51.257,75.23
8374,60.727,-75.122
8375,51.856,-49.737
8376,-72.15,8.2442
8377,34.506,67.389
8378,-33.222,-93.463
8379,-45.796,-65.663
8380,-92.034,3.9314
8381,-30.362,-48.976
8382,-6.7973,95.717
8383,-16.998,82.858
8384,-96.308,2.0327
8385,-54.83,-0.62489
8386,103.15,-54.623
8387,-11.029,-2.8385
8388,99.97,-65.736
8389,-87.511,-55.362
8390,65.192,7.9428
8391,57.939,-34.681
8392,97.755,-60.996
8393,-10.314,-30.579
8394,-33.582,-93.874
8395,-56.36,-89.199
8396,-8.5065,8.8821
8397,85.485,-7.0861
8398,-66.715,-37.679
8399,-84.713,27.275
8400,-81.226,28.815
8401,3.7009,41.674
8402,-21.26,70.782
8403,4.9019,55.077
8404,-80.037,5.2741
8405,-30.593,-50.611
8406,-79.778,0.20587
8407,32.624,-21.73
8408,-30.789,-39.881
8409,-27.015,-46.932
8410,42.352,29.535
8411,-32.684,53.861
8412,43.986,72.868
8413,-34.361,-94.115
8414,66.322,-39.582
8415,-46.276,-66.19
8416,15.761,14.489
8417,14.192,17.754
8418,50.065,-75.597
8419,74.001,-42.017
8420,46.8,104.17
8421,-12.173,-94.385
8422,-7.4132,95.858
8423,44.214,27.061
8424,-19.759,22.088
8425,82.084,-8.176
8426,47.867,-84.823
8427,36.219,-61.311
8428,-29.111,51.366
8429,-52.313,64.174
8430,-29.178,-49.124
8431,-105.95,16.057
8432,9.7331,-4.5531
8433,-78.329,-50.231
8434,-30.885,89.856
8435,33.707,77.122
8436,38.863,5.7678
8437,-23.596,73.714
8438,-102.33,-2.5623
8439,2.2391,-29.394
8440,-75.621,-16.4
8441,-27.187,-104.97
8442,63.594,40.283
8443,-88.936,-41.903
8444,34.417,53.476
8445,-29.979,-97.377
8446,-74.152,-74.771
8447,-84.915,-18.553
8448,29.824,29.069
8449,24.977,93.268
8450,52.979,-31.741
8451,-11.919,-43.145
8452,54.995,-82.178
8453,-33.246,-11.604
8454,89.501,-22.616
8455,49.078,49.902
8456,-29.558,-44.372
8457,-27.166,-40.106
8458,-38.237,-77.391
8459,-48.595,79.146
8460,1.8707,30.409
8461,-88.232,-23.104
8462,67.363,-13.83
8463,-99.95,9.1035
8464,46.188,-55.32
8465,21.862,-65.763
8466,32.295,0.63108
8467,-49.798,79.036
8468,-18.517,70.596
8469,-30.376,51.153
8470,35.564,64.523
8471,-20.21,-107.73
8472,-33.77,-72.834
8473,-90.123,-1.6995
8474,-11.026,-2.8559
8475,-48.935,-71.425
8476,-49.686,79.634
8477,9.9793,-38.944
8478,-12.192,0.69588
8479,-43.649,-74.679
8480,12.842,18.859
8481,-66.097,-83.653
8482,14.033,16.61
8483,-99.427,6.1649
8484,58.372,-23.634
8485,11.551,99.501
8486,-25.412,68.348
8487,-55.215,61.824
8488,-55.435,40.29
8489,-5.7237,-0.85174
8490,-70.512,-68.653
8491,33.624,-67.593
8492,-83.252,4.7567
8493,-11.464,94.463
8494,-8.0144,95.84
8495,44.21,30.247
8496,74.348,-49.672
8497,92.027,-67.349
8498,88.096,-19.279
8499,32.309,-28.669
8500,54.536,-63.647
8501,-25.665,-43.429
8502,59.964,27.959
8503,5.7346,97.163
8504,105.73,-51.217
8505,-84.804,-18.578
8506,78.056,-47.89
8507,57.139,-23.29
8508,46.495,71.885
8509,49.655,62.462
8510,11.421,15.611
8511,87.662,-5.7801
8512,18.168,65.854
8513,-2.1856,60.822
8514,22.274,-87.613
8515,31.978,-61.935
8516,-1.9381,-1.6143
8517,-14.302,-6.9503
8518,18.624,-96.494
8519,95.348,-51.119
8520,-71.879,5.8348
8521,-15.76,-40.268
8522,-0.89109,77.422
8523,-18.762,-23.408
8524,-47.657,-50.875
8525,-25.6,-42.912
8526,-24.057,-37.537
8527,-18.576,20.239
8528,-5.2257,-22.462
8529,26.081,38.063
8530,89.97,9.5715
8531,-49.082,-34.617
8532,3.7956,23.475
8533,23.588,-17.15
8534,-57.01,8.8426
8535,-52.115,54.912
8536,-60.798,73.526
8537,-82.265,4.1941
8538,32.973,-82.099
8539,-95.81,7.4076
8540,29.101,12.755
8541,13.238,10.329
8542,-31.022,-73.722
8543,-48.7,79.337
8544,0.94311,96.674
8545,-63.76,74.634
8546,42.347,86.045
8547,8.6627,-54.284
8548,56.995,-37.915
8549,-3.0637,-86.714
8550,-12.309,16.276
8551,104.99,-44.369
8552,51.938,52.098
8553,9.4498,13.214
8554,-26.621,91.236
8555,106.8,-46.872
8556,-65.94,23.476
8557,64.889,9.1959
8558,23.249,-61.345
8559,12.994,18.46
8560,-25.616,-98.213
8561,-51.295,-58.01
8562,29.629,87.976
8563,3.8888,-2.2764
8564,7.8146,-57.732
8565,54.846,-57.623
8566,-13.419,-38.112
8567,8.5542,14.459
8568,3.3239,95.715
8569,-41.118,65.725
8570,-11.603,94.189
8571,93.105,-57.595
8572,35.351,-34.071
8573,-83.354,-0.18019
8574,-11.853,-37.423
8575,1.6939,-29.498
8576,57.382,-65.327
8577,-5.8453,-88.117
8578,-59.621,-66.76
8579,5.7969,19.175
8580,34.875,-34.184
8581,51.322,-48.261
8582,35.614,71.622
8583,-3.2671,-46.686
8584,105.64,-45.023
8585,-99.251,9.2099
8586,64.077,-29.698
8587,-13.123,73.893
8588,0.69782,76.954
8589,-24.054,66.729
8590,-94.887,1.5667
8591,-35.637,-14.324
8592,83.046,-44.286
8593,44.538,-0.066843
8594,-34.504,-94.156
8595,12.076,98.441
8596,-21.834,70.981
8597,9.5994,29.388
8598,-96.445,6.1522
8599,-65.867,-83.86
8600,22.956,-95.482
8601,8.5848,16.519
8602,11.166,18.203
8603,-14.882,-36.276
8604,-60.808,7.9949
8605,-32.204,-56.374
8606,33.217,14.907
8607,5.5028,50.68
8608,-73.862,-32.44
8609,95.259,-42.474
8610,-31.109,-50.924
8611,-56.291,-68.112
8612,-49.929,52.913
8613,-42.551,64.633
8614,-54.808,77.556
8615,4.1437,40.359
8616,6.1655,96.881
8617,-22.055,71.791
8618,105.6,-45.752
8619,-4.6339,-103.02
8620,-4.1698,-6.4386
8621,-2.2924,-50.045
8622,-69.454,16.588
8623,26.571,-96.077
8624,-22.984,-43.21
8625,54.715,-25.583
8626,22.171,88.975
8627,54.021,-86.828
8628,-10.754,-77.827
8629,56.222,22.53
8630,76.741,-57.167
8631,-23.38,38.035
8632,22.797,14.175
8633,-4.7403,-102.17
8634,32.34,-25.875
8635,103.82,-51.136
8636,-20.723,-84.874
8637,-70.742,11.152
8638,-13.206,-2.7964
8639,52.153,-86.368
8640,59.481,-65.064
8641,48.302,-80.636
8642,63.156,-65.163
8643,107.09,-46.392
8644,63.784,-28.458
8645,-75.149,17.998
8646,-48.295,69.021
8647,-101.58,11.738
8648,-8.3884,-4.7407
8649,-17.93,-47.771
8650,22.997,-98.046
8651,9.1919,61.676
8652,-38.503,-73.67
8653,-18.446,79.979
8654,-54.033,64.561
8655,7.9083,10.951
8656,-25.309,-78.76
8657,-94.288,1.8349
8658,-37.949,-93.076
8659,-71.68,51.403
8660,-9.9251,93.047
8661,-1.3755,-29.946
8662,29.332,-37.591
8663,-46.619,-71.525
8664,-48.972,-81.201
8665,-30.778,82.88
8666,54.551,62.444
8667,15.266,-43.253
8668,27.114,-69.259
8669,-36.555,-59.45
8670,103.17,31.546
8671,14.804,16.178
8672,6.5467,11.917
8673,-23.484,69.182
8674,7.8306,30.397
8675,0.6121,29.983
8676,-88.936,-41.903
8677,-87.959,-5.427
8678,37.367,-53.342
8679,73.011,-45.725
8680,60.212,-27.586
8681,-49.942,78.168
8682,31.909,2.2194
8683,57.837,-21.779
8684,-82.516,8.9125
8685,41.58,-89.663
8686,43.134,-49.506
8687,-13.194,0.94799
8688,-40.099,-69.187
8689,-55.925,8.1694
8690,7.6147,58.366
8691,86.166,-45.356
8692,-34.047,-80.437
8693,17.421,10.66
8694,-95.503,2.1031
8695,-50.161,78.069
8696,-6.8486,27.023
8697,-53.923,80.503
8698,-51.478,41.839
8699,60.198,-46.662
8700,-28.52,-51.999
8701,-78.535,-16.487
8702,-7.0726,32.037
8703,79.434,-19.136
8704,-10.543,-41.68
8705,32.088,-29.273
8706,75.369,-58.493
8707,35.017,-34.329
8708,-83.804,3.932
8709,-43.859,-64.621
8710,-3.0097,42.007
8711,-50.891,54.37
8712,-4.188,-103.3
8713,100.38,-59.302
8714,-42.122,-32.921
8715,-83.078,-9.8363
8716,-73.263,1.2303
8717,49.31,58.017
8718,-0.53467,-48.101
8719,91.916,-20.484
8720,-50.055,-68.098
8721,-8.0007,95.463
8722,9.1037,99.053
8723,25.896,-96.987
8724,-29.452,-57.428
8725,97.774,-61.005
8726,13.121,17.185
8727,-95.373,23.146
8728,-36.486,-24.86
8729,13.234,19.161
8730,7.8488,13.464
8731,58.817,-30.165
8732,-16.969,68.94
8733,10.486,30.807
8734,-30.627,-63.609
8735,-28.126,84.225
8736,10.588,92.201
8737,31.252,4.1375
8738,13.482,94.665
8739,-8.9749,-2.5017
8740,-25.245,-42.912
8741,-17.867,-44.072
8742,51.596,-59.844
8743,38.02,64.67
8744,-0.52144,53.613
8745,65.01,8.245
8746,33.893,-45.561
8747,-23.744,-41.197
8748,48.614,-65.985
8749,20.349,-68.351
8750,52.526,-89.254
8751,37.954,-53.84
8752,55.446,-28.588
8753,-75.045,-16.363
8754,23.599,-52.286
8755,-12.782,-94.629
8756,17.209,6.8676
8757,33.545,67.19
8758,-28.954,76.803
8759,50.201,70.693
8760,-27.77,-84.323
8761,-17.352,-48.854
8762,48.386,-51.259
8763,54.204,-86.119
8764,32.504,9.2737
8765,-6.961,95.647
8766,-5.1798,54.625
8767,35.912,1.4764
8768,32.901,63
8769,-54.108,-3.0581
8770,-51.752,-2.0233
8771,44.194,-78.06
8772,-4.4032,58.363
8773,87.515,-42.806
8774,-83.991,-7.1949
8775,-49.026,-68.013
8776,41.278,20.326
8777,4.7356,87.756
8778,103.66,-52.135
8779,-76.803,8.5026
8780,58.23,-22.068
8781,-102.47,7.451
8782,-46.689,-50.253
8783,21.085,-56.117
8784,65.965,8.299
8785,-32.593,-94.981
8786,-17.291,-76.842
8787,-41.192,-26.162
8788,-38.083,-54.86
8789,58.17,-34.477
8790,3.5165,34.607
8791,-79.883,-5.5281
8792,84.235,-28.493
8793,88.312,-25.126
8794,-95.047,15.387
8795,-52.645,-47.805
8796,-82.356,-10.878
8797,-19.17,-28.383
8798,-12.985,-93.361
8799,-7.7726,94.312
8800,27.058,-0.1795
8801,43.501,1.0202
8802,-8.2067,8.6069
8803,48.11,101.13
8804,103.03,-52.103
8805,34.472,0.85466
8806,52.999,17.148
8807,51.017,-70.094
8808,-33.371,-50.051
8809,-89.873,-7.6371
8810,-8.1903,-5.504
8811,58.864,-26.345
8812,-20.471,-92.956
8813,58.484,-46.112
8814,-88.33,-23.188
8815,-60.618,22.253
8816,54.578,-15.612
8817,48.657,72.891
8818,-90.563,7.0152
8819,-80.526,-4.0025
8820,-47.165,-86.878
8821,20.654,-23.822
8822,18.808,-85.756
8823,52.242,30.61
8824,-75.111,31.912
8825,-45.722,-84.363
8826,24.817,89.331
8827,25.224,88.068
8828,92.557,-51.693
8829,-31.143,-94.776
8830,-18.433,-47.977
8831,49.074,-53.854
8832,77.614,-60.214
8833,37.439,-29.646
8834,-40.499,-60.992
8835,-38.331,-42.37
8836,-62.524,75.264
8837,-18.136,85.583
8838,-43.444,86.441
8839,25.552,-95.231
8840,-63.829,-41.633
8841,-7.7419,7.8619
8842,-8.6411,8.9995
8843,36.711,-90.748
8844,-55.086,8.1817
8845,80.738,-42.669
8846,-23.489,73.621
8847,63.418,10.264
8848,87.877,-24.959
8849,26.36,-80.267
8850,48.083,-58.182
8851,-100.58,7.8121
8852,-29.472,77.696
8853,48.08,41.965
8854,86.477,9.39
8855,-99.115,31.167
8856,57.53,-20.175
8857,-55.259,-89.337
8858,3.8865,20.75
8859,-24.068,72.887
8860,-6.4721,95.451
8861,10.887,95.818
8862,-40.058,-68.919
8863,-98.522,15.74
8864,-80.209,4.3222
8865,34.414,-30.767
8866,44.541,-74.475
8867,-10.924,-91.679
8868,-73.928,6.1578
8869,57.416,-19.971
8870,8.9331,62.653
8871,35.479,19.417
8872,50.526,63.467
8873,-36.96,-43.551
8874,51.564,-32.335
8875,43.963,-63.063
8876,39.421,69.61
8877,-90.739,1.9526
8878,56.525,-22.86
8879,100.02,-66.038
8880,32.895,6.4028
8881,-18.469,80.097
8882,-104.61,17.185
8883,-49.806,-50.113
8884,31.91,52.582
8885,-42.986,-42.262
8886,23.572,89.887
8887,58.099,-28.548
8888,-33.538,-64.753
8889,32.516,-50.941
8890,25.603,93.054
8891,35.193,66.857
8892,33.465,53.379
8893,53.553,-65.056
8894,29.424,-42.047
8895,-72.015,-76.458
8896,27.676,-27.52
8897,-46.347,-88.913
8898,5.8784,40.232
8899,-9.5677,95.132
8900,-21.393,68.907
8901,60.099,-25.119
8902,-38.74,-46.302
8903,104.67,-52.142
8904,36.046,63.453
8905,54.325,-65.098
8906,24.897,32.194
8907,-81.729,-26.814
8908,-19.827,8.4109
8909,14.734,8.4245
8910,-90.467,-3.5309
8911,-44.499,-66.37
8912,5.8881,-46.85
8913,77.092,9.4505
8914,79.87,-24.641
8915,73.51,-6.4984
8916,36.747,74.202
8917,-35.212,95.259
8918,-97.264,11.786
8919,-95.61,54.433
8920,86.878,-43.465
8921,-51.641,82.154
8922,-18.135,-44.155
8923,56.888,-24.85
8924,83.661,-36.765
8925,-83.268,37.287
8926,-73.933,-22.075
8927,45.898,73.802
8928,23.904,89.593
8929,-41.124,92.315
8930,-16.727,-42.958
8931,-31.906,-63.596
8932,-30.166,-94.714
8933,103.09,-47.284
8934,60.823,-75.075
8935,-50.082,81.662
8936,-21.043,71.167
8937,-15.721,-36.17
8938,55.51,-27.588
8939,-97.02,10.01
8940,106.64,-53.522
8941,35.333,-88.623
8942,-57.238,29.543
8943,56.986,-18.626
8944,-26.856,-42.01
8945,-26.278,-45.822
8946,0.36236,78.478
8947,10.921,37.965
8948,-29.445,-48.16
8949,-34.272,-94.113
8950,69.298,-60.538
8951,93.364,-21.835
8952,18.737,-70.226
8953,-50.197,-89.423
8954,23.396,-21.468
8955,-23.012,73.205
8956,-5.9237,-67.055
8957,-30.923,82.428
8958,-10.018,94.888
8959,107.96,-45.214
8960,-10.927,-4.0186
8961,65.749,-59.88
8962,-26.418,-42.578
8963,46.301,-42.284
8964,26.015,61.796
8965,-27.966,86.345
8966,-34.186,-94.26
8967,55.064,-25.613
8968,-9.8061,-0.24252
8969,26.29,-17.179
8970,-90.633,-9.0323
8971,-48.565,-71.428
8972,62.295,41.941
8973,-24.35,70.196
8974,30.388,-88.55
8975,-20.053,-93.81
8976,50.768,-86.584
8977,-60.559,-39.635
8978,-28.85,-45.371
8979,7.7258,33.398
8980,7.5019,53.797
8981,-78.83,27.465
8982,105.37,-49.394
8983,-30.883,-70.791
8984,-28.154,-100.3
8985,-24.084,-40.653
8986,26.093,45.557
8987,47.13,30.266
8988,45.645,-3.7975
8989,72.357,-16.608
8990,-51.491,-48.539
8991,-0.65197,-48.062
8992,-23.945,65.472
8993,-26.937,-42.021
8994,-81.387,-0.085888
8995,-13.287,-53.206
8996,-6.8557,29.464
8997,-22.288,69.611
8998,-46.74,-40.893
8999,-9.3415,-36.982
9000,-95.325,1.2212
9001,80.994,-38.355
9002,42.55,-48.672
9003,57.02,-29.108
9004,-95.629,-30.393
9005,-2.4828,55.268
9006,49.635,69.469
9007,-48.538,79.074
9008,-24.679,66.956
9009,31.142,-60.808
9010,91.197,-41.7
9011,-10.828,-94.946
9012,-33.078,-46.558
9013,61.017,-26.593
9014,-7.0787,-5.56
9015,9.3044,18.492
9016,-100.52,7.1275
9017,-21.961,68.274
9018,-28.559,87.312
9019,28.356,48.507
9020,1.7228,-55.485
9021,-63.776,8.4588
9022,40.72,-44.628
9023,0.55901,20.05
9024,-3.0666,85.473
9025,-82.993,-3.0992
9026,-30.449,-5.9256
9027,-13.067,19.013
9028,16.769,-97.638
9029,47.704,-82.672
9030,-95.765,2.6307
9031,-19.014,-37.955
9032,-2.4195,30.54
9033,46.111,21.287
9034,-45.5,83.409
9035,-47.765,-71.291
9036,-88.468,-40.785
9037,93.404,-20.868
9038,54.175,-31.631
9039,-12.831,-45.817
9040,28.542,68.628
9041,-47.398,68.022
9042,46.598,20.336
9043,-58.489,49.767
9044,-30.354,-95.894
9045,18.801,-35.998
9046,35.516,21.235
9047,-32.665,53.599
9048,48.572,-5.4037
9049,46.025,10.884
9050,-4.3648,-41.478
9051,-80.292,-6.256
9052,-34.172,-53.813
9053,-91.918,6.2487
9054,-77.02,11.378
9055,20.506,-26.697
9056,-7.1765,54.873
9057,-37.758,-67.126
9058,-21.02,-36.167
9059,84.559,-10.518
9060,-34.689,-44.496
9061,-83.074,-40.774
9062,-26.073,-45.473
9063,-32.521,-45.353
9064,-33.854,79.725
9065,18.856,8.0243
9066,21.139,85.164
9067,-7.8937,91.943
9068,-33.939,-39.752
9069,-75.017,-30.917
9070,77.113,-75.297
9071,50.281,9.7818
9072,-6.8759,5.2825
9073,-32.646,53.319
9074,-93.947,-7.7187
9075,-12.512,55.781
9076,-27.972,-47.495
9077,53.62,-16.449
9078,-51.368,61.906
9079,88.754,-42.923
9080,66.617,87.079
9081,-36.42,-46.864
9082,85.845,-22.31
9083,-44.985,82.76
9084,37.042,-66.697
9085,23.494,90.08
9086,77.297,49.965
9087,2.8739,62.046
9088,-97.008,15.379
9089,24.648,-32.024
9090,-57.14,-38.688
9091,-59.356,-40.7
9092,68.35,-23.902
9093,-36.158,-63.282
9094,-52.727,-31.336
9095,58.345,-22.147
9096,-10.787,47.839
9097,-37.008,-53.421
9098,17.137,11.164
9099,26.893,-93.98
9100,-70.7,-78.261
9101,58.331,-24.973
9102,40.551,7.5243
9103,-39.284,-56.909
9104,-70.549,11.96
9105,-83.579,31.887
9106,79.863,-54.608
9107,-55.674,77.245
9108,-12.457,9.7764
9109,14,16.081
9110,-42.892,55.961
9111,-56.941,-88.762
9112,-10.991,94.592
9113,-20.857,-45.401
9114,3.5434,-25.55
9115,28.036,12.152
9116,24.083,81.001
9117,-63.378,-86.412
9118,-85.079,-6.5901
9119,-19.368,-78.954
9120,-72.513,-44.333
9121,-21.607,67.891
9122,7.9437,24.797
9123,74.267,26.057
9124,-70.765,-36.852
9125,-44.748,-66.109
9126,-57.042,-67.275
9127,-33.185,67.31
9128,32.227,-60.042
9129,32.915,8.749
9130,-7.5553,-41.482
9131,-70.007,29.776
9132,25.278,-87.348
9133,37.534,-64.559
9134,77.524,-37.462
9135,-38.528,-62.424
9136,-46.591,-66.612
9137,-20.136,-27.438
9138,6.3459,52.376
9139,33,-76.731
9140,-17.946,-27.26
9141,36.668,68.189
9142,25.601,52.82
9143,22.873,92.091
9144,32.129,5.3936
9145,38.282,81.501
9146,86.091,-10.138
9147,-92.99,-0.42037
9148,-28.199,-100.55
9149,79.348,-10.887
9150,16.37,-46.067
9151,-0.65338,28.708
9152,-21.012,-60.011
9153,-41.369,-64.851
9154,-34.296,-72.057
9155,59.415,-76.784
9156,-48.382,-70.05
9157,-96.842,-2.0004
9158,-4.2053,20.841
9159,-61.446,62.693
9160,-1.669,-52.575
9161,-20.379,76.765
9162,-41.145,-60.536
9163,-9.5217,95.185
9164,-20.288,-107.6
9165,87.704,-42.84
9166,-31.963,-75.74
9167,-16.447,62.838
9168,32.573,5.7373
9169,-44.036,-72.736
9170,34.086,-52.29
9171,-23.707,66.027
9172,-84.951,-18.792
9173,-105.13,17.45
9174,56.653,-33.87
9175,-26.215,-103.29
9176,-40.746,-68.499
9177,101.86,33.126
9178,-88.243,-11.978
9179,-28.589,-46.978
9180,-101.93,28.064
9181,9.4329,-38.609
9182,29.557,1.291
9183,-36.809,28.958
9184,-48.409,-69.983
9185,-69.272,-32.279
9186,43.551,26.853
9187,38.798,16.887
9188,-6.2779,-80.16
9189,-33.005,49.687
9190,-28.691,86.45
9191,0.25696,13.139
9192,-49.718,-80.707
9193,-96.228,-30.102
9194,59.933,-62.595
9195,48.271,28.03
9196,1.5338,29.91
9197,-76.727,14.322
9198,22.223,11.566
9199,39.098,69.948
9200,-21.704,68.582
9201,-82.045,64.8
9202,-11.162,3.0522
9203,-4.7142,28.681
9204,7.9354,16.725
9205,47.067,70.901
9206,-80.729,-6.837
9207,-10.776,-37.065
9208,71.927,-16.242
9209,-31.285,-93.232
9210,2.3465,51.756
9211,-80.736,-39.486
9212,-11.864,-54.716
9213,25.31,-61.276
9214,67.388,-55.412
9215,-97.486,15.493
9216,-42.024,-54.586
9217,-62.508,66.573
9218,52.023,-31.278
9219,11.319,98.186
9220,-50.487,82.422
9221,-35.582,-70.446
9222,-70.229,-14.369
9223,-48.955,-34.426
9224,86.359,-34.18
9225,103.73,-55.742
9226,40.081,-44.723
9227,-84.945,-6.2915
9228,68.114,-5.3426
9229,80.071,-4.8543
9230,-36.894,-45.866
9231,15.471,98.064
9232,35.624,-46.696
9233,-10.19,-52.993
9234,86.931,-38.372
9235,-14.806,-11.716
9236,-65.852,14.816
9237,-25.708,-40.901
9238,-80.431,-6.2467
9239,49.672,59.422
9240,-67.925,-6.8193
9241,-38.582,-75.642
9242,8.461,15.486
9243,107.11,-45.248
9244,76.127,12.873
9245,-20.211,-107.74
9246,44.512,-33.846
9247,-59.143,-87.374
9248,-29.58,-50.101
9249,12.733,99.224
9250,51.219,-19.014
9251,-30.603,-93.221
9252,-4.6868,-102.66
9253,99.471,-63.445
9254,5.9075,10.539
9255,12.202,14.776
9256,-41.575,-60.789
9257,-69.164,-4.1867
9258,1.1201,43.973
9259,16.721,-37.464
9260,-6.6112,99.25
9261,-20.426,-88.243
9262,-22.669,-46.671
9263,-60.565,29.014
9264,50.544,10.678
9265,52.702,23.743
9266,90.754,-30.45
9267,60.39,12.07
9268,-17.982,-23.734
9269,47.451,-31.622
9270,30.352,-34.125
9271,-20.958,67.688
9272,5.6906,-64.2
9273,4.1564,50.133
9274,-46.224,85.653
9275,-1.3158,53.096
9276,36.797,17.604
9277,36.508,-10.179
9278,-42.017,-64.601
9279,21.696,54.282
9280,0.26057,96.451
9281,-99.606,20.213
9282,-94.9,17.376
9283,-12.03,76.422
9284,87.119,-38.359
9285,-12.183,-40.462
9286,-27.303,-44.891
9287,-101.51,-12.574
9288,94,-53.323
9289,4.6012,-12.477
9290,-27.667,-40.182
9291,-68.247,-38.846
9292,-7.7313,31.001
9293,-55.34,64.809
9294,75.957,9.7119
9295,-13.638,95.518
9296,99.569,-63.793
9297,106.98,-45.363
9298,-43.561,-63.201
9299,-30.196,84.948
9300,58.275,-12.084
9301,76.494,9.2928
9302,-51.091,-69.764
9303,102.06,-58.498
9304,38.219,15.993
9305,-35.373,-43.579
9306,59.448,16.225
9307,-35.494,-46.853
9308,-17.804,-43.492
9309,-96.771,3.3671
9310,-56.613,8.3809
9311,-30.373,-5.6456
9312,-26.363,-92.709
9313,-28.791,-46.006
9314,-31.355,85.081
9315,36.123,67.6
9316,-28.157,-94.08
9317,89.971,9.5716
9318,-33.876,-39.903
9319,-6.7254,-88.293
9320,50.334,-57.918
9321,-13.605,14.253
9322,12.565,9.9648
9323,35.227,-70.158
9324,-8.9936,-2.5428
9325,-82.085,1.9351
9326,57.73,-18.608
9327,-29.445,-45.577
9328,51.469,61.737
9329,-45.754,82.231
9330,56.567,59.74
9331,15.901,-72.844
9332,51.389,-48.544
9333,-24.842,80.641
9334,-74.212,-6.0039
9335,-37.156,-43.047
9336,-29.881,-42.472
9337,-9.3169,95.306
9338,-42.141,-58.264
9339,-28.788,-71.636
9340,-69.771,15.686
9341,-9.2683,-5.9012
9342,55.484,41.656
9343,-6.9413,-52.434
9344,-44.09,-36.531
9345,-31.311,-57.237
9346,-15.336,-21.542
9347,52.406,45.779
9348,-58.486,60.911
9349,-73.348,14.644
9350,47.215,-26.571
9351,79.629,-4.5254
9352,93.253,-52.083
9353,-47.445,-33.917
9354,-32.84,-94.145
9355,-13.25,-42.419
9356,-88.934,-41.901
9357,-20.254,62.159
9358,-48.293,78.178
9359,35.578,71.753
9360,-71.544,49.606
9361,-63.293,16.666
9362,-40.708,-54.059
9363,-69.093,-3.816
9364,2.8975,13.097
9365,20.817,-25.222
9366,18.485,-46.19
9367,35.798,-80.469
9368,27.065,-92.335
9369,54.501,62.478
9370,29.205,-40.539
9371,-44.041,-74.392
9372,-3.5595,-19.921
9373,69.868,-23.039
9374,6.016,-46.48
9375,-37.336,-57.525
9376,28.597,68.543
9377,76.471,-39.221
9378,53.435,-86.78
9379,11.787,14.922
9380,-79.4,0.64053
9381,-42.471,-33.839
9382,-46.33,-41.85
9383,-25.469,69.109
9384,23.262,-59.966
9385,-32.222,67.651
9386,-14.874,-34.168
9387,-47.436,-59.866
9388,-82.328,1.6332
9389,37.302,33.323
9390,77.831,-22.481
9391,103.87,-52.117
9392,-53.583,37.419
9393,24.093,-41.531
9394,106.47,-50.511
9395,-27.178,-88.203
9396,-92.284,-48.311
9397,-96.453,51.784
9398,32.615,-8.0491
9399,-88.936,-41.902
9400,61.339,45.724
9401,-101.86,21.912
9402,-99.475,4.7182
9403,22.344,-94.312
9404,-66.963,19.413
9405,13.969,-54.58
9406,102.77,-53.322
9407,36.549,-31.308
9408,21.459,-69.509
9409,-5.4522,-102.41
9410,-13.263,94.285
9411,46.468,71.74
9412,11.014,-40.205
9413,-17.756,-42.398
9414,37.493,-91.489
9415,21.014,-48.812
9416,35.131,-64.117
9417,80.687,-1.8752
9418,42.541,-42.15
9419,43.741,-34.234
9420,-27.421,-40.056
9421,-19.206,26.739
9422,-42.104,-61.333
9423,63.787,-19.989
9424,-7.4224,95.909
9425,-51.573,82.042
9426,12.241,-41.369
9427,-48.778,65.438
9428,-3.6028,58.533
9429,-57.522,8.341
9430,81.926,-38.108
9431,107.47,-43.407
9432,-40.281,-42.465
9433,-28.826,-48.541
9434,64.154,-31.095
9435,-25.005,-94.458
9436,-0.28935,54.128
9437,-7.4833,31.146
9438,-7.4052,-34.4
9439,-44.73,-65.762
9440,7.3051,7.5726
9441,13.115,17.423
9442,-100.84,9.4256
9443,104.21,-47.736
9444,-95.611,54.434
9445,-44.447,-74.321
9446,-24.253,67.525
9447,25.313,-61.964
9448,3.8338,-9.2544
9449,-82.835,-11.191
9450,101.99,-54.942
9451,-64.03,-37.057
9452,35.364,63.425
9453,-7.8585,8.142
9454,63.359,-43.267
9455,-15.516,-40.363
9456,-27.644,-46.372
9457,69.14,-53.816
9458,-61.77,13.787
9459,-43.055,-90.038
9460,-34.319,-47.92
9461,20.306,-20.184
9462,20.671,-82.493
9463,-52.962,80.067
9464,60.015,-25.083
9465,69.973,47.43
9466,57.476,-50.861
9467,49.059,-72.116
9468,56.62,-23.85
9469,-18.54,20.82
9470,75.191,-38.585
9471,18.008,-39.056
9472,77.694,-32.624
9473,60.543,-27.848
9474,-32.487,-95.155
9475,108.28,-44.718
9476,-33.854,-48.106
9477,-41.981,-52.113
9478,-29.199,-48.468
9479,-53.835,-76.707
9480,-43.494,-75.221
9481,-49.599,78.422
9482,-71.911,17.467
9483,64.446,-41.365
9484,-46.48,-71.492
9485,19.154,-37.144
9486,33.779,1.7918
9487,-2.3703,-20.846
9488,-61.306,-18.186
9489,108.38,-43.447
9490,-6.3924,-32.086
9491,58.04,-32.633
9492,-34.436,-58.885
9493,30.977,0.9729
9494,-14.74,-91.543
9495,5.2647,14.293
9496,50.744,-56.486
9497,-88.628,-22.694
9498,47.291,-5.9553
9499,10.798,97.05
9500,74.804,49.044
9501,-47.461,-50.868
9502,-39.283,-71.404
9503,-5.442,-45.489
9504,26.24,-1.0515
9505,37.05,17.773
9506,-76.457,13.824
9507,-37.246,-53.555
9508,-88.382,-14.821
9509,-16.122,-40.286
9510,-48.699,-84.519
9511,84.36,-7.5506
9512,-104.03,-3.6007
9513,15.596,-86.082
9514,-70.306,65.84
9515,51.306,-78.505
9516,105.19,-47.749
9517,-46.288,-86.612
9518,-10.656,-16.591
9519,53.421,3.2738
9520,90.145,-30.702
9521,52.41,16.39
9522,-38.023,-39.892
9523,25.753,-15.057
9524,-99.801,5.6769
9525,24.768,-16.121
9526,-72.629,5.9353
9527,-47.618,66.452
9528,-0.24007,-76.436
9529,-2.2526,-46.013
9530,-0.14341,18.483
9531,-19.023,17.034
9532,59.008,-76.857
9533,48.629,-21.158
9534,-29.772,-42.542
9535,58.406,-34.307
9536,-47.584,68.662
9537,-3.4427,59.612
9538,52.295,-18.381
9539,75.697,-43.909
9540,-72.153,-30.081
9541,87.075,-43.982
9542,79.179,-54.059
9543,-41.086,-42.498
9544,-19.529,-36.885
9545,-39.153,-50.966
9546,-33.523,-46.789
9547,46.865,85.064
9548,34.707,65.588
9549,-50.253,-69.73
9550,-39.378,-68.126
9551,37.446,73.906
9552,34.681,-48.1
9553,-61.43,20.992
9554,-35.163,-63.538
9555,87.944,-42.877
9556,-24.051,71.181
9557,47.018,70.539
9558,-42.434,-61.726
9559,-33.315,-65.774
9560,-54.98,48.244
9561,64.713,45.298
9562,-91.701,-7.0815
9563,-26.323,70.932
9564,48.126,29.624
9565,-17.161,11.974
9566,34.802,67.179
9567,64.748,-26.231
9568,-41.414,-69.634
9569,-84.848,-0.95331
9570,-68.182,-38.587
9571,-32.655,53.373
9572,106.69,10.296
9573,-29.254,-90.276
9574,12.636,99.029
9575,-52.366,60.425
9576,35.286,72.14
9577,-48.53,-71.331
9578,15.722,10.396
9579,33.752,65.552
9580,29.968,-0.55129
9581,-84.768,-23.008
9582,-31.598,-48.313
9583,-69.94,-10.322
9584,-6.3932,57.238
9585,-44.079,68.41
9586,-43.133,-85.106
9587,-56.884,-67.449
9588,-44.168,-66.872
9589,24.961,-15.363
9590,-50.011,-79.508
9591,-52.403,-1.5495
9592,43.068,5.1759
9593,106.41,-47.008
9594,-41.113,-56.384
9595,-42.105,-50.689
9596,92.712,-64.733
9597,-57.512,8.2764
9598,52.002,69.803
9599,32.439,0.60742
9600,-23.462,69.452
9601,-26.58,-94.106
9602,-47.597,-50.629
9603,-75.14,-73.751
9604,-48.136,-82.386
9605,-56.546,8.3311
9606,-51.746,81.505
9607,21.216,-69.244
9608,24.902,-90.375
9609,-52.143,-45.529
9610,-38.454,-76.649
9611,48.805,-85.456
9612,-1.5052,-36.531
9613,56.481,-86.769
9614,-72.925,13.733
9615,54.312,-25.51
9616,-101.54,3.8997
9617,-58.282,-82.181
9618,-54.549,16.306
9619,32.555,-66.918
9620,-77.932,1.4096
9621,-65.223,-84.274
9622,-7.8248,87.099
9623,-42.581,45.473
9624,-72.248,-76.743
9625,-51.151,-1.7294
9626,37.451,83.582
9627,-109.64,-8.2277
9628,-2.8935,-57.054
9629,-19.124,-46.973
9630,-10.237,90.68
9631,-96.995,1.9839
9632,41.313,-67.265
9633,52.266,12.554
9634,68.39,-61.379
9635,53.69,-31.853
9636,-19.242,-43.85
9637,-34.931,-62.612
9638,-8.019,93.935
9639,-64.93,73.531
9640,-0.19969,39.533
9641,6.0621,-47.235
9642,-34.033,-53.018
9643,-4.0826,-18.756
9644,-57.219,28.643
9645,-67.666,-81.175
9646,25.119,-95.705
9647,-99.57,5.0055
9648,-51.232,78.981
9649,-30.834,88.551
9650,2.0812,19.162
9651,-5.3215,38.208
9652,28.249,5.658
9653,-28.157,-104.45
9654,-28.806,-95.065
9655,-16.473,-4.5055
9656,-55.123,-36.537
9657,-30.778,-70.147
9658,-14.62,-8.0846
9659,-60.301,21.637
9660,16.506,9.4836
9661,2.0489,61.772
9662,-26.152,-41.777
9663,-35.211,-55.424
9664,-24.285,-37.369
9665,-41.83,-64.158
9666,-81.91,8.3356
9667,-18.911,15.976
9668,38.177,-83.966
9669,-70.518,-41.978
9670,-56.028,8.1838
9671,28.59,-66.438
9672,-20.17,8.7884
9673,-42.454,-42.37
9674,20.248,-42.864
9675,78.403,-29.549
9676,-1.052,-94.378
9677,-97.415,15.37
9678,7.8729,24.286
9679,-7.3394,95.605
9680,8.8557,99.523
9681,-8.6155,55.399
9682,13.757,93.82
9683,-58.355,-86.346
9684,-25.907,-40.292
9685,-46.638,-40.951
9686,8.5227,-55.248
9687,-95.601,9.8265
9688,36.583,62.822
9689,-53.037,8.9663
9690,-70.882,9.005
9691,29.091,43.259
9692,37.376,-87.446
9693,58.315,-23.576
9694,-101.07,9.3507
9695,-71.393,-77.024
9696,-79.481,6.1634
9697,18.641,52.284
9698,18.315,90.028
9699,-26.078,69.006
9700,10.4,50.166
9701,-28.625,-44.796
9702,-4.9909,-22
9703,-48.329,78.574
9704,-27.568,88.065
9705,-71.87,-54.793
9706,-74.379,-0.57513
9707,-45.08,-64.886
9708,52.257,16.082
9709,-31.061,-57.229
9710,-59.149,-68.628
9711,-5.003,-21.992
9712,-101.95,5.1501
9713,4.6272,63.755
9714,-89.484,-2.2838
9715,-50.025,79.569
9716,40.006,20.78
9717,16.901,48.108
9718,-101.13,-2.2152
9719,59.322,31.353
9720,29.069,-93.688
9721,22.602,-97.876
9722,9.3031,0.61974
9723,54.444,-30.21
9724,-3.3101,-57.627
9725,-55.17,-69.062
9726,-45.695,83.149
9727,4.9799,54.064
9728,63.544,88.173
9729,-41.385,60.392
9730,-72.363,-21.465
9731,-46.394,-58.686
9732,-32.276,-74.187
9733,-15.902,25.384
9734,38.911,0.62159
9735,52.738,61.468
9736,5.2679,52.284
9737,-49.674,86.077
9738,16.383,13.389
9739,-52.689,-87.859
9740,-101.41,11.372
9741,-103.13,-15.389
9742,36.313,-44.997
9743,-37.315,-46.374
9744,103.75,-51.623
9745,-58.18,1.2214
9746,50.33,61.716
9747,4.9447,55.428
9748,55.235,-29.232
9749,41.412,-89.758
9750,105.89,-49.817
9751,-98.241,-3.5626
9752,-36.939,-64.571
9753,68.759,-12.767
9754,-42.259,50.497
9755,-35.048,-43.256
9756,-68.139,15.789
9757,-32.917,4.5947
9758,15.967,-15.546
9759,106.77,-47.197
9760,-68.053,-0.52911
9761,-66.94,9.6019
9762,-80.009,-0.67398
9763,85.318,-43.628
9764,49.76,-26.202
9765,-43.893,-74.21
9766,-8.3598,35.162
9767,36.636,-54.369
9768,65.523,-23.459
9769,-91.233,17.062
9770,55.393,-53.697
9771,108.75,-44.102
9772,-66.319,-38.984
9773,-41.531,-53.533
9774,-29.56,-44.179
9775,8.4522,11.959
9776,-35.02,59.728
9777,-51.007,82.278
9778,17.433,-46.703
9779,-78.717,6.5225
9780,-83.259,-0.56551
9781,-100.44,-44.535
9782,-8.2013,-72.354
9783,-68.371,-37.689
9784,-45.923,-83.528
9785,50.363,-25.303
9786,-38.578,-76.964
9787,2.6758,-53.741
9788,35.635,66.309
9789,34.637,65.557
9790,-5.1801,26.337
9791,-33.327,-38.972
9792,56.872,-37.972
9793,-88.744,-41.196
9794,-13.637,-39.317
9795,-32.166,-45.143
9796,4.2059,-12.224
9797,12.78,95.439
9798,-30.284,80.726
9799,-55.397,65.063
9800,42.964,-70.343
9801,24.546,-32.549
9802,-100.96,8.769
9803,-66.066,-4.6318
9804,-22.824,-43.213
9805,-30.534,-58.584
9806,-46.426,-73.242
9807,-32.559,53.265
9808,-71.155,6.9713
9809,91.989,-26.475
9810,20.393,-20.629
9811,-38.523,-59.815
9812,-12.095,88.751
9813,-46.607,69.923
9814,47.256,80.398
9815,32.375,63.436
9816,-88.063,43.539
9817,-71.197,2.1183
9818,-63.879,19.686
9819,32.548,-82.123
9820,-73.34,-23.849
9821,-73.716,-23.383
9822,26.498,-80.733
9823,-33.496,-46.712
9824,55.08,-60.057
9825,-31.054,52.085
9826,-29.784,-68.568
9827,21.074,-24.991
9828,-27.286,-40.085
9829,-65.669,-37.297
9830,40.499,71.645
9831,-71.718,-2.6276
9832,-44.4,-43.111
9833,27.689,-1.2337
9834,1.5911,40.829
9835,-37.141,-53.547
9836,-29.301,-72.186
9837,-5.1823,82.078
9838,60.935,-23.948
9839,68.948,-58.791
9840,6.7454,39.402
9841,4.9327,50.965
9842,-26.395,-2.4774
9843,105.57,-50.341
9844,-65.343,-38.632
9845,-86.272,-0.74257
9846,-85.203,-0.25608
9847,78.231,-5.3579
9848,-7.3831,31.108
9849,78.59,-56.07
9850,-74.467,1.7424
9851,-67.541,-2.9336
9852,45.164,41.979
9853,50.387,9.0875
9854,37.285,16.571
9855,-42.222,-58.19
9856,-43.8,69.616
9857,18.512,-35.445
9858,56.323,4.0189
9859,35.632,-46.455
9860,-89.864,43.461
9861,61.541,13.825
9862,13.1,95.55
9863,-55.265,-0.5382
9864,51.999,-80.904
9865,79.219,-52.003
9866,-116.35,8.0564
9867,-27.737,-39.887
9868,-75.29,-57.86
9869,-92.463,0.919
9870,-72.375,7.909
9871,38.046,-41.466
9872,3.1783,17.911
9873,15.178,11.335
9874,7.3626,6.3923
9875,47.311,8.5292
9876,-76.074,11.426
9877,-28.368,-71.697
9878,20.257,-83.253
9879,12.389,17.725
9880,-28.566,-54.283
9881,-9.5628,-35.216
9882,-17.026,15.2
9883,43.055,-70.04
9884,-88.651,-23.073
9885,-12.929,19.095
9886,59.348,-23.387
9887,53.202,-18.367
9888,21.887,-22.355
9889,92.659,-66.536
9890,55.661,-84.613
9891,20.314,-55.795
9892,-29.729,-92.679
9893,-96.255,23.502
9894,7.9727,98.099
9895,18.559,65.935
9896,-28.904,72.006
9897,-88.255,44.828
9898,-36.561,-56.863
9899,-39.424,-53.193
9900,-30.429,-94.356
9901,-74.435,11.794
9902,26.551,-31.256
9903,-70.327,56.773
9904,95.457,-51.064
9905,-8.4453,-42.137
9906,33.424,64.063
9907,4.6608,-64.26
9908,-45.594,-32.904
9909,31.799,-17.171
9910,80.667,-38.535
9911,-80.439,2.5645
9912,-26.978,-45.263
9913,2.249,-17.082
9914,-8.1274,94.799
9915,4.7867,95.696
9916,-20.186,67.435
9917,39.39,6.0091
9918,39.844,12.354
9919,-14.285,28.047
9920,-35.851,-69.753
9921,-81.94,1.6771
9922,-32.139,-32.946
9923,-11.584,-44.289
9924,44.28,-83.738
9925,42.681,27.16
9926,-4.0084,-18.958
9927,-5.0439,93.103
9928,-28.346,56.702
9929,-10.28,90.661
9930,-1.1672,75.72
9931,-20.208,-107.73
9932,41.952,-83.373
9933,-88.562,-1.2135
9934,-30.279,-45.904
9935,-81.063,0.5981
9936,54.239,-24.879
9937,-33.549,-67.023
9938,-56.646,11.02
9939,-29.583,-49.265
9940,-67.219,10.098
9941,-66.216,24.618
9942,103.89,-49.566
9943,-42.821,66.281
9944,28.519,-18.623
9945,82.042,-41.685
9946,40.834,16.717
9947,57.05,-32.372
9948,-23.627,69.797
9949,25.681,-61.723
9950,13.087,8.3388
9951,13.403,17.072
9952,4.104,-2.1408
9953,-45.166,-69.45
9954,-34.966,-52.604
9955,-10.962,-32.353
9956,-59.212,-39.694
9957,10.122,16.594
9958,13.704,9.6305
9959,38.044,-87.816
9960,-32.469,-86.079
9961,-38.12,-77.163
9962,-7.3097,-93.371
9963,-84.939,-5.7745
9964,22.184,-25.274
9965,-36.57,-64.804
9966,-11.863,-64.126
9967,-33.414,-46.74
9968,34.754,-86.331
9969,39.838,-3.8122
9970,60.05,-65.318
9971,-17.891,14.206
9972,31.744,63.525
9973,40.61,56.741
9974,-44.491,-64.873
9975,-18.049,-106.45
9976,-96.024,-16.185
9977,43.047,85.61
9978,-48.612,78.977
9979,26.434,91.379
9980,-24.238,-104.87
9981,-31.776,-56.847
9982,-80.144,1.8699
9983,48.353,103.2
9984,-43.034,66.361
9985,95.112,-24.044
9986,101.94,-48.848
9987,-93.659,-7.3117
9988,-67.583,-0.77466
9989,11.683,-14.46
9990,-20.209,-107.74
9991,-6.4536,-91.586
9992,-23.574,-40.797
9993,16.391,-72.144
9994,40.597,73.217
9995,-103.61,18.652
9996,-81.909,29.71
9997,36.034,-45.012
9998,58.485,-2.9488
9999,18.878,50.341
10000,-29.174,-49.105
10001,59.997,-13.285
10002,69.443,31.951
10003,56.193,23.165
10004,26.3,-21.579
10005,-65.574,-28.075
10006,1.3379,41.255
10007,57.2,-33.848
10008,12.735,9.192
10009,-39.325,-42.455
10010,-101.39,11.041
10011,-48.255,78.514
10012,-19.505,-92.289
10013,49.187,10.909
10014,-45.006,-46.473
10015,-72.863,-26.71
10016,-32.236,-78.02
10017,-87.991,-2.7911
10018,33.768,67.751
10019,-54.44,73.606
10020,-116.46,8.288
10021,-13.221,-41.839
10022,-35.404,-51.065
10023,40.122,-85.153
10024,14.405,-93.676
10025,-72.995,-26.178
10026,-93.373,-1.5901
10027,-64.923,18.873
10028,-20.613,70.593
10029,25.648,88.199
10030,52.529,-17.231
10031,-16.06,-39.687
10032,39.415,-83.088
10033,-46.261,-32.919
10034,48.064,12.33
10035,36.64,16.878
10036,-44.78,-64.213
10037,-88.936,-41.903
10038,106.18,-53.982
10039,6.4713,21.165
10040,-84.607,-6.8031
10041,-34.228,-42.757
10042,-83.638,-0.20163
10043,47.825,9.4979
10044,50.986,0.22986
10045,29.504,-90.3
10046,26.271,-39.43
10047,29.421,52.585
10048,-76.018,12.153
10049,12.248,-58.258
10050,43.61,-71.837
10051,-88.253,44.831
10052,-101.85,11.916
10053,-32.548,-69.996
10054,-21.954,67.946
10055,56.32,-33.841
10056,-25.431,-54.425
10057,-65.834,16.493
10058,11.081,100.72
10059,-25.7,-19.818
10060,19.475,-25.093
10061,65.912,-15.494
10062,-62.145,15.599
10063,13.816,-71.473
10064,11.74,91.424
10065,18.901,-35.432
10066,84.876,-48.521
10067,1.7175,-63.948
10068,23.207,-23.589
10069,-62.187,78.398
10070,21.019,-77.868
10071,-74.421,14.816
10072,12.022,18.266
10073,-16.441,-36.469
10074,58.337,-28.164
10075,44.6,8.7746
10076,7.8934,18.636
10077,42.848,-83.018
10078,40.796,-47.544
10079,62.143,64.114
10080,-4.2688,-42.816
10081,-89.055,-18.109
10082,-69.793,3.6298
10083,-38.153,-68.714
10084,31.664,62.048
10085,0.37106,15.491
10086,58.606,-22.927
10087,-25.45,-41.928
10088,30.531,-2.6942
10089,-97.262,20.893
10090,0.37659,-23.208
10091,2.8847,-54.718
10092,-37.647,-57.834
10093,33.781,-62.545
10094,59.602,-62.69
10095,-87.65,2.9566
10096,23.597,-60.469
10097,54.145,-75.915
10098,44.849,42.4
10099,-96.928,-14.65
10100,-41.779,-42.287
10101,-53.929,-46.724
10102,-6.3781,-88.378
10103,-3.4802,-20.083
10104,16.1,-67.02
10105,37.275,1.9277
10106,32.786,20.304
10107,60.797,52.9
10108,-28.321,-45.293
10109,56.84,63.622
10110,48.559,1.8548
10111,-3.0308,-86.863
10112,91.465,-58.614
10113,-49.427,81.474
10114,-22.683,-66.869
10115,19.548,7.1942
10116,4.765,35.097
10117,76.235,-35.394
10118,-85.124,-18.607
10119,-39.906,-59.142
10120,80.073,-51.898
10121,-19.439,12.618
10122,26.683,54.783
10123,-96.162,-30.263
10124,-75.625,-22.347
10125,-28.256,-29.197
10126,52.894,-31.198
10127,-15.946,-24.303
10128,-82.027,0.9936
10129,40.416,-18.67
10130,-26.664,-46.441
10131,-69.455,-3.1165
10132,9.4666,40.646
10133,-22.212,68.89
10134,-49.974,-69.471
10135,-89.452,-4.5033
10136,-15.398,15.203
10137,21.683,-32.507
10138,60.367,2.1878
10139,79.141,31.563
10140,44.593,8.9901
10141,-16.212,-44.666
10142,-42.836,-90.122
10143,-67.233,-2.7502
10144,0.544,42.522
10145,-31.97,84.436
10146,-40.809,84.488
10147,-74.342,61.261
10148,-2.0551,-45.561
10149,-49.616,-50.355
10150,-19.13,20.946
10151,55.535,-62.557
10152,-47.221,-70.855
10153,-70.277,-10.022
10154,55.198,-78.889
10155,-82.376,1.6974
10156,18.817,-79.795
10157,41.218,-38.554
10158,-34.057,-43.008
10159,-61.935,13.221
10160,-32.497,-87.18
10161,96.476,-54.849
10162,72.904,0.37814
10163,35.432,21.353
10164,17.461,-35.073
10165,3.9693,-59.73
10166,42.81,19.331
10167,-66.304,-37.645
10168,-36.474,-63.777
10169,-83.396,-12.671
10170,31.698,25.385
10171,-20.106,19.728
10172,-41.154,68.819
10173,-20.389,-26.56
10174,97.044,-62.491
10175,-43.034,-46.259
10176,-56.723,-88.719
10177,97.809,-65.361
10178,6.7325,4.5308
10179,32.175,0.67705
10180,-74.493,-0.39561
10181,-3.5499,-20.003
10182,81.236,-38.401
10183,74.377,-56.707
10184,-29.11,-90.222
10185,-68.575,-4.7836
10186,23.035,-22.144
10187,-7.3851,-34.365
10188,-75.401,-22.221
10189,-64.638,16.982
10190,-39.196,-58.481
10191,-23.478,69.325
10192,28.035,20.673
10193,-23.038,-90.422
10194,-1.4027,-46.308
10195,-31.63,-73.419
10196,-27.512,-102.08
10197,22.744,-91.699
10198,-15.11,-39.055
10199,-77.221,12.077
10200,-43.058,-85.428
10201,-38.497,-54.423
10202,6.9164,35.479
10203,34.702,-91.75
10204,-95.499,2.2372
10205,-74.199,11.832
10206,19.754,-19.607
10207,-20.21,-107.73
10208,3.9253,-41.856
10209,-40.63,-61.568
10210,-34.307,-43.441
10211,51.834,-87.142
10212,53.991,63.379
10213,-51.846,19.441
10214,-65.295,16.823
10215,-33.534,-94.433
10216,21.437,-34.94
10217,19.831,-37.885
10218,-41.17,64.494
10219,-62.613,-35.388
10220,-29.753,-43.41
10221,15.306,-17.097
10222,13.689,-47.492
10223,48.289,-25.661
10224,-21.341,-35.802
10225,-29.091,-94.97
10226,9.5864,-45.159
10227,0.62759,20.227
10228,36.393,-78.051
10229,-75.095,3.0799
10230,-82.552,0.30948
10231,36.21,-31.209
10232,2.678,-28.063
10233,-26.96,-43.535
10234,50.67,-64.322
10235,100.31,-66.267
10236,23.219,-86.509
10237,-30.641,-40.186
10238,-69.843,24.979
10239,-30.228,-3.9749
10240,12.679,16.163
10241,19.314,-21.35
10242,24.068,-77.559
10243,-17.841,17.478
10244,67.548,38.498
10245,-94.398,4.157
10246,-31.602,-73.454
10247,-71.417,-77.615
10248,53.567,-17.642
10249,7.9974,16.62
10250,-32.722,-93.101
10251,-74.198,-31.321
10252,-49.696,47.337
10253,-41.914,-64.284
10254,-97.813,-29.314
10255,-69.584,67.012
10256,100.56,-52.91
10257,-29.823,-97.356
10258,-71.314,31.069
10259,-51.574,-1.5274
10260,74.056,-62.866
10261,22.947,13.503
10262,0.43225,15.92
10263,-46.796,-59.503
10264,-38.055,-77.66
10265,-24.449,-103.92
10266,29.17,-46.728
10267,4.9894,-62.294
10268,65.015,8.0278
10269,-24.376,-87.252
10270,-27.775,-40.179
10271,-43.074,-62.41
10272,27.785,5.5942
10273,38.322,-50.528
10274,37.619,-63.445
10275,99.341,-63.159
10276,-3.1308,-20.129
10277,100.01,-65.949
10278,81.182,-9.3149
10279,-37.246,-65.215
10280,-37.218,-46.434
10281,-98.157,-28.805
10282,-40.655,-60.953
10283,40.084,70.071
10284,-36.615,-57.007
10285,5.4722,-63.953
10286,-83.054,-13.241
10287,-29.767,-3.6749
10288,-30.45,-95.784
10289,32.554,42.532
10290,-33.275,-49.49
10291,99.028,41.552
10292,29.181,-32.374
10293,33.075,-46.582
10294,-52.091,26.84
10295,-97.753,-2.9818
10296,-71.545,6.3734
10297,-21.229,12.634
10298,-58.872,18.579
10299,-7.0354,-79.552
10300,9.2386,-61.471
10301,99.937,-65.857
10302,-35.828,-63.649
10303,-38.696,-54.308
10304,-7.5797,-33.132
10305,-26.833,-41.546
10306,49.248,-25.902
10307,65.737,-60.17
10308,47.142,-19.383
10309,-94.1,-32.713
10310,-20.714,-41.599
10311,54.638,63.258
10312,-5.0005,-31.295
10313,-58.079,1.0929
10314,102.25,-58.353
10315,5.1572,24.78
10316,-28.443,79.615
10317,91.601,-41.392
10318,-78.956,2.3861
10319,23.292,-82.47
10320,58.285,-52.886
10321,-35.896,-9.8427
10322,55.626,-39.286
10323,102.75,-53.785
10324,35.534,11.042
10325,48.175,-71.961
10326,104.38,-49.17
10327,-48.113,3.7726
10328,-27.087,-49.722
10329,36.87,-10.453
10330,51.007,2.1504
10331,-89.456,0.0098751
10332,-21.144,71.535
10333,23.539,-40.576
10334,-74.901,-17.465
10335,-84.013,37.796
10336,-68.1,-2.2469
10337,-26.546,-104.24
10338,8.2133,-61.984
10339,17.309,-41.192
10340,45.829,28.321
10341,-20.285,20.128
10342,22.244,-97.946
10343,-14.334,14.606
10344,-74.758,-18.302
10345,-30.486,-47.976
10346,-5.4518,-102.52
10347,62.917,-40.68
10348,-3.5098,-88.314
10349,-95.226,15.117
10350,59.293,11.915
10351,-12.944,58.294
10352,20.953,-78.164
10353,-33.744,-42.677
10354,96.611,-56.203
10355,68.264,63.105
10356,44.866,104.97
10357,64.998,-28.835
10358,-33.203,-93.356
10359,19.666,-38.535
10360,59.39,-61.523
10361,-35.401,-51.676
10362,-33.244,-49.543
10363,51.846,-69.491
10364,50.384,-7.2863
10365,35.652,-76.884
10366,6.7066,20.117
10367,-17.454,-44.244
10368,-46.035,-66.473
10369,-86.525,-1.16
10370,30.028,-4.2591
10371,-10.24,-67.578
10372,6.657,30.724
10373,-12.414,9.7467
10374,-58.689,15.788
10375,-37.879,-57.827
10376,16.652,-42.409
10377,-62.815,11.851
10378,-80.191,-1.8599
10379,-70.686,-6.8825
10380,-33.107,-10.331
10381,42.278,-78.577
10382,-43.645,-66.674
10383,-93.155,-7.3985
10384,-82.941,2.2004
10385,19.097,-89.211
10386,-52.991,-47.533
10387,-86.525,-1.2947
10388,17.198,58.398
10389,63.731,-42.247
10390,105.41,-46.854
10391,-12.915,-41.754
10392,-54.567,7.9782
10393,51.822,-29.449
10394,-72.205,12.884
10395,55.831,-64.525
10396,63.346,-50.444
10397,58.742,-31.975
10398,3.1171,7.1141
10399,-12.221,-90.385
10400,10.49,-91.38
10401,-15.452,1.9675
10402,-28.435,-31.089
10403,-24.681,-99.627
10404,-66.9,-37.738
10405,33.118,61.865
10406,-10.417,57.192
10407,-27.61,-95.162
10408,57.561,-20.299
10409,-74.611,-13.587
10410,32.046,-28.904
10411,42.873,-85.984
10412,-81.523,1.173
10413,67.19,-11.057
10414,52.615,-16.428
10415,51.946,-18.488
10416,46.861,-3.8142
10417,-45.007,-71.58
10418,-0.61613,-45.133
10419,98.053,-55.783
10420,-23.301,-43.152
10421,8.2102,11.462
10422,-71.013,0.13826
10423,79.527,-55.296
10424,46.588,-74.063
10425,44.449,-72.166
10426,-41.848,-52.228
10427,-73.583,-21.312
10428,35.169,65.039
10429,40.237,-85.251
10430,15.019,-56.03
10431,-34.475,-41.616
10432,-40.12,-44.941
10433,-36.958,-66.94
10434,-81.581,4.9932
10435,7.4913,13.924
10436,-31.886,-91.148
10437,-76.045,12.063
10438,40.349,6.5637
10439,-55.789,8.839
10440,-9.6493,11.281
10441,16.934,16.084
10442,-73.139,1.4025
10443,-72.032,-6.203
10444,-9.3825,-37.185
10445,65.329,-29.879
10446,77.002,-75.563
10447,-50.371,79.549
10448,-67.924,-38.774
10449,68.271,-42.25
10450,-41.645,-51.314
10451,-101.45,3.1087
10452,13.502,18.747
10453,43.461,-72.038
10454,-29.837,-96.377
10455,-103.84,28.66
10456,-26.053,-52.995
10457,21.763,-39.293
10458,57.48,-32.886
10459,-103.48,7.2784
10460,-33.174,-46.927
10461,-35.324,-43.948
10462,-7.2936,33.968
10463,-93.696,-8.0044
10464,0.22096,15.478
10465,-92.488,1.8874
10466,-34.344,-77.668
10467,-37.344,-59.718
10468,-60.239,20.511
10469,-20.518,-41.105
10470,-46.307,-66.094
10471,32.192,-61.887
10472,107.81,-45.475
10473,-67.964,-0.81899
10474,5.748,16.606
10475,-55.038,64.038
10476,-67.577,-39.621
10477,-42.871,-71.629
10478,-106.19,-2.3301
10479,40.894,-16.654
10480,43.674,29.15
10481,27.02,-87.053
10482,-9.8206,6.757
10483,-81.781,1.6778
10484,-46.083,-87.215
10485,-98.634,-29.525
10486,-59.899,-79.035
10487,-53.827,-45.334
10488,-49.74,-50.203
10489,-37.634,-57.77
10490,84.169,-26.344
10491,49.138,13.858
10492,-4.6497,-102.05
10493,-70.448,-5.4059
10494,1.7023,38.66
10495,46.63,72.15
10496,-48.901,79.478
10497,13.683,15.94
10498,-5.9059,27.807
10499,58.577,-76.045
10500,-54.954,-88.842
10501,-94.929,11.081
10502,-30.046,-53.185
10503,-13.67,94.899
10504,30.482,16.715
10505,17.057,10.974
10506,-103.85,28.649
10507,-20.209,-107.73
10508,-46.008,-72.733
10509,-74.416,10.604
10510,92.084,-64.743
10511,-82.1,8.4125
10512,-72.283,1.5945
10513,-42.359,-61.704
10514,-58.44,-34.101
10515,23.031,11.769
10516,-70.567,-78.404
10517,-36.541,-74.591
10518,-27.91,-41.353
10519,-38.873,-68.184
10520,30.37,17.141
10521,-24.02,7.1281
10522,-26.379,-42.92
10523,-76.127,12.355
10524,0.51438,-9.894
10525,-97.304,20.174
10526,-92.318,-0.32708
10527,-66.032,10.569
10528,-36.682,-64.708
10529,24.498,-30.777
10530,-67.852,-0.61253
10531,-41.03,92.715
10532,-75.576,-73.287
10533,-1.6841,-46.569
10534,-73.314,15.238
10535,2.6931,41.534
10536,-38.1,-3.7417
10537,27.415,-20.278
10538,29.387,74.778
10539,-48.255,-71.245
10540,54.225,-62.376
10541,-40.237,-58.025
10542,97.299,-55.803
10543,37.868,-62.599
10544,50.241,-87.68
10545,14.669,14.682
10546,-54.348,7.9634
10547,-92.503,-2.9271
10548,61.793,2.5791
10549,48.364,103.05
10550,76.949,-47.546
10551,-35.774,65.429
10552,-13.032,-42.535
10553,-90.421,45.508
10554,39.164,-46.682
10555,-36.095,-69.619
10556,-84.555,1.6289
10557,-34.528,-54.873
10558,63.397,10.237
10559,3.6088,8.7516
10560,32.005,-28.849
10561,30.82,-83.275
10562,-9.4553,-17.549
10563,-5.6162,12.725
10564,-41.897,-61.002
10565,-51.656,-69.436
10566,-38.023,-39.833
10567,-77.805,8.9767
10568,-77.12,8.1523
10569,-95.368,-32.051
10570,-98.452,7.7603
10571,-88.524,2.3741
10572,-54.035,-77.298
10573,34.01,-19.751
10574,-23.115,-26.71
10575,-62.722,13.822
10576,-85.17,-13.109
10577,-66.043,-37.629
10578,-80.118,-12.647
10579,-90.686,-9.1753
10580,-19.071,-44.001
10581,-50.907,-70.583
10582,83.95,-40.097
10583,-44.386,-86.148
10584,-93.249,3.3509
10585,17.939,58.135
10586,-11.278,-16.587
10587,-68.547,16.875
10588,-67.848,28.304
10589,-66.097,-37.63
10590,0.37829,-27.59
10591,-65.903,19.236
10592,-106.35,17.817
10593,14,18.072
10594,-27.069,46.748
10595,-21.075,-105.43
10596,-100.72,7.6339
10597,-13.92,-66.88
10598,65.364,-30.367
10599,27.014,-94.881
10600,66.618,87.078
10601,-5.8845,-22.28
10602,104.54,-54.324
10603,-30.883,-96.081
10604,-68.058,-4.6878
10605,28.423,-94.765
10606,76.085,-59.365
10607,89.971,9.5713
10608,-44.693,83.313
10609,-10.522,-65.278
10610,50.127,3.8646
10611,-38.043,-42.367
10612,-96.659,6.3278
10613,-23.569,-43.011
10614,-71.26,-10.599
10615,32.465,13.761
10616,-95.937,2.0298
10617,47.699,38.65
10618,-97.847,8.4324
10619,-23.641,-40.823
10620,50.717,-71.177
10621,46.19,-17.241
10622,34.696,23.674
10623,-38.642,-44.875
10624,-42.199,-50.887
10625,-29.067,-91.933
10626,-67.714,1.2034
10627,-30.538,-57.639
10628,-43.159,-46.231
10629,-37.214,-64.949
10630,30.25,-90.715
10631,36.092,-49.958
10632,-25.554,-42.622
10633,63.952,9.2241
10634,21.74,90.651
10635,66.223,88.874
10636,36.398,-93.476
10637,-53.35,-60.885
10638,64.978,-30.578
10639,63.997,6.6019
10640,-61.048,-86.125
10641,-16.487,-83.922
10642,-72.526,7.8109
10643,-29.93,-42.467
10644,-95.551,2.21
10645,-78.064,-70.453
10646,-87.896,1.2403
10647,-12.273,-40.817
10648,56.922,-21.159
10649,-33.504,-91.417
10650,26.625,-64.351
10651,16.739,-79.384
10652,32.578,-78.823
10653,-100.17,7.9712
10654,-35.398,-51.842
10655,-68.088,58.134
10656,103.84,-52.274
10657,-78.958,-5.8554
10658,-12.368,6.1442
10659,-51.415,-69.754
10660,107.06,-45.057
10661,106.94,-44.099
10662,53.668,3.5467
10663,21.203,-81.63
10664,-79.264,3.6677
10665,-12.063,9.8578
10666,-95.61,54.434
10667,-40.991,41.787
10668,-88.015,-0.14869
10669,-27.004,-42.383
10670,12.985,17.846
10671,17.724,-48.392
10672,-42.179,-50.355
10673,-34.872,-39.927
10674,29.536,-15.603
10675,-75.039,9.4815
10676,-17.381,9.4163
10677,-30.599,-57.641
10678,-29.742,-49.397
10679,-39.812,-58.528
10680,58.878,-31.549
10681,75.145,13.808
10682,-74.875,-31.133
10683,-34.351,-33.627
10684,-20.863,-23.973
10685,-25.668,-102.86
10686,-70.329,16.026
10687,53.268,-87.624
10688,-65.499,-4.2155
10689,-51.837,-80.173
10690,-37.38,-75.901
10691,-3.6442,-20.848
10692,64.896,6.109
10693,-22.585,-84.743
10694,24.779,69.431
10695,-70.17,-5.9691
10696,-53.08,-79.146
10697,-57.493,-66.605
10698,-31.417,-51.838
10699,16.595,9.6472
10700,67.537,-37.043
10701,26.51,-37.481
10702,-61.267,18.096
10703,-9.3428,9.6872
10704,-36.678,-18.641
10705,-100.48,10.258
10706,-64.649,-38.261
10707,92.702,-66.946
10708,-11.998,-37.458
10709,-3.2219,-20.229
10710,-2.8778,-45.841
10711,15.375,-50.341
10712,79.927,-43.615
10713,-84.331,-4.3395
10714,39.485,-30.966
10715,-37.664,-44.811
10716,88.846,-27.531
10717,-99.321,5.1556
10718,32.678,-21.132
10719,-14.075,13.658
10720,-18.25,9.7669
10721,-25.76,-43.729
10722,-58.398,-35.848
10723,-26.59,-92.487
10724,-9.9965,-66.14
10725,14.815,12.385
10726,106.97,-44.762
10727,-7.9386,-34.663
10728,-74.784,-47.796
10729,-61.378,18.053
10730,7.7305,13.261
10731,99.337,-62.96
10732,-32.442,-43.476
10733,-80.6,-11.473
10734,-49.852,-50.522
10735,-51.242,-79.494
10736,-46.418,-72.707
10737,48.492,31.587
10738,45.724,-87.15
10739,-66.362,-10.493
10740,-89.021,-1.9457
10741,-76.917,3.7478
10742,-82.866,-2.9827
10743,-2.6009,-101.79
10744,-1.6123,43.142
10745,1.706,19.822
10746,3.0816,-57.747
10747,36.627,-9.1246
10748,-23.809,11.665
10749,-9.4097,11.441
10750,96.405,-54.876
10751,-37.419,-74.554
10752,-75.187,-73.7
10753,12.636,8.7996
10754,-15.52,-46.534
10755,80.786,-24.973
10756,-45.546,-83.227
10757,61.805,13.687
10758,28.53,68.499
10759,-27.211,-26.085
10760,-72.063,-29.52
10761,-33.219,-53.118
10762,60.492,-23.317
10763,-36.632,-56.769
10764,-39.279,-59.404
10765,-12.309,-78.73
10766,-17.218,-1.1158
10767,77.821,-33.556
10768,33.716,76.723
10769,65.267,-50.361
10770,-17.62,-35.24
10771,-13.285,-6.5205
10772,-20.208,-107.74
10773,-35.973,-56.798
10774,-6.8832,-52.795
10775,23.966,49.544
10776,-80.065,-10.129
10777,-39.741,-52.692
10778,-37.47,-42.345
10779,-18.058,61.652
10780,-97.275,5.8701
10781,52.118,12.953
10782,100.54,-65.27
10783,-36.331,-33.154
10784,-73.417,13.846
10785,-85.867,-4.7541
10786,-85.084,-26.646
10787,-58.029,-66.751
10788,-42.065,-50.374
10789,57.446,-18.448
10790,28.095,-20.577
10791,-17.25,-36.034
10792,53.243,-89.88
10793,-51.74,-1.7731
10794,-31.751,-71.453
10795,12.462,13.794
10796,-45.309,-58.84
10797,-46.407,-66.204
10798,-27.735,-40.123
10799,-10.392,-78.366
10800,0.88116,28.048
10801,73.679,14.071
10802,48.447,14.187
10803,-3.2158,-46.774
10804,47.207,-14.977
10805,105.85,-53.043
10806,-11.907,-44.03
10807,13.405,19.529
10808,-65.364,-0.80598
10809,-71.872,13.5
10810,81.922,-27.471
10811,80.139,-37.249
10812,-41.14,-51.875
10813,-75.37,3.5119
10814,-31.673,-47.543
10815,21.237,-79.47
10816,-67.477,-71.927
10817,20.555,-21.39
10818,-72.083,-6.3182
10819,47.138,-3.4344
10820,-43.246,-52.779
10821,-83.786,-0.084278
10822,-37.641,-54.539
10823,63.493,-29.857
10824,-62.053,19.896
10825,-11.115,2.0731
10826,46.515,38.81
10827,-96.031,53.361
10828,44.321,-86.198
10829,-59.753,69.546
10830,-96.342,30.156
10831,-52.826,-46.422
10832,14.041,15.508
10833,92.659,-52.66
10834,56.843,-31.526
10835,-44.01,-74.248
10836,-80.514,9.2429
10837,39.171,-91.231
10838,-15.037,-55.051
10839,-38.358,-77.221
10840,-34.132,52.684
10841,-64.022,-37.409
10842,-23.643,-32.91
10843,-42.587,-48.142
10844,-95.297,1.5311
10845,-19.614,-40.404
10846,-40.909,-70.285
10847,-71.803,6.1961
10848,-37.897,-52.7
10849,-48.155,-89.484
10850,-79.352,6.2211
10851,19.267,11.043
10852,-30.025,-44.968
10853,-94.381,3.5214
10854,-93.751,-0.20465
10855,-88.855,-9.002
10856,56.428,-28.566
10857,71.894,-39.519
10858,42.901,-49.293
10859,96.757,-56.237
10860,-73.15,1.2434
10861,71.326,26.582
10862,14.327,17.282
10863,-33.889,-79.068
10864,-30.97,-49.005
10865,4.4076,-46.392
10866,104.8,-47.874
10867,-5.1234,-29.416
10868,91.616,-57.912
10869,7.513,-20.254
10870,-92.58,28.807
10871,-19.448,-32.36
10872,-38.288,-52.037
10873,-66.004,-3.3805
10874,-72.31,7.278
10875,1.0991,-26.041
10876,13.013,18.798
10877,-16.037,84.356
10878,22.707,-49.136
10879,7.0533,21.706
10880,-53.715,8.2252
10881,14.225,16.701
10882,-46.454,-59.274
10883,-8.2331,8.6326
10884,-88.475,6.9404
10885,18.309,-48.123
10886,8.4862,12.017
10887,101.91,-48.319
10888,96.45,-64.19
10889,-75.294,-23.239
10890,-27.087,-104.94
10891,-23.061,-78.238
10892,21.673,47.373
10893,-67.322,16.001
10894,-19.211,-42.948
10895,58.239,-30.087
10896,66.035,88.906
10897,53.91,-16.592
10898,-98.076,-12.479
10899,-29.025,-95.522
10900,15.29,-27.329
10901,71.072,-36.716
10902,85.934,-30.39
10903,61.895,7.6756
10904,-92.629,-2.6773
10905,-43.731,-72.228
10906,-3.9824,-87.786
10907,75.4,-58.345
10908,36.224,-95.809
10909,-2.3185,-49.762
10910,-42.347,-46.432
10911,50.908,34.215
10912,29.331,-15.535
10913,-88.783,-9.6498
10914,0.91731,-58.62
10915,-28.923,-93.074
10916,-71.927,-54.179
10917,-8.7598,-43.292
10918,-21.621,-15.476
10919,-0.043044,-25.222
10920,61.283,19.352
10921,-82.465,-3.0661
10922,-85.545,-4.0451
10923,-43.971,-71.91
10924,-64.648,-37.655
10925,-26.874,-91.987
10926,41.308,51.849
10927,-72.658,-24.394
10928,-15.132,-83.169
10929,-74.295,-74.074
10930,-34.528,-55.018
10931,-85.393,-0.53662
10932,-7.2604,-34.266
10933,24.183,-71.424
10934,-23.354,-71.871
10935,12.912,51.266
10936,41.222,-45.06
10937,27.857,38.326
10938,-34.42,-79.757
10939,-46.809,-42.709
10940,-75.967,9.8646
10941,7.3237,11.673
10942,-25.777,-45.34
10943,-75.616,6.5989
10944,19.009,-25.372
10945,66.305,-3.9756
10946,62.468,-30.615
10947,-32.429,-32.951
10948,1.4342,-25.333
10949,-5.3253,-44.242
10950,-55.805,8.2451
10951,-52.572,7.5074
10952,-82.296,-3.0034
10953,47.757,103.56
10954,-25.373,-55.016
10955,76.291,-44.652
10956,-72.34,1.2721
10957,38.131,-84.552
10958,43.583,40.97
10959,40.81,31.778
10960,36.098,42.49
10961,-80.144,9.81
10962,-32.417,-44.931
10963,-49.737,-89.044
10964,-23.307,-54.346
10965,28.315,28.409
10966,98.727,-63.768
10967,102.22,-48.572
10968,-31.321,-50.993
10969,3.929,-32.253
10970,-41.391,-44.881
10971,-5.6109,-30.283
10972,-56.488,-67.969
10973,63.927,26.079
10974,-9.437,0.71135
10975,-44.948,4.4775
10976,-24.318,10.38
10977,4.1317,-2.2045
10978,-35.841,-49.811
10979,-38.568,-61.278
10980,-53.745,23.336
10981,100.32,-66.541
10982,84.262,-14.589
10983,-90.04,-1.991
10984,-82.187,-38.926
10985,-70.361,-4.7462
10986,11.913,34.957
10987,-52.869,72.526
10988,-11.554,-32.339
10989,78.24,-53.202
10990,83.54,-7.5072
10991,33.612,-39.469
10992,4.4923,27.943
10993,-29.167,-26.744
10994,-99.099,-29.173
10995,-88.251,44.833
10996,89.971,9.5713
10997,-62.024,-87.502
10998,-26.413,-103.23
10999,-11.309,-37.257
11000,-31.938,-67.924
11001,14.084,-69.212
11002,-42.74,-71.902
11003,-40.23,-44.435
11004,-27.365,-64.089
11005,-23.818,-82.423
11006,3.2645,-48.9
11007,-12.958,-85.323
11008,21.949,-59.914
11009,32.869,-27.549
11010,-46.037,-41.839
11011,107.19,-50.442
11012,-74.34,-0.76382
11013,45.363,103.48
11014,101.16,-51.427
11015,-104.13,34.748
11016,-10.694,-65.481
11017,-33.754,-74.072
11018,-59.19,65.438
11019,7.9246,23.417
11020,55.908,-27.703
11021,-31.375,-48.587
11022,-41.355,-67.056
11023,-36.432,-46.808
11024,-22.637,-83.89
11025,-51.007,-68.642
11026,20.16,-25.354
11027,-77.158,8.969
11028,-26.353,-103.01
11029,73.39,13.492
11030,-73.398,-17.551
11031,-4.9223,-30.31
11032,-33.313,-49.618
11033,-76.722,4.0903
11034,-79.482,4.8186
11035,-95.647,-30.31
11036,-95.054,1.2914
11037,-70.584,-14.279
11038,-46.223,-89.741
11039,-101.48,11.537
11040,-3.1005,-28.293
11041,-8.1022,-94.333
11042,84.085,-39.874
11043,56.77,-30.67
11044,-59.028,17.027
11045,-31.22,-39.011
11046,-26.19,-42.641
11047,89.493,7.0389
11048,-58.21,-88.811
11049,-22.232,-65.109
11050,37.354,-77.542
11051,-38.537,-62.356
11052,61.522,-26.946
11053,-46.654,-59.892
11054,-39.26,-45.635
11055,14.774,12.334
11056,-32.9,-94.751
11057,8.5269,14.39
11058,-74.538,1.8673
11059,-11.004,-31.164
11060,-50.272,-60.383
11061,38.282,-32.994
11062,8.4194,11.806
11063,-99.388,9.4909
11064,77.473,-31.958
11065,-21.915,-16.181
11066,10.703,-58.483
11067,28.654,10.327
11068,11.287,71.812
11069,-23.459,-14.297
11070,-28.117,-50.777
11071,-23.286,-44.204
11072,58.038,46.806
11073,-16.887,82.483
11074,6.2325,19.961
11075,-7.8557,8.1343
11076,89.326,-28.522
11077,-22.459,-65.215
11078,-25.023,-51.131
11079,43.384,-13.996
11080,9.6978,-61.108
11081,-87.684,7.8052
11082,-58.706,-76.957
11083,15.567,11.065
11084,-40.453,-44.136
11085,64.57,-41.855
11086,-38.804,-92.876
11087,-88.528,-5.3034
11088,-55.197,-68.262
11089,-3.5636,-20.504
11090,-21.687,-67.157
11091,-81.627,-27.888
11092,-89.881,45.262
11093,-68.592,-2.1832
11094,-12.468,-15.937
11095,49.146,43.049
11096,16.069,13.463
11097,6.1819,8.0945
11098,-32.701,-54.458
11099,70.885,-40.551
11100,-12.145,3.3634
11101,2.4701,32.162
11102,15.861,-37.845
11103,-47.226,-43.277
11104,-12.05,3.1357
11105,106.9,-48.46
11106,-81.483,-39.194
11107,-44.324,-74.024
11108,-32.148,-63.903
11109,-32.89,-64.447
11110,59.009,-23.077
11111,-24.695,-104.62
11112,-44.492,68.504
11113,-32.794,-94.744
11114,104.67,-55.031
11115,-92.266,-0.93449
11116,12.01,18.29
11117,-40.605,-43.126
11118,19.522,-26.321
11119,42.483,23.161
11120,-39.126,-75.129
11121,-35.974,-45.125
11122,-83.854,0.3758
11123,-81.198,-0.037774
11124,72.721,-39.157
11125,19.944,-83.514
11126,106.32,-50.126
11127,84.451,-0.87289
11128,-100.48,10.076
11129,-46.759,-89.009
11130,-36.722,-33.303
11131,-78.654,3.9716
11132,-29.722,-42.617
11133,-85.555,-4.5495
11134,-74.396,-30.828
11135,-20.208,-107.73
11136,-14.202,81.299
11137,13.198,17.042
11138,-34.471,-54.619
11139,-72,-54.026
11140,57.742,-29.732
11141,2.6116,-5.8912
11142,66.719,-30.121
11143,-2.8654,-18.897
11144,-45.717,55.308
11145,-96.457,-1.9587
11146,96.406,-55.17
11147,-16.069,-75.97
11148,-41.138,65.685
11149,40.961,-44.777
11150,-33.651,-48.424
11151,27.955,27.545
11152,63.501,11.036
11153,-73.191,-1.4537
11154,-61.07,25.935
11155,13.278,18.717
11156,4.7776,55.308
11157,7.248,-75.125
11158,-94.708,5.6677
11159,-19.798,-43.868
11160,54.96,-26.255
11161,17.577,-65.108
11162,70.641,-60.763
11163,49.763,-61.437
11164,4.9505,13.933
11165,-44.522,-67.744
11166,-51.231,-71.997
11167,57.061,24.658
11168,88.602,-40.204
11169,-69.5,-10.255
11170,-57.827,-65.548
11171,4.4101,-42.535
11172,-80.767,2.2306
11173,-13.394,-33.919
11174,75.573,-63.198
11175,-71.978,13.233
11176,-29.947,-44.53
11177,-83.02,0.25189
11178,-36.874,-66.446
11179,-84.885,-3.478
11180,14.289,14.316
11181,-29.113,-44.335
11182,-5.527,-102.49
11183,16.455,51.92
11184,-4.4021,-93.433
11185,40.626,-5.6802
11186,-35.469,-62.96
11187,-1.3756,-30.083
11188,-88.058,0.045722
11189,67.36,-21.369
11190,-43.073,-63.275
11191,-39.572,-70.577
11192,-67.215,-80.737
11193,-31.222,-76.573
11194,104.98,-51.592
11195,-32.179,-47.932
11196,-65.262,-38.574
11197,35.02,-34.085
11198,105.52,-47.374
11199,-79.936,-9.3702
11200,-4.0881,-103.32
11201,64.431,-38.518
11202,21.159,-19.621
11203,-41.131,-67.212
11204,-94.586,5.543
11205,-69.069,-15.312
11206,-52.438,7.4723
11207,-89.893,-7.0387
11208,-60.7,-73.283
11209,-64.92,-1.5772
11210,-41.133,-68.187
11211,-23.491,-44.291
11212,-31.134,-7.0923
11213,61.608,-56.008
11214,-39.377,-65.091
11215,-31.541,-95.559
11216,-24.084,83.632
11217,-93.718,6.4556
11218,-45.6,4.83
11219,-43.523,-66.794
11220,-35.207,-44.451
11221,52.792,74.98
11222,105.04,-49.73
11223,-101.78,11.563
11224,-64.917,-2.2322
11225,76.064,-36.074
11226,-28.793,13.226
11227,-30.73,-4.2955
11228,34.702,-73.153
11229,-93.272,12.873
11230,-40.706,-56.523
11231,102.23,-56.311
11232,29.123,-1.9615
11233,5.5282,-25.439
11234,100.88,-50.819
11235,-44.374,-40.864
11236,-41.901,-58.267
11237,-77,-16.59
11238,-22.745,-44.245
11239,63.485,-57.255
11240,-43.006,-72.625
11241,-12.646,-15.703
11242,21.501,-80.731
11243,27.937,-19.607
11244,-101.01,-13.806
11245,-38.53,-73.969
11246,-119.02,13.86
11247,20.949,-26.223
11248,50.913,-15.893
11249,-69.113,-3.1227
11250,-30.922,-69.554
11251,-6.3383,-42.282
11252,-20.209,-107.73
11253,-35.863,-57.644
11254,-81.818,1.8709
11255,-14.885,5.3456
11256,108,-45.135
11257,-42.034,-64.63
11258,-62.049,-40.315
11259,-10.728,-30.25
11260,-17.777,-40.792
11261,-89.5,11.049
11262,-75.257,0.91348
11263,-64.194,-37.184
11264,-33.933,-50.622
11265,-27.072,-45.649
11266,52.687,-83.886
11267,2.6544,9.6198
11268,-42.134,-48.281
11269,103.57,-54.512
11270,-22.057,46.93
11271,47.112,-1.5523
11272,29.073,-3.4106
11273,51.298,-12.329
11274,27.178,49.437
11275,100.08,-60.295
11276,-28.397,-47.225
11277,-54.781,-88.967
11278,52.288,-66.438
11279,89.957,-44.279
11280,43.614,0.8786
11281,-96.093,53.334
11282,93.296,-67.274
11283,-66.007,-13.783
11284,-16.69,-47.64
11285,89.971,9.5715
11286,-4.2939,-26.222
11287,-105.14,35.798
11288,-5.1406,-102.24
11289,-25.992,-102.41
11290,-71.009,-3.3098
11291,76.347,23.613
11292,-71.982,10.038
11293,-23.742,-89.588
11294,55.121,-25.636
11295,-15.715,5.2069
11296,-16.155,-40.412
11297,-6.392,-88.374
11298,49.775,23.531
11299,-37.604,-57.924
11300,-69.123,-15.201
11301,-4.6522,-48.857
11302,36.4,31.678
11303,64.945,-27.095
11304,-50.906,-71.964
11305,-4.8865,-88.23
11306,-14.013,-93.978
11307,-59.483,-74.081
11308,-34.719,-54.884
11309,-34.696,-7.5118
11310,18.412,5.8808
11311,-43.825,-66.349
11312,-19.864,-41.618
11313,-5.0008,-102.12
11314,18.516,-64.81
11315,-23.603,7.7821
11316,-35.295,-43.007
11317,103.88,-52.262
11318,21.235,-71.557
11319,-48.416,-69.666
11320,86.363,-15.742
11321,1.2078,50.538
11322,-40.147,-61.112
11323,-49.039,-68.832
11324,-22.706,-46.457
11325,-93.02,1.4781
11326,-45.995,-42.082
11327,107.84,-49.053
11328,-31.493,-77.649
11329,34.497,-90.085
11330,42.704,-71.914
11331,-1.8199,-59.191
11332,-74.403,-1.7868
11333,-88.251,-5.449
11334,2.2331,-26.554
11335,-73.856,-23.049
11336,102.85,-53.472
11337,-87.123,-1.4866
11338,-43.197,-44.182
11339,-44.703,-70.739
11340,-93.923,-1.6434
11341,-70.625,-2.4157
11342,106.48,-50.817
11343,-15.627,4.1424
11344,-75.461,17.485
11345,107.4,-52.548
11346,-43.939,-66.878
11347,49.555,-47.884
11348,19.378,-25.239
11349,-26.236,-99.973
11350,35.555,-36.408
11351,42.531,-70.235
11352,3.5536,31.189
11353,57.743,-18.602
11354,97.433,-57.612
11355,-55.646,-68.277
11356,-20.009,-93.584
11357,-17.526,-25.845
11358,-28.079,-47.395
11359,-56.029,8.1184
11360,-38.652,-76.937
11361,-36.859,-22.652
11362,33.134,60.894
11363,-45.193,-59.078
11364,-51.932,-45.411
11365,-83.139,1.0279
11366,9.548,-62.128
11367,-37.076,-60.19
11368,-18.555,-40.188
11369,-86.979,0.37996
11370,5.6192,-33.567
11371,69.191,-13.095
11372,33.209,-67.562
11373,-25.997,-40.569
11374,-3.878,-29.352
11375,7.5331,55.909
11376,37.412,36.193
11377,-35.241,-47.372
11378,-69.842,-9.4774
11379,-51.645,-79.892
11380,-59.983,-74.166
11381,21.452,-9.7892
11382,5.7711,21.826
11383,-9.1488,9.5094
11384,-72.285,-37.531
11385,68.775,-37.74
11386,2.3631,-30.349
11387,64.171,-26.886
11388,-54.015,7.9688
11389,97.344,-55.21
11390,12.864,33.728
11391,-41.973,-61.546
11392,-29.879,-42.234
11393,-16.517,-51.665
11394,-29.093,-45.421
11395,-21.618,-38.478
11396,-34.503,-64.527
11397,-87.309,-1.2147
11398,6.4549,14.814
11399,93.509,-40.123
11400,-67.752,19.398
11401,12.644,-46.995
11402,-45.838,-65.566
11403,-68.917,-27.49
11404,-75.416,9.483
11405,23.804,-15.972
11406,-15.598,1.2117
11407,-81.659,9.0367
11408,7.9921,11.093
11409,-29.701,-5.5521
11410,-71.042,26.083
11411,106.95,-45.241
11412,-95.61,54.434
11413,12.171,17.302
11414,17.645,66.277
11415,11.07,-53.002
11416,-92.41,1.2883
11417,-31.596,-74.875
11418,-30.708,-65.566
11419,50.875,-55.799
11420,89.971,9.5718
11421,-73.705,-1.7166
11422,-25.764,-102.67
11423,-44.265,-73.681
11424,-90.257,-3.3251
11425,-25.56,-40.745
11426,-80.273,2.7936
11427,12.421,19.415
11428,-23.239,-44.176
11429,-66.115,63.961
11430,57.201,-31.774
11431,-22.064,-15.185
11432,-37.088,-43.022
11433,93.002,-64.488
11434,-47.788,-70.048
11435,92.843,-18.761
11436,10.671,-49.548
11437,52.013,4.3461
11438,-65.009,16.867
11439,-36.315,-54.313
11440,-93.074,-0.27913
11441,106.49,-50.273
11442,7.8512,19.668
11443,23.201,-62.895
11444,31.753,-72.071
11445,-41.427,-54.96
11446,-44.79,-65.097
11447,-22.44,-69.914
11448,-88.247,44.829
11449,-33.609,-46.745
11450,89.435,-43.326
11451,-19.223,7.6125
11452,92.442,-64.806
11453,-13.995,16.504
11454,-20.208,-107.73
11455,99.618,-63.585
11456,-81.767,15.133
11457,-20.882,-41.709
11458,-56.177,-68.17
11459,57.26,-18.962
11460,-12.916,-38.599
11461,-52.609,-2.5255
11462,31.766,-92.386
11463,-88.936,-41.902
11464,-58.257,-41.091
11465,-41.527,-53.166
11466,-20.533,-25.469
11467,-79.557,-6.6216
11468,-85.088,-6.0178
11469,-90.7,-1.3589
11470,-30.252,-96.989
11471,50.489,-79.385
11472,-33.696,-71.672
11473,-72.861,-44.758
11474,99.589,41.402
11475,49.937,-32.297
11476,-18.82,-57.679
11477,16.873,-62.015
11478,-83.753,-2.8446
11479,-29.983,-47.986
11480,107.94,-48.499
11481,-98.97,-30.793
11482,-38.775,-0.096369
11483,64.393,-29.495
11484,-37.664,-42.354
11485,-60.657,-36.15
11486,-14.258,-40.147
11487,-88.936,-41.903
11488,2.544,-59.397
11489,4.0489,-13.033
11490,84.927,-20.27
11491,18.596,-22.19
11492,-93.115,-1.2514
11493,-97.019,-1.6816
11494,-81.91,-7.6865
11495,66.26,-29.778
11496,-30.97,-50.845
11497,47.454,-85.365
11498,44.075,-84.752
11499,-54.55,-14.455
11500,-34.195,-39.57
11501,-73.201,15.124
11502,46.88,30.699
11503,-16.544,-40.579
11504,-58.412,6.2203
11505,-99.804,8.507
11506,-97.25,25.67
11507,-20.79,11.752
11508,-7.3943,27.526
11509,-29.23,-89.156
11510,82.842,-14.033
11511,-25.636,-31.915
11512,-74.905,-13.667
11513,-31.286,-39.889
11514,-32.51,-78.107
11515,-42.042,-53.17
11516,34.835,-11.04
11517,37.336,-13.596
11518,-37.256,-42.709
11519,92.933,-52.954
11520,-76.931,11.525
11521,-42.347,-47.225
11522,-30.555,-43.638
11523,-56.123,8.1685
11524,-17.755,9.028
11525,45.439,-82.427
11526,106.69,10.297
11527,-23.177,-73.625
11528,-39.746,-90.596
11529,9.3335,-11.549
11530,-46.469,-66.275
11531,52.047,-32.799
11532,71.543,-15.713
11533,7.449,19.43
11534,76.039,-42.997
11535,-38.182,-55.266
11536,-91.792,10.628
11537,103.64,-52.182
11538,-73.487,14.135
11539,-91.6,2.2219
11540,-58.073,-39.368
11541,-8.3228,-37.317
11542,-40.146,-42.504
11543,19.062,-19.33
11544,50.614,-25.44
11545,19.481,8.5802
11546,48.692,-60
11547,11.381,15.664
11548,-29.11,-9.6696
11549,72.372,-1.8077
11550,66.308,6.0483
11551,-31.033,-3.6499
11552,30.566,-57.339
11553,-70.057,-3.3719
11554,54.084,-28.816
11555,-60.71,28.239
11556,4.6823,-30.592
11557,33.839,-72.919
11558,-7.3871,-33.155
11559,3.0801,6.8293
11560,-36.836,-59.805
11561,-16.802,-41.818
11562,-96.731,-29.994
11563,-42.441,1.0269
11564,38.429,-90.808
11565,46.287,-82.269
11566,-44.791,-64.188
11567,-74.123,12.573
11568,-80.663,-36.484
11569,-29.621,-47.379
11570,-36.518,-73.987
11571,67.448,-49.609
11572,3.9434,-32.753
11573,-27.204,-26.107
11574,-82.365,-3.0112
11575,-4.6964,-29.752
11576,-82.157,-11.652
11577,-29.173,-90.36
11578,62.467,71.441
11579,49.402,-87.135
11580,-6.6189,-88.432
11581,-50.275,-79.507
11582,-77.465,9.7461
11583,82.342,-25.024
11584,-6.3301,-44.908
11585,-5.46,-44.606
11586,51.942,-32.386
11587,18.162,-64.362
11588,-74.443,11.055
11589,-18.299,-36.575
11590,-90.333,-3.3239
11591,-24.913,-41.243
11592,-85.832,0.79489
11593,-32.645,-85.822
11594,66.617,87.077
11595,-84.224,-14.656
11596,66.704,-30.237
11597,-72.868,-31.724
11598,-92.641,3.1082
11599,-31.004,-95.786
11600,8.5789,12.444
11601,-28.971,-30.887
11602,-93.813,-1.5723
11603,-56.787,-67.412
11604,0.80908,-58.832
11605,2.4364,13.782
11606,48.311,-64.967
11607,-37.413,-44.306
11608,-69.387,-4.7415
11609,-28.764,-48.482
11610,-51.538,0.7247
11611,98.832,-62.381
11612,-3.9246,-30.31
11613,-88.664,9.7946
11614,-29.425,-48.544
11615,-101.18,12.035
11616,-19.351,-1.4922
11617,89.971,9.5714
11618,-39.973,-58.674
11619,96.996,-57.392
11620,47.089,-43.654
11621,-34.096,-53.479
11622,-90.401,9.8161
11623,-40.197,-75.108
11624,15.241,6.5554
11625,108.47,-44.216
11626,21.389,-25.698
11627,41.05,52.231
11628,-72.86,-29.403
11629,-52.549,17.421
11630,-65.385,18.55
11631,51.54,-83.662
11632,-36.723,-56.103
11633,-89.168,-1.8546
11634,84.584,-24.34
11635,-96.072,7.8398
11636,-3.5866,-20.657
11637,-38.27,-77.077
11638,-105.25,17.17
11639,10.29,15.203
11640,-50.101,79.221
11641,-29.538,-44.019
11642,-37.384,-53.187
11643,58.863,-17.15
11644,-14.236,49.883
11645,17.062,11.24
11646,36.14,-84.017
11647,-39.197,-53.46
11648,-78.225,-3.1406
11649,28.924,-45.012
11650,36.114,-70.023
11651,9.9421,13.707
11652,5.648,18.714
11653,7.2873,6.0181
11654,-99.065,-13.94
11655,-80.526,-4.8368
11656,-20.962,11.744
11657,11.66,10.266
11658,45.502,61.916
11659,-36.393,-54.076
11660,-38.489,-42.35
11661,-37.243,-57.227
11662,-73.912,15.433
11663,-73.126,15.107
11664,8.4428,15.58
11665,-88.936,-41.903
11666,-18.076,-35.868
11667,-29.607,-41.706
11668,-33.368,-78.39
11669,-27.956,-40.92
11670,-22.29,-69.214
11671,-37.119,-57.561
11672,50.342,-74.547
11673,-10.93,-91.107
11674,61.287,-22.102
11675,92.601,-66.743
11676,-68.776,-6.6578
11677,-71.344,5.2847
11678,-77.518,-16.066
11679,20.356,-68.776
11680,60.438,-75.136
11681,89.971,9.5713
11682,-33.184,-52.13
11683,-46.164,-73.535
11684,-35.986,-45.818
11685,-28.287,-90.371
11686,64.334,-42.791
11687,-34.52,-94.152
11688,6.8154,-0.54182
11689,-53.977,25.04
11690,26.866,32.713
11691,92.914,-66.035
11692,-69.268,-1.9172
11693,16.364,13.753
11694,22.573,-58.171
11695,-92.788,23.042
11696,-46.446,-67.591
11697,-36.948,-59.462
11698,4.9395,-62.901
11699,-57.095,-38.665
11700,19.243,-19.615
11701,-17.242,-59.092
11702,70.661,-60.476
11703,33.56,-89.394
11704,103.89,-51.936
11705,-27.896,-46.475
11706,-89.845,-1.3911
11707,-91.565,1.0488
11708,-73.692,-26.636
11709,68.848,-40.212
11710,-91.465,-6.4497
11711,20.125,-31.34
11712,-62.876,24.61
11713,48.413,41.466
11714,23.742,-16.246
11715,-76.516,15.183
11716,-77.374,-16.061
11717,-48.887,-84.396
11718,72.566,-53.589
11719,-89.202,-1.7205
11720,-36.469,-45.833
11721,-30.019,-94.356
11722,15.668,14.675
11723,14.769,12.191
11724,-99.57,7.6431
11725,70.098,-35.747
11726,-77.367,-16.226
11727,-88.154,-13.022
11728,-69.184,-2.9821
11729,-38.631,-73.617
11730,-21.658,-84.576
11731,93.01,-64.628
11732,-66.273,3.0082
11733,-32.098,-67.457
11734,-56.615,-77.799
11735,-29.157,-52.141
11736,28.346,-35.167
11737,8.3766,24.755
11738,-2.0907,-28.329
11739,106.78,-49.594
11740,-74.193,16.525
11741,-42.75,-61.853
11742,-29.824,-97.767
11743,11.526,14.804
11744,58.491,-34.676
11745,78.56,-53.58
11746,-19.064,21.164
11747,-37.297,-55.612
11748,7.7287,11.005
11749,-77.864,1.1743
11750,-35.041,-43.865
11751,33.155,-23.408
11752,59.667,-30.806
11753,5.4766,-57.148
11754,-96.495,-2.3051
11755,-91.968,-1.1441
11756,6.7607,31.425
11757,1.9099,12.632
11758,-43.289,-50.819
11759,-40.374,-42.433
11760,-50.452,-67.849
11761,-71.164,25.792
11762,66.53,-49.739
11763,-32.985,-51.064
11764,-71.335,2.0758
11765,-3.5039,-20.249
11766,-52.913,-1.1475
11767,-17.581,-105.64
11768,47.042,-85.362
11769,35.037,-33.683
11770,-92.944,1.4729
11771,-10.206,57.337
11772,5.8907,-58.662
11773,-45.512,-65.749
11774,-69.519,3.0714
11775,-3.0142,-56.819
11776,48.713,-67.153
11777,14.66,16.131
11778,-104.2,-0.44356
11779,-12.223,-41.537
11780,-4.833,-31.9
11781,-72.658,-12.177
11782,-36.893,-58.886
11783,-38.548,-76.374
11784,-71.366,-0.21758
11785,-74.556,-0.5816
11786,-48.934,-34.32
11787,-35.655,-42.544
11788,-68.698,28.029
11789,88.079,-22.398
11790,-22.632,-85.026
11791,-51.962,-85.702
11792,-33.023,-48.323
11793,-45.36,-43.491
11794,-65.664,2.8191
11795,-88.931,-41.903
11796,-42.936,-42.225
11797,-38.905,-57.06
11798,-33.148,-50.393
11799,-2.6472,-29.339
11800,-81.621,-39.288
11801,39.992,-87.473
11802,-43.842,-72.328
11803,-50.323,-50.405
11804,-13.677,-38.031
11805,-25.194,-32.361
11806,-30.915,90
11807,29.098,34.674
11808,1.0459,-57.632
11809,72.637,-2.7473
11810,-75.895,13.78
11811,43.796,-24.85
11812,-70.106,-5.7774
11813,-66.253,4.2639
11814,-87.736,6.9698
11815,38.582,-20.981
11816,-38.523,-74.407
11817,-32.101,-92.506
11818,-93.096,-0.048577
11819,-93.464,0.234
11820,73.363,-41.802
11821,4.6449,23.449
11822,-30.206,-53.279
11823,-67.448,-0.27662
11824,-44.247,-72.437
11825,-27.548,-40.203
11826,-61.586,18.046
11827,5.6368,26.674
11828,-30.507,86.341
11829,6.385,34.126
11830,-96.387,52.157
11831,92.603,-67.047
11832,-83.032,-2.7993
11833,-20.432,-42.152
11834,38.012,-33.001
11835,94.983,-58.556
11836,-38.663,-73.262
11837,-42.525,-68.222
11838,66.157,-12.497
11839,1.7655,22.489
11840,-85.754,21.44
11841,-75.642,-55.864
11842,3.7477,-83.316
11843,-41.573,-69.041
11844,-25.573,-40.437
11845,-18.715,-41.5
11846,26.641,-97.193
11847,77.115,-6.7667
11848,2.7114,-53.724
11849,-88.935,-41.903
11850,-34.326,-40.812
11851,-86.635,44.862
11852,-23.132,-43.223
11853,52.313,-32.676
11854,-91.078,-0.65221
11855,-44.432,-69.744
11856,-102.99,7.4319
11857,-76.288,6.1516
11858,-76.479,6.9459
11859,-32.139,-92.556
11860,37.726,-77.197
11861,107.5,-46.176
11862,-35.529,-53.082
11863,-95.542,1.9983
11864,7.5537,8.0205
11865,58.05,-35.647
11866,-18.297,-106.39
11867,55.151,-79.744
11868,-77.528,9.4249
11869,-91.667,-1.2735
11870,-76.638,8.5991
11871,95.633,-58.93
11872,-29.11,-90.202
11873,-31.199,-38.422
11874,-73.947,-0.87665
11875,-63.066,-86.214
11876,-100.24,9.0068
11877,-94.975,-8.4417
11878,-57.969,23.168
11879,-31.105,-45.338
11880,91.098,-24.944
11881,-33.523,-53.765
11882,-66.334,-37.214
11883,12.697,17.836
11884,-52.009,-89.419
11885,25.482,-31.511
11886,16.456,9.1834
11887,70.111,-37.799
11888,100.51,-52.963
11889,-31.781,-87.333
11890,59.91,28.104
11891,69.401,-56.837
11892,-95.741,1.8217
11893,-37.372,-43.248
11894,-36.259,-9.2325
11895,50.374,-81.559
11896,-84.294,-40.889
11897,-103.86,33.525
11898,-3.5437,-20.075
11899,-27.264,-45.419
11900,-21.79,-67.223
11901,-34.563,-43.394
11902,-58.733,-40.48
11903,-23.454,-15.31
11904,-40.374,-45.398
11905,-37.253,-46.225
11906,-96.32,1.5387
11907,-63.492,-85.619
11908,-75.063,-12.156
11909,-15.793,-35.337
11910,-94.687,16.637
11911,25.75,-95.246
11912,-30.825,-31.575
11913,-85.354,0.32962
11914,-24.9,-41.349
11915,-79.776,2.1087
11916,-74.591,3.0096
11917,-92.801,3.1883
11918,102.86,-54.122
11919,-20.21,-107.73
11920,-74.161,-32.949
11921,57.623,5.5887
11922,-19.87,-30.176
11923,-32.085,-92.079
11924,34.977,64.191
11925,28.699,-24.038
11926,-44.498,-64.658
11927,28.771,-28.158
11928,57.654,-32.727
11929,-11.294,-43.834
11930,-97.381,20.519
11931,8.0825,14.749
11932,24.535,-16.197
11933,-76.339,10.472
11934,-65.919,-3.2538
11935,-44.074,-73.049
11936,-24.912,12.536
11937,85.69,-25.318
11938,45.363,103.48
11939,-70.027,5.4931
11940,-26.303,-40.287
11941,-25.674,-42.527
11942,-87.87,0.19071
11943,4.3423,-42.629
11944,-25.536,-86.039
11945,-85.775,0.59201
11946,87.572,-43.611
11947,13.803,14.046
11948,14.456,12.865
11949,66.617,87.08
11950,-75.722,6.3604
11951,-22.6,-109.48
11952,-9.509,63.649
11953,-37.38,-59.962
11954,107.14,-46.566
11955,-41.942,-53.694
11956,59.845,-27.448
11957,-0.024548,92.885
11958,-82.013,31.484
11959,-13.744,-21.904
11960,-38.33,-62.46
11961,-42.769,-87.602
11962,-68.065,-3.6427
11963,81.391,-51.023
11964,32.918,-56.477
11965,-35.712,-9.1663
11966,-36.573,-55.784
11967,-68.296,-1.0335
11968,-67.55,11.279
11969,-30.673,-43.81
11970,-69.999,-6.9196
11971,47.577,103.56
11972,73.353,-45.513
11973,8.8152,18.727
11974,60.478,-27.817
11975,-38.146,-44.557
11976,-39.96,-51.826
11977,59.232,13.507
11978,-22.806,-81.867
11979,-65.794,-3.1059
11980,-85.956,-2.5439
11981,-74.598,-17.42
11982,-76.625,12.362
11983,60.943,-18.082
11984,26.279,-94.762
11985,74.16,-44.194
11986,-32.105,-48.572
11987,-26.619,-42.455
11988,98.776,-57.577
11989,-18.099,-43.163
11990,-4.5127,-31.421
11991,-44.579,-44.608
11992,3.3641,8.761
11993,-29.303,-44.105
11994,-46.322,-66.647
11995,-43.429,-49.189
11996,-31.793,-53.741
11997,-82.959,0.17172
11998,-61.849,16.593
11999,-79.511,0.38829
12000,-77.723,-71.162
12001,-41.644,-49.187
12002,34.89,-76.77
12003,-18.893,7.1582
12004,56.801,-28.629
12005,-83.347,-38.196
12006,-33.794,-22.474
12007,-74.998,13.433
12008,-94.205,21.541
12009,-29.58,-42.57
12010,-78.549,-58.042
12011,-119.02,13.86
12012,3.2874,17.777
12013,41.832,-7.4156
12014,-64.57,-85.337
12015,36.983,68.158
12016,-36.617,-46.561
12017,77.388,11.544
12018,6.5329,-72.81
12019,-35.107,-44.546
12020,32.789,-4.5217
12021,-66.592,0.21815
12022,1.1684,-25.717
12023,104.57,-46.213
12024,19.617,-69.605
12025,104.02,-51.324
12026,20.339,13.137
12027,-91.521,1.0376
12028,-73.204,1.1261
12029,-9.9767,-35.796
12030,-23.07,-27.584
12031,-36.426,-67.667
12032,2.6022,9.5895
12033,47.94,104.66
12034,48.355,5.9592
12035,-72.933,0.46791
12036,-12.249,-33.529
12037,60.985,-29.313
12038,-71.125,-4.0705
12039,-27.18,-105.2
12040,36.028,-87.715
12041,-91.549,2.3945
12042,-48.296,-69.636
12043,-100.57,7.8753
12044,-69.952,31.319
12045,-70.552,-14.453
12046,21.773,-55.621
12047,-44.269,-66.973
12048,98.926,41.544
12049,-24.782,-41.143
12050,-5.6863,-22.299
12051,-33.325,-49.361
12052,-26.589,-26.598
12053,-23.909,-107.76
12054,-45.797,-42.838
12055,-43.412,5.2369
12056,-75.758,11.29
12057,-42.806,-66.209
12058,0.55513,-57.5
12059,-12.801,4.7246
12060,-38.13,-61.212
12061,-77.085,5.564
12062,-17.146,-43.227
12063,-25.337,-40.788
12064,-72.407,15.89
12065,-29.157,-47.376
12066,-29.634,-50.019
12067,64.085,-41.562
12068,-74.298,-1.0268
12069,-51.226,-71.94
12070,-83.742,0.74543
12071,-56.683,10.781
12072,14.137,16.487
12073,-66.456,-37.368
12074,55.159,-30.302
12075,-40.332,-68.788
12076,70.262,-17.859
12077,-71.127,23.34
12078,2.7654,7.8807
12079,100,-64.408
12080,9.043,-83.76
12081,-35.559,-49.448
12082,-36.804,-57.041
12083,-19.779,-92.294
12084,27.412,-18.631
12085,-34.886,-55.029
12086,-15.849,-41.173
12087,-78.232,-16.325
12088,52.975,7.0451
12089,-66.066,-83.687
12090,-18.573,6.7247
12091,-20.97,7.5975
12092,-40.465,-42.686
12093,-53.767,-39.03
12094,-38.856,19.062
12095,19.976,-25.571
12096,-25.722,-43.941
12097,-30.914,48.183
12098,-28.45,-42.158
12099,52.004,-32.713
12100,47.048,-5.5783
12101,81.863,-49.761
12102,-31.303,-51.018
12103,4.9238,9.1539
12104,-22.203,-15.356
12105,-86.327,-1.1897
12106,-47.83,-50.708
12107,-83.227,20.618
12108,30.002,-82.829
12109,8.9046,28.71
12110,-88.107,-4.5566
12111,1.3422,-48.503
12112,35.123,-34.289
12113,43.014,-72.497
12114,47.848,17.537
12115,-20.21,-107.73
12116,-14.85,-44.579
12117,-11.789,-44.531
12118,-28.593,-45.969
12119,-35.459,-43.759
12120,-94.488,23.548
12121,60.31,-21.976
12122,38.465,3.3297
12123,24.936,-90.336
12124,-29.102,-90.456
12125,-35.673,-5.28
12126,-5.4825,-53.078
12127,-10.275,-30.277
12128,71.091,-50.936
12129,-31.961,-63.585
12130,-35.785,-42.722
12131,-34.582,-47.724
12132,-35.044,-54.728
12133,24.915,9.445
12134,44.766,-80.629
12135,-74.774,-56.796
12136,-88.936,-41.903
12137,-67.135,-36.371
12138,-41.799,-55.081
12139,-61.455,20.951
12140,48.373,-69.339
12141,95.359,-50.773
12142,-26.759,-45.184
12143,30.164,-19.964
12144,-25.206,-42.009
12145,-70.201,-14.271
12146,13.881,12.117
12147,-57.858,-31.98
12148,-53.614,-47.214
12149,-28.356,-87.801
12150,-35.812,-47.497
12151,-5.5089,-22.405
12152,-80.146,2.519
12153,48.958,37.552
12154,40.038,-63.963
12155,39.1,-41.38
12156,-51.098,-72.094
12157,-27.418,-40.366
12158,-96.788,-29.148
12159,-65,-84.22
12160,-96.465,51.735
12161,-32.971,-92.673
12162,20.271,-32.885
12163,23.427,-62.749
12164,-39.325,-45.257
12165,-29.413,-43.215
12166,-46.127,-82.717
12167,-16.949,-60.051
12168,-1.3185,-47.029
12169,-46.678,-42.404
12170,-70.204,-69.126
12171,-74.569,-74.321
12172,-87.458,2.7072
12173,-22.213,-40.69
12174,-67.466,-7.0015
12175,-39.048,-75.355
12176,-81.505,-2.0544
12177,-43.935,-70.947
12178,15.155,14.948
12179,-92.721,0.16731
12180,-38.017,-68.904
12181,-70.175,-78.384
12182,-95.61,54.434
12183,7.7134,13.374
12184,-3.1484,-19.414
12185,-65.415,-84.237
12186,46.077,39.79
12187,20.896,-68.364
12188,-53.88,0.99591
12189,-95.036,-32.064
12190,-41.193,-41.198
12191,-36.58,-46.921
12192,-42.075,-53.215
12193,-73.579,-31.086
12194,-52.866,-47.596
12195,92.151,-66.589
12196,64.761,6.8226
12197,-25.474,-5.8623
12198,10.084,60.581
12199,90.093,-29.405
12200,-66.637,-37.683
12201,-27.498,-40.059
12202,-50.448,-59.783
12203,-30.235,-56.521
12204,-9.4922,11.263
12205,-94.27,3.4502
12206,-96.79,11.271
12207,-11.798,8.8361
12208,53.327,-78.417
12209,17.184,10.956
12210,47.788,70.2
12211,-38.498,-46.384
12212,-27.549,-40.032
12213,-95.528,15.088
12214,-40.298,-52.021
12215,31.727,23.784
12216,-17.179,-36.409
12217,-79.502,-3.5956
12218,48.259,102.73
12219,21.969,-17.996
12220,-96.976,-30.39
12221,-79.435,5.9581
12222,-79.624,4.1597
12223,-51.283,-1.8398
12224,45.095,-74.059
12225,-11.798,-16.741
12226,-37.906,-42.363
12227,28.909,-9.2055
12228,-24.338,-31.701
12229,-93.386,-1.9242
12230,-83.777,0.99085
12231,-77.575,9.177
12232,-64.513,-37.707
12233,29.602,-37.639
12234,-33.028,-50.11
12235,-42.241,-42.408
12236,-3.7409,-18.991
12237,59.136,-31.195
12238,-41.694,-55.174
12239,7.4712,-55.775
12240,-44.417,-43.628
12241,-93.042,12.432
12242,-9.6441,10.165
12243,33.571,-58.161
12244,-43.273,-52.687
12245,-66.665,-0.27681
12246,-81.098,-7.21
12247,82.74,-46.687
12248,-30.051,-47.861
12249,-34.665,-41.94
12250,-76.01,10.321
12251,-67.259,-62.611
12252,18.029,-65.492
12253,66.617,87.079
12254,-10.705,-5.5234
12255,19.105,-69.094
12256,-92.261,1.7961
12257,-25.556,-40.475
12258,-95.61,54.434
12259,-88.573,7.7205
12260,108.06,-48.134
12261,87.951,-25.716
12262,66.439,-20.981
12263,-67.896,-37.906
12264,-14.143,48.806
12265,52.643,3.9189
12266,7.869,10.521
12267,-62.013,12.996
12268,15.209,7.2517
12269,44.232,-76.595
12270,38.394,-35.219
12271,-70.311,29.816
12272,81.894,-43.69
12273,-5.1009,-32.14
12274,-38.83,-42.416
12275,-77.297,4.9275
12276,-36.031,-24.532
12277,77.851,-3.8932
12278,-77.003,-56.661
12279,46.061,103.79
12280,-45.032,-42.019
12281,105.63,-53.342
12282,-74.978,-16.205
12283,-8.6952,-35.699
12284,1.6891,19.643
12285,-87.406,1.7035
12286,-53.234,-47.406
12287,33.299,61.593
12288,-79.923,29.733
12289,-31.418,-72.156
12290,22.557,-17.816
12291,-29.944,-44.027
12292,-92.165,11.12
12293,-88.936,-41.903
12294,-32.547,-38.512
12295,72.835,-53.916
12296,35.803,-61.832
12297,-61.739,17.911
12298,-46.161,-52.098
12299,-83.555,-7.0262
12300,-43.136,-50.589
12301,-71.715,-7.8633
12302,-46.976,-50.231
12303,-77.915,9.2653
12304,-59.768,12.569
12305,-37.55,-42.347
12306,-23.984,-40.971
12307,-69.832,-3.5755
12308,-29.194,-49.423
12309,42.978,-78.108
12310,22.056,60.208
12311,-6.0202,0.72365
12312,-34.259,-43.536
12313,56.54,-33.737
12314,-30.296,-40.39
12315,-90.505,-8.4291
12316,-28.729,-72.643
12317,-95.73,2.4761
12318,-75.327,5.4232
12319,64.047,-30.061
12320,-30.448,-56.959
12321,41.683,-64.842
12322,17.361,-70.035
12323,16.127,13.867
12324,8.0323,23.684
12325,-33.648,-92.379
12326,-96.817,7.7887
12327,-37.127,-48.986
12328,56.828,-31.682
12329,70.135,-38.101
12330,-1.1682,-39.139
12331,-83.279,-13.632
12332,-38.347,-42.32
12333,-92.407,-8.1944
12334,-29.817,-42.423
12335,-65.171,-4.9618
12336,-96.584,2.791
12337,-51.168,-54.553
12338,-48.981,-71.128
12339,-82.991,-40.65
12340,-81.594,-39.277
12341,-12.227,-55.047
12342,-29.146,-42.336
12343,-30.918,-5.0765
12344,-43.062,-46.21
12345,-29.227,-44.252
12346,-69.794,-19.595
12347,-82.371,-6.6768
12348,-75.246,3.1145
12349,-82.7,-3.0322
12350,-94.008,53.53
12351,4.313,78.666
12352,-46.369,-41.779
12353,-82.598,9.1271
12354,-37.529,-51.072
12355,-41.066,65.775
12356,47.325,40.456
12357,-25.921,-57.629
12358,3.3977,14.075
12359,58.267,-59.292
12360,55.105,-82.052
12361,-23.753,-74.32
12362,-3.0757,-85.156
12363,45.372,-33.352
12364,-46.606,-88.245
12365,10.76,-58.615
12366,-96.118,-31.594
12367,-43.742,-34.015
12368,-72.818,-28.296
12369,53.653,-31.867
12370,-32.8,-55.969
12371,-71.888,10.214
12372,-28.366,-82.421
12373,-98.047,-28.697
12374,88.618,-24.913
12375,-38.521,-76.788
12376,0.32199,-73.249
12377,103.51,-53.482
12378,20.959,-24.835
12379,107.07,-46.445
12380,-34.032,-53.971
12381,-41.163,-60.895
12382,-17.456,-35.056
12383,-63.35,-88.358
12384,48.403,-67.78
12385,37.123,-69.13
12386,45.363,103.48
12387,-10.188,-1.7555
12388,-21.956,-50.832
12389,-53.183,-39.118
12390,-96.048,2.2227
12391,-29.617,-42.473
12392,-45.828,-58.993
12393,-90.868,2.1064
12394,-76.905,-16.587
12395,20.637,-25.43
12396,-90.745,-2.4537
12397,40.454,33.994
12398,72.138,-8.5714
12399,-7.8303,-34.719
12400,52.452,-56.983
12401,28.329,-93.456
12402,-88.941,-41.904
12403,-43.506,-75.522
12404,-29.584,-50.035
12405,-42.338,-53.252
12406,-82.975,-2.4755
12407,-34.43,-49.462
12408,-39.853,-59.228
12409,-101.84,11.847
12410,65.607,-21.312
12411,-88.936,-41.903
12412,-83.057,21.625
12413,-89.197,0.72952
12414,-50.094,-10.113
12415,-49.699,-72.806
12416,-33.896,-60.039
12417,-37.734,-42.355
12418,-69.78,-13.888
12419,-30.941,-39.713
12420,59.127,-18.611
12421,54.112,-24.433
12422,-2.984,-86.982
12423,-83.855,-0.98717
12424,28.549,-18.692
12425,15.148,7.1494
12426,-96.023,-47.025
12427,-41.736,-53.345
12428,92.993,-67.481
12429,-29.161,-94.495
12430,101.43,-60.419
12431,-73.633,1.4962
12432,-65.352,7.4589
12433,13.861,-54.339
12434,-27.749,-40.972
12435,-88.936,-41.903
12436,55.821,64.558
12437,108.99,-44.626
12438,-41.973,-63.959
12439,-0.56234,-25.378
12440,-56.784,-78.797
12441,88.581,-21.913
12442,65.61,-23.149
12443,-35.688,-8.7934
12444,73.81,26.283
12445,-90.35,5.8293
12446,-97.211,15.141
12447,-82.422,9.1711
12448,54.636,-4.624
12449,22.65,-63.578
12450,82.127,-3.0221
12451,-35.76,-55.571
12452,-25.451,-102.88
12453,-10.014,-12.372
12454,-52.543,7.5123
12455,-71.339,-24.358
12456,46.564,-16.515
12457,-67.083,-80.781
12458,48.449,13.963
12459,31.17,-90.975
12460,39.568,-90.814
12461,-74.02,11.062
12462,-13.672,-78.286
12463,-6.3461,-87.442
12464,-88.689,-10.366
12465,-28.836,-94.028
12466,14.657,15.485
12467,82.191,-49.729
12468,18.775,13.992
12469,-80.841,-35.123
12470,-16.639,-40.422
12471,54.313,-31.986
12472,-93.023,-0.41502
12473,-51.559,-77.998
12474,-24.308,-41.021
12475,-16.449,-44.535
12476,-0.81136,-51.426
12477,-22.211,-67.009
12478,-92.734,3.3418
12479,-52.768,-45.272
12480,-81.336,0.61725
12481,-94.966,-32.267
12482,-79.36,48.589
12483,28.025,-97.397
12484,-19.022,11.917
12485,27.674,-41.653
12486,18.131,65.718
12487,58.658,-32.076
12488,-88.494,-5.2204
12489,-5.605,-44.573
12490,-70.998,-4.0948
12491,-68.257,-78.615
12492,-93.337,-1.6084
12493,7.4729,29.473
12494,8.8236,51.371
12495,85.353,-40.851
12496,60.13,18.701
12497,-74.158,5.9035
12498,-87.714,8.4702
12499,-97.625,23.757
12500,-32.014,-71.643
12501,-91.76,-5.319
12502,0.033673,-25.158
12503,-89.531,-1.5335
12504,64.845,6.0458
12505,58.29,-34.271
12506,87.123,-21.05
12507,53.581,-33.838
12508,-7.4887,-3.7166
12509,8.4004,11.66
12510,-37.566,-54.817
12511,-32.161,-70.167
12512,103.34,-56.053
12513,-2.6476,-18.659
12514,-69.158,-3.838
12515,-40.489,-24.081
12516,-36.644,-53.156
12517,-52.739,-59.442
12518,-45.056,67.795
12519,53.632,58.412
12520,3.6156,25.272
12521,-100.48,7.7696
12522,65.691,-30.185
12523,-16.847,-44.329
12524,75.192,87.68
12525,-38.737,-73.392
12526,-38.827,-44.275
12527,-27.13,-39.956
12528,-72.606,-30.834
12529,15.893,10.926
12530,-22.207,-15.727
12531,-76.422,8.8062
12532,-37.372,-57.678
12533,-26.265,-41.889
12534,15.309,6.2383
12535,54.907,-87.366
12536,-48.573,-24.279
12537,-51.913,-55.307
12538,-41.57,-67.996
12539,-96.648,-46.838
12540,-34.676,-46.051
12541,-72.655,-11.788
12542,-75.853,9.6399
12543,19.55,14.022
12544,59.651,-19.178
12545,-47.115,-42.833
12546,-62.492,32.26
12547,-53.859,-3.2209
12548,-27.526,-41.326
12549,-45.727,-52.233
12550,17.801,-65.071
12551,57.105,-18.806
12552,-42.773,-67.926
12553,-93.462,-0.29098
12554,-94.649,2.0753
12555,-85.89,14.682
12556,6.5371,20.699
12557,54.849,-53.864
12558,42.528,-74.903
12559,-8.8157,55.358
12560,-30.562,-39.822
12561,103.35,-49.219
12562,-103.01,-2.3144
12563,-89.521,8.3805
12564,-78.327,-19.392
12565,-50.167,-48.805
12566,35.265,-34.344
12567,44.209,-84.22
12568,65.628,8.5766
12569,-18.02,-35.249
12570,-72.74,-1.9253
12571,-33.866,-74.071
12572,-45.647,-51.327
12573,-32.824,-47.994
12574,21.167,-51.469
12575,-29.083,-42.438
12576,-41.062,-67.366
12577,-54.279,8.9048
12578,-58.566,-87.903
12579,-82.912,-2.9877
12580,-62.164,-35.353
12581,-80.8,-12.768
12582,-1.2979,-30.376
12583,-40.331,-68.851
12584,-18.68,-36.403
12585,-12.828,-45.791
12586,54.175,-63.063
12587,-96.427,51.909
12588,-39.347,-57.488
12589,64.753,-28.991
12590,39.63,-48.457
12591,8.9293,14.783
12592,25.382,53.849
12593,48.994,-46.726
12594,-55.904,8.0933
12595,-12.196,-33.502
12596,66.616,87.079
12597,-41.489,-73.404
12598,-30.135,-7.8049
12599,-40.464,-68.479
12600,-16.94,15.92
12601,-78.135,-16.424
12602,82.099,-48.37
12603,57.347,-32.758
12604,-72.932,-21.822
12605,-27.238,-42.477
12606,-18.714,-34.833
12607,-88.254,44.83
12608,-36.561,-53.996
12609,-13.82,-38.245
12610,-40.601,-68.365
12611,-82.625,3.3103
12612,76.258,-45.165
12613,21.456,-67.92
12614,-29.132,-40.649
12615,-96.561,-29.888
12616,-5.6728,-46.632
12617,-39.291,-46.021
12618,-100.81,7.925
12619,13.389,18.124
12620,-5.8697,-30.824
12621,16.182,-98.691
12622,19.235,-25.134
12623,-34.087,-53.812
12624,-34.255,-68.937
12625,17.072,52.194
12626,-86.184,-1.2521
12627,-3.6044,-87.637
12628,-67.892,-22.443
12629,60.638,-29.252
12630,-89.711,-9.6864
12631,64.536,-29.158
12632,-37.772,-55.724
12633,-11.552,-31.169
12634,75.245,-58.702
12635,11.85,6.8224
12636,-16.472,-36.713
12637,-32.001,-92.903
12638,-65.925,1.038
12639,-15.749,-83.606
12640,-73.048,-25.258
12641,-35.378,-43.837
12642,-63.368,-86.063
12643,45.36,-74.08
12644,64.425,18.744
12645,-102.06,2.7794
12646,-69.044,27.209
12647,-4.3755,-88.069
12648,-88.936,-41.903
12649,-49.948,-68.08
12650,-5.1276,-30.021
12651,-85.275,-4.8126
12652,66.357,-61.816
12653,2.1156,-36.421
12654,-79.405,6.3328
12655,43.738,-85.583
12656,57.493,-20.09
12657,-11.953,-25.634
12658,-92.396,0.55988
12659,-41.898,-60.98
12660,-101.24,10.976
12661,-4.018,-86.77
12662,8.658,9.7778
12663,-95.595,54.489
12664,45.363,103.48
12665,-40.755,-46.485
12666,-33.776,-50.326
12667,89.976,9.5721
12668,-69.455,-13.463
12669,-46.285,-51.564
12670,-32.323,-45.367
12671,-18.557,12.417
12672,6.6614,31.192
12673,27.076,-87.382
12674,33.159,-78.261
12675,28.524,0.92555
12676,46.13,-73.907
12677,59.523,-31.123
12678,-66.194,4.3352
12679,4.106,33.123
12680,81.621,-8.5651
12681,42.343,-40.531
12682,15.851,-71.009
12683,12.513,15.528
12684,-12.622,-16.254
12685,-38.319,-42.378
12686,-26.512,-42.469
12687,-41.022,-23.9
12688,-76.581,-22.498
12689,-40.332,-75.129
12690,1.6625,-47.129
12691,-19.156,-47.699
12692,-39.979,-58.773
12693,57.212,-19.669
12694,-1.9635,-52.12
12695,-102.92,31.366
12696,-70.141,-19.614
12697,-42.34,-67.179
12698,-43.724,-43.031
12699,-72.628,-74.151
12700,-41.657,-51.191
12701,-37.242,-64.544
12702,-24.819,-53.119
12703,57.248,-19.498
12704,-66.256,3.5376
12705,-20.672,-35.966
12706,-91.111,4.9944
12707,-44.557,-52.188
12708,-21.1,12.838
12709,-9.6737,10.375
12710,-12.58,18.876
12711,-12.339,-2.56
12712,-28.711,-46.777
12713,-32.958,-94.848
12714,-6.5472,-34.851
12715,57.418,-18.589
12716,-39.467,-46.186
12717,64.248,26.368
12718,-39.493,-33.371
12719,8.9145,-57.823
12720,42.775,14.298
12721,-26.687,-40.164
12722,-12.645,18.784
12723,-76.423,-22.643
12724,-57.596,-67.083
12725,-96.134,-31.487
12726,64.674,6.6898
12727,51.031,13.64
12728,54.242,-84.917
12729,73.081,-46.005
12730,59.094,-34.063
12731,97.023,-56.182
12732,-73.963,-22
12733,-75.056,6.9397
12734,-53.589,7.987
12735,64.877,4.3054
12736,-53.391,-41.094
12737,-86.216,14.583
12738,-68.088,-4.5389
12739,20.462,-56.005
12740,11.663,30.07
12741,48.689,101.79
12742,4.5637,13.885
12743,-92.214,22.86
12744,-78.763,7.0363
12745,-59.198,-66.788
12746,0.32613,-84.481
12747,56.879,24.345
12748,-21,11.624
12749,-44.197,-89.236
12750,55.905,28.647
12751,-74.228,15.191
12752,-11.433,-6.9863
12753,-95.61,54.433
12754,-67.589,-37.949
12755,107.58,-45.98
12756,-41.173,-66.512
12757,-78.64,-7.054
12758,-70.274,15.322
12759,53.989,-86.331
12760,-79.28,6.5504
12761,22.122,-17.927
12762,41.534,20.517
12763,21.008,14.027
12764,36.39,-75.933
12765,17.569,-64.364
12766,33.437,-39.567
12767,-89.289,-10.863
12768,-90.61,-3.2977
12769,-58.569,-87.597
12770,78.722,-8.4265
12771,-65.223,-38.255
12772,-28.351,-51.828
12773,93.461,-40.101
12774,-80.391,-6.9336
12775,-41.113,-56.198
12776,51.934,24.153
12777,6.9715,35.721
12778,-41.069,-43.598
12779,-43.241,-42.15
12780,-55.593,-68.322
12781,0.34659,-50.107
12782,-41.365,-14.365
12783,66.616,87.079
12784,58.647,-32.063
12785,-42.177,-49.695
12786,-13.257,-47.672
12787,-46.638,-50.697
12788,-85.051,2.5404
12789,-46.791,-42.532
12790,-26.44,-40.289
12791,66.132,25.52
12792,28.684,-28.143
12793,53.615,-48.842
12794,-69.206,-32.26
12795,106.67,-49.856
12796,65.085,19.448
12797,-57.785,-66.638
12798,-64.387,-30.532
12799,-74.373,16.638
12800,-97.116,8.6983
12801,-79.536,3.6336
12802,46.785,102.15
12803,-87.413,-1.4271
12804,-75.093,3.1165
12805,-92.156,1.8913
12806,105.5,-49.575
12807,-42.844,-73.082
12808,-17.486,14.332
12809,-1.7678,-48.83
12810,54.515,-88.269
12811,-24.689,12.41
12812,-37.392,-53.777
12813,-43.372,-47.765
12814,-39.078,-51.333
12815,-35.748,-49.575
12816,16.339,-88.196
12817,-81.834,1.5042
12818,81.748,-37.825
12819,-31.5,-3.0686
12820,89.971,9.5717
12821,-3.674,-21.009
12822,-36.86,-66.865
12823,-103.3,7.3769
12824,-32.862,-67.709
12825,-25.873,-92.677
12826,-85.619,2.4199
12827,-2.21,-46.361
12828,-75.68,16.775
12829,-22.052,-78.187
12830,-90.632,-7.8717
12831,55.856,7.6677
12832,48.837,-53.082
12833,-72.56,1.2003
12834,-51.817,-89.48
12835,45.363,103.48
12836,-42.365,-42.228
12837,23.156,-25.042
12838,-99.569,-29.687
12839,103.51,-55.716
12840,-65.536,-29.311
12841,-41.687,-40.889
12842,-48.483,-85.563
12843,-92.316,16.643
12844,21.863,-25.688
12845,63.997,-24.375
12846,4.0021,-78.692
12847,-54.992,-46.061
12848,25.891,52.056
12849,-31.66,-91.776
12850,80.821,-24.78
12851,-32.925,-45.723
12852,-84.172,-0.54852
12853,-26.433,-40.214
12854,45.363,103.48
12855,-61.199,16.994
12856,-37.188,-32.273
12857,-43.359,-66.906
12858,-33.538,-64.691
12859,-43.466,-66.072
12860,-15.598,16.397
12861,42.651,-80.128
12862,29.455,-47.148
12863,89.971,9.5713
12864,63.98,-30.678
12865,-92.114,-0.9435
12866,-74.146,-20.362
12867,-20.173,-23.97
12868,75.056,-49.446
12869,21.181,-61.879
12870,79.29,-19.421
12871,92.69,-66.492
12872,45.091,-61.285
12873,-11.623,14.003
12874,-74.28,-25.955
12875,57.016,-35.742
12876,-34.357,-41.434
12877,57.822,-18.659
12878,-46.45,-51.424
12879,92.08,-67.411
12880,-71.493,13.321
12881,-3.4456,-85.273
12882,26.123,-23.018
12883,-43.627,68.826
12884,70.44,-43.906
12885,7.9958,23.939
12886,-13.189,18.335
12887,79.162,-6.95
12888,33.685,25.785
12889,-41.517,-66.467
12890,-33.661,-94.965
12891,-85.838,-20.272
12892,-29.388,-43.937
12893,-70.197,-4.8455
12894,-89.459,0.18183
12895,30.33,-36.421
12896,-92.865,-47.085
12897,-41.774,-58.274
12898,-50.34,-68.558
12899,-12.135,-83.194
12900,-42.618,-45.814
12901,-20.952,-17.656
12902,-20.736,-41.793
12903,73.018,-55.116
12904,41.322,6.5846
12905,-12.074,-7.2532
12906,-88.935,-41.903
12907,66.617,87.078
12908,-41.981,-64.666
12909,2.0188,26.37
12910,66.984,-46.841
12911,74.927,0.67789
12912,37.434,-67.393
12913,26.435,-91.235
12914,-88.936,-41.903
12915,-74.321,16.639
12916,-89.81,-0.5964
12917,-34.077,-71.811
12918,52.406,-30.982
12919,-27.849,-84.373
12920,-35.194,-52.718
12921,-77.052,13.235
12922,-6.0967,-4.5363
12923,-95.61,54.434
12924,-9.9157,-17.1
12925,3.6294,23.959
12926,79.754,-34.174
12927,-14.44,-38.356
12928,-3.3086,-46.697
12929,-39.633,-66.018
12930,-41.172,-60.515
12931,24.945,32.117
12932,-72.651,15.919
12933,-71.011,1.907
12934,-43.652,-52.625
12935,63.785,-12.881
12936,5.2527,-16.005
12937,-27.587,-40.565
12938,-36.589,-46.812
12939,59.755,-23.906
12940,-28.341,-50.111
12941,-47.382,-59.733
12942,-71.075,-42.429
12943,-58.341,-88.785
12944,-44.168,-65.995
12945,-32.601,-53.643
12946,89.949,-41.042
12947,53.318,-56.508
12948,18.543,-47.813
12949,-38.034,-54.987
12950,-83.25,1.4723
12951,65.81,8.3934
12952,-58.466,-79.388
12953,-87.682,-14.257
12954,-29.086,-72.915
12955,17.233,-97.823
12956,-75.486,5.4042
12957,-20.941,-31.104
12958,-79.458,0.43976
12959,5.495,14.208
12960,-20.205,15.513
12961,24.271,-88.637
12962,-59.857,-40.101
12963,44.868,103.74
12964,-87.43,-0.15879
12965,-40.833,-60.288
12966,49.392,-46.606
12967,-42.801,-66.542
12968,-34.359,-43.273
12969,57.41,-30.012
12970,-39.387,-70.699
12971,-20.174,8.7921
12972,-97.502,25.238
12973,-6.2985,94.796
12974,34.785,-55.734
12975,35.365,-71.6
12976,-29.38,-52.215
12977,-72.114,-27.148
12978,-10.854,-3.9504
12979,-39.847,-23.222
12980,-37.859,-93.087
12981,-69.895,-10.096
12982,-31.262,-53.627
12983,59.234,-11.644
12984,37.43,16.999
12985,79.26,-47.379
12986,2.7233,7.4923
12987,-39.828,-75.153
12988,34.627,-14.875
12989,-83.071,-12.891
12990,59.624,-26.354
12991,-32.578,-53.915
12992,80.592,-45.171
12993,-78.475,-19.346
12994,-91.787,-1.1754
12995,70.315,-21.719
12996,-37.959,-1.2946
12997,-20.21,-107.74
12998,-37.086,-53.378
12999,83.595,-49.313
13000,44.394,-0.095509
13001,20.942,-49.197
13002,-28.549,-89.594
13003,78.774,-34.701
13004,-41.18,-55.199
13005,-33.505,-51.48
13006,-74.078,-0.86608
13007,63.531,-30.085
13008,-55.204,8.1288
13009,-90.658,-1.563
13010,-46.228,-41.955
13011,3.8867,9.0969
13012,-23.423,-89.225
13013,-4.5555,-30.419
13014,-13.01,-34.672
13015,-46.059,-50.66
13016,-71.523,0.58844
13017,-80.154,-10.294
13018,59.979,-27.423
13019,60.438,-27.845
13020,-41.355,-60.533
13021,-95.563,1.8432
13022,58.43,-25.286
13023,91.141,-59.674
13024,37.425,-31.627
13025,57.351,-20.081
13026,52.884,-31.787
13027,-87.602,-14.152
13028,-3.8114,-20.456
13029,-69.166,15.442
13030,-49.975,-89.267
13031,25.369,-85.32
13032,6.2692,7.9337
13033,91.764,-27.104
13034,28.46,-37.817
13035,-18.276,79.635
13036,-29.922,-97.593
13037,-45.787,3.132
13038,-119.02,13.86
13039,20.521,-21.056
13040,-41.179,-53.604
13041,4.9389,-27.723
13042,29.1,-32.241
13043,90.539,-25.915
13044,-52.857,-47.656
13045,-29.005,-47.346
13046,-36.415,-46.274
13047,-67.998,-0.61511
13048,50.075,10.503
13049,57.509,-20.132
13050,-71.783,-43.499
13051,15.71,11.017
13052,-37.446,21.68
13053,-65.776,-81.813
13054,-61.175,-73.745
13055,-5.703,-88.289
13056,51.434,-69.315
13057,50.651,-24.258
13058,86.57,-15.241
13059,-61.335,17.204
13060,-57.879,7.1251
13061,-65.827,-59.17
13062,-82.637,1.4967
13063,104.9,-51.962
13064,-86.502,-1.1233
13065,-27.719,-46.168
13066,-10.792,-7.8058
13067,-68.321,5.4873
13068,-82.459,9.0926
13069,-83.163,-12.837
13070,-81.647,-10.682
13071,-31.941,-91.506
13072,-4.0806,-45.411
13073,-80.925,-24.67
13074,89.266,-29.048
13075,61.471,-12.622
13076,65.348,-21.486
13077,-41.053,-52.305
13078,52.528,14.292
13079,49.941,-23.147
13080,87.632,-42.823
13081,-43.237,-52.791
13082,-54.069,20.159
13083,-10.163,-3.5574
13084,-76.203,10.026
13085,-82.44,-2.9237
13086,-19.132,-78.501
13087,39.29,12.399
13088,-35.275,40.784
13089,-36.459,-56.139
13090,-18.008,8.4364
13091,-33.579,-66.638
13092,-37.769,-75.015
13093,48.334,-20.63
13094,99.913,-64.731
13095,88.41,-16.937
13096,38.277,-35.103
13097,-54.34,62.815
13098,-33.527,-94.012
13099,-53.243,-41.367
13100,-13.364,-5.7759
13101,-12.291,-6.3059
13102,13.218,18.056
13103,-65.299,-82.836
13104,87.145,-26.254
13105,88.474,-43.577
13106,56.349,-51.691
13107,34.792,-53.353
13108,56.561,-51.487
13109,62.629,17.26
13110,-92.485,-8.2007
13111,-8.5727,12.362
13112,41.034,12.6
13113,-13.358,-2.2624
13114,-42.695,-61.944
13115,58.706,-54.854
13116,-72.519,-31.772
13117,-45.39,-72.938
13118,65.139,-41.506
13119,9.9645,13.485
13120,4.2064,9.2896
13121,-32.866,-71.191
13122,-60.747,-82.857
13123,-92.912,-47.449
13124,-91.77,-6.7039
13125,78.26,-4.2382
13126,-100.4,7.5095
13127,-20.817,-42.411
13128,-33.029,-79.045
13129,-56.06,8.1333
13130,-64.8,8.9243
13131,-73.086,-24.567
13132,86.049,-10.917
13133,-67.758,-81.43
13134,27.937,-27.606
13135,19.151,-25.007
13136,-22.271,-65.699
13137,66.681,-29.508
13138,92.461,-66.438
13139,-74.674,-18.181
13140,-51.258,-48.807
13141,-72.089,8.0799
13142,-76.492,17.66
13143,-6.253,-47.353
13144,-53.414,-78.355
13145,-24.49,-52.75
13146,-54.22,-59.026
13147,76.72,-44.052
13148,57.67,-25.796
13149,7.8798,-84.265
13150,-41.386,-53.454
13151,20.214,-25.463
13152,41.678,21.049
13153,-78.425,-50.191
13154,49.771,-82.881
13155,68.532,38.397
13156,-18.269,-36.879
13157,-91.926,12.333
13158,-16.843,-35.718
13159,45.364,103.48
13160,54.145,-28.976
13161,66.616,87.078
13162,-74.372,-13.273
13163,-24.961,-41.518
13164,105.33,-49.779
13165,32.49,-21.521
13166,-6.4356,-47.79
13167,-71.157,-24.55
13168,-7.8316,0.9338
13169,80.652,-24.693
13170,69.693,-1.334
13171,-99.455,8.9448
13172,-30.934,-50.831
13173,20.491,-49.518
13174,28.591,-96.923
13175,31.04,-72.844
13176,-21.771,-67.482
13177,-73.609,-24.866
13178,71.803,1.9122
13179,-90.714,-3.0169
13180,-39.249,-52.411
13181,-66.752,-37.705
13182,-29.232,-94.659
13183,-42.232,-67.113
13184,-35.408,-43.034
13185,-26.881,-90.482
13186,56.907,-28.617
13187,58.224,-28.893
13188,-32.689,-33.799
13189,70.925,-17.211
13190,-88.075,0.75938
13191,34.442,60.302
13192,-46.694,-89.225
13193,48.626,-47.111
13194,89.573,-22.424
13195,49.042,-85.666
13196,-87.763,-40.872
13197,-29.208,-45.491
13198,-23.556,-43.569
13199,-99.313,9.4928
13200,-80.844,-12.596
13201,-78.203,-61.279
13202,7.6813,12.849
13203,75.568,-35.514
13204,12.808,22.251
13205,43.838,-74.622
13206,84.984,-10.711
13207,-44.148,-34.288
13208,-17.18,-44.344
13209,-5.6031,-87.532
13210,-40.034,-45.41
13211,-44.439,-42.062
13212,-74.185,52.129
13213,13.388,34.384
13214,-88.908,-1.7941
13215,-75.729,13.149
13216,-12.063,-1.7561
13217,-55.339,-68.578
13218,5.7131,51.846
13219,39.074,-61.774
13220,34.514,-89.611
13221,14.959,-67.754
13222,12.347,19.345
13223,-85.711,-1.1323
13224,-42.552,-50.324
13225,36.385,-60.927
13226,77.466,-55.788
13227,50.932,-26.195
13228,-40.793,-52.882
13229,-90.081,-7.354
13230,26.951,-92.536
13231,-50.79,-59.923
13232,-9.588,-94.774
13233,-41.368,-54.539
13234,89.972,9.5718
13235,-28.706,-48.404
13236,-90.619,45.629
13237,-80.271,-8.2732
13238,74.559,-58.558
13239,42.323,-79.544
13240,8.265,11.779
13241,-52.57,-80.383
13242,-86.956,5.0269
13243,4.3656,-42.25
13244,44.716,-23.248
13245,-29.01,-48.434
13246,-70.907,-4.111
13247,-90.155,-3.7089
13248,-40.252,-60.184
13249,-71.765,6.1142
13250,-70.833,-4.0839
13251,-76.459,14.348
13252,-79.671,5.5978
13253,-26.888,-26.306
13254,-10.595,-16.993
13255,-41.546,-33.467
13256,-29.13,-93.819
13257,-39.371,-70.715
13258,-28.9,-52.102
13259,54.353,-25.554
13260,-76.533,14.009
13261,-26.596,-41.965
13262,-66.364,19.784
13263,-1.6545,-44.575
13264,-16.484,-36.452
13265,52.289,-86.891
13266,26.142,-48.408
13267,-46.259,0.35943
13268,-13.656,-41.486
13269,43.126,-47.949
13270,23.991,-53.252
13271,89.418,-41.866
13272,-50.103,62.883
13273,21.396,-25.689
13274,8.7389,9.6057
13275,-17.762,-43.655
13276,90.826,-11.884
13277,-72.048,-53.925
13278,45.804,62.741
13279,-98.039,-3.1418
13280,58.398,-35.948
13281,-66.293,-37.517
13282,-93.422,14.567
13283,-17.831,-43.131
13284,-6.4765,-3.1155
13285,-26.053,-43.972
13286,18.327,8.3493
13287,48.446,-21.084
13288,75.81,-38.781
13289,-23.461,7.977
13290,-46.795,-51.382
13291,-2.4954,-57.952
13292,-61.79,-86.642
13293,68.175,-46.996
13294,62.842,-63.959
13295,-43.691,-73.361
13296,-43.249,-64.076
13297,-71.232,-0.041048
13298,-18.008,-86.687
13299,-31.864,-54.073
13300,51.462,-48.421
13301,10.743,28.485
13302,-67.85,-38.956
13303,-26.555,-46.402
13304,49.906,58.022
13305,1.5841,-65.747
13306,-62.066,16.818
13307,-28.458,-84.633
13308,-3.7488,-5.8439
13309,-70.362,-74.606
13310,-81.033,-54.427
13311,-18.658,-58.255
13312,44.708,-0.53932
13313,43.069,34.426
13314,45.077,9.1619
13315,-37.831,-46.514
13316,-39.644,-65.712
13317,-56.909,0.0019134
13318,-75.688,9.1633
13319,34.521,-23.668
13320,54.16,-63.839
13321,-61.748,18.137
13322,-33.1,-7.6248
13323,-20.138,-5.6416
13324,107.28,-48.469
13325,65.835,31.689
13326,-74.438,14.591
13327,-95.541,6.0222
13328,-28.183,-94.93
13329,25.93,-16.109
13330,17.473,48.004
13331,12.663,-35.75
13332,-20.23,-42.927
13333,-74.345,-31.996
13334,-30.672,-53.755
13335,-88.532,7.2973
13336,58.911,-24.257
13337,-19.071,-4.4901
13338,47.225,-41.992
13339,-18.26,72.711
13340,92.281,-20.786
13341,-50.749,-9.835
13342,-43.68,-74.314
13343,-65.425,-0.87514
13344,-76.686,-24.164
13345,16.183,8.9878
13346,-97.106,-3.086
13347,-8.7259,-43.085
13348,-43.656,-74.943
13349,-39.264,-57.858
13350,17.752,7.3752
13351,50.552,-7.2446
13352,-14.116,-51.54
13353,-82.997,1.2505
13354,-88.306,7.7777
13355,-26.321,-45.626
13356,-9.8987,-30.937
13357,-99.08,-12.887
13358,-45.168,-68.771
13359,-58.196,-86.667
13360,-4.831,32.106
13361,-29.647,-43.901
13362,-80.143,4.4837
13363,-91.651,10.473
13364,-34.825,-42.29
13365,-70.854,12.538
13366,1.583,-25.473
13367,38.452,-35.464
13368,56.487,-80.554
13369,41.931,19.857
13370,59.589,-24.095
13371,31.226,-16.633
13372,-92.468,1.8445
13373,-65.768,-0.31625
13374,-29.477,-58.275
13375,-37.666,0.67047
13376,2.7115,-50.379
13377,42.891,-80.363
13378,48.24,12.387
13379,37.58,-33.871
13380,-43.109,-73.751
13381,-88.854,-2.1511
13382,-31.942,-74.261
13383,-1.7708,-28.716
13384,-88.935,-41.903
13385,-74.246,-25.98
13386,59.689,11.879
13387,61.708,9.4329
13388,58.103,-45.738
13389,-63.967,-43.149
13390,-42.101,-61.427
13391,55.363,-60.03
13392,-93.521,-1.3753
13393,-73.994,-0.98715
13394,-66.848,-77.029
13395,-74.754,11.462
13396,8.9082,-53.743
13397,11.586,26.593
13398,10.809,-59.022
13399,50.811,-72.751
13400,76.07,-59.925
13401,30.267,16.501
13402,-89.533,45.123
13403,20.96,-24.595
13404,-101.23,9.2651
13405,9.4834,5.5843
13406,-69.289,-19.231
13407,-88.548,9.6712
13408,-29.036,-48.364
13409,-88.936,-41.903
13410,44.819,-36.198
13411,37.712,-31.665
13412,-11.993,-3.5926
13413,-39.835,-53.482
13414,50.443,-87.933
13415,38.667,5.3605
13416,-75.021,-16.59
13417,-46.285,-41.861
13418,-72.938,-28.175
13419,-37.383,-44.547
13420,-80.528,-7.0918
13421,-9.7882,-32.547
13422,66.926,-14.558
13423,79.429,-47.117
13424,105.43,-49.017
13425,26.05,-1.7356
13426,-88.947,-41.852
13427,-94.845,0.98436
13428,-113.26,14.075
13429,-39.258,-71.211
13430,-17.383,18.76
13431,-32.358,-47.716
13432,-53.099,-47.315
13433,-44.682,-41.929
13434,-18.46,-42.57
13435,-65.91,-4.7037
13436,-31.214,-69.75
13437,-20.21,-107.73
13438,-89.871,-9.8317
13439,-43.411,-45.75
13440,-11.847,8.5574
13441,32.129,-68.343
13442,-74.699,18.735
13443,-84.629,-4.6205
13444,-44.292,-73.326
13445,23.631,41.366
13446,75.038,-42.624
13447,80.068,-53.742
13448,59.842,-46.997
13449,-43.792,-67.277
13450,-82.521,1.6919
13451,-79.843,-3.6627
13452,-101.81,11.931
13453,-28.477,-45.972
13454,-41.734,-65.491
13455,-52.201,-45.341
13456,-2.4603,-24.98
13457,82.456,-47.896
13458,-13.555,-3.5913
13459,-22.619,-43.084
13460,-8.6076,-35.324
13461,-82.56,-11.783
13462,28.419,-35.074
13463,17.907,-64.745
13464,48.255,-62.934
13465,-60.58,78.35
13466,-29.496,-43.423
13467,-65.792,-37.621
13468,-59.143,15.631
13469,-92.244,-0.92356
13470,78.87,-45.355
13471,89.164,-27.093
13472,-50.614,-59.837
13473,-33.833,-94.086
13474,-29.152,-45.892
13475,-101.26,25.512
13476,-36.093,-1.8132
13477,-76.698,-24.302
13478,-103.3,7.2787
13479,-35.652,-68.366
13480,28.373,-38.726
13481,-73.166,12.47
13482,101.57,-55.544
13483,-51.141,-54.27
13484,-41.999,-49.455
13485,56.897,-19.353
13486,-28.956,-93.025
13487,-73.348,-23.858
13488,-61.569,-86.904
13489,68.296,-59.205
13490,49.542,-47.19
13491,-56.91,0.33132
13492,-78.553,-6.9582
13493,59.967,-30.889
13494,-11.761,10.45
13495,21.521,-67.647
13496,-85.818,14.679
13497,-77.128,4.509
13498,-84.292,-14.783
13499,-89.697,11.611
13500,-71.361,-7.7283
13501,90.071,-55.028
13502,-13.604,-0.25233
13503,-38.22,-83.615
13504,-105.54,17.162
13505,-90.567,-2.0503
13506,-87.836,-4.8298
13507,-7.6872,-32.924
13508,-78.827,-60.278
13509,-68.399,-38.171
13510,-84.154,-13.859
13511,42.135,-23.778
13512,-35.305,-56.641
13513,16.278,-66.915
13514,90.295,-26.083
13515,-11.944,-4.6086
13516,-25.503,-40.452
13517,-3.3381,-102.1
13518,-4.3948,0.4564
13519,-89.549,3.9552
13520,51.913,24.478
13521,36.801,-91.496
13522,-42.007,-46.028
13523,-33.281,-39.668
13524,22.73,-29.923
13525,-62.728,-88.115
13526,92.003,-17.899
13527,51.527,-81.609
13528,76.692,-6.344
13529,21.332,91.014
13530,-36.814,-55.711
13531,10.878,17.155
13532,22.681,16.893
13533,14.992,-70.297
13534,-13.423,-34.164
13535,6.4306,16.17
13536,-83.414,9.4643
13537,-95.89,-31.62
13538,51.808,-30.863
13539,-5.6317,-3.2843
13540,-42.859,-67.122
13541,-43.867,-42.098
13542,-76.467,14.115
13543,-79.627,3.6266
13544,-84.215,-6.752
13545,-63.238,16.237
13546,-57.588,8.2655
13547,-11.333,-3.9403
13548,59.615,-27.357
13549,52.248,-82.95
13550,21.232,-55.198
13551,-88.936,-41.903
13552,-32.753,-93.528
13553,-38.11,-56.526
13554,-97.219,6.1324
13555,-74.663,-18.822
13556,-95.574,4.1932
13557,55.6,-64.45
13558,-11.995,10.034
13559,-41.031,-67.489
13560,-98.09,-3.5589
13561,98.289,-55.97
13562,66.618,87.078
13563,17.217,-65.192
13564,50.173,76.822
13565,64.182,-30.704
13566,-27.237,-44.939
13567,-68.308,-2.3345
13568,-43.884,-43.788
13569,-74.234,-14.276
13570,-21.729,-46.797
13571,28.91,12.312
13572,-21.615,-94.499
13573,-98.208,-2.1166
13574,-26.846,-42.358
13575,-36.79,-55.85
13576,-41.615,-54.342
13577,-84.987,-5.5682
13578,80.773,-1.5773
13579,-85.67,0.39967
13580,-77.999,1.5472
13581,-29.472,-94.216
13582,-88.743,-10.364
13583,-19.673,-5.1618
13584,-76.285,-14.734
13585,-13.34,-42.361
13586,83.166,-12.855
13587,80.434,-35.898
13588,-90.591,-6.879
13589,-34.098,-40.354
13590,-31.205,-91.298
13591,-35.956,-27.025
13592,33.105,-16.935
13593,-88.256,44.83
13594,7.4664,13.426
13595,-72.31,-6.5516
13596,-47.388,-59.98
13597,-88.744,-17.848
13598,-45.25,-70.932
13599,-94.697,-31.561
13600,-63.968,-85.605
13601,-60.478,-65.954
13602,29.24,9.3915
13603,-29.676,-47.681
13604,26.08,-89.422
13605,-72.07,1.0594
13606,26.62,-45.219
13607,-94.547,29.621
13608,-70.798,-14.124
13609,-63.641,-0.82434
13610,66.603,-51.039
13611,80.991,-32.541
13612,75.958,28.351
13613,-37.57,-51.107
13614,-38.42,-42.385
13615,-10.941,-5.8198
13616,-95.372,23.932
13617,-84.676,-12.31
13618,-30.783,-39.513
13619,25.778,-15.394
13620,62.714,-41.571
13621,78.3,-2.9216
13622,81.787,-49.548
13623,-90.297,-7.7883
13624,-88.936,-41.903
13625,-25.207,-104.12
13626,-11.411,-43.771
13627,11.892,14.116
13628,-13.652,-34.333
13629,-64.151,-36.729
13630,-45.194,-65.645
13631,-34.053,-46.496
13632,-21.148,-40.864
13633,-46.369,-66.77
13634,-97.182,20.959
13635,-44.005,-45.383
13636,28.343,-92.777
13637,-42.536,-33.835
13638,-54.506,-58.131
13639,-41.223,-60.621
13640,-27.522,-44.826
13641,48.765,-21.233
13642,85.887,-13.737
13643,-12.081,18.447
13644,-32.443,51.998
13645,-6.1871,-11.166
13646,-63.58,-74.489
13647,70.404,-19.952
13648,-37.574,-82.696
13649,28.872,-56.754
13650,39.715,-86.302
13651,48.873,-56.287
13652,49.58,-53.949
13653,-20.263,-5.1797
13654,-85.018,-0.97684
13655,-75.218,-15.36
13656,-26.72,-46.636
13657,-72.321,-6.6815
13658,-26.33,-44.718
13659,-57.691,-88.676
13660,-63.149,16.093
13661,-45.986,-65.279
13662,-35.187,-42.944
13663,-31.309,-95.671
13664,1.2767,-26.232
13665,-43.36,-62.903
13666,-82.563,-12.78
13667,-33.868,-39.868
13668,37.111,-32.516
13669,54.443,-57.098
13670,56.708,-39.936
13671,-88.936,-41.903
13672,-96.458,51.775
13673,-26.74,-44.481
13674,-91.787,-3.9131
13675,-84.968,44.765
13676,-10.779,-4.863
13677,-37.495,-69.205
13678,-68.479,-1.4968
13679,-31.942,-74.782
13680,17.573,13.887
13681,-9.8413,9.0647
13682,33.087,-79.946
13683,-2.0683,-43.925
13684,-78.489,-16.46
13685,-26.342,-52.208
13686,-70.045,-7.0887
13687,58.992,-29.462
13688,-32.626,-45.4
13689,-64.616,-3.9755
13690,56.815,-26.608
13691,51.628,-57.868
13692,40.81,-50.928
13693,-5.2512,-22.319
13694,-54.01,-1.1837
13695,-65.067,-84.096
13696,52.19,-9.7597
13697,-24.181,80.432
13698,66.624,87.084
13699,-88.681,-0.78478
13700,-42.047,4.3884
13701,-36.895,-54.167
13702,-30.003,-97.361
13703,-12.419,-1.2207
13704,-15.752,-4.0036
13705,24.707,-30.923
13706,-94.965,15.226
13707,-72.878,-7.5879
13708,-70.359,-25.483
13709,-88.719,20.193
13710,25.671,28.791
13711,44.842,-23.13
13712,54.972,59.566
13713,-34.917,-54.407
13714,49.303,38.243
13715,-97.49,24.782
13716,-71.484,-12.451
13717,-53.834,-81.016
13718,80.384,-12.932
13719,77.663,-54.139
13720,-93.308,-0.045449
13721,-75.072,-16.914
13722,-23.12,-40.985
13723,-33.932,-39.91
13724,46.047,-56.369
13725,-41.018,-60.576
13726,24.461,-16.33
13727,-36.262,-46.923
13728,-62.933,5.8311
13729,-6.4565,-88.205
13730,-77.287,-16.028
13731,-45.627,-82.362
13732,-89.65,-1.7362
13733,17.204,-48.563
13734,89.067,-24.753
13735,50.153,-76.274
13736,65.966,-59.271
13737,-70.803,4.2148
13738,-95.608,54.432
13739,-39.063,-51.373
13740,-62.983,17.919
13741,-83.205,-10.013
13742,57.107,-23.033
13743,88.73,-24.493
13744,36.029,-65.279
13745,-73.79,0.031812
13746,-43.47,-69.813
13747,-25.615,-40.473
13748,-91.054,-1.4547
13749,-40.747,-27.889
13750,-20.036,8.649
13751,-28.953,-93.223
13752,-19.899,-42.989
13753,-77.287,7.0573
13754,43.604,-34.314
13755,-77.381,-60.474
13756,58.884,-31.324
13757,-5.8345,-0.34517
13758,-78.885,6.9259
13759,-98.427,-29.242
13760,-74.815,-74.079
13761,-102.77,7.4621
13762,-87.376,7.4945
13763,-76.811,-14.542
13764,-96.692,-31.797
13765,-42.301,-54.712
13766,-3.1056,-56.979
13767,92.823,-22.917
13768,-41.806,41.855
13769,-31.199,83.984
13770,-82.814,-2.7037
13771,-40.292,-59.52
13772,-42.642,-50.745
13773,65.756,12.653
13774,-83.694,-5.162
13775,81.727,-3.6201
13776,18.162,-63.395
13777,78.891,-38.697
13778,-74.422,7.1096
13779,-71.89,-54.707
13780,59.385,-29.03
13781,47.974,-65.999
13782,-51.526,62.579
13783,-22.718,-41.431
13784,-65.837,-82.574
13785,17.077,-80.33
13786,-69.717,5.8279
13787,-12.614,-44.759
13788,54.864,-87.192
13789,68.841,62.736
13790,-22.007,27.482
13791,58.025,-71.768
13792,13.842,-48.643
13793,-6.7894,-45.999
13794,-79.807,5.3367
13795,-32.365,-94.918
13796,-37.124,-42.416
13797,-49.807,-68.433
13798,-32.565,-85.033
13799,-84.448,-12.626
13800,-56.519,-68.859
13801,-23.814,-37.85
13802,70.991,-13.057
13803,66.616,87.079
13804,66.254,-29.965
13805,-2.4724,11.643
13806,54.94,-26.296
13807,75.472,-44.568
13808,-95.416,18.387
13809,-94.091,3.887
13810,-28.901,-93.547
13811,64.401,-7.2964
13812,-39.742,-50.225
13813,-18.84,-42.2
13814,74.554,-49.034
13815,42.663,-77.399
13816,82.172,-35.433
13817,-30.68,-39.791
13818,-91.362,-1.3328
13819,-31.885,-87.16
13820,-29.217,-48.836
13821,-42.64,-70.719
13822,-55.839,-86.624
13823,45.362,103.48
13824,73.279,-44.428
13825,85.589,-4.32
13826,-86.259,-1.0398
13827,82.251,-41.637
13828,-27.111,-43.46
13829,-60.651,16.877
13830,-13.301,-6.0355
13831,-65.389,10.456
13832,78.326,-11.299
13833,12.222,28.204
13834,-64.937,-2.9204
13835,-84.764,-5.8358
13836,86.946,-14.066
13837,70.167,-13.212
13838,-41.431,-67.597
13839,-21.543,2.7361
13840,67.078,-45.169
13841,20.815,-53.643
13842,-104.7,18.429
13843,-24.538,-41.06
13844,-91.881,-0.8835
13845,56.425,-28.596
13846,-42.281,-48.382
13847,-103.17,27.9
13848,-72.235,-3.0932
13849,89.039,-30.795
13850,-16.227,-44.802
13851,-91.353,2.6526
13852,-54.499,18.444
13853,88.548,-26.516
13854,-95.845,10.125
13855,-71.663,-6.2463
13856,-74.211,6.001
13857,-50.715,-59.659
13858,-71.408,1.9546
13859,54.01,32.206
13860,6.2326,31.44
13861,78.183,-4.6487
13862,69.607,-15.542
13863,47.941,-75.959
13864,7.185,-50.732
13865,-33.572,-64.935
13866,-8.2597,8.6586
13867,-119.02,13.86
13868,99.971,-66.126
13869,37.456,-18.967
13870,-60.853,-73.473
13871,-80.689,-1.2696
13872,-39.941,-54.325
13873,-48.923,-44.421
13874,2.3662,-30.247
13875,-6.6834,-7.725
13876,-87.636,-5.8276
13877,-88.935,-41.903
13878,42.459,2.4148
13879,52.09,-18.891
13880,16.234,13.955
13881,-15.992,-7.7277
13882,62.045,-42.855
13883,-46.44,4.2468
13884,-81.712,29.666
13885,11.288,17.426
13886,89.871,-60.119
13887,20.507,-25.44
13888,-38.886,-83.315
13889,-4.5285,-21.045
13890,-24.237,-52.424
13891,-87.734,7.4967
13892,-42.739,-45.977
13893,100.32,-65.969
13894,35.375,-30.448
13895,86.301,-13.768
13896,69.443,-2.9774
13897,-46.79,-87.484
13898,-33.045,-45.013
13899,-71.349,12.633
13900,57.138,-40.412
13901,-42.442,-65.215
13902,-75.263,3.2495
13903,-26.695,-41.948
13904,63.919,-28.728
13905,-79.632,-52.164
13906,-16.991,-41.528
13907,68.266,-57.23
13908,69.058,41.013
13909,-9.1993,0.67068
13910,-42.538,-33.791
13911,-43.937,-66.422
13912,-43.539,-75.083
13913,-42.251,-42.231
13914,-31.08,-95.941
13915,-15.65,-43.918
13916,39.059,-34.737
13917,80.773,-30.662
13918,-12.097,-25.889
13919,-82.044,64.798
13920,-45.582,-65.665
13921,56.628,-31.523
13922,13.391,8.2936
13923,42.466,-84.78
13924,91.749,-42.255
13925,-28.718,-77.21
13926,-81.06,2.4592
13927,-77.854,-59.946
13928,-84.055,-27.341
13929,-94.478,55.227
13930,-52.219,-1.2268
13931,18.749,-89.053
13932,32.73,15.436
13933,-75.814,-1.9637
13934,-26.973,-49.704
13935,-91.245,-1.3461
13936,-37.061,-57.305
13937,-96.256,6.1396
13938,-13.755,-8.3073
13939,90.681,-60.988
13940,68.501,-25.895
13941,-72.35,7.8353
13942,-39.747,-58.927
13943,-51.06,-71.683
13944,-13.173,-8.0343
13945,-14.725,-44.389
13946,91.006,-16.46
13947,-14.865,-1.9513
13948,-33.878,-79.964
13949,21.926,54.88
13950,23.364,49.19
13951,-1.829,11.739
13952,38.315,-75.734
13953,62.78,-43.051
13954,66.341,-30.031
13955,-32.967,-46.64
13956,-72.213,-6.6612
13957,15.97,14.114
13958,-90.215,8.6764
13959,-52.222,-38.871
13960,-9.0068,9.3715
13961,-101.06,9.2962
13962,-8.4225,-38.859
13963,-66.942,12.17
13964,55.045,-82.04
13965,85.951,-37.427
13966,14.216,11.892
13967,-87.646,7.5374
13968,-39.013,-58.505
13969,-55.989,-82.872
13970,-114.11,13.422
13971,-65.979,-1.3128
13972,-76.418,10.305
13973,-12.135,19.1
13974,54.685,-10.778
13975,12.315,15.612
13976,-27.667,-41.2
13977,-44.067,-89.05
13978,-77.751,1.0669
13979,-40.724,-68.237
13980,-12.317,-4.2851
13981,52.578,-3.4685
13982,-20.128,-43.145
13983,-95.61,54.434
13984,-38.009,-42.364
13985,12.758,17.891
13986,-43.891,-43.14
13987,1.2105,-55.706
13988,5.5982,-47.947
13989,16.137,14.312
13990,-55.318,-0.7756
13991,-39.661,-59.128
13992,-41.037,-68.341
13993,-75.291,1.1612
13994,39.243,-33.004
13995,-77.437,9.7944
13996,-35.022,-67.827
13997,-42.604,-65.717
13998,-85.183,-7.157
13999,-41.452,-64.69
14000,26.114,-15.603
14001,44.764,19.255
14002,-49.294,-71.068
14003,57.366,-51.11
14004,-30.567,-2.7956
14005,19.928,-25.818
14006,-29.463,62.575
14007,-93.857,-8.4434
14008,-34.388,-90.878
14009,8.6212,6.526
14010,39.975,-88.667
14011,72.899,-45.853
14012,58.036,-11.627
14013,60.585,-17.231
14014,-16.902,-42.536
14015,-31.169,-95.277
14016,12.836,12.724
14017,-81.463,0.92567
14018,-80.603,-38.649
14019,-74.462,3.0648
14020,-87.571,7.6025
14021,23.832,-16.398
14022,61.825,-42.262
14023,39.97,-85.747
14024,-29.271,-3.1485
14025,72.633,-45.957
14026,41.121,-83.285
14027,-39.82,-53.622
14028,76.616,-0.37729
14029,-33.665,-64.632
14030,21.089,-24.936
14031,-29.219,-89.681
14032,-27.141,-102.59
14033,-31.359,-38.233
14034,-2.2465,-46.267
14035,-16.175,-52.748
14036,8.3276,19.01
14037,63.505,10.293
14038,-38.755,-75.758
14039,-48.648,-88.586
14040,-66.38,-39.392
14041,-87.284,44.59
14042,56.453,-33.798
14043,-35.87,-5.2714
14044,50.971,-26.171
14045,-88.965,10.091
14046,-27.067,-1.2871
14047,45.927,-65.567
14048,84.144,-25.931
14049,-46.578,-66.31
14050,-97.086,6.743
14051,-52.323,-1.5991
14052,-41.578,-38.717
14053,48.673,-69.373
14054,-57.14,24.763
14055,15.588,5.9455
14056,51.435,-49.828
14057,-16.91,-42.387
14058,-29.703,-55.849
14059,-37.008,-72.885
14060,-15.764,-44.623
14061,-50.676,-58.855
14062,-83.321,0.92799
14063,44.54,-86.357
14064,-0.45275,32.706
14065,11.02,28.503
14066,-91.067,-3.0711
14067,-86.423,-1.2286
14068,-88.904,10.095
14069,-96.255,2.7907
14070,-55.659,18.018
14071,-18.441,-47.806
14072,42.823,-45.852
14073,85.842,-14.515
14074,23.988,-73.556
14075,-65.817,-0.88498
14076,-82.958,2.7727
14077,-33.858,-56.266
14078,-42.594,-8.2251
14079,49.427,-75.647
14080,73.969,-2.2351
14081,-33.824,-41.151
14082,-68.006,-78.874
14083,-8.4168,3.4654
14084,8.583,12.072
14085,31.206,-88.597
14086,10.21,27.261
14087,-0.73606,-57.199
14088,52.972,-31.728
14089,-73.118,-9.6579
14090,34.157,-89.664
14091,84.731,-38.151
14092,21.2,-62.443
14093,59.452,-30.621
14094,-71.543,1.3411
14095,-84.564,-14.82
14096,-30.381,-65.787
14097,13.179,18.612
14098,17.133,11.5
14099,48.209,-10.376
14100,-32.546,-78.197
14101,-32.788,-48.849
14102,-73.45,13.245
14103,-28.12,-82.239
14104,-0.29403,-51.362
14105,56.024,-51.518
14106,2.2102,-25.706
14107,-46.011,-58.518
14108,-90.27,-1.8474
14109,-20.657,-93.006
14110,-13.042,-41.431
14111,47.707,-50.914
14112,29.334,-82.86
14113,88.293,-20.101
14114,-20.564,-42.532
14115,-22.322,-65.006
14116,-46.753,-51.054
14117,32.101,-29.384
14118,92.742,-42.869
14119,42.654,-23.646
14120,79.08,-19.607
14121,65.729,-28.707
14122,17.718,-20.59
14123,-88.875,-4.801
14124,1.267,-46.956
14125,-84.646,2.5166
14126,5.2256,-33.183
14127,80.199,0.41722
14128,-38.297,-83.375
14129,53.983,-25.059
14130,-34.532,-58.76
14131,-7.2688,-39.706
14132,-75.745,-3.939
14133,-5.5124,-45.282
14134,13.091,13.016
14135,53.845,-88.795
14136,18.67,-61.39
14137,74.519,30.004
14138,-76.447,11.008
14139,-82.92,-3.2819
14140,-77.223,12.717
14141,46.569,-72.232
14142,79.674,-4.0782
14143,-44.063,-73.346
14144,-45.464,-41.984
14145,-53.785,-3.3244
14146,11.024,-57.749
14147,79.284,-35.235
14148,16.62,-71.714
14149,-43.092,-66.356
14150,32.697,-22.986
14151,-44.862,-46.42
14152,41.492,16.87
14153,-51.221,-53.975
14154,-12.289,-3.1347
14155,31.628,-8.574
14156,-66.136,-80.302
14157,-92.41,16.791
14158,-28.539,-42.071
14159,28.837,-15.128
14160,83.229,-26.12
14161,61.16,-1.6125
14162,52.881,6.4008
14163,-64.327,-3.9944
14164,36.717,-5.4905
14165,68.833,-26.693
14166,-41.974,-53.238
14167,-93.243,13.143
14168,-33.752,-76.538
14169,-25.477,-43.068
14170,-39.579,-54.907
14171,43.335,-22.274
14172,64.358,-23.225
14173,-77.788,-67.654
14174,-90.775,-9.1918
14175,-80.079,-7.6037
14176,51.434,-58.866
14177,20.238,-68.368
14178,47.522,11.909
14179,93.169,-25.561
14180,-28.046,-47.018
14181,-4.4281,-39.256
14182,-54.38,-59.145
14183,-13.78,-38.27
14184,-93.861,-0.019339
14185,22.08,60.29
14186,-88.935,-41.902
14187,24.731,-61.12
14188,52.511,-86.087
14189,-68.007,-0.64881
14190,-82.303,-39.635
14191,7.9117,26.419
14192,-85.246,-0.92244
14193,-30.736,-69.656
14194,-67.654,14.912
14195,18.668,-53.672
14196,75.596,-1.8311
14197,48.315,101.61
14198,-21.813,-43.577
14199,-5.0411,-87.081
14200,-52.252,-3.474
14201,-34.446,-54.096
14202,-42.604,-68.542
14203,82.883,-9.6936
14204,1.8795,-84.408
14205,90.517,-30.991
14206,14.829,16.07
14207,66.518,-29.925
14208,90.497,-43.426
14209,-75.067,13.659
14210,-52.923,-78.881
14211,-30.072,-42.924
14212,-17.008,-43.174
14213,-68.13,-53.697
14214,6.6424,-77.522
14215,-85.633,-3.6128
14216,-37.524,-57.351
14217,-57.427,-69.533
14218,-39.501,-46.134
14219,-26.504,-33.705
14220,-66.368,-80.746
14221,70.819,-9.7732
14222,67.313,25.969
14223,57.603,-20.354
14224,58.208,-33.033
14225,-27.676,-39.784
14226,60.918,-30.692
14227,2.6435,9.0908
14228,-2.8188,-85.387
14229,6.7645,-55.185
14230,37.307,-19.562
14231,-36.958,-60.356
14232,-84.387,-0.71155
14233,9.9579,13.609
14234,64.498,-27.773
14235,-52.218,-3.4426
14236,-67.285,-77.387
14237,64.252,-29.42
14238,89.515,-15.217
14239,13.202,12.03
14240,-3.3082,-46.174
14241,-30.658,-57.423
14242,65.821,-28.81
14243,59.739,-80.666
14244,23.475,-62.892
14245,-65.379,-83.719
14246,7.7096,10.338
14247,-33.805,-46.243
14248,-37.709,-42.051
14249,76.319,-3.1051
14250,48.444,101.5
14251,-75.482,-57.682
14252,22.567,-64.262
14253,38.119,-67.701
14254,47.848,103.98
14255,-45.149,-65.844
14256,-80.682,-3.4667
14257,35.831,-34.018
14258,-73.864,-26.931
14259,66.329,-52.118
14260,52.165,-56.943
14261,-82.98,-40.814
14262,-68.786,-27.705
14263,-28.464,-82.36
14264,83.632,-8.5481
14265,54.496,-52.441
14266,17.142,-61.691
14267,88.328,-29.235
14268,-46.772,-89.364
14269,77.961,-57.182
14270,-46.468,-66.292
14271,43.077,-26.369
14272,-44.188,-71.926
14273,-26.645,-8.3083
14274,18.948,-61.689
14275,-8.5245,-93.545
14276,-43.74,-74.725
14277,-46.398,-66.294
14278,-79.254,-53.569
14279,-66.213,-14.051
14280,39.849,-88.485
14281,-88.685,-41.07
14282,29.735,-15.816
14283,-40.235,-58.605
14284,16.622,-61.734
14285,73.583,-57.107
14286,-59.101,16.779
14287,73.979,-4.1862
14288,-90.043,-2.1317
14289,-15.458,-21.893
14290,-46.443,-43.202
14291,-39.836,-42.363
14292,13.09,17.182
14293,86.305,-10.881
14294,90.425,-26.057
14295,-71.909,-44.275
14296,-51.605,-80.397
14297,-84.53,-6.0265
14298,31.517,-93.097
14299,-74.331,-0.6152
14300,-3.7317,-20.925
14301,2.4678,-50.226
14302,-39.102,-54.046
14303,-25.786,-40.313
14304,-68.652,12.999
14305,41.781,-45.536
14306,79.404,-47.03
14307,19.003,-54.397
14308,41.939,-66.26
14309,-78.942,-52.583
14310,22.954,-25.194
14311,-41.521,-41.09
14312,-10.421,-44.009
14313,-38.772,-46.452
14314,-7.4468,7.0767
14315,-23.949,-61.1
14316,-95.198,-31.845
14317,14.302,17.492
14318,-96.486,-15.713
14319,59.48,-62.884
14320,-44.392,-88.425
14321,45.657,8.2985
14322,-43.755,-72.384
14323,-40.31,-53.12
14324,7.4398,11.694
14325,82.749,-48.751
14326,-25.659,-104.62
14327,-43.388,-70.249
14328,-52.884,-47.255
14329,-43.212,-67.523
14330,-2.7289,-33.779
14331,-82.254,-6.9999
14332,46.95,-83.113
14333,-21.507,-43.747
14334,57.955,-40.744
14335,-87.823,7.9422
14336,-32.006,-75.522
14337,-28.644,-42.208
14338,6.4857,19.32
14339,-85.969,14.789
14340,53.358,-33.117
14341,-53.322,-45.745
14342,-2.2292,-45.548
14343,91.757,-66.521
14344,52.227,-77.11
14345,57.294,-48.48
14346,36.783,-34.449
14347,34.99,-62.45
14348,-40.52,-59.136
14349,58.487,-32.194
14350,-92.396,-0.75482
14351,-40.09,-53.634
14352,-14.214,-0.25722
14353,65.49,-41.531
14354,86.213,-35.7
14355,26.054,-86.962
14356,95.628,-51.037
14357,-38.517,-46.555
14358,-70.727,1.5093
14359,15.11,13.402
14360,38.56,-34.644
14361,39.205,-33.697
14362,-43.164,5.3609
14363,-75.132,-9.6244
14364,66.544,-23.996
14365,9.2443,17.723
14366,-68.296,-0.24765
14367,-35.564,-63.277
14368,-41.247,-67.757
14369,103.33,-54.31
14370,-50.282,-51.429
14371,22.022,-55.676
14372,58.066,-23.393
14373,-32.876,-92.585
14374,-28.882,-47.474
14375,-41.586,-64.287
14376,-65.725,-37.413
14377,-72.912,-75.267
14378,71.315,-56.876
14379,-70.523,-75.1
14380,-41.638,-61.396
14381,-56.682,-85.829
14382,-10.673,63.993
14383,-75.621,-1.6256
14384,-36.6,-46.11
14385,-36.787,-42.379
14386,-20.287,-4.5302
14387,24.953,-90.465
14388,75.27,-45.309
14389,27.119,-79.796
14390,37.99,-22.071
14391,42.745,-69.804
14392,-83.108,-28.688
14393,10.755,-90.919
14394,-27.898,-46.872
14395,-38.58,-76.091
14396,-40.377,-44.152
14397,-32.92,-48.723
14398,-5.0277,-0.88064
14399,13.492,-64.14
14400,-63.995,-43.08
14401,-87.358,2.631
14402,-29.955,-95.714
14403,-4.5914,-48.559
14404,-86.143,-0.96382
14405,-58.119,2.3233
14406,-44.144,-33.668
14407,-6.133,-46.954
14408,-68.327,-79.284
14409,-96.234,53.105
14410,-64.282,-4.2314
14411,-41.44,-65.449
14412,11.039,-58.198
14413,-39.9,-14.926
14414,-77.57,9.367
14415,48.542,-46.361
14416,-49.348,-50.51
14417,-36.395,-5.6299
14418,-30.436,-44.925
14419,-76.179,-22.383
14420,-35.844,-43.471
14421,-6.9734,61.072
14422,-83.961,-12.539
14423,54.443,-87.535
14424,-85.78,15.1
14425,-77.571,1.2182
14426,-89.358,5.3084
14427,-34.002,-40.067
14428,-23.305,34.782
14429,0.98612,-29.962
14430,-30.094,-70.129
14431,-85.083,2.6317
14432,62.924,-42.146
14433,37.634,-33.757
14434,-28.936,-93.34
14435,-39.137,-71.805
14436,-26.645,-42.004
14437,-94.456,15.66
14438,-24.985,-41.094
14439,-43.273,-45.931
14440,82.597,-44.339
14441,5.4178,8.9143
14442,30.517,4.2281
14443,49.768,-82.603
14444,56.392,-56.762
14445,47.245,-82.068
14446,31.933,-70.158
14447,-69.27,-13.873
14448,57.842,18.243
14449,35.318,-88.632
14450,-3.6815,-19.576
14451,1.5781,-26.506
14452,-10.489,-93.92
14453,-74.14,-1.0583
14454,-90.958,-8.7649
14455,-39.505,-42.228
14456,-39.133,-53.754
14457,-43.935,-52.838
14458,-76.307,6.5563
14459,-20.207,-107.73
14460,-51.226,-48.829
14461,95.973,-56.752
14462,-8.6892,9.0446
14463,2.8479,-54.625
14464,11.245,-71.173
14465,9.7082,13.487
14466,13.21,17.581
14467,39.473,-62.996
14468,-42.854,-42.185
14469,-41.929,-52.73
14470,-44.529,-43.877
14471,-37.345,-42.336
14472,-38.565,-77.183
14473,-16.812,-3.397
14474,-39.188,-42.654
14475,-40.082,-68.19
14476,-41.354,-52.625
14477,6.5464,-32.882
14478,13.685,-56.62
14479,-72.155,-43.949
14480,-81.004,-38.82
14481,-94.869,21.928
14482,-43.069,-73.417
14483,-43.825,-52.167
14484,47.834,-19.077
14485,44.715,-74.725
14486,-33.138,-5.857
14487,-53.545,-40.728
14488,-30.73,-39.93
14489,-95.513,1.3023
14490,17.199,50.558
14491,-42.043,-71.8
14492,65.007,-41.932
14493,-71.811,-27.6
14494,73.054,-55.649
14495,68.024,-60.874
14496,-40.106,-51.77
14497,47.55,103.16
14498,-56.176,27.784
14499,-29.754,-49.272
14500,-32.6,-94.872
14501,-50.786,-31.819
14502,3.5486,-38.7
14503,-72.373,-44.19
14504,-20.693,-41.932
14505,-35.853,-62.253
14506,-74.865,15.41
14507,-37.362,-44.22
14508,7.2032,-82.458
14509,12.298,9.7606
14510,70.648,-52.974
14511,24.824,-63.453
14512,-31.738,-57.793
14513,71.633,-9.2221
14514,55.811,-31.439
14515,-44.982,-42.831
14516,-95.732,5.5551
14517,-39.618,-46.157
14518,-66.664,-14.708
14519,-88.635,-10.829
14520,4.0485,-56.571
14521,91.058,-30.949
14522,-43.646,-70.232
14523,-94.187,-32.676
14524,25.068,-94.026
14525,19.386,-69.284
14526,-42.496,-42.23
14527,-81.868,-0.35479
14528,-36.35,-65.087
14529,92.852,-52.866
14530,-54.664,-46.463
14531,-16.709,-40.866
14532,52.014,-32.12
14533,59.277,-34.353
14534,-69.446,-5.1016
14535,-53.351,-47.34
14536,7.3665,-31.465
14537,-74.288,-0.75125
14538,-65.48,-38.562
14539,-99.258,1.5847
14540,-67.771,-68.016
14541,-40.521,-42.474
14542,-29.605,-44.879
14543,-73.487,18.679
14544,76.075,-45.234
14545,51.437,-76.666
14546,-42.55,-52.924
14547,-84.476,-15.773
14548,-22.756,-31.418
14549,19.161,-19.552
14550,-38.401,-43.343
14551,20.57,-25.402
14552,-89.65,-1.7581
14553,-24.33,12.152
14554,64.321,-41.422
14555,-31.345,-51.792
14556,28.725,-79.839
14557,-64.524,-37.594
14558,-42.518,-53.239
14559,-55.184,-69.159
14560,-35.682,-42.641
14561,-42.928,-42.178
14562,-46.949,-50.543
14563,-7.7067,-37.252
14564,16.684,-69.756
14565,66.872,-55.423
14566,46.178,-67.511
14567,-44.713,-42.045
14568,-45.543,-42.084
14569,-43.444,-71.492
14570,-68.835,-6.5536
14571,-90.359,-1.6268
14572,-53.598,-77.532
14573,-45.979,-41.695
14574,1.9191,8.0924
14575,-47.942,-69.132
14576,-38.666,-52.554
14577,-40.99,-51.082
14578,57.372,-29.73
14579,-42.253,-46.27
14580,42.636,-74.381
14581,-64.174,8.8528
14582,-59.012,19.915
14583,106.21,-52.861
14584,105.06,-55.088
14585,26.369,-63.842
14586,36.005,-5.4865
14587,-21.719,9.6025
14588,-65.485,2.1839
14589,-83.976,-16.383
14590,-10.167,-3.5604
14591,9.8817,14.819
14592,36.835,-9.5523
14593,-44.768,-86.109
14594,95.578,-51.373
14595,-36.712,-78.689
14596,-72.954,1.5092
14597,54.394,-72.61
14598,78.63,-8.3741
14599,88.373,-20.932
14600,-93.503,-1.2503
14601,-72.786,-31.33
14602,19.13,-21.512
14603,-67.019,-78.477
14604,-74.323,-54.056
14605,-72.854,13.868
14606,-39.307,-52.467
14607,24.55,-19.896
14608,65.426,-21.822
14609,62.078,-63.277
14610,53.421,-6.6608
14611,-63.799,15.527
14612,62.288,-27.319
14613,-68.329,-13.974
14614,-83.341,-25.885
14615,-80.55,-7.2821
14616,-78.878,-56.899
14617,49.872,-25.841
14618,-47.485,-88.653
14619,67.928,-61.002
14620,-25.963,-40.328
14621,-34.444,-40.268
14622,-38.359,-54.043
14623,7.7613,10.678
14624,-55.648,-39.892
14625,-87.867,-1.2808
14626,92.711,-66.466
14627,0.70001,-58.285
14628,-75.003,0.8364
14629,-42.262,-47.953
14630,-36.993,-64.483
14631,109.21,-43.714
14632,77.038,-75.475
14633,-73.625,1.5241
14634,-31.85,-74.345
14635,-39.13,-74.565
14636,68.766,-19.345
14637,-38.634,-73.39
14638,-83.321,1.6983
14639,-82.302,-28.591
14640,-25.831,-40.297
14641,-27.348,0.62391
14642,60.924,-72.169
14643,95.08,-23.808
14644,-3.4117,-87.529
14645,108.45,-44.004
14646,-99.661,5.7601
14647,-95.462,1.7229
14648,-53.98,7.9782
14649,-76.146,5.1783
14650,-40.14,-68.354
14651,-85.115,-3.752
14652,-13.702,-41.03
14653,-57.375,8.2746
14654,21.461,-67.884
14655,69.96,-61.079
14656,-17.825,-35.396
14657,-72.184,-2.922
14658,-42.211,-42.356
14659,64.602,-27.473
14660,-39.443,-53.717
14661,-100.79,-30.488
14662,-81.672,-12.951
14663,-37.202,-46.163
14664,27.693,-27.456
14665,-29.205,-41.977
14666,58.669,13.36
14667,90.919,-22.598
14668,-6.6774,-81.266
14669,-43.933,-71.911
14670,-10.307,-9.7875
14671,15.844,-23.334
14672,-72.984,14.678
14673,-87.632,-55.17
14674,95.939,-54.992
14675,63.304,-37.994
14676,-89.916,-50.721
14677,48.353,-86.024
14678,-38.258,-51.842
14679,-80.906,-9.4994
14680,40.668,-91.728
14681,-41.148,-42.377
14682,-21.015,-40.948
14683,-46.656,-51.115
14684,53.978,-31.871
14685,-36.773,-65.112
14686,77.493,-56.442
14687,39.152,-34.486
14688,-89.446,45.088
14689,-42.843,-50.465
14690,-43.105,-46.21
14691,87.458,-11.622
14692,-45.744,-89.276
14693,-95.677,25.278
14694,-24.581,10.755
14695,-65.757,-37.595
14696,-64.174,-3.5302
14697,-32.383,-68.463
14698,-80.181,-6.7849
14699,-85.193,-5.5944
14700,-39.836,-53.775
14701,-81.172,-12.474
14702,-30.404,-69.307
14703,-42.603,-50.283
14704,66.617,87.079
14705,58.969,-30.93
14706,-28.93,-62.922
14707,-39.566,-59.314
14708,-83.649,-13.305
14709,-44.23,-73.168
14710,-88.415,-9.8246
14711,-7.4524,-34.587
14712,71.817,-10.729
14713,-88.935,-41.901
14714,-14.857,-52.391
14715,87.908,-14.911
14716,-13.535,-2.5256
14717,-76.826,-21.269
14718,-3.1079,-87.066
14719,-41.019,-60.296
14720,4.1058,-18.164
14721,-85.856,-22.069
14722,3.461,-26.642
14723,90.918,-26.678
14724,76.023,-49.449
14725,29.066,-21.541
14726,-26.299,-57.26
14727,19.194,-21.994
14728,11.848,14.207
14729,53.324,-41.262
14730,59.78,-57.698
14731,39.961,-82.602
14732,59.091,-23.743
14733,-32.492,-94.55
14734,86.384,-35.156
14735,49.874,14.946
14736,-73.693,-1.2745
14737,-68.226,-53.213
14738,-33.469,-65.261
14739,53.786,-31.899
14740,72.622,-46.101
14741,-12.631,18.769
14742,65.881,8.1176
14743,-94.592,53.335
14744,25.406,-84.937
14745,-46.984,-59.787
14746,-43.122,-52.576
14747,-41.802,-63.493
14748,-94.944,10.253
14749,55.88,-62.555
14750,-1.4306,-57.514
14751,84.734,-4.1209
14752,44.382,-84.179
14753,-9.1129,-40.224
14754,21.507,40.93
14755,32.521,-30.24
14756,-20.522,-107.07
14757,-46.588,-41.802
14758,-94.467,-32.53
14759,94.962,-42.204
14760,-35.183,-47.492
14761,-45.555,-76.325
14762,-14.396,-93.756
14763,-43.358,-70.11
14764,-12.586,16.731
14765,-42.03,-49.723
14766,-52.791,-47.023
14767,-73.581,9.3251
14768,-2.7716,-60.194
14769,0.46343,-88.765
14770,-39.083,-64.855
14771,21.137,-24.648
14772,-29.28,-30.878
14773,-70.544,-11.967
14774,-20.21,-107.73
14775,-75.811,-12.561
14776,-72.192,-22.477
14777,62.439,-9.486
14778,-94.947,19.089
14779,-26.384,-31.359
14780,-28.251,-100.35
14781,-103.65,16.64
14782,-14.022,-10.537
14783,-40.472,-44.604
14784,65.94,-59.651
14785,28.137,33.14
14786,80.637,-3.5497
14787,59.62,-26.578
14788,-18.673,-60.362
14789,69.188,-29.802
14790,101.84,-48.808
14791,-81.14,2.2446
14792,-53.47,-86.921
14793,-46.06,-67.182
14794,-33.369,-49.024
14795,65.571,8.1572
14796,-69.324,-11.575
14797,106.69,10.297
14798,-44.003,-52.677
14799,80.306,-2.8739
14800,-13.503,-43.428
14801,-15.047,-25.929
14802,-95.437,1.5818
14803,40.253,-82.234
14804,-46.793,-71.956
14805,-80.854,-39.74
14806,22.122,-17.934
14807,-41.511,-54.889
14808,-20.888,6.7945
14809,-32.093,-92.449
14810,-15.669,-44.335
14811,-35.07,63.562
14812,-90.072,-8.4903
14813,4.1867,-26.787
14814,-77.653,9.6476
14815,44.957,-22.436
14816,-21.401,-55.807
14817,-33.3,-46.293
14818,-39.225,-42.529
14819,-81.271,0.80772
14820,-79.233,-54.344
14821,-25.802,-42.757
14822,-64.545,-4.4724
14823,12.539,13.223
14824,-44.101,-36.781
14825,88.506,-26.734
14826,-39.116,-53.786
14827,-25.293,-79.586
14828,-18.928,-78.432
14829,-23.866,-75.455
14830,-66.54,12.515
14831,-30.035,88.486
14832,64.159,-51.539
14833,71.619,-55.11
14834,50.558,-66.947
14835,65.68,-24.011
14836,-32.238,-76.441
14837,-28.684,-59.94
14838,-32.584,-92.892
14839,15.878,10.569
14840,-85.312,-0.82688
14841,56.13,-80.137
14842,48.732,-24.741
14843,30.569,-21.317
14844,58.366,-24.878
14845,-28.567,-46.765
14846,-74.344,-47.478
14847,58.863,-24.366
14848,-36.677,-64.958
14849,-74,2.931
14850,-37.319,21.562
14851,84.641,-4.2632
14852,38.906,-91.138
14853,-38.924,-63.847
14854,-12.454,-80.794
14855,1.6812,-58.215
14856,-69.943,-4.135
14857,-95.609,54.433
14858,-79.936,-50.78
14859,-53.155,-47.455
14860,-90.699,2.9215
14861,48.353,-69.078
14862,-21.827,-15.454
14863,0.59543,-43.903
14864,-68.6,-13.593
14865,66.617,87.078
14866,-74.264,-12.808
14867,56.756,-69.602
14868,8.808,-56.15
14869,55.784,-53.463
14870,-18.239,-35.099
14871,-102.4,12.203
14872,95.768,-59.588
14873,-41.086,-60.538
14874,-16.925,-4.2285
14875,-75.63,5.8002
14876,-33.221,-73.202
14877,-19.89,-28.386
14878,46.434,-68.917
14879,91.248,-27.434
14880,41.894,-74.631
14881,-43.235,-67.084
14882,28.244,33.959
14883,-35.429,-62.727
14884,-19.704,-37.754
14885,66.715,-17.354
14886,32.438,-21.581
14887,-22.615,-46.597
14888,-4.081,-20.59
14889,-72.359,1.3865
14890,5.2673,-33.069
14891,-13.538,-25.696
14892,103.79,-50.075
14893,-32.825,-86.648
14894,-64.97,-4.3865
14895,-72.495,-30.236
14896,-73.764,-10.998
14897,4.2175,22.506
14898,53.356,4.5968
14899,-22.111,-41.515
14900,4.4323,-42.548
14901,-51,-83.34
14902,-45.445,-65.593
14903,-85.308,-26.272
14904,66.151,7.9153
14905,-35.229,-62.67
14906,80.526,-50.228
14907,-1.823,-82.518
14908,-44.717,-64.611
14909,-95.867,4.1329
14910,-79.615,-6.887
14911,-65.131,-4.8219
14912,64.172,-30.749
14913,64.612,-30.646
14914,-80.065,-5.5506
14915,39.703,-91.435
14916,-83.75,21.743
14917,-80.911,9.8511
14918,-10.762,-41.367
14919,-32.693,-70.925
14920,-32.519,-54.435
14921,-45.388,-86.987
14922,-28.619,-90.111
14923,-25.16,-95.357
14924,-69.057,-3.7497
14925,-53.98,-56.552
14926,77.627,39.576
14927,-74.744,-74.13
14928,-38.726,-93
14929,-58.44,-81.379
14930,35.513,-62.784
14931,47.962,-82.691
14932,92.178,-23.798
14933,-6.691,-1.7692
14934,54.3,-26.172
14935,71.049,-19.698
14936,-14.331,-44.128
14937,-35.939,65.272
14938,-43.021,-49.212
14939,58.152,-28.608
14940,44.743,-74.301
14941,36.486,18.687
14942,50.972,17.474
14943,57.345,-69.762
14944,52.477,34.22
14945,-27.868,-40.7
14946,-70.607,-13.981
14947,-38.485,-57.902
14948,-31.098,-53.544
14949,-42.65,-45.883
14950,-51.167,-48.828
14951,-79.149,-55.369
14952,14.887,12.026
14953,87.31,-36.513
14954,-93.31,1.7434
14955,-41.858,-63.964
14956,-5.9528,-88.386
14957,-28.937,-93.334
14958,-43.588,4.9028
14959,-115.63,13.251
14960,-70.42,2.4108
14961,-42.554,-61.884
14962,-27.608,-40.011
14963,-37.155,-64.859
14964,-98.718,6.8262
14965,90.111,-22.178
14966,108.47,-43.818
14967,-45.338,-71.807
14968,-95.261,3.9315
14969,-38.263,-73.847
14970,10.227,15.287
14971,107.21,-46.89
14972,-33.892,-53.738
14973,46.237,55.076
14974,57.621,-25.34
14975,-85.155,-4.2856
14976,59.343,-52.14
14977,31.444,-16.779
14978,53.162,-84.874
14979,13.565,18.941
14980,86.631,-15.01
14981,-4.2802,-103.21
14982,84.059,-19.844
14983,-67.836,20.731
14984,-41.957,-61.403
14985,-38.485,-68.586
14986,-41.646,-67.44
14987,-22.076,-40.602
14988,60.145,-70.991
14989,68.202,-12.963
14990,18.236,-65.159
14991,59.03,-26.342
14992,42.065,-21.927
14993,69.205,-25.831
14994,82.807,-3.5855
14995,-45.71,-41.939
14996,17.078,-21.972
14997,-14.546,-40.353
14998,86.133,-39.127
14999,68.771,-61.178
15000,54.914,-54.104
15001,32.707,-64.669
15002,-55.398,-82.679
15003,-73.207,13.344
15004,-95.534,3.3102
15005,-33.585,-46.599
15006,-46.207,-66.363
15007,-10.538,-40.761
15008,24.304,-88.233
15009,-13.011,16.404
15010,51.916,-32.413
15011,-38.545,-46.836
15012,-53.461,8.6696
15013,-76.252,15.851
15014,4.7893,-59.559
15015,-75.019,-16.628
15016,-44.522,-42.058
15017,-27.922,-100.24
15018,-82.291,1.2849
15019,-2.5425,-46.689
15020,48.007,18.576
15021,29.439,-92.194
15022,-65.405,16.699
15023,60.567,-24.104
15024,-5.0561,-22.096
15025,81.851,-44.063
15026,-99.414,-12.598
15027,-103.49,16.436
15028,-7.9984,-36.454
15029,78.462,-46.483
15030,-26.314,-8.8829
15031,-33.631,-22.516
15032,-19.26,-76.051
15033,64.622,-41.343
15034,-44.183,-74.232
15035,-23.642,-33.109
15036,78.707,-8.6831
15037,89.248,-15.631
15038,80.33,-42.727
15039,42.859,-75.228
15040,35.109,-19.738
15041,-25.715,-40.352
15042,-66.879,9.846
15043,-11.347,-43.619
15044,-43.82,-72.326
15045,-77.748,4.705
15046,-87.383,7.2908
15047,-47.801,-24.241
15048,64.564,-27.718
15049,-10.416,-8.3014
15050,85.155,-31.292
15051,-23.504,-70.976
15052,7.2468,5.072
15053,-32.537,-69.974
15054,-74.005,-20.389
15055,49.379,-0.33148
15056,67.807,25.47
15057,-94.587,4.192
15058,85.811,-6.6428
15059,82.844,-2.0238
15060,-15.37,-41.461
15061,-76.537,13.819
15062,-18.068,-42.341
15063,32.17,-29.235
15064,70.556,1.5678
15065,-80.87,1.6803
15066,-69.715,-4.5174
15067,-31.76,-71.272
15068,75.524,-44.031
15069,-68.591,-4.979
15070,-31.306,-68.442
15071,-53.163,-1.3728
15072,-22.586,-46.537
15073,86.792,-11.49
15074,17.49,7.9847
15075,87.241,-38.525
15076,-34.009,-63.604
15077,-6.4219,-88.466
15078,-38.973,-75.567
15079,-34.385,-14.414
15080,79.947,-24.722
15081,-100.23,11.276
15082,4.7305,-62.295
15083,79.824,-54.896
15084,-43.308,-70.279
15085,-43.138,-85.542
15086,96.79,-62.654
15087,-42.839,-64.961
15088,-80.367,1.0138
15089,-72.164,7.223
15090,-82.161,-11.776
15091,41.13,-10.384
15092,9.2949,24.909
15093,73.036,-55.352
15094,53.241,-64.387
15095,-95.417,3.6991
15096,-96.118,4.5465
15097,-27.579,-40.018
15098,31.742,-53.084
15099,58.509,-56.153
15100,38.12,-14.785
15101,-24.023,7.0139
15102,63.425,-38.665
15103,18.817,-20.752
15104,-89.417,-2.03
15105,-80.664,-9.5387
15106,83.968,-19.968
15107,-38.344,-57.054
15108,59.759,-30.618
15109,-76.164,13.783
15110,104.81,-48.627
15111,4.1268,-56.876
15112,20.898,-68.355
15113,-81.695,1.9261
15114,-31.607,-47.915
15115,-12.856,-45.847
15116,19.139,-25.398
15117,-42.942,-72.809
15118,-44.182,-73.307
15119,61.237,-59.097
15120,80.405,-52.257
15121,57.65,-35.358
15122,97.678,-62.659
15123,-37.676,-57.788
15124,-42.568,-52.03
15125,3.3935,-67.967
15126,-77.397,9.3448
15127,-70.941,3.127
15128,-14.224,-34.333
15129,-103.5,-0.55363
15130,-27.671,-40
15131,32.532,-29.166
15132,81.725,-18.048
15133,74.651,0.18595
15134,61.457,-5.3373
15135,56.154,1.9639
15136,-7.3818,-2.2972
15137,-58.71,18.707
15138,73.409,-49.873
15139,-46.233,-51.39
15140,-4.6663,-45.562
15141,55.916,64.219
15142,70.919,-6.7614
15143,44.912,16.434
15144,-46.789,-64.477
15145,63.51,11.703
15146,70.659,-34.849
15147,-34.245,-79.977
15148,-29.097,-95.444
15149,-36.52,-65.179
15150,-16.792,-0.64462
15151,71.073,-38.206
15152,-80.721,-12.467
15153,-44.48,-36.261
15154,-0.7567,-45.357
15155,68.25,28.478
15156,46.254,10.48
15157,106.44,-46.864
15158,-44.246,-51.265
15159,-86.042,-41.623
15160,64.528,9.2233
15161,-38.809,-92.512
15162,-31.557,-73.173
15163,-41.984,-64
15164,59.787,-75.844
15165,85.095,7.8737
15166,-34.155,-0.88372
15167,35.165,-34.243
15168,11.571,15.193
15169,-90.709,5.1048
15170,-79.66,-3.6469
15171,-91.719,-1.3203
15172,-96.926,11.64
15173,-30.947,-8.6627
15174,-85.157,-6.3927
15175,-85.317,-12.544
15176,-52.075,-1.6652
15177,-33.373,-46.304
15178,30.8,-43
15179,43.802,-46.71
15180,61.74,-54.64
15181,53.326,-64.282
15182,-35.807,64.32
15183,70.746,-14.577
15184,-41.706,-61.321
15185,-81.516,-29.849
15186,-64.046,-3.3402
15187,-74.013,-21.738
15188,58.579,-29.841
15189,-92.366,1.0792
15190,99.455,41.42
15191,14.803,7.21
15192,65.998,-18.455
15193,-3.7705,-43.01
15194,26.966,32.867
15195,-72.24,12.605
15196,7.4679,7.35
15197,-96.052,5.9327
15198,107.8,-45.487
15199,-92.173,8.1209
15200,70.551,-50.34
15201,-75.469,5.8263
15202,-28.566,-8.1268
15203,64.329,-29.65
15204,32.827,-29.25
15205,57.951,-68.229
15206,21.571,-48.541
15207,-41.151,-42.891
15208,-12.606,-37.984
15209,-12.783,-41.497
15210,-70.542,-5.7641
15211,-89.436,-51.214
15212,-96.724,-3.4357
15213,-43.189,-42.155
15214,-37.46,-42.471
15215,47.16,-36.321
15216,-100.7,-30.457
15217,-30.165,-96.776
15218,38.442,-20.741
15219,65.615,-64.297
15220,15.283,6.4085
15221,-45.872,-59.012
15222,-32.497,-54.78
15223,-40.98,-43.945
15224,107.07,-49.271
15225,46.512,-79.564
15226,-35.111,-45.091
15227,-13.65,15.272
15228,-86.129,-1.4836
15229,-70.272,-69.321
15230,-53.65,-77.023
15231,-89.172,-3.5636
15232,87.485,-13.483
15233,28.811,-90.845
15234,-1.4347,-60.14
15235,-79.857,4.9258
15236,-13.598,-38.85
15237,-34.634,-50.16
15238,52.091,-84.155
15239,-45.027,-34.607
15240,-82.956,-40.751
15241,-82.758,1.4276
15242,-31.795,-76.615
15243,-42.101,-72.822
15244,-80.118,-5.5378
15245,15.026,-70.631
15246,59.869,-52.506
15247,48.306,-21.067
15248,-43.912,-72.01
15249,-56.722,-67.654
15250,-35.406,-63.015
15251,-31.734,-74.997
15252,-43.094,-49.646
15253,-13.262,-41.109
15254,87.101,-21.492
15255,2.6699,-65.785
15256,-88.936,-41.902
15257,-51.146,-86.672
15258,67.056,-28.792
15259,-90.44,23.268
15260,-84.584,-14.718
15261,-67.395,0.96318
15262,14.235,15.994
15263,-12.71,18.662
15264,58.159,-12.162
15265,88.936,-26.309
15266,-14.763,-3.7006
15267,38.352,12.66
15268,79.776,-43.493
15269,84.303,-4.1807
15270,-25.745,-43.548
15271,-41.638,-60.92
15272,24.378,-87.063
15273,77.929,-58.186
15274,-24.521,-103.76
15275,61.832,8.1611
15276,-45.021,-64.876
15277,-33.965,-72.107
15278,-47.397,-70.016
15279,-24.965,-32.888
15280,-9.0201,-35.313
15281,-10.783,-63.295
15282,-28.709,35.417
15283,-52.707,-86.907
15284,-32.881,-48.522
15285,-31.773,-71.173
15286,-85.172,-5.8317
15287,-35.555,-55.895
15288,3.7717,-53.588
15289,34.949,-54.101
15290,-76.754,8.8221
15291,-40.894,-57.096
15292,-47.089,-43.098
15293,57.301,-1.3942
15294,58.553,-34.168
15295,57.507,-20.127
15296,-35.642,-5.5578
15297,64.018,8.8293
15298,-67.908,1.6087
15299,-31.346,-39.918
15300,3.5721,39.528
15301,56.065,-51.987
15302,34.636,-67.977
15303,-101.61,11.848
15304,-32.312,-45.33
15305,-72.435,-10.656
15306,73.408,-43.164
15307,52.232,-49.205
15308,64.178,-53.301
15309,101.96,-48.638
15310,-54.416,-84.658
15311,-67.368,9.1564
15312,-28.284,-88.119
15313,-42.722,-46.248
15314,100.14,-66.266
15315,88.808,-43.532
15316,33.648,-34.312
15317,-67.308,-37.828
15318,-80.941,-0.91729
15319,-85.597,14.595
15320,9.4263,-58.102
15321,106.73,-46.038
15322,-80.428,-6.4136
15323,-33.148,-47.717
15324,107,-46.092
15325,103.91,-51.531
15326,59.308,4.7055
15327,-65.216,12.191
15328,-80.497,-4.8792
15329,-32.994,-78.86
15330,-30.833,-95.598
15331,-82.712,0.66159
15332,-39.791,-42.876
15333,-28.901,-47.203
15334,-2.7187,-85.717
15335,81.314,-42.49
15336,48.37,-60.564
15337,32.201,-17.869
15338,107.17,-50.266
15339,44.586,-73.084
15340,91.258,-24.97
15341,-67.828,-2.2654
15342,-41.791,-63.037
15343,-32.794,-49.318
15344,-90.521,-3.33
15345,-23.052,-41.223
15346,-42.089,-63.983
15347,-86.386,7.8943
15348,33.937,-65.293
15349,-44.164,-73.29
15350,96.616,44.765
15351,-43.126,-66.314
15352,22.084,60.328
15353,-99.408,20.172
15354,-36.629,-42.639
15355,62.068,-26.963
15356,-35.482,-50.34
15357,-88.936,-41.903
15358,-66.059,-1.3921
15359,66.965,-57.95
15360,-7.7037,-42.524
15361,84.433,-38.775
15362,-1.3149,-65.455
15363,-74.608,-21.124
15364,-28.82,-47.334
15365,24.414,-84.449
15366,-92.794,-0.63599
15367,-27.765,-100.76
15368,49.977,-83.926
15369,47.052,-5.6558
15370,-13.862,14.208
15371,-99.46,28.844
15372,-44.067,-63.805
15373,-26.451,-100.12
15374,-65.623,17.878
15375,-21.286,-40.965
15376,-75.395,16.982
15377,42.977,-26.442
15378,-33.715,-46.296
15379,-3.4744,-87.511
15380,58.828,27.713
15381,55.076,-80.294
15382,0.39773,34.662
15383,9.3489,5.4194
15384,40.105,-85.8
15385,4.6542,-30.509
15386,-46.131,-66.059
15387,-95.638,9.8319
15388,-12.719,-93.295
15389,-95.609,54.433
15390,-35.515,-55.147
15391,82.867,-47.568
15392,86.919,-26.192
15393,85.144,-32.272
15394,57.493,-20.092
15395,-46.461,-50.847
15396,-75.015,3.0532
15397,-40.016,-47.892
15398,-84.853,0.20198
15399,77.733,-57.109
15400,-47.042,-41.7
15401,57.495,-28.389
15402,66.295,-26.522
15403,-37.13,-55.758
15404,19.474,13.719
15405,5.8298,51.751
15406,-33.599,-49.162
15407,-35.186,-62.329
15408,26.483,-22.896
15409,22.641,-86.955
15410,-4.5421,-102.24
15411,98.918,-63.825
15412,-5.0741,-45.49
15413,69.164,-25.479
15414,-34.739,-54.874
15415,38.25,-18.396
15416,-33.753,-38.446
15417,-55.644,8.9343
15418,-35.692,-49.06
15419,-37.005,-56.208
15420,82.342,-46.269
15421,-50.059,-68.513
15422,-91.149,2.0128
15423,-35.438,-67.24
15424,-70.857,1.9497
15425,6.19,32.259
15426,37.075,-3.8967
15427,2.2964,19.813
15428,7.5188,17.61
15429,-72.089,5.9908
15430,-66.832,7.1233
15431,-42.951,-64.374
15432,-18.085,-34.864
15433,63.284,-19.878
15434,-45.338,-43.394
15435,-36.047,-46.749
15436,-41.947,-58.128
15437,83.934,-11.69
15438,-6.8373,-48.679
15439,5.9574,21.163
15440,2.5655,18.231
15441,-4.8628,-21.767
15442,-70.65,2.7808
15443,-49.387,-50.593
15444,-55.828,7.9435
15445,47.047,0.93595
15446,46.8,-83.868
15447,69.534,-56.058
15448,-38.172,-54.48
15449,-95.217,23.241
15450,59.24,-34.098
15451,73.617,-14.84
15452,-56.492,6.9356
15453,76.171,-45.866
15454,25.839,-44.678
15455,16.645,-79.852
15456,21.979,-55.547
15457,-68.589,-4.5034
15458,-39.665,-59.158
15459,-74.314,6.6661
15460,-42.911,-61.999
15461,-27.899,-44.78
15462,-45.502,-30.017
15463,86.725,-14.253
15464,-17.736,-107.7
15465,63.862,-41.393
15466,63.032,-60.148
15467,83.86,-39.744
15468,82.853,-12.366
15469,15.616,-71.852
15470,32.055,33.985
15471,59.262,-35.318
15472,-20.043,8.1876
15473,-75.182,14.092
15474,-76.161,11.362
15475,-41.876,-61.263
15476,33.192,14.471
15477,-72.155,-43.949
15478,-23.949,-33.194
15479,44.66,3.4042
15480,59.715,-17.397
15481,-43.161,65.8
15482,-31.536,-91.847
15483,-36.716,-53.13
15484,92.536,-66.764
15485,88.677,-25.562
15486,-51.197,-1.824
15487,-71.3,6.5982
15488,-77.039,7.2046
15489,-16.734,-43.488
15490,109.1,-43.942
15491,74.233,-55.083
15492,49.263,-70.793
15493,-42.657,-73.093
15494,-13.748,-44.23
15495,-85.721,4.7355
15496,-89.903,-0.6585
15497,-68.845,-14.706
15498,-14.392,-32.429
15499,-100.99,21.37
15500,-96.4,10.242
15501,52.433,-5.579
15502,4.3296,-61.79
15503,-52.683,-1.5405
15504,-84.938,-6.0102
15505,-32.429,-45.009
15506,63.471,-30.165
15507,109.09,-44.716
15508,-35.721,-55.734
15509,10.837,30.372
15510,27.47,-43.734
15511,55.799,-64.173
15512,-101.83,11.54
15513,-94.829,17.088
15514,-75.61,14.389
15515,56.406,-34.436
15516,-88.936,-41.903
15517,-88.936,-41.903
15518,79.344,-35.173
15519,24.925,-90.247
15520,83.108,-5.3246
15521,105.57,-45.093
15522,72.695,12.562
15523,-34.597,-48.064
15524,33.231,26.289
15525,31.131,22.687
15526,-64.381,-38.032
15527,59.396,-75.866
15528,78.097,-46.116
15529,-49.768,-50.522
15530,1.2607,-39.5
15531,-43.724,-74.234
15532,-82.51,9.0258
15533,74.853,-29.328
15534,-26.094,92.404
15535,96.155,-38.895
15536,0.204,15.366
15537,-70.116,-10.433
15538,-41.277,-54.634
15539,-29.451,-46.013
15540,-3.9824,-85.301
15541,-46.459,-59.081
15542,-4.7336,-45.348
15543,85.71,-25.474
15544,36.293,-95.756
15545,27.359,-44.642
15546,71.793,-54.234
15547,95.091,-23.875
15548,54.113,-55.362
15549,82.227,-41.981
15550,18.104,-78.896
15551,88.46,-40.32
15552,-31.481,-57.848
15553,3.4075,-29.276
15554,84.94,-36.781
15555,83.281,-47.341
15556,-43.916,-71.988
15557,-77.521,6.8324
15558,-90.363,-3.4089
15559,-39.853,-43.939
15560,-79.589,3.4376
15561,55.905,-53.219
15562,39.651,-75.709
15563,-97.311,15.057
15564,35.501,-32.708
15565,59.002,27.572
15566,-73.064,-29.861
15567,-53.444,-59.64
15568,-85.034,-0.29585
15569,-10.288,-35.461
15570,-2.8454,-18.884
15571,-35.61,-68.963
15572,-18.478,-43.583
15573,63.62,-19.745
15574,35.585,-74.411
15575,88.458,-24.854
15576,12.538,8.2622
15577,68.031,-16.076
15578,100.75,-52.936
15579,65.544,-11.192
15580,44.53,-87.974
15581,18.305,-79.223
15582,79.148,-40.777
15583,-34.239,-65.157
15584,-70.415,-6.9126
15585,-30.582,-69.557
15586,-68.333,-4.6228
15587,-36.253,-46.248
15588,56.052,-30.238
15589,-41.405,-68.24
15590,-13.981,14.567
15591,28.385,-90.432
15592,48.148,102.05
15593,-84.377,-12.25
15594,-30.909,-38.803
15595,-33.841,-52.893
15596,-83.684,-0.81703
15597,-28.64,-46.885
15598,104.02,-54.706
15599,86.751,-15.242
15600,-92.139,1.9896
15601,-104.64,27.742
15602,-35.708,-43.075
15603,-37.042,-53.593
15604,56.216,-81.459
15605,-39.549,-65.669
15606,92.932,-65.242
15607,58.035,-29.719
15608,-85.896,-1.1512
15609,104.78,-48.596
15610,30.804,17.152
15611,-3.9306,50.733
15612,92.297,-19.012
15613,90.971,-43.278
15614,-11.998,19.423
15615,-80.255,-5.2946
15616,-30.714,-40.092
15617,-39.031,-42.699
15618,-40.41,-65.174
15619,-48.399,66.753
15620,45.406,-42.906
15621,45.984,-3.1076
15622,-84.853,0.11933
15623,-27.187,-40.166
15624,-87.63,-40.611
15625,52.754,-59.231
15626,30.74,19.837
15627,12.374,-49.093
15628,1.3574,-55.058
15629,-33.237,-49.22
15630,81.863,-44.142
15631,-21.015,6.7567
15632,-73.653,1.0976
15633,-14.335,-7.8518
15634,-69.661,-6.358
15635,-19.575,-42.676
15636,-59.548,1.7922
15637,104.84,-47.964
15638,-11.488,-93.805
15639,-22.905,50.564
15640,3.6794,-59.65
15641,25.816,-68.963
15642,96.152,-39.305
15643,-88.478,9.6635
15644,40.436,-90.92
15645,-32.364,-72.787
15646,-73.277,7.3913
15647,0.35324,-42.788
15648,-39.002,-58.414
15649,2.2575,-50.051
15650,37.931,-68.646
15651,21.649,-35.731
15652,68.131,-29.691
15653,93.652,-40.131
15654,31.383,-67.151
15655,-12.834,18.942
15656,-34.194,-72.974
15657,-81.986,0.74784
15658,-37.569,-45.958
15659,-50.379,-68.76
15660,-41.642,-52.847
15661,-52.251,-79.79
15662,57.542,-18.925
15663,-25.514,-52.633
15664,-88.935,-41.902
15665,66.798,-50.31
15666,-79.814,-9.5882
15667,-32.712,-45.504
15668,89.66,7.1547
15669,-35.024,-44.517
15670,4.7249,62.461
15671,57.526,-24.264
15672,-40.914,-66.703
15673,-96.487,-29.481
15674,48.772,102
15675,17.668,-45.458
15676,20.775,-46.695
15677,-42.385,66.134
15678,49.376,-23.358
15679,86.19,-14.283
15680,54.517,-16.309
15681,-38.119,-77.361
15682,-36.667,-64.322
15683,-29.905,-63.236
15684,25.977,-31.362
15685,53.02,-80.704
15686,79.972,-2.8084
15687,42.045,-73.33
15688,4.9861,-34.12
15689,-97.256,6.4522
15690,86.85,-7.4202
15691,-88.935,-41.903
15692,45.954,-41.385
15693,55.317,-86.229
15694,-78.559,4.2226
15695,-32.266,-93.056
15696,92.902,-52.951
15697,-75.376,-11.526
15698,-26.251,-40.486
15699,-55.459,-39.156
15700,7.861,23.049
15701,52.014,-57.888
15702,-88.255,44.83
15703,64.969,-29.038
15704,-27.55,-45.812
15705,-70.717,-3.103
15706,-20.647,21.709
15707,39.234,-19.836
15708,3.667,-63.556
15709,-68.984,-14.911
15710,-70.567,1.7836
15711,75.279,-5.1469
15712,4.7759,29.938
15713,-52.243,-45.396
15714,-32.265,-93.707
15715,-5.3107,-102.36
15716,-44.712,-71.769
15717,-17.658,14.774
15718,50.723,-4.2003
15719,-37.283,-64.596
15720,-43.504,-43.465
15721,-103.64,28.678
15722,-51.783,1.4626
15723,97.916,-62.58
15724,17.458,-73.818
15725,-13.208,-1.3594
15726,51.919,-32.64
15727,83.793,-35.487
15728,82.922,-44.856
15729,-50.779,61.975
15730,-71.591,-37.625
15731,-40.417,-68.253
15732,-42.704,-65.497
15733,-35.67,-54.597
15734,-104.27,-0.31131
15735,-97.977,-28.688
15736,13.303,17.687
15737,30.57,15.312
15738,29.39,-15.424
15739,45.625,22.925
15740,-87.485,7.5058
15741,-89.389,0.12471
15742,97.631,-58.532
15743,89.971,9.5716
15744,-25.411,12.008
15745,-26.536,-42.004
15746,64.893,6.7164
15747,-104.16,27.887
15748,66.617,87.079
15749,19.196,-68.567
15750,-65.204,2.3065
15751,-95.786,9.8022
15752,-78.427,7.5814
15753,104.53,-49.893
15754,-63.643,-41.965
15755,-84.722,0.34361
15756,25.571,-48.372
15757,30.051,15.512
15758,-5.1651,50.53
15759,54.051,-75.752
15760,32.37,-92.484
15761,-34.24,-48.876
15762,-92.015,-1.473
15763,-76.114,10.723
15764,-4.8968,-31.427
15765,-67.939,-0.89773
15766,-3.4533,-78.044
15767,57.736,-68.642
15768,-93.687,1.1621
15769,-60.536,-73.835
15770,-27.629,-44.569
15771,-51.652,-54.716
15772,14.476,-93.855
15773,-32.907,-53.753
15774,-23.45,7.9392
15775,-17.318,9.4786
15776,56.524,-67.588
15777,-35.834,-62.782
15778,-76.706,9.439
15779,-29.799,-48.398
15780,28.116,-46.466
15781,92.283,-66.945
15782,-21.693,9.7955
15783,-89.317,-7.9407
15784,-36.69,-46.96
15785,21.511,-25.889
15786,-29.251,-48.477
15787,-98.137,7.0065
15788,-81.326,0.57363
15789,-13.002,-16.644
15790,96.759,-62.833
15791,41.653,5.1883
15792,-25.726,21.607
15793,26.186,-97.821
15794,-68.353,-14.262
15795,-25.365,-51.301
15796,-106.34,-10.924
15797,46.914,-1.8047
15798,59.544,-4.4588
15799,33.056,23.495
15800,66.499,-23.102
15801,48.867,-84.56
15802,27.554,12.346
15803,-103.03,7.3767
15804,-36.916,-60.673
15805,107.71,-45.247
15806,50.697,-0.16514
15807,29.77,-96.646
15808,60.46,-29.715
15809,16.116,17.075
15810,-92.716,-2.3335
15811,70.611,-60.605
15812,-40.054,-74.975
15813,-40.159,-54.785
15814,17.107,-41.471
15815,82.204,-12.448
15816,-23.165,6.9833
15817,3.3931,7.1421
15818,-33.783,-40.099
15819,-27.829,-46.36
15820,-84.43,-0.32403
15821,21.04,-25.759
15822,-80.73,-13.297
15823,-42.719,-67.92
15824,107.7,-45.745
15825,96.371,-64.224
15826,-80.559,-4.8772
15827,-4.8465,-102.25
15828,45.146,-65.906
15829,83.431,-13.392
15830,67.421,-61.239
15831,28.29,-93.162
15832,-78.531,-16.281
15833,-41.974,-45.838
15834,75.714,-46.36
15835,-38.198,-44.923
15836,-82.265,-6.9815
15837,51.237,-12.388
15838,41.443,-13.95
15839,15.711,9.1186
15840,-33.95,-94.748
15841,-33.525,-66.85
15842,-87.1,-41.731
15843,-26.622,-42.816
15844,-14.228,-43.704
15845,54.628,-29.928
15846,55.187,-24.043
15847,-41.446,-64.918
15848,90.373,-27.008
15849,22.132,-22.894
15850,-87.733,9.1513
15851,60.283,-27.234
15852,-84.725,-14.884
15853,-39.762,-58.96
15854,-6.5624,-30.839
15855,-50.554,-49.273
15856,-29.359,-43.122
15857,-12.283,-94.572
15858,99.965,-67.732
15859,54.391,-86.242
15860,70.58,-59.891
15861,18.992,-68.716
15862,3.8235,13.471
15863,-54.986,-46.299
15864,-44.147,-73.633
15865,-2.4174,-85.277
15866,-22.924,-43.899
15867,-72.896,7.9948
15868,85.651,-10.749
15869,-26.707,-51.281
15870,20.465,-68.635
15871,-36.962,-54.38
15872,-30.84,-39.522
15873,21.247,-68.357
15874,-17.626,-42.419
15875,-40.868,-24.143
15876,-55.819,-0.18083
15877,16.83,10.526
15878,-50.671,-80.471
15879,56.566,-39.739
15880,-39.018,-53.116
15881,-28.935,-89.627
15882,-83.344,-12.857
15883,64.052,-24.015
15884,-20.667,11.789
15885,101.93,-48.775
15886,3.4639,15.466
15887,55.896,-49.586
15888,8.3437,-61.597
15889,35.857,-30.289
15890,11.346,16.232
15891,64.863,-30.219
15892,-72.743,-23.168
15893,-43.862,-74.375
15894,22.296,-17.903
15895,18.712,-47.442
15896,45.74,-79.811
15897,-35.673,-49.468
15898,-4.6476,-28.322
15899,85.641,-5.6313
15900,4.0602,-32.58
15901,-66.052,-37.422
15902,-97.391,15.436
15903,-78.559,1.0548
15904,-7.5004,-45.862
15905,-1.671,-53.515
15906,-72.467,1.5975
15907,-60.758,28.26
15908,-42.529,-42.236
15909,-22.239,-41.304
15910,37.03,-9.6101
15911,12.536,13.284
15912,-89.83,43.318
15913,65.157,-30.078
15914,-49.138,-88.719
15915,-34.371,-65.195
15916,-29.057,-47.908
15917,-25.452,-40.439
15918,-26.323,-42.351
15919,-90.62,-8.655
15920,86.143,-22.733
15921,30.428,20.429
15922,59.876,-55.061
15923,28.469,15.829
15924,-20.364,9.0438
15925,-39.281,-57.466
15926,19.232,-77.527
15927,11.051,-70.265
15928,-32.42,-95.085
15929,-1.6716,-44.723
15930,-44.603,-51.137
15931,-18.329,-42.458
15932,-43.762,-72.125
15933,-72.933,-31.472
15934,13.847,11.442
15935,86.851,-17.365
15936,92.959,-52.814
15937,18.588,-64.66
15938,82.598,-31.43
15939,58.54,-33.475
15940,-31.83,-95.001
15941,-83.468,-7.7655
15942,-36.314,-55.954
15943,-51.406,-53.855
15944,-49.526,-71.408
15945,14.057,8.2625
15946,4.2162,22.336
15947,44.384,-85.086
15948,21.861,-62.247
15949,-67.326,-0.61447
15950,-34.5,-53.551
15951,-8.4295,12.54
15952,76.993,-59.01
15953,-37.747,-44.5
15954,55.623,-25.325
15955,54.355,-24.813
15956,-69.766,-6.3134
15957,-43.809,-66.648
15958,-13.681,0.68409
15959,54.922,-52.164
15960,1.1042,-78.094
15961,20.425,-84.127
15962,-46.873,-71.27
15963,96.441,-55.141
15964,-86.873,5.1095
15965,-40.554,-52.772
15966,-73.677,-0.32369
15967,41.117,-71.772
15968,33.619,-29.012
15969,-39.275,-0.086289
15970,30.443,-61.818
15971,-34.902,-42.211
15972,-42.632,-73.014
15973,-44.588,-43.289
15974,-60.539,-74.721
15975,-74.685,-23.96
15976,-87.766,1.1064
15977,16.255,13.369
15978,-34.873,-47.762
15979,-22.145,21.624
15980,-67.099,7.2428
15981,-29.21,-48.203
15982,-70.308,-13.313
15983,14.464,-36.012
15984,-103.14,7.3224
15985,-26.508,-44.312
15986,-34.826,-54.243
15987,-83.457,-25.892
15988,30.501,31.136
15989,44.656,-2.7183
15990,52.591,-89.126
15991,48.952,-75.926
15992,-84.88,-5.5284
15993,-44.948,-64.855
15994,-73.693,6.8287
15995,-72.136,-22.217
15996,-22.989,-44.065
15997,92.461,-66.597
15998,11.179,14.164
15999,-81.651,-10.772
16000,-76.772,7.4127
16001,-65.632,-38.348
16002,-36.41,-61.714
16003,-81.549,-39.251
16004,33.017,-21.103
16005,-10.944,-74.458
16006,-11.025,-2.8489
16007,-22.966,-44.32
16008,-69.431,-32.128
16009,60.019,-46.578
16010,34.956,-23.693
16011,-85.301,3.1342
16012,67.202,-19.835
16013,86.638,-15.469
16014,65.113,8.6986
16015,38.45,-52.673
16016,48.528,-50.5
16017,-97.202,9.8853
16018,-35.329,-42.983
16019,-81.753,1.6521
16020,-5.2739,-26.836
16021,100.63,-66.251
16022,79.06,-47.022
16023,23.781,-44.437
16024,34.815,22.359
16025,-61.789,16.684
16026,51.507,-66.289
16027,-17.198,17.036
16028,-39.72,-65.251
16029,107.98,-48.908
16030,-92.639,-9.4747
16031,-32.226,-93.377
16032,-86.754,5.2083
16033,-33.777,-53.35
16034,-54.816,7.356
16035,-38.016,-43.568
16036,-24.073,7.4758
16037,53.727,-19.555
16038,14.823,19.457
16039,-36.68,-56.993
16040,-38.141,-61.104
16041,-43.518,-45.108
16042,-47.005,-71.427
16043,-33.895,-63.947
16044,-34.806,-44.662
16045,-79.203,2.2568
16046,-9.0544,-38.891
16047,2.3495,7.0389
16048,30.037,-24.675
16049,63.585,-29.793
16050,-75.656,5.5353
16051,104.5,-49.779
16052,-26.125,-1.6014
16053,-53.18,-1.2322
16054,77.769,-3.4495
16055,75.701,-34.379
16056,-69.293,-3.6594
16057,-46.583,-42.196
16058,-95.8,1.8619
16059,-2.9929,-46.52
16060,28.721,-39.715
16061,89.42,-16.162
16062,-32.828,-67.199
16063,-70.438,-2.8303
16064,-27.765,-40.137
16065,-34.854,-54.984
16066,-61.934,-86.632
16067,-64.793,-4.1478
16068,29.413,9.6431
16069,51.958,-32.314
16070,51.698,23.31
16071,68.534,-58.823
16072,-41.393,-61.314
16073,-37.731,-53.044
16074,58.176,-35.369
16075,-31.033,-50.515
16076,-96.463,51.728
16077,15.293,-43.236
16078,75.321,-44.52
16079,19.3,-54.232
16080,-74.136,5.9423
16081,-39.704,-52.94
16082,-99.731,11.504
16083,-96.481,10.473
16084,77.87,-52.979
16085,-81.024,-1.2031
16086,-101.27,-30.591
16087,-77.046,12.925
16088,-25.434,-32.792
16089,-33.859,-39.563
16090,62.972,-2.976
16091,44.523,-41.283
16092,-38.585,-55.518
16093,49.456,-85.868
16094,11.905,13.567
16095,-26.466,-43.501
16096,-32.097,-72.722
16097,-50.071,-68.873
16098,-29.261,-56.943
16099,-6.1214,-95.706
16100,-100.83,-42.942
16101,43.358,-69.671
16102,-73.863,-54.012
16103,-84.635,-0.11538
16104,87.313,-38.66
16105,-66.537,-2.6574
16106,-76.103,-23.018
16107,-28.56,-54.317
16108,50.217,-87.863
16109,36.492,-31.557
16110,-30.48,-58.145
16111,-43.197,-69.483
16112,-79.912,4.8912
16113,-6.7135,-30.552
16114,27.441,11.814
16115,-1.7875,10.076
16116,92.277,-25.742
16117,-100.68,7.4195
16118,10.019,14.965
16119,-69.205,-4.3466
16120,-35.751,-43.062
16121,-37.454,-55.061
16122,-31.482,-48.948
16123,-33.93,-48.501
16124,-44.952,-69.065
16125,-72.627,-31.734
16126,-81.898,-10.941
16127,33.277,-16.738
16128,57.821,-3.1463
16129,48.644,32.052
16130,-84.446,-0.68487
16131,-7.7359,1.8809
16132,-95.976,2.0784
16133,-79.757,3.6848
16134,-75.913,11.414
16135,-39.757,-52.95
16136,-2.4308,-20.233
16137,50.269,-66.641
16138,-7.8503,-44.503
16139,-54.838,-69.145
16140,-35.747,-62.735
16141,-28.897,-45.792
16142,-34.05,-63.546
16143,-33.034,-11.45
16144,5.1486,4.8911
16145,58.256,-29.425
16146,51.479,-32.575
16147,32.67,-29.824
16148,13.705,16.232
16149,-73.929,13.903
16150,-8.1192,-36.882
16151,-6.6769,-28.043
16152,-79.51,1.4004
16153,-65.713,7.6922
16154,-85.297,-4.743
16155,2.5274,10.008
16156,58.095,-58.575
16157,-36.578,-46.913
16158,-80.12,0.22427
16159,-34.57,-42.624
16160,-73.928,11.137
16161,-23.755,7.6175
16162,-11.922,13.587
16163,-46.883,35.156
16164,-72.128,6.4728
16165,-68.974,-13.739
16166,-63.732,-33.726
16167,13.593,9.6434
16168,-83.359,3.823
16169,-15.305,14.631
16170,19.751,-25.321
16171,-32.993,-67.774
16172,-28.941,-45.182
16173,-70.899,-15.077
16174,-15.159,-92.748
16175,12.514,8.2014
16176,66.963,-61.484
16177,-70.668,-2.9108
16178,-79.548,0.75701
16179,26.631,-18.585
16180,104.31,-49.223
16181,31.6,-87.398
16182,25.72,31.143
16183,-81.764,-2.7576
16184,26.294,52.247
16185,108.67,-44.056
16186,30.432,-16.173
16187,-13.871,78.953
16188,-88.546,0.94733
16189,-94.463,5.603
16190,-40.727,-56.046
16191,35.909,-29.128
16192,80.821,-23.316
16193,-15.147,-39.165
16194,-41.6,-55.077
16195,-40.839,-58.728
16196,-31.061,-50.853
16197,-35.119,-68.491
16198,-72.193,8.2025
16199,85.428,-46.943
16200,65.403,8.1878
16201,51.715,0.53242
16202,-73.425,7.0406
16203,-12.87,2.1628
16204,76.246,-46.374
16205,11.942,14.217
16206,69.716,-38.856
16207,5.0459,-24.935
16208,104.06,-47.9
16209,17.939,-22.68
16210,-3.8197,-20.676
16211,103.83,-54.337
16212,96.604,-62.779
16213,-99.079,-30.175
16214,42.443,-32.915
16215,82.235,-14.685
16216,-40.843,-67.576
16217,-76.41,4.9781
16218,-101.01,7.9124
16219,3.9707,9.6941
16220,-79.725,5.4273
16221,-85.126,-0.91488
16222,-29.233,-48.271
16223,-26.177,-43.681
16224,-18.143,-44.116
16225,89.974,9.5713
16226,-2.6652,-18.61
16227,12.2,16.752
16228,-0.97216,9.2128
16229,-68.579,-2.6074
16230,64.385,-28.965
16231,46.161,-41.426
16232,-72.095,-3.449
16233,-77.212,11.86
16234,47.819,-82.156
16235,72.445,-1.9273
16236,-11.014,-30.776
16237,44.841,42.211
16238,-12.393,-25.061
16239,89.059,-23.793
16240,-96.132,7.5947
16241,-85.263,-1.0016
16242,3.1132,-62.116
16243,64.153,-29.278
16244,-30.881,-39.583
16245,50.692,-6.5955
16246,47.693,-31.538
16247,-62.297,15.281
16248,101.28,-55.663
16249,54.969,-78.737
16250,77.731,-9.6963
16251,-2.7191,-29.198
16252,-74.686,18.733
16253,-44.592,-71.798
16254,-43.913,-34.805
16255,85.299,-31.247
16256,-101.6,-11.464
16257,-37.17,-59.733
16258,-101.07,11.233
16259,-76.715,-22.736
16260,60.615,-27.893
16261,-21.389,-35.98
16262,-41.784,-53.093
16263,58.045,3.5908
16264,48.672,-71.715
16265,11.919,9.9035
16266,-88.787,-11.04
16267,-29.035,-48.268
16268,-65.681,-4.4929
16269,-41.766,63.301
16270,-33.979,-53.704
16271,-85.877,-2.5188
16272,-25.844,-40.342
16273,-14.957,-94.115
16274,-70.255,-5.8354
16275,69.54,-58.865
16276,7.4472,-62.234
16277,-27.754,-45.681
16278,-8.4101,-35.24
16279,-75.841,4.7856
16280,-104.78,27.273
16281,42.968,13.247
16282,-73.208,-3.7637
16283,-41.998,-48.312
16284,-68.834,-2.7194
16285,-3.3653,-19.817
16286,-31.789,-38.461
16287,57.515,-23.533
16288,11.545,8.4978
16289,-3.4635,-57.337
16290,-97.665,5.5509
16291,-24.033,-53.96
16292,23.037,-15.462
16293,-85.591,1.8015
16294,55.723,-31.378
16295,-2.7338,-18.805
16296,-4.8101,-30.815
16297,100.44,-59.236
16298,100.15,-65.999
16299,-28.537,-74.763
16300,62.454,-44.089
16301,-36.324,-54.586
16302,-71.249,-54.893
16303,-41.794,-45.866
16304,-69.934,-14.347
16305,-30.191,-8.1707
16306,-36.478,-69.439
16307,-34.66,-54.904
16308,105.59,-49.761
16309,49.031,-24.842
16310,-100.57,8.3822
16311,-9.5729,-37.861
16312,-36.495,50.556
16313,64.012,-42.897
16314,-30.704,-68.565
16315,-36.162,-32.541
16316,-52.723,-45.617
16317,28.089,-66.425
16318,58.495,-12.997
16319,-79.839,-9.1967
16320,66.616,87.079
16321,-31.663,-71.747
16322,59.532,-27.533
16323,-10.106,4.4184
16324,-35.463,-47.262
16325,-29.764,-44.773
16326,29.485,-15.137
16327,57.393,-28.777
16328,25.192,-27.847
16329,70.042,-11.939
16330,31.816,3.6794
16331,-23.198,6.6446
16332,57.388,-18.026
16333,-86.797,-1.5064
16334,-40.48,-67.804
16335,-38.929,-75.53
16336,57.993,-57.967
16337,2.9115,-59.677
16338,-41.626,-54.274
16339,-88.736,-1.3886
16340,-64.908,-3.3535
16341,-99.468,8.3192
16342,-7.3532,-50.111
16343,-95.008,1.3948
16344,51.387,-89.527
16345,18.385,5.6043
16346,-39.667,-65.517
16347,-4.1686,-28.949
16348,-61.391,-74.246
16349,-24.144,-37.14
16350,-25.826,11.63
16351,-34.518,-79.15
16352,52.53,-32.11
16353,-34.128,-54.137
16354,-24.009,-37.703
16355,-80.52,-6.2185
16356,-104.98,25.472
16357,49.671,-61.929
16358,33.888,-33.035
16359,-79.655,2.1825
16360,-79.678,-12.187
16361,29.732,-23.373
16362,-12.882,-83.781
16363,-44.251,-51.18
16364,65.574,-46.031
16365,-33.004,-67.244
16366,26.283,-22.966
16367,20.76,-97.586
16368,60.93,-29.304
16369,27.128,33.482
16370,-19.814,-27.567
16371,-5.5645,-46.195
16372,-31.143,-95.87
16373,-62.11,13.091
16374,59.178,-65.025
16375,-45.82,-71.896
16376,-72.42,8.0148
16377,46.289,9.0408
16378,7.1626,-84.471
16379,-0.94744,12.93
16380,-17.675,-37.265
16381,-38.649,-78.204
16382,-30.49,-56.498
16383,-1.4685,-65.273
16384,-68.442,-4.7588
16385,45.264,-79.038
16386,-35.675,-62.917
16387,-31.668,-68.272
16388,-67.051,5.7921
16389,24.683,-58.959
16390,-40.625,-39.887
16391,-66.718,9.9922
16392,-42.644,-72.452
16393,7.8832,-26.231
16394,-51.184,39.998
16395,55.784,-21.141
16396,-41.573,-61.186
16397,60.187,-24.09
16398,21.781,-22.015
16399,-74.94,-24.676
16400,-69.372,-0.82569
16401,-67.437,-37.917
16402,48.536,-66.961
16403,37.678,-53.42
16404,-52.064,64.785
16405,-26.928,-88.932
16406,-37.114,-60.605
16407,-25.029,-42.225
16408,-80.86,-36.593
16409,104.51,-49.155
16410,-85.167,2.8203
16411,-106.82,-9.377
16412,72.294,-57.369
16413,-20.211,-107.73
16414,11.289,30.482
16415,-83.184,2.6173
16416,-75.799,-24.759
16417,-3.5811,-30.372
16418,-5.0312,-40.536
16419,64.868,-29.13
16420,-56.926,-88.531
16421,-82.879,-2.8664
16422,-74.881,3.0258
16423,-74.672,6.149
16424,-86.167,-1.498
16425,-27.08,-16.463
16426,4.2066,-57.08
16427,64.215,-19.495
16428,14.745,14.339
16429,-27.533,-102.04
16430,58.27,-23.881
16431,-50.388,-59.816
16432,-42.965,-73.095
16433,-3.3973,-29.471
16434,-40.775,-57.232
16435,-41.621,-60.772
16436,-98.912,26.248
16437,-95.758,10.633
16438,-82.989,58.897
16439,-88.255,44.83
16440,-20.209,-107.73
16441,93.66,-23.746
16442,56.382,-38.172
16443,-30.559,-48.061
16444,-71.256,-3.5789
16445,57.441,-27.646
16446,-74.002,13.728
16447,-54.408,-2.4989
16448,-26.893,-26.302
16449,-20.09,-25.306
16450,66.618,87.078
16451,62.258,-43.885
16452,-37.908,-50.244
16453,-50.555,-59.96
16454,1.2324,-25.798
16455,-67.415,-2.5561
16456,-35.18,-55.256
16457,-86.471,0.038057
16458,-20.477,-92.977
16459,92.299,-52.108
16460,19.543,-91.032
16461,86.196,-34.963
16462,45.546,-62.463
16463,18.068,-65.53
16464,35.287,-81.444
16465,-82.421,-3.0152
16466,82.544,-13.84
16467,25.163,-84.896
16468,63.937,-28.695
16469,-23.506,-84.289
16470,-44.715,-65.039
16471,-66.306,-21.382
16472,-25.288,-40.564
16473,46.22,-83.046
16474,-80.189,-7.8351
16475,-34.067,-94.107
16476,-68.228,-0.90239
16477,1.3226,63.746
16478,-43.357,-52.321
16479,-74.314,1.5719
16480,-12.694,-17.464
16481,-73.902,14.266
16482,-69.452,-14.566
16483,-57.929,66.449
16484,-26.518,-33.691
16485,-6.9168,-50.9
16486,-83.505,-10.068
16487,-38.054,-83.119
16488,-42.851,-64.915
16489,59.24,-34.239
16490,-75.569,0.71705
16491,-15.377,-33.799
16492,-70.398,-12.997
16493,-18.716,-35.862
16494,63.411,-43.444
16495,-23.787,-15.366
16496,-24.854,11.732
16497,63.863,9.5353
16498,-14.721,-43.921
16499,19.087,-47.219
16500,-25.803,-52.251
16501,-23.854,-37.893
16502,-64.753,-2.4483
16503,57.858,-23.963
16504,-96.131,9.9871
16505,-72.002,10.285
16506,58.675,-31.058
16507,-18.286,-22.043
16508,-83.57,61.632
16509,7.6008,16.915
16510,-88.934,-41.902
16511,54.84,-29.009
16512,-31.16,-38.279
16513,25.17,-91.077
16514,-28.881,-93.718
16515,56.993,-29.338
16516,-20.646,-93.303
16517,-32.665,-46.006
16518,-52.176,-80.121
16519,-14.191,-35.119
16520,-11.077,-2.7682
16521,-103.54,28.685
16522,-73.585,-1.3489
16523,-91.408,30.296
16524,65.681,7.6337
16525,-33.616,-64.609
16526,-96.229,1.5258
16527,-36.124,-61.998
16528,-8.2864,-95.563
16529,-42.678,-34.141
16530,-15.379,-92.688
16531,63.651,-4.8157
16532,-75.582,12.57
16533,1.5949,-55.451
16534,52.853,9.7747
16535,-34.608,-78.25
16536,-70.727,1.8633
16537,-68.236,1.6061
16538,-43.064,-52.9
16539,53.836,-85.464
16540,12.784,-54.585
16541,-88.8,-10.904
16542,-77.301,9.549
16543,-81.95,1.9505
16544,-74.232,-25.49
16545,-72.367,-3.8648
16546,-34.424,-54.095
16547,-97.934,4.7992
16548,-75.107,3.6499
16549,74.101,-61.405
16550,-61.264,15.01
16551,-66.228,11.81
16552,20.188,-24.025
16553,29.35,-45.878
16554,26.871,-45.645
16555,10.261,-60.829
16556,55.25,-87.306
16557,13.834,-71.611
16558,-81.489,1.7785
16559,-34.883,-47.036
16560,-90.362,42.998
16561,-40.436,-42.784
16562,-34.779,-42.101
16563,57.476,-20.036
16564,-36.761,-64.59
16565,-3.6085,-20.033
16566,-44.296,-62.613
16567,14.705,10.891
16568,-69.15,-14.643
16569,-91.734,10.687
16570,-28.736,-48.326
16571,-1.6138,-46.529
16572,66.581,25.769
16573,-36.868,-60.702
16574,-72.021,-7.9527
16575,101.01,-66.824
16576,-80.441,8.8492
16577,-27.6,-44.156
16578,-3.0589,-19.689
16579,-43.031,-90.214
16580,-72.421,15.653
16581,-55.413,-89.324
16582,80.553,-42.939
16583,31.874,-92.32
16584,-40.122,-60.872
16585,-35.891,-48.298
16586,-82.698,4.0862
16587,-76.315,9.0119
16588,-31.168,-38.303
16589,3.5798,-25.169
16590,-80.964,-38.025
16591,24.202,-65.68
16592,-23.518,-74.108
16593,-33.5,-66.174
16594,-81.119,1.7457
16595,-41.493,-61.067
16596,-11.081,-2.7841
16597,38.43,-34.846
16598,19.792,-65.408
16599,-44.129,-73.99
16600,-50.252,-50.535
16601,-7.3321,-34.294
16602,63.876,-29.023
16603,-82.002,9.2131
16604,106.42,-50.079
16605,-51.503,-1.534
16606,1.5642,-55.609
16607,-37.419,-42.332
16608,-38.37,-84.708
16609,-74.959,13.391
16610,-34.232,-42.909
16611,-28.529,-71.839
16612,-33.295,-62.576
16613,54.751,-25.467
16614,100.84,-67.611
16615,-44.639,-65.583
16616,-25.48,-48.988
16617,-40.937,-60.216
16618,-80.115,-9.6807
16619,19.021,10.498
16620,-21.549,-1.1073
16621,65.23,-18.551
16622,101,-66.599
16623,-44.052,-67.405
16624,92.348,-51.893
16625,-5.8251,59.282
16626,66.818,-24.809
16627,-25.721,-53.266
16628,107,-45.265
16629,-40.022,-69.581
16630,-73.26,-0.42526
16631,-11.787,-25.554
16632,-24.265,-37.355
16633,-78.659,2.5136
16634,105.17,-52.322
16635,-42.68,-45.518
16636,61.708,16.934
16637,34.476,-22.304
16638,23.232,-37.689
16639,61.61,-66.047
16640,-37.553,-56.498
16641,-82.356,-6.5125
16642,-53.935,-1.0027
16643,-73.434,-31.882
16644,-34.512,-47.505
16645,2.244,-47.556
16646,-15.855,14.101
16647,2.6973,-67.116
16648,70.375,-21.774
16649,-70.367,5.2645
16650,85.866,-35.249
16651,11.03,27.843
16652,-7.4818,-34.449
16653,-32.687,-28.367
16654,-88.146,-17.401
16655,-26.722,-40.324
16656,-40.333,-65.319
16657,38.918,-70.758
16658,38.913,-89.583
16659,-67.582,-0.79316
16660,64.33,-28.706
16661,-27.049,-49.668
16662,-95.609,54.435
16663,47.436,22.951
16664,-92.57,-6.4687
16665,-75.162,3.2821
16666,-12.35,-41.593
16667,-80.956,2.0602
16668,-95.297,-32.08
16669,-68.524,5.5
16670,-11.039,-2.8142
16671,-85.81,-4.649
16672,99.517,-66.894
16673,-31.658,-49.417
16674,-28.996,51.594
16675,-13.685,-38.889
16676,-96.8,-32.87
16677,60.132,27.725
16678,-3.7921,-19.494
16679,-28.436,-47.771
16680,-92.211,-1.5225
16681,45.966,8.1177
16682,-17.771,-35.619
16683,-36.989,-42.888
16684,-30.493,-43.455
16685,-73.585,14.261
16686,59.594,-75.525
16687,-31.84,-54.024
16688,70.32,-38.404
16689,45.465,-66.454
16690,-68.835,-6.6968
16691,-3.2115,-86.874
16692,-100.71,7.3793
16693,-40.905,-54.261
16694,12.221,18.144
16695,-42.362,-50.34
16696,-69.317,-3.8559
16697,64.02,-41.204
16698,49.194,-64.077
16699,75.065,-57.689
16700,29.45,-91.487
16701,-41.135,-67.175
16702,-32.953,-34.313
16703,-1.8051,-57.132
16704,-25.052,-32.208
16705,-87.437,-4.7087
16706,-103.85,28.053
16707,25.303,-27.895
16708,-38.198,-44.989
16709,-29.218,-43.436
16710,39.801,2.01
16711,44.354,-89.06
16712,1.474,-43.908
16713,-88.936,-41.903
16714,18.321,-50.326
16715,-40.333,-44.211
16716,103.17,-54.012
16717,-28.802,-44.943
16718,22.494,-22.617
16719,-76.768,-24.49
16720,74.544,-56.531
16721,-27.254,-82.753
16722,22.697,-22.657
16723,27.419,-68.373
16724,104.49,-49.558
16725,57.414,-33.271
16726,-77.199,-24.308
16727,-40.579,-68.488
16728,83.637,-42.809
16729,-26.504,-42.969
16730,-0.59171,-86.57
16731,35.909,-28.215
16732,-74.008,11.477
16733,-5.5149,-102.42
16734,101.26,-55.539
16735,103.35,-47.285
16736,99.516,-60.842
16737,-76.741,5.2553
16738,-94.78,4.1791
16739,19.743,-63.79
16740,77.435,-59.49
16741,-78.347,4.5193
16742,60.081,-27.654
16743,-26.47,-9.9302
16744,58.466,-24.91
16745,109.11,-44.297
16746,32.391,-26.806
16747,-57.082,8.2455
16748,82.238,-42.986
16749,19.558,-25.225
16750,-12.767,-89.462
16751,-42.839,-50.55
16752,-53.067,-47.332
16753,-82.361,9.046
16754,61.767,-63.662
16755,-36.573,-46.602
16756,-94.855,14.821
16757,36.411,-24.004
16758,5.3017,35.776
16759,-0.37317,-57.819
16760,-100.52,7.0941
16761,5.3843,-78.338
16762,84.014,-34.656
16763,70.196,-56.584
16764,41.681,-23.993
16765,-96.106,53.311
16766,2.2342,-36.877
16767,-70.727,10.756
16768,51.462,-8.8893
16769,4.5291,24.026
16770,-46.968,-59.194
16771,106.58,-49.751
16772,-95.028,18.219
16773,75.639,-45.889
16774,-35.751,-68.675
16775,-81.178,-12.084
16776,-40.108,-69.417
16777,-29.628,-57.408
16778,35.827,-33.679
16779,-72.877,-9.817
16780,-76.566,10.218
16781,-73.374,12.382
16782,-75.813,5.0788
16783,-67.668,31.934
16784,62.793,-30.663
16785,71.846,-39.409
16786,51.211,-66.276
16787,-28.919,-47.006
16788,-3.8169,-19.916
16789,-29.671,-42.459
16790,36.351,62.797
16791,12.88,19.036
16792,-96.902,-3.0422
16793,-14.35,-8.9631
16794,-36.653,-53.31
16795,-32.061,-93.326
16796,-43.869,-44.755
16797,6.1557,-83.367
16798,81.092,0.46025
16799,16.245,-67.217
16800,-67.641,-3.274
16801,-40.002,-68.995
16802,-88.307,-8.2198
16803,-85.073,-3.5728
16804,48.96,-25.739
16805,93.164,-26.037
16806,-27.349,-40.074
16807,-47.075,-50.381
16808,-25.121,-41.5
16809,-49.039,-69.213
16810,-86.702,-10.966
16811,-6.06,-30.963
16812,-37.001,-43.651
16813,-38.031,-42.366
16814,24.047,-64.294
16815,-22.572,-46.416
16816,-43.345,-70.442
16817,102.52,-57.843
16818,104.12,-53.905
16819,-30.921,-38.589
16820,-68.008,-6.0817
16821,6.0989,-61.789
16822,-41.395,-68.373
16823,-96.478,51.681
16824,66.617,87.079
16825,-91.807,11.239
16826,78.983,-51.144
16827,3.4932,18.9
16828,56.224,-34.721
16829,53.51,-31.881
16830,-41.701,-54.416
16831,15.701,14.707
16832,93.434,-40.086
16833,84.652,0.92444
16834,58.927,-29.349
16835,-88.315,-1.2863
16836,-2.7076,-21.261
16837,-43.357,-69.619
16838,-34.078,-32.831
16839,104.05,-46.515
16840,108.61,-44.335
16841,38.419,-34.845
16842,8.0306,18.034
16843,-32.061,-72.016
16844,-36.99,-56.668
16845,-16.923,-45.281
16846,-84.637,0.0043165
16847,-40.752,-69.031
16848,-73.064,14.267
16849,-46.306,14.946
16850,-4.203,-44.315
16851,-86.158,-11.899
16852,-91.205,-1.1268
16853,87.201,-36.521
16854,18.046,-65.492
16855,7.7171,16.741
16856,12.748,32.509
16857,7.3369,7.0885
16858,87.523,-32.043
16859,-75.548,0.23736
16860,16.047,10.851
16861,-88.069,-5.0631
16862,23.161,-24.424
16863,-45.826,-43.15
16864,-106.47,17.893
16865,64.371,-65.28
16866,93.735,-42.095
16867,-3.5242,-29.772
16868,-95.521,2.1057
16869,-89.304,-10.071
16870,-17.699,-1.5913
16871,-40.979,-67.919
16872,-53.246,-46.002
16873,-43.348,-42.452
16874,-6.4148,-47.72
16875,-62.186,12.954
16876,49.254,-66.084
16877,63.192,-43.24
16878,-7.1969,-50.38
16879,-42.618,-61.792
16880,-32.138,-69.315
16881,-79.433,28.12
16882,11.995,15.181
16883,-72.141,0.87479
16884,-41.394,-55.708
16885,-39.549,-52.881
16886,89.412,11.331
16887,-36.897,-66.592
16888,-33.584,-51.628
16889,-33.149,-78.963
16890,-35.738,-49.866
16891,-25.821,-40.291
16892,-33.692,-46.58
16893,-41.968,-53.853
16894,-75.301,-48.274
16895,105.94,-49.331
16896,80.194,-41.285
16897,-99.626,5.763
16898,-76.143,-46.853
16899,-74.13,5.6676
16900,-75.622,16.898
16901,-94.252,2.0176
16902,-70.854,2.3588
16903,19.975,-64.869
16904,11.47,37.432
16905,-40.152,-57.518
16906,-42.192,-67.772
16907,-27.301,-40.082
16908,-29.37,-44.741
16909,43.277,-35.477
16910,104.46,-49.743
16911,-80.002,2.5099
16912,-40.827,-42.956
16913,-42.458,-50.711
16914,81.645,-43.324
16915,-77.635,8.7995
16916,-71.39,5.7698
16917,-30.944,-48.287
16918,-41.323,-65.732
16919,-42.038,-58.045
16920,-43.192,-72.973
16921,-49.395,-86.46
16922,-57.684,-77.757
16923,-81.097,-8.4306
16924,-18.862,-57.713
16925,-96.513,-1.7142
16926,86.241,-36.873
16927,-83.651,1.2697
16928,-20.54,-107.03
16929,94.636,-42.599
16930,-34.693,-52.448
16931,-36.958,-66.144
16932,-84.11,-16.844
16933,-67.61,30.785
16934,-4.9322,-21.971
16935,-33.299,-48.572
16936,-39.886,-69.124
16937,-67.38,-81.09
16938,-87.114,2.6098
16939,-13.705,16.196
16940,-8.9454,-33.389
16941,-8.6814,-41.416
16942,-8.8845,-56.009
16943,-8.9603,-43.185
16944,-54.194,-23.278
16945,-51.986,-38.806
16946,-64.739,-1.9595
16947,-81.092,5.0898
16948,56.175,7.9417
16949,-4.7251,-43.057
16950,89.061,6.494
16951,37.941,-31.875
16952,-19.022,12.062
16953,6.0982,26.545
16954,-85.255,0.051622
16955,-47.963,-72.49
16956,-30.818,-7.7237
16957,-15.363,-36.752
16958,99.811,-67.36
16959,12.662,15.639
16960,-68.289,-2.6814
16961,64.306,-29.574
16962,-41.617,-50.107
16963,64.12,-74.06
16964,97.213,-54.729
16965,-32.266,-70.012
16966,-43.779,-68.401
16967,-34.991,-27.555
16968,-88.727,-10.236
16969,-87.669,-0.75382
16970,-3.2564,-46.678
16971,3.3452,-58.862
16972,-18.477,-59.031
16973,-41.666,-65.026
16974,-61.852,12.704
16975,86.739,-45.056
16976,104.37,-49.65
16977,-30.044,-49.09
16978,-8.8319,-55.951
16979,58.705,-22.99
16980,-32.886,-78.662
16981,-42.048,-67.257
16982,-42.025,-48.073
16983,-74.933,0.97964
16984,-88.398,9.7046
16985,-41.113,-42.295
16986,-75.59,11.107
16987,-17.974,-43.304
16988,-36.497,-47.366
16989,-61.895,13.396
16990,-73.724,-21.738
16991,-33.68,-49.37
16992,56.969,-37.876
16993,-96.292,52.836
16994,-76.443,10.269
16995,102.83,-54.357
16996,104.87,-48.378
16997,-35.152,-63.446
16998,-47.368,-50.324
16999,-4.0631,-20.746
17000,-88.254,44.83
17001,-70.47,-69.148
17002,-35.448,-78.25
17003,-64.855,-2.4416
17004,-26.957,-46.344
17005,-49.84,-50.092
17006,92.416,-65.408
17007,-76.415,14.648
17008,-28.988,-92.876
17009,10.884,9.3737
17010,-74.008,-1.0522
17011,-84.829,-4.509
17012,-83.021,-14.714
17013,-39.725,-58.355
17014,103.14,-54.247
17015,105.57,-50.941
17016,-34.338,-93.768
17017,-31.345,-74.764
17018,-46.971,-51.317
17019,-37.478,-64.541
17020,102.94,-52.735
17021,91.025,-66.002
17022,-69.521,-3.0664
17023,45.816,-37.328
17024,-34.21,-93.741
17025,-29.128,-90.152
17026,-33.517,-49.582
17027,-85.743,-12.396
17028,-94.373,0.88013
17029,-78.946,-7.2208
17030,-36.774,-56.773
17031,37.844,-41.754
17032,-45.235,-66.594
17033,6.2342,-33.307
17034,-92.334,-0.9738
17035,-6.6251,-31.379
17036,-3.5788,-3.1967
17037,-64.869,-84.995
17038,-81.116,30.08
17039,-67.484,-0.63032
17040,-46.717,-43.015
17041,-30.694,-6.8991
17042,-17.95,-36.851
17043,-84.622,-13.87
17044,-26.051,-1.684
17045,-38.265,-61.217
17046,-100.8,10.509
17047,-20.251,-41.818
17048,-76.85,8.2625
17049,-68.367,-4.488
17050,-9.9659,-5.1969
17051,-32.415,-73.504
17052,-56.185,-68.301
17053,-101.83,11.926
17054,58.618,-32.171
17055,-32.732,-46.718
17056,-38.433,-76.971
17057,-28.701,-95.225
17058,-64.343,-3.4063
17059,-25.988,-1.9315
17060,77.568,-9.3556
17061,-75.175,6.5677
17062,10.711,17.076
17063,-96.648,-29.689
17064,-28.28,-58.431
17065,-18.05,-60.278
17066,-70.106,-14.228
17067,-45.16,-42.827
17068,36.227,-34.685
17069,-76.451,13.841
17070,-35.616,-49.714
17071,-31.763,-73.413
17072,-89.474,-0.95424
17073,-33.249,-76.182
17074,5.5472,14.722
17075,-54.866,-46.228
17076,-42.064,-50.727
17077,91.281,-23.36
17078,-65.782,9.323
17079,-52.143,-45.427
17080,-11.804,-25.59
17081,-9.7416,-30.771
17082,-76.654,6.0053
17083,9.6226,-85.045
17084,-76.152,-14.724
17085,-65.505,-75.749
17086,-26.218,-42.276
17087,-58.359,-39.455
17088,61.854,-42.382
17089,-35.013,-62.637
17090,55.928,-28.222
17091,-76.573,56.095
17092,-52.759,-46.018
17093,105.34,-49.184
17094,3.5025,-27.781
17095,37.299,-16.237
17096,-35.762,-70.241
17097,21.961,-25.89
17098,-78.961,-53.242
17099,-29.233,-48.209
17100,64.918,8.9515
17101,-74.471,9.9718
17102,101.36,-55.612
17103,-41.437,-52.597
17104,-28.143,-100.72
17105,51.35,-65.733
17106,8.2696,11.732
17107,-72.044,-6.5763
17108,-36.93,-53.596
17109,-19.512,7.6554
17110,-68.142,-0.89487
17111,-72.086,-30.182
17112,-74.517,10.6
17113,-75.566,-12.963
17114,-39.304,-75.471
17115,-33.076,-45.993
17116,-35.459,-62.905
17117,-34.585,-44.48
17118,74.153,-12.418
17119,-87.792,3.0797
17120,51.912,-32.668
17121,54.835,-29.41
17122,-28.66,-95.97
17123,-56.266,-89.096
17124,-83.85,-12.599
17125,-84.658,-14.927
17126,-39.604,-65.571
17127,-34.178,-64.852
17128,-68.329,-0.98261
17129,-88.817,-9.9228
17130,58.514,-29.098
17131,-54.907,8.0066
17132,-41.283,-55.971
17133,-19.758,-42.826
17134,-41.414,-54.824
17135,-41.368,-67.73
17136,90.52,-29.585
17137,-1.4195,-27.957
17138,-100.88,3.8015
17139,-31.516,-76.339
17140,-2.3373,-24.205
17141,-41.685,-64.02
17142,-50.677,-79.923
17143,-70.36,-14.152
17144,-72.681,-27.616
17145,-20.936,7.0066
17146,57.538,-29.748
17147,-85.837,14.825
17148,-45.736,-72.291
17149,-74.993,-9.9899
17150,-71.131,13.758
17151,-40.308,-67.642
17152,-46.519,-50.821
17153,-77.845,-19.621
17154,-26.835,-46.356
17155,-89.256,-1.8952
17156,101.83,-58.971
17157,-67.98,-3.9119
17158,-34.076,-6.9537
17159,-28.055,-46.118
17160,-24.515,-33.568
17161,-63.554,-40.104
17162,8.2603,15.7
17163,-17.969,-35.544
17164,-22.815,-43.113
17165,-36.613,-46.189
17166,58.801,-33.006
17167,55.643,-29.032
17168,-34,-53.601
17169,57.822,-24.452
17170,-49.627,-70.725
17171,54.867,-25.643
17172,-46.446,-51.632
17173,-81.718,3.4033
17174,-43.252,-52.416
17175,36.288,-96.065
17176,66.603,-29.673
17177,36.693,-21.009
17178,-87.343,0.11637
17179,-45.645,-84.27
17180,-17.85,-105.86
17181,-32.88,-38.992
17182,-36.645,6.2169
17183,-51.394,16.856
17184,-36.029,-55.037
17185,-10.25,-44.131
17186,58.542,-27.074
17187,-97.095,21.19
17188,-35.428,-55.664
17189,35.458,-15.643
17190,-46.343,-66.296
17191,-53.229,-79.164
17192,-23.077,7.0843
17193,-31.88,-73.62
17194,63.565,-17.165
17195,-18.406,-43.718
17196,-36.678,-44.547
17197,101.4,-51.137
17198,51.911,-32.736
17199,-42.076,-61.107
17200,57.637,-24.975
17201,-37.322,-54.698
17202,-36.766,-64.827
17203,-12.245,-43.984
17204,-14.22,-38.605
17205,54.584,-25.539
17206,16.925,-61.384
17207,75.718,-41.992
17208,-80.264,3.3386
17209,-22.354,-43.325
17210,-63.151,-40.275
17211,-39.874,-68.527
17212,53.013,-31.721
17213,29.064,50.202
17214,-47.086,-41.729
17215,-73.361,14.59
17216,-23.202,-43.181
17217,-35.156,-70.225
17218,-74.179,16.5
17219,56.097,-28.933
17220,-29.85,-31.333
17221,-77.627,9.3921
17222,-85.034,-5.5282
17223,-36.603,-46.389
17224,-37.345,-53.746
17225,50.045,-80.391
17226,-32.52,-51.948
17227,96.921,-57.823
17228,-40.954,-56.532
17229,0.26935,-65.497
17230,-38.751,-24.231
17231,15.771,-98.78
17232,106.9,-46.104
17233,-22.951,-66.717
17234,92.741,-41.577
17235,-31.373,-94.694
17236,-36.86,-57.546
17237,-70.658,2.2107
17238,102.86,-54.29
17239,-31.075,-47.63
17240,-71.976,-6.5039
17241,92.197,-17.804
17242,-76.788,10.814
17243,-35.39,-43.154
17244,-80.027,-9.0991
17245,19.452,-24.632
17246,-34.528,51.35
17247,-47.214,-43.241
17248,-65.18,3.7643
17249,-28.695,-48.182
17250,-46.478,-51.286
17251,-50.035,-68.314
17252,-31.041,-77.046
17253,14.969,14.048
17254,-43.372,-42.137
17255,-96.462,51.688
17256,-93.745,-1.8202
17257,-26.677,-41.998
17258,-28.997,-43.502
17259,78.355,-18.905
17260,-38.273,-42.376
17261,-82.126,-12.56
17262,-34.78,24.243
17263,-95.61,54.434
17264,-72.152,-29.365
17265,-42.864,-61.957
17266,61.489,-21.867
17267,92.751,-66.728
17268,-35.291,-42.578
17269,82.046,-42.401
17270,48.7,102.68
17271,-29.941,-57.381
17272,-12.671,-16.067
17273,-32.909,-48.631
17274,-11.266,-39.689
17275,81.958,-42.261
17276,-89.041,45.104
17277,-83.158,-10.383
17278,19.064,7.3584
17279,-67.206,-0.60701
17280,-70.377,-10.398
17281,-37.031,-46.032
17282,-24.979,11.059
17283,-46.469,-89.113
17284,-46.976,-59.985
17285,-79.421,6.016
17286,-32.054,-73.537
17287,-21.959,-50.831
17288,-37.335,-45.919
17289,-64.564,-35.873
17290,54.556,-31.71
17291,66.325,7.9668
17292,-88.936,-41.903
17293,-41.639,-56.114
17294,58.319,-29.049
17295,22.921,-22.986
17296,-93.038,-0.087953
17297,-2.5181,-58.823
17298,30.108,-47.463
17299,-65.464,-38.51
17300,-67.225,-15.22
17301,3.6426,-24.984
17302,-69.242,-5.0973
17303,-68.861,-5.1994
17304,-69.255,3.3061
17305,-88.934,-41.903
17306,-66.993,27.718
17307,-41.206,-60.765
17308,-24.076,-75.787
17309,-72.454,6.5227
17310,-20.21,-107.73
17311,-73.75,-0.65804
17312,36.487,-8.2387
17313,77.688,-51.595
17314,-33.863,-61.58
17315,-24.809,-40.959
17316,-29.094,-42.326
17317,-42.705,-67.643
17318,-27.743,-46.43
17319,-33.731,-93.722
17320,-50.584,55.538
17321,-75.357,-13.068
17322,-83.577,-2.7714
17323,-51.68,-48.208
17324,96.844,-62.185
17325,-50.935,-45.975
17326,-34.138,4.3385
17327,-15.663,-38.872
17328,-34.478,-48.096
17329,98.505,-55.901
17330,-17.604,-44.218
17331,-34.375,-72.51
17332,-40.179,-68.046
17333,-28.923,-48.6
17334,50.859,-26.047
17335,-47.353,-70.932
17336,81.168,-25.295
17337,5.097,-33.929
17338,-21.592,9.7285
17339,80.143,-42.799
17340,-34.02,-77.628
17341,-15.748,-83.529
17342,-103.23,7.52
17343,-16.823,-45.26
17344,-69.379,1.6146
17345,-18.288,-36.716
17346,-78.875,6.332
17347,-77.541,6.5068
17348,-26.655,-42.836
17349,51.093,-25.156
17350,-27.087,-47.156
17351,-43.513,-66.849
17352,-39.52,-64.739
17353,42.478,-4.3676
17354,-81.15,-5.0736
17355,-35.123,-69.653
17356,-42.157,-49.891
17357,30.465,-88.901
17358,-18.707,-38.168
17359,64.344,-29.506
17360,-37.473,-42.516
17361,-86.102,-1.4131
17362,21.193,-24.526
17363,-32.975,-46.757
17364,-43.205,-42.588
17365,108.91,-44.072
17366,102.81,-53.449
17367,-36.196,-56.616
17368,-25.187,-40.61
17369,-41.165,-54.826
17370,-93.603,1.6642
17371,-84.865,-6.2435
17372,-47.071,-71.458
17373,-67.644,-2.4143
17374,-21.368,-55.683
17375,-35.356,-63.257
17376,-12.99,-46.069
17377,-66.084,-4.472
17378,-34.564,-43.274
17379,-76.753,9.6349
17380,-97.084,54.661
17381,-65.687,-79.458
17382,-77.438,9.1126
17383,-17.798,9.1935
17384,57.581,-40.654
17385,-26.27,-103.28
17386,15.921,-72.605
17387,-36.243,-54.595
17388,-35.62,-43.151
17389,-61.491,-73.776
17390,-44.78,-43.139
17391,-66.546,0.013461
17392,-6.446,-30.988
17393,-79.928,-3.5463
17394,-8.6846,-35.447
17395,-32.111,-94.758
17396,-20.873,17.365
17397,-33.885,-63.62
17398,-29.314,-57.293
17399,-16.762,-42.744
17400,59.731,-27.206
17401,-47.132,-50.159
17402,-41.906,-40.869
17403,-6.5489,-46.703
17404,-34.814,-52.909
17405,-29.251,-89.46
17406,-99.523,-30.416
17407,-46.127,-43.083
17408,-2.391,-24.237
17409,-47.825,-51.021
17410,-68.717,-32.81
17411,-1.6644,12.441
17412,-78.702,3.9978
17413,-31.646,-2.1029
17414,-41.561,-51.681
17415,-35.404,-69.087
17416,66.628,-30.111
17417,-51.009,-59.774
17418,-89.288,-8.7962
17419,-36.331,-49.275
17420,-51.695,-79.824
17421,-21.876,-67.075
17422,-22.274,-56.105
17423,15.021,-58.812
17424,24.573,73.114
17425,-9.2743,-35.94
17426,-43.506,-44.966
17427,-93.542,-0.56537
17428,-66.071,-5.2279
17429,-47.716,-70.206
17430,-69.806,-9.3383
17431,-55.05,-73.384
17432,-44.095,-51.113
17433,106.56,-49.966
17434,108.57,-44.089
17435,7.7971,6.6827
17436,-56.774,-60.231
17437,-74.335,-18.092
17438,-73.743,-31.388
17439,-36.272,-69.737
17440,-27.859,-45.836
17441,-72.587,10.381
17442,53.093,-76.014
17443,72.289,-54.402
17444,-26.585,-40.372
17445,-75.269,3.0972
17446,93.385,-23.957
17447,-23.19,-71.825
17448,-29.196,-95.7
17449,-93.8,-8.1642
17450,-36.512,-54.21
17451,-82.294,-11.981
17452,-85.184,-0.82997
17453,62.697,4.8615
17454,-35.554,-44.137
17455,-39.746,-50.026
17456,62.783,-19.734
17457,5.7222,-56.65
17458,-12.373,-43.846
17459,-27.49,-33.848
17460,103.55,-54.624
17461,-72.34,5.7996
17462,-25.068,-32.825
17463,-37.658,-53.592
17464,-76.028,12.578
17465,-75.203,-3.2705
17466,-66.911,-37.824
17467,-89.315,45.04
17468,14.957,14.646
17469,-68.626,-32.739
17470,-85.211,-0.69548
17471,-67.874,-0.63214
17472,22.737,-17.809
17473,-64.163,-85.718
17474,2.6935,7.4389
17475,-33.579,-49.274
17476,-36.165,-63.395
17477,-79.49,-9.3438
17478,-33.602,-48.689
17479,4.9918,-35.075
17480,-91.184,42.348
17481,-19.904,-43.792
17482,-42.664,-45.923
17483,-73.252,1.1008
17484,-47.073,-43.013
17485,-35.243,-43.395
17486,59.09,-30.706
17487,-81.845,-2.9605
17488,-39.569,-50.348
17489,13.317,18.551
17490,101.67,-58.694
17491,103.76,-51.214
17492,-79.794,5.3354
17493,-38.571,-73.76
17494,-89.524,-0.033401
17495,-42.195,-61.295
17496,-22.349,-65.426
17497,-81.223,-0.70909
17498,-41.684,-50.865
17499,-32.24,-56.714
17500,-88.936,-41.903
17501,-74.559,-3.081
17502,-59.904,-74.208
17503,-70.623,-14.878
17504,-9.4279,-27.931
17505,-80.883,9.893
17506,-60.846,6.7266
17507,-22.946,-43.14
17508,-0.48744,-47.554
17509,5.3074,-62.411
17510,-97.599,3.2664
17511,-89.73,-1.3708
17512,-30.206,-40.253
17513,-38.242,-42.373
17514,-51.91,-1.854
17515,-85.226,-4.5774
17516,-21.329,-40.899
17517,-4.4822,-103.07
17518,55.471,-31.465
17519,-33.95,-71.506
17520,-75.01,3.1275
17521,-80.188,1.7505
17522,-32.702,-48.971
17523,7.3233,12.972
17524,-29.737,-93.965
17525,-80.334,3.6701
17526,-19.018,8.7275
17527,-46.729,-30.707
17528,2.2923,6.4646
17529,3.954,9.352
17530,-35.947,-33.349
17531,-34.022,-43.828
17532,-35.651,-49.419
17533,-66.566,-2.4483
17534,-84.19,-3.2045
17535,-84.971,-10.201
17536,-84.373,-3.9645
17537,102.81,-53.354
17538,-68.611,2.2451
17539,-76.485,5.0099
17540,-56.486,-88.488
17541,-43.989,-72.19
17542,56.72,-31.335
17543,-31.706,-74.006
17544,-35.494,-43.951
17545,-89.415,-5.0281
17546,-35.064,-44.956
17547,-78.999,4.4122
17548,-75.089,-31.719
17549,-36.404,-64.985
17550,14.506,-68.924
17551,-34.973,-55.901
17552,-35.601,-55.511
17553,-36.201,-56.145
17554,-36.888,-53.911
17555,-21.35,-40.906
17556,-68.021,-2.2255
17557,3.0377,13.244
17558,108.42,-43.901
17559,-33.663,-64.507
17560,16.197,13.791
17561,-45.006,-69.394
17562,108.21,-44.93
17563,-41.296,-54.237
17564,-45.009,-43.28
17565,-40.602,-68.839
17566,-30.995,-69.583
17567,-37.333,-45.825
17568,-35.322,-56.806
17569,-74.088,-21.007
17570,-89.974,-50.629
17571,-75.545,9.2032
17572,-27.581,-101.95
17573,-67.923,-3.058
17574,0.38946,14.754
17575,62.705,-2.9298
17576,-43.468,-46.825
17577,8.1808,10.665
17578,-30.798,-39.866
17579,-67.526,-39.388
17580,23.211,-67.445
17581,2.6003,7.6705
17582,8.0457,10.596
17583,88.164,-41.439
17584,-79.438,5.9773
17585,-84.942,-5.2991
17586,-66.166,-37.471
17587,-104.93,13.58
17588,107.76,-45.627
17589,-41.601,-46.25
17590,-92.156,2.4517
17591,105.49,-46.929
17592,-40.988,-56.732
17593,22.701,-17.363
17594,-70.655,-6.7245
17595,-95.915,1.7151
17596,-41.748,-48.034
17597,-66.755,-0.14946
17598,-89.969,-1.4949
17599,-33.956,-63.557
17600,-42.504,-51.776
17601,-44.098,-36.475
17602,73.508,-45.773
17603,-88.936,-41.903
17604,-30.426,-65.822
17605,-72.508,13.864
17606,-69.218,-13.878
17607,-24.435,12.234
17608,-84.797,1.9272
17609,-34.986,-43.847
17610,-72.138,6.9582
17611,-41.902,-61.091
17612,-11.938,-37.375
17613,-74.478,2.9575
17614,-80.384,-8.7533
17615,-88.936,-41.902
17616,50.048,-25.205
17617,-40.499,-71.828
17618,-96.299,-29.521
17619,-24.602,-41.324
17620,-85.793,-4.9861
17621,62.131,-23.152
17622,-33.161,-65.892
17623,-41.604,-64.138
17624,-39.098,-58.543
17625,-35.645,-45.068
17626,-15.203,-38.925
17627,-73.036,0.77634
17628,-32.394,-92.77
17629,-36.252,-45.677
17630,58.503,-22.824
17631,-33.752,-72.861
17632,-85.771,-1.1425
17633,54.293,-81.848
17634,-53.71,-82.582
17635,-48.939,-84.284
17636,-69.028,-3.1805
17637,-54.048,-39.186
17638,-43.555,-45.736
17639,-67.109,-13.609
17640,-46.867,-58.988
17641,45.63,7.5585
17642,58.106,-35.343
17643,-32.643,-54.542
17644,-73.339,-31.628
17645,-69.061,15.424
17646,91.585,-25.987
17647,-43.338,-66.203
17648,57.003,-22.991
17649,-16.382,-44.226
17650,-25.163,-41.732
17651,-36.74,-53.589
17652,-34.325,-49.341
17653,-96.772,6.2526
17654,-59.681,-87.276
17655,62.834,-61.7
17656,-41.366,-65.186
17657,-35.407,-70.595
17658,-50.982,-48.336
17659,-75.959,-11.417
17660,-75.011,-16.297
17661,66.617,87.078
17662,-83.089,-10.177
17663,-44.311,-66.191
17664,-30.876,-69.39
17665,-69.419,-14.182
17666,-29.177,-46.974
17667,35.953,-31.382
17668,-11.111,-4.7622
17669,-66.588,-37.756
17670,41.147,-27.262
17671,-85.606,31.727
17672,-22.616,-43.619
17673,-12.002,-38.904
17674,100.8,-65.896
17675,-35.341,-62.6
17676,-30.606,-69.318
17677,-41.265,-53.922
17678,-52.15,-45.661
17679,-68.884,-78.65
17680,-50.686,-59.851
17681,97.015,-57.609
17682,-44.887,-42.143
17683,-33.452,-71.561
17684,58.327,-26.104
17685,30.473,-91.776
17686,-41.588,-65.584
17687,-33.114,-64.95
17688,-44.094,-42.045
17689,-11.833,-38.827
17690,64.026,-26.632
17691,-33.523,-94.543
17692,-71.085,-15.071
17693,-18.135,8.439
17694,4.6738,33.077
17695,-28.016,-100.5
17696,-39.151,-57.6
17697,-45.288,-65.115
17698,-42.005,-42.054
17699,-48.163,3.8342
17700,-27.815,-104.84
17701,-53.793,-1.1376
17702,-44.754,-42.014
17703,-27.209,-45.336
17704,-42.067,-65.857
17705,52.488,-33.307
17706,-19.08,-29.798
17707,-70.471,-62.719
17708,-71.906,-6.4047
17709,-38.152,-42.368
17710,57.582,-76.238
17711,-17.879,-47.09
17712,-76.67,10.806
17713,-33.483,-77.026
17714,-45.788,-31.368
17715,-87.61,6.5789
17716,-90.495,-10.958
17717,-41.917,-63.96
17718,-80.549,3.5123
17719,-18.185,8.4509
17720,-34.071,-76.587
17721,81.269,-2.4902
17722,83.193,-35.229
17723,-37.794,-42.357
17724,-30.188,-42.962
17725,-21.806,-68.303
17726,-88.142,-0.93094
17727,49.598,36.252
17728,51.57,-84.556
17729,-69.394,-14.774
17730,-40.024,-59.258
17731,-26.417,-41.866
17732,-32.638,-45.872
17733,89.043,6.5308
17734,-20.145,-42.46
17735,91.561,-12.308
17736,-36.542,-56.783
17737,-77.302,4.7135
17738,-35.811,-13.696
17739,-42.443,-54.751
17740,-81.337,-4.8381
17741,-56.288,-79.303
17742,8.3479,11.982
17743,-83.169,-40.735
17744,66.618,87.078
17745,55.767,-28.206
17746,-19.173,-40.553
17747,-68.52,-6.6222
17748,58.489,-30.006
17749,12.503,18.095
17750,-39.394,-52.843
17751,-4.2546,-20.748
17752,-7.6791,-79.433
17753,-5.0917,-30.129
17754,-35.779,-48.162
17755,56.423,-31.278
17756,-26.234,-40.249
17757,-86.015,31.769
17758,78.947,-20.361
17759,-79.618,-30.991
17760,-35.673,-54.636
17761,102.59,-53.294
17762,-27.606,-44.785
17763,-94.57,16.003
17764,-33.367,-52.685
17765,-35.616,-43.478
17766,-57.36,8.2649
17767,-35.481,-52.078
17768,-81.769,-39.457
17769,93.411,-20.941
17770,57.329,-40.367
17771,1.386,11.894
17772,-29.222,-57.921
17773,-31.274,-95.219
17774,-11.073,-9.3086
17775,51.701,-31.311
17776,-4.4244,-44.68
17777,-42.109,-55.976
17778,-96.475,51.692
17779,22.518,-52.546
17780,82.192,-44.01
17781,55.077,-29.271
17782,-69.22,-14.726
17783,-6.6975,-30.713
17784,-88.639,-8.2346
17785,-33.786,-53.614
17786,-9.2801,-45.989
17787,38.314,-7.7468
17788,-68.218,-35.59
17789,69.235,-53.73
17790,-76.12,-24.287
17791,-26.579,-8.8177
17792,-74.58,-54.278
17793,66.288,-29.884
17794,-45.142,-64.961
17795,-56.331,-39.771
17796,-29.255,-90.254
17797,-85.902,0.54439
17798,-39.428,-91.531
17799,60.857,-15.11
17800,-70.267,-14.163
17801,-40.882,-56.742
17802,-43.026,-45.926
17803,-11.46,-34.429
17804,-73.045,0.33743
17805,49.862,38.026
17806,-5.0831,-9.5633
17807,-32.514,-69.631
17808,-14.359,-31.38
17809,-72.353,-29.711
17810,-42.679,-63.571
17811,-76.235,-22.479
17812,-42.658,-42.216
17813,3.676,-26.626
17814,-70.736,12.633
17815,-27.904,-45.994
17816,51.691,-66.78
17817,-43.987,-72.168
17818,-75.809,-11.703
17819,-50.276,-49.786
17820,1.3328,-85.812
17821,34.359,-61.425
17822,-84.609,-5.3544
17823,-101.16,11.056
17824,8.759,11.377
17825,-83.316,0.066356
17826,-10.427,-31.668
17827,-58.573,7.7329
17828,-87.797,-5.285
17829,-41.939,-45.785
17830,64.601,-29.105
17831,-75.94,10.096
17832,27.94,-27.636
17833,-17.431,-35.121
17834,-43.612,-43.521
17835,-25.668,-40.348
17836,-24.649,-40.843
17837,-29.823,-94.376
17838,-69.287,-10.569
17839,-8.8813,2.8953
17840,21.79,-25.352
17841,72.085,-16.989
17842,-30.155,-8.0567
17843,-81.123,-12.698
17844,104.07,-55.49
17845,-81.413,1.1462
17846,-80.529,-4.7168
17847,52.763,-32.3
17848,-40.258,-54.222
17849,-22.252,-64.979
17850,-52.099,-0.94122
17851,50.797,-26.088
17852,3.6027,-78.202
17853,-35.276,-67.396
17854,-41.817,-67.554
17855,-18.212,-42.584
17856,-69.156,-0.38181
17857,-25.83,-42.295
17858,-102,19.06
17859,-44.567,-65.749
17860,-83.339,0.88654
17861,56.662,-34.847
17862,-33.322,-48.455
17863,-102.03,7.4746
17864,-6.5007,-30.822
17865,-26.171,-103.51
17866,28.605,-79.801
17867,58.599,-32.192
17868,-86.338,-0.011536
17869,-64.92,-4.4288
17870,63.49,-29.028
17871,-91.838,-0.55413
17872,-84.552,-15.824
17873,-39.658,-65.149
17874,-30.286,-42.893
17875,-75.058,-0.96945
17876,-55.352,-88.591
17877,-57.028,-79.739
17878,-24.994,-51.01
17879,-68.291,-37.111
17880,-75.826,-12.305
17881,-28.279,-58.435
17882,-63.526,-42.267
17883,-56.163,-68.19
17884,-7.8731,-32.893
17885,-14.806,-44.496
17886,51.178,-26.228
17887,-6.0081,-48.481
17888,-33.459,-68.8
17889,-18.747,-57.565
17890,-57.82,1.0082
17891,-32.94,-50.021
17892,81.062,-24.639
17893,4.8742,-61.217
17894,-88.936,-41.903
17895,-14.222,-40.928
17896,-2.5787,-85.193
17897,-7.4641,-34.897
17898,-40.055,-58.42
17899,-38.978,-52.987
17900,-3.1308,-28.329
17901,-46.867,-42.572
17902,52.594,-31.018
17903,-80.838,-33.587
17904,78.442,-4.3933
17905,-30.31,-95.704
17906,-77.269,9.5052
17907,-13.858,-2.2846
17908,-34.499,-46.133
17909,-19.727,-40.267
17910,-41.49,-64.487
17911,-4.6788,-16.39
17912,-43.415,-70.341
17913,9.0457,14.642
17914,-65.856,-37.529
17915,-42.099,-55.003
17916,-96.455,51.825
17917,39.647,-32.281
17918,-71.699,12.953
17919,-40.528,-68.215
17920,-22.501,-46.591
17921,-20.211,-107.73
17922,-95.64,1.0375
17923,4.0322,6.9294
17924,-96.366,52.256
17925,-80.097,0.28414
17926,-25.437,-8.3497
17927,-34.171,-70.266
17928,-25.689,-40.339
17929,-42.837,66.64
17930,100.56,-61.171
17931,-72.137,0.85985
17932,-79.906,4.8035
17933,-32.215,-47.937
17934,-54.193,18.83
17935,-72.368,13.608
17936,-31.735,-93.148
17937,-2.0254,-29.449
17938,9.3305,5.4794
17939,-5.7889,-88.275
17940,91.133,-65.517
17941,-74.29,18.422
17942,58.847,-28.589
17943,-43.721,-70.41
17944,107.55,-45.39
17945,-47.687,-50.802
17946,-29.754,-57.567
17947,-32.559,-45.946
17948,-75.588,16.712
17949,-78.843,-18.995
17950,-28.958,-45.483
17951,-67.678,-81.451
17952,-89.091,-9.7461
17953,-41.997,-64.403
17954,-75.741,9.2074
17955,-33.978,-46.321
17956,-29.22,-45.591
17957,-68.571,-26.744
17958,-74.614,6.4469
17959,47.581,-20.5
17960,-104.43,27.699
17961,-33.082,-49.885
17962,-22.956,-31.808
17963,-30.895,-69.748
17964,12.836,13.084
17965,-87.816,-4.6551
17966,-43.428,-49.302
17967,-2.8938,-86.507
17968,-38.668,-92.596
17969,-90.735,-1.3691
17970,-88.427,-2.1835
17971,-66.087,-39.321
17972,-50.589,-49.3
17973,-69.193,-4.0073
17974,-41.793,-55.007
17975,-102.56,4.8059
17976,-40.93,-54.488
17977,-31.219,-76.819
17978,-36.895,-46.42
17979,-67.734,-0.6657
17980,-70.135,-3.929
17981,-73.575,6.1153
17982,50.859,1.6845
17983,-79.34,47.808
17984,-95.571,2.0127
17985,-99.357,-7.8001
17986,64.661,-30.444
17987,-20.21,-107.73
17988,97.966,-62.524
17989,32.959,-75.354
17990,-75.123,-19.354
17991,53.795,-31.817
17992,58.783,-28.261
17993,-88.729,-1.9223
17994,-88.936,-41.903
17995,9.662,13.406
17996,81.747,-43.196
17997,-80.856,-9.2524
17998,-5.8225,-22.625
17999,96.813,-57.506
18000,-102.89,1.349
18001,-75.561,11.728
18002,-39.651,-57.73
18003,66.158,-19.557
18004,38.873,-25.685
18005,-4.6826,-87.613
18006,43.129,-20.131
18007,-42.478,-67.597
18008,64.079,-31.12
18009,-27.696,-41.582
18010,-80.138,-13.012
18011,-34.64,-68.644
18012,23.92,-16.749
18013,60.159,-26.416
18014,13.247,19.289
18015,-32.335,-91.338
18016,-27.915,64.138
18017,57.485,-18.812
18018,-44.354,-41.141
18019,-65.147,-42.723
18020,-43.423,-66.55
18021,-36.016,-74.157
18022,63.29,-30.104
18023,-75.225,13.935
18024,51.388,-7.1269
18025,-43.263,-72.505
18026,-2.7306,-29.438
18027,-36.779,-64.607
18028,-80.03,-11.403
18029,-33.899,-72.486
18030,-76.014,-21.956
18031,-93.417,12.907
18032,-34.514,-54.094
18033,-68.436,-4.0222
18034,-35.212,-67.429
18035,-37.774,-46.284
18036,-25.32,-103.16
18037,-29.16,-91.01
18038,76.243,-77.392
18039,36.926,17.279
18040,45.259,-33.665
18041,-60.472,-85.23
18042,-93.905,0.28145
18043,-79.685,-12.174
18044,-88.936,-41.903
18045,-74.469,-30.962
18046,58.505,-12.078
18047,-41.11,-60.493
18048,-29.055,-91.949
18049,-0.17997,-28.021
18050,-96.11,11.125
18051,-28.482,-45.208
18052,-89.521,-1.7704
18053,-75.156,3.6147
18054,-66.42,0.27278
18055,-59.252,-87.594
18056,-43.263,-73.925
18057,-40.96,-67.382
18058,-92.104,-0.86409
18059,-77.629,3.7761
18060,-24.968,-31.201
18061,-34.355,-94.046
18062,-43.066,-72.494
18063,-14.128,-0.60895
18064,65.878,-29.461
18065,-90.238,-7.4187
18066,-35.571,-45.117
18067,-5.273,-22.26
18068,-70.384,-6.1997
18069,-36.798,-46.117
18070,-66.652,-37.709
18071,-35.326,-62.889
18072,-40.142,-54.154
18073,-29.166,-47.197
18074,-89.695,-1.7584
18075,5.6361,14.652
18076,-42.271,-72.544
18077,-76.267,-22.047
18078,-68.74,-13.595
18079,-65.565,-4.3147
18080,-10.95,-6.4357
18081,59.985,-10.252
18082,-38.509,-74.878
18083,-81.143,-38.881
18084,-81.856,-39.465
18085,-85.661,5.1683
18086,-91.754,-1.4509
18087,107.17,-48.585
18088,-31.875,-49.434
18089,60.381,-28.014
18090,-66.186,-1.2309
18091,15.032,-89.279
18092,-72.162,13.041
18093,-46.619,-41.984
18094,-27.291,-102.4
18095,-85.174,-13.359
18096,-43.607,-31.56
18097,-9.892,-94.449
18098,-64.377,-4.0024
18099,-91.558,30.077
18100,-39.768,-58.772
18101,-78.145,1.1947
18102,66.277,8.0157
18103,-3.997,-20.464
18104,-27.51,-45.877
18105,-46.069,-41.893
18106,-96.571,-29.741
18107,-13.959,-66.959
18108,-70.517,-14.783
18109,-36.739,-65.358
18110,12.484,15.685
18111,-43.656,-74.898
18112,-95.02,3.0112
18113,-5.4532,-30.245
18114,-16.66,-45.487
18115,1.251,-57.627
18116,-37.842,-42.182
18117,-73.258,5.5494
18118,-33.946,-94.192
18119,-69.598,-3.8858
18120,-3.5751,-20.055
18121,-34.178,-69.236
18122,-26.254,-43.066
18123,-50.338,-89.503
18124,-3.1684,-85.836
18125,-26.8,-101.89
18126,-29.997,-94.139
18127,-95.609,54.434
18128,-3.9742,-30.469
18129,-37.175,-54.039
18130,-37.245,-54.812
18131,-83.418,0.12432
18132,-96.46,-2.4979
18133,-36.613,-84.055
18134,-58.95,-87.72
18135,17.81,9.9677
18136,84.657,7.6263
18137,-36.474,-56.7
18138,-25.891,-43.938
18139,-104.82,27.38
18140,-65.812,-37.915
18141,-11.638,-0.32699
18142,-32.324,81.574
18143,-5.3651,-34.62
18144,-80.312,2.0128
18145,-37.025,-53.914
18146,-7.0147,-87.027
18147,-47.193,-70.211
18148,-87.639,-13.025
18149,-37.952,-42.361
18150,5.3373,-78.745
18151,-41.839,-42.282
18152,-90.412,-1.4903
18153,-12.168,-1.9747
18154,-101.15,9.1191
18155,-76.959,-39.887
18156,-65.88,-4.4892
18157,-72.073,12.326
18158,-26.209,-42.494
18159,-43.166,-46.065
18160,-40.568,-42.953
18161,-28.815,-46.261
18162,-13.126,-45.534
18163,22.695,-17.821
18164,-27.341,-45.417
18165,-3.4954,-30.249
18166,96.431,-64.287
18167,-55.353,7.391
18168,-40.111,-69.275
18169,-24.21,-104.82
18170,-54.321,-38.851
18171,-81.73,-2.4888
18172,-44.97,-42.026
18173,-66.521,-39.501
18174,-3.374,-87.282
18175,-53.217,17.601
18176,-29.16,-26.709
18177,78.712,-1.9517
18178,-26.777,-102.99
18179,-38.338,-56.756
18180,-36.813,-64.887
18181,-101.46,11.221
18182,-33.952,-52.474
18183,-33.834,-53.522
18184,-73.595,-1.0503
18185,-36.226,-46.21
18186,-31.734,-69.758
18187,89.455,7.0095
18188,-72.361,1.2652
18189,8.145,10.556
18190,-31.04,-77.03
18191,52.007,-32.743
18192,3.4116,-6.317
18193,-88.936,-41.903
18194,60.684,-18.924
18195,89.972,9.5717
18196,-11.977,-4.4497
18197,-37.067,-46.13
18198,-43.411,-72.523
18199,-75.01,3.9953
18200,-40.598,-71.885
18201,-74.646,-17.635
18202,-58.055,-66.78
18203,-40.124,-58.683
18204,-73.617,15.305
18205,-19.57,-42.459
18206,-30.105,-45.136
18207,-28.467,-82.385
18208,-27.967,-46.542
18209,-44.2,-73.062
18210,107.48,-48.031
18211,-55.346,19.099
18212,-7.2313,-34.25
18213,-70.753,1.4392
18214,-15.204,-44.884
18215,-70.332,-9.9845
18216,-63.713,-3.4351
18217,66.617,87.077
18218,-20.211,-107.73
